url,normalized_url,host,path,clicks,impressions,indexed_status,issue_type,last_crawled_if_available,page_type,location,service_intent,traffic_tier,action,target_url,reason,risk_level,notes
https://www.ewastekochi.com/blog/cable-recycling-options-in-kakkanad-which-to-choose-kakkanad,/blog/cable-recycling-options-in-kakkanad-which-to-choose-kakkanad,www.ewastekochi.com,/blog/cable-recycling-options-in-kakkanad-which-to-choose-kakkanad,0,4,404,404,2026-07-01,blog,,cable-recycling-options-in-kakkanad-which-to-choose-kakkanad,3,leave_404,,"Legacy generated blog content, no meaningful traffic — do not recreate.",low,classification_source=rule
https://www.ewastekochi.com/blogs/disposal/corporate-e-waste-clearance-checklist-for-kottayam,/blogs/disposal/corporate-e-waste-clearance-checklist-for-kottayam,www.ewastekochi.com,/blogs/disposal/corporate-e-waste-clearance-checklist-for-kottayam,0,8,404,404,2026-07-01,blogs-taxonomy-legacy,,corporate-e-waste-clearance-checklist-for-kottayam,3,leave_404,,"Legacy generated blog content, no meaningful traffic — do not recreate.",low,classification_source=rule
https://www.ewastekochi.com/blogs/laptop-disposal/laptop-resale-value-in-thiruvananthapuram-what-changes-the-price-fast,/blogs/laptop-disposal/laptop-resale-value-in-thiruvananthapuram-what-changes-the-price-fast,www.ewastekochi.com,/blogs/laptop-disposal/laptop-resale-value-in-thiruvananthapuram-what-changes-the-price-fast,0,11,404,404,2026-07-01,blogs-taxonomy-legacy,,laptop-resale-value-in-thiruvananthapuram-what-changes-the-price-fast,3,leave_404,,"Legacy generated blog content, no meaningful traffic — do not recreate.",low,classification_source=rule
https://www.ewastekochi.com/blog/kspcb-regulations-for-it-asset-disposition-in-thrippunithura-thrippunithura-1,/blog/kspcb-regulations-for-it-asset-disposition-in-thrippunithura-thrippunithura-1,www.ewastekochi.com,/blog/kspcb-regulations-for-it-asset-disposition-in-thrippunithura-thrippunithura-1,0,1,404,404,2026-07-01,blog,,kspcb-regulations-for-it-asset-disposition-in-thrippunithura-thrippunithura-1,3,leave_404,,"Legacy generated blog content, no meaningful traffic — do not recreate.",low,classification_source=rule
https://www.ewastekochi.com/blogs/government-rules/how-to-choose-an-authorized-e-waste-vendor-in-kalamassery-kochi,/blogs/government-rules/how-to-choose-an-authorized-e-waste-vendor-in-kalamassery-kochi,www.ewastekochi.com,/blogs/government-rules/how-to-choose-an-authorized-e-waste-vendor-in-kalamassery-kochi,0,3,404,404,2026-07-01,blogs-taxonomy-legacy,,how-to-choose-an-authorized-e-waste-vendor-in-kalamassery-kochi,3,leave_404,,"Legacy generated blog content, no meaningful traffic — do not recreate.",low,classification_source=rule
https://www.ewastekochi.com/blog/troubleshooting-server-recycling-in-kalamassery-kalamassery,/blog/troubleshooting-server-recycling-in-kalamassery-kalamassery,www.ewastekochi.com,/blog/troubleshooting-server-recycling-in-kalamassery-kalamassery,0,7,404,404,2026-07-01,blog,,troubleshooting-server-recycling-in-kalamassery-kalamassery,3,leave_404,,"Legacy generated blog content, no meaningful traffic — do not recreate.",low,classification_source=rule
https://www.ewastekochi.com/blogs/environmental-impact/precious-metal-recovery-from-e-waste-in-edappally-kochi,/blogs/environmental-impact/precious-metal-recovery-from-e-waste-in-edappally-kochi,www.ewastekochi.com,/blogs/environmental-impact/precious-metal-recovery-from-e-waste-in-edappally-kochi,0,2,404,404,2026-07-01,blogs-taxonomy-legacy,,precious-metal-recovery-from-e-waste-in-edappally-kochi,3,leave_404,,"Legacy generated blog content, no meaningful traffic — do not recreate.",low,classification_source=rule
https://www.ewastekochi.com/hi/services/laptop-buyback-kochi,/hi/services/laptop-buyback-kochi,www.ewastekochi.com,/hi/services/laptop-buyback-kochi,0,9,404,404,2026-06-30,hindi,,laptop-buyback-kochi,3,manual_review,,/hi/ Hindi pages — open scope question since Phase 2B (never confirmed as intentional multi-language scope; only Malayalam was ever briefed). Not auto-decided here.,low,classification_source=rule
https://www.ewastekochi.com/blogs/recycling/how-electronics-recycling-works-in-thiruvananthapuram,/blogs/recycling/how-electronics-recycling-works-in-thiruvananthapuram,www.ewastekochi.com,/blogs/recycling/how-electronics-recycling-works-in-thiruvananthapuram,0,65,404,404,2026-06-30,blogs-taxonomy-legacy,,how-electronics-recycling-works-in-thiruvananthapuram,2,leave_404,,"Legacy generated blog content, no meaningful traffic — do not recreate.",low,classification_source=rule
https://www.ewastekochi.com/blog/battery-recycling-options-in-kochi-which-to-choose-kochi,/blog/battery-recycling-options-in-kochi-which-to-choose-kochi,www.ewastekochi.com,/blog/battery-recycling-options-in-kochi-which-to-choose-kochi,0,30,404,404,2026-06-30,blog,,battery-recycling-options-in-kochi-which-to-choose-kochi,2,leave_404,,"Legacy generated blog content, no meaningful traffic — do not recreate.",low,classification_source=rule
https://www.ewastekochi.com/blog/laptop-scrap-price-kochi-2026,/blog/laptop-scrap-price-kochi-2026,www.ewastekochi.com,/blog/laptop-scrap-price-kochi-2026,0,33,404,404,2026-06-30,blog,,laptop-scrap-price-kochi-2026,2,leave_404,,"Legacy generated blog content, no meaningful traffic — do not recreate.",low,classification_source=rule
https://www.ewastekochi.com/blogs/recycling/zero-landfill-electronics-recycling-in-thiruvananthapuram-what-it-really-means,/blogs/recycling/zero-landfill-electronics-recycling-in-thiruvananthapuram-what-it-really-means,www.ewastekochi.com,/blogs/recycling/zero-landfill-electronics-recycling-in-thiruvananthapuram-what-it-really-means,0,26,404,404,2026-06-30,blogs-taxonomy-legacy,,zero-landfill-electronics-recycling-in-thiruvananthapuram-what-it-really-means,2,leave_404,,"Legacy generated blog content, no meaningful traffic — do not recreate.",low,classification_source=rule
https://www.ewastekochi.com/blogs/laptop-disposal/laptop-resale-value-in-kottayam-what-changes-the-price-fast,/blogs/laptop-disposal/laptop-resale-value-in-kottayam-what-changes-the-price-fast,www.ewastekochi.com,/blogs/laptop-disposal/laptop-resale-value-in-kottayam-what-changes-the-price-fast,1,5,404,404,2026-06-30,blogs-taxonomy-legacy,,laptop-resale-value-in-kottayam-what-changes-the-price-fast,2,manual_review,,"Modest clicks, no exact match — low-priority manual review.",low,classification_source=rule
https://www.ewastekochi.com/blogs/government-rules/e-waste-rules-2022-for-businesses-in-kozhikode,/blogs/government-rules/e-waste-rules-2022-for-businesses-in-kozhikode,www.ewastekochi.com,/blogs/government-rules/e-waste-rules-2022-for-businesses-in-kozhikode,0,10,404,404,2026-06-30,blogs-taxonomy-legacy,,e-waste-rules-2022-for-businesses-in-kozhikode,3,leave_404,,"Legacy generated blog content, no meaningful traffic — do not recreate.",low,classification_source=rule
https://www.ewastekochi.com/blog/ewaste-laws-kerala.html,/blog/ewaste-laws-kerala.html,www.ewastekochi.com,/blog/ewaste-laws-kerala.html,0,46,404,404,2026-06-30,blog,,,2,leave_404,,"Legacy generated blog content, no meaningful traffic — do not recreate.",low,classification_source=rule
https://www.ewastekochi.com/blogs/data-destruction/server-drive-sanitization-in-kottayam-for-itad-projects,/blogs/data-destruction/server-drive-sanitization-in-kottayam-for-itad-projects,www.ewastekochi.com,/blogs/data-destruction/server-drive-sanitization-in-kottayam-for-itad-projects,0,2,404,404,2026-06-30,blogs-taxonomy-legacy,,server-drive-sanitization-in-kottayam-for-itad-projects,3,leave_404,,"Legacy generated blog content, no meaningful traffic — do not recreate.",low,classification_source=rule
https://www.ewastekochi.com/blogs/disposal/how-to-dispose-mixed-household-e-waste-in-kollam,/blogs/disposal/how-to-dispose-mixed-household-e-waste-in-kollam,www.ewastekochi.com,/blogs/disposal/how-to-dispose-mixed-household-e-waste-in-kollam,1,17,404,404,2026-06-30,blogs-taxonomy-legacy,,how-to-dispose-mixed-household-e-waste-in-kollam,2,manual_review,,"Modest clicks, no exact match — low-priority manual review.",low,classification_source=rule
https://www.ewastekochi.com/blogs/scrap-electronics/office-clearance-scrap-quotes-in-kollam-how-to-prepare-the-inventory,/blogs/scrap-electronics/office-clearance-scrap-quotes-in-kollam-how-to-prepare-the-inventory,www.ewastekochi.com,/blogs/scrap-electronics/office-clearance-scrap-quotes-in-kollam-how-to-prepare-the-inventory,0,2,404,404,2026-06-30,blogs-taxonomy-legacy,,office-clearance-scrap-quotes-in-kollam-how-to-prepare-the-inventory,3,leave_404,,"Legacy generated blog content, no meaningful traffic — do not recreate.",low,classification_source=rule
https://www.ewastekochi.com/blogs/disposal,/blogs/disposal,www.ewastekochi.com,/blogs/disposal,2,49,404|redirect,404|redirect,2026-06-30,blogs-taxonomy-legacy,,disposal,2,redirect_301,(see vercel.json),Already implemented as a redirect in vercel.json.,none,classification_source=v2-redirect
https://www.ewastekochi.com/blog/e-waste-laws-in-north-paravur-complete-guide-north-paravur-4-4,/blog/e-waste-laws-in-north-paravur-complete-guide-north-paravur-4-4,www.ewastekochi.com,/blog/e-waste-laws-in-north-paravur-complete-guide-north-paravur-4-4,0,1,404,404,2026-06-30,blog,,e-waste-laws-in-north-paravur-complete-guide-north-paravur-4-4,3,leave_404,,"Legacy generated blog content, no meaningful traffic — do not recreate.",low,classification_source=rule
https://www.ewastekochi.com/blogs/recycling/pickup-vs-drop-off-recycling-in-kozhikode-which-option-fits-better,/blogs/recycling/pickup-vs-drop-off-recycling-in-kozhikode-which-option-fits-better,www.ewastekochi.com,/blogs/recycling/pickup-vs-drop-off-recycling-in-kozhikode-which-option-fits-better,0,8,404,404,2026-06-30,blogs-taxonomy-legacy,,pickup-vs-drop-off-recycling-in-kozhikode-which-option-fits-better,3,leave_404,,"Legacy generated blog content, no meaningful traffic — do not recreate.",low,classification_source=rule
https://www.ewastekochi.com/blogs/environmental-impact/toxic-components-in-electronics-collected-in-kakkanad-kochi,/blogs/environmental-impact/toxic-components-in-electronics-collected-in-kakkanad-kochi,www.ewastekochi.com,/blogs/environmental-impact/toxic-components-in-electronics-collected-in-kakkanad-kochi,0,18,404,404,2026-06-30,blogs-taxonomy-legacy,,toxic-components-in-electronics-collected-in-kakkanad-kochi,3,leave_404,,"Legacy generated blog content, no meaningful traffic — do not recreate.",low,classification_source=rule
https://www.ewastekochi.com/blogs/laptop-disposal,/blogs/laptop-disposal,www.ewastekochi.com,/blogs/laptop-disposal,0,18,404,404,2026-06-30,blogs-taxonomy-legacy,,laptop-disposal,3,leave_404,,"Legacy generated blog content, no meaningful traffic — do not recreate.",low,classification_source=rule
https://www.ewastekochi.com/blogs/mobile-recycling/same-day-mobile-pickup-in-vyttila-kochi-for-shops-and-offices,/blogs/mobile-recycling/same-day-mobile-pickup-in-vyttila-kochi-for-shops-and-offices,www.ewastekochi.com,/blogs/mobile-recycling/same-day-mobile-pickup-in-vyttila-kochi-for-shops-and-offices,0,3,404|alt_canonical,404|alt_canonical,2026-06-30,blogs-taxonomy-legacy,,same-day-mobile-pickup-in-vyttila-kochi-for-shops-and-offices,3,leave_404,,"Legacy generated blog content, no meaningful traffic — do not recreate.",low,classification_source=rule
https://www.ewastekochi.com/blogs/laptop-disposal/laptop-resale-value-in-infopark-kochi-what-changes-the-price-fast,/blogs/laptop-disposal/laptop-resale-value-in-infopark-kochi-what-changes-the-price-fast,www.ewastekochi.com,/blogs/laptop-disposal/laptop-resale-value-in-infopark-kochi-what-changes-the-price-fast,0,3,404,404,2026-06-30,blogs-taxonomy-legacy,,laptop-resale-value-in-infopark-kochi-what-changes-the-price-fast,3,leave_404,,"Legacy generated blog content, no meaningful traffic — do not recreate.",low,classification_source=rule
https://www.ewastekochi.com/blogs/government-rules/dpdp-act-and-retired-devices-in-vyttila-kochi-what-changes-for-disposal,/blogs/government-rules/dpdp-act-and-retired-devices-in-vyttila-kochi-what-changes-for-disposal,www.ewastekochi.com,/blogs/government-rules/dpdp-act-and-retired-devices-in-vyttila-kochi-what-changes-for-disposal,0,4,404,404,2026-06-30,blogs-taxonomy-legacy,,dpdp-act-and-retired-devices-in-vyttila-kochi-what-changes-for-disposal,3,leave_404,,"Legacy generated blog content, no meaningful traffic — do not recreate.",low,classification_source=rule
https://www.ewastekochi.com/blogs/government-rules/how-to-verify-a-kspcb-authorized-recycler-in-infopark-kochi,/blogs/government-rules/how-to-verify-a-kspcb-authorized-recycler-in-infopark-kochi,www.ewastekochi.com,/blogs/government-rules/how-to-verify-a-kspcb-authorized-recycler-in-infopark-kochi,0,10,404,404,2026-06-30,blogs-taxonomy-legacy,,how-to-verify-a-kspcb-authorized-recycler-in-infopark-kochi,3,leave_404,,"Legacy generated blog content, no meaningful traffic — do not recreate.",low,classification_source=rule
https://www.ewastekochi.com/blogs/recycling/computer-recycling-in-vyttila-kochi-for-homes-and-offices,/blogs/recycling/computer-recycling-in-vyttila-kochi-for-homes-and-offices,www.ewastekochi.com,/blogs/recycling/computer-recycling-in-vyttila-kochi-for-homes-and-offices,0,18,404,404,2026-06-30,blogs-taxonomy-legacy,,computer-recycling-in-vyttila-kochi-for-homes-and-offices,3,leave_404,,"Legacy generated blog content, no meaningful traffic — do not recreate.",low,classification_source=rule
https://www.ewastekochi.com/blogs/disposal/how-to-dispose-office-computers-in-kakkanad-kochi-safely,/blogs/disposal/how-to-dispose-office-computers-in-kakkanad-kochi-safely,www.ewastekochi.com,/blogs/disposal/how-to-dispose-office-computers-in-kakkanad-kochi-safely,0,18,404,404,2026-06-30,blogs-taxonomy-legacy,,how-to-dispose-office-computers-in-kakkanad-kochi-safely,3,leave_404,,"Legacy generated blog content, no meaningful traffic — do not recreate.",low,classification_source=rule
https://www.ewastekochi.com/hi/services/computer-recycling,/hi/services/computer-recycling,www.ewastekochi.com,/hi/services/computer-recycling,0,25,404,404,2026-06-30,hindi,,computer-recycling,2,manual_review,,/hi/ Hindi pages — open scope question since Phase 2B (never confirmed as intentional multi-language scope; only Malayalam was ever briefed). Not auto-decided here.,low,classification_source=rule
https://www.ewastekochi.com/blogs/recycling/laptop-recycling-in-kollam-reuse-buyback-or-scrap,/blogs/recycling/laptop-recycling-in-kollam-reuse-buyback-or-scrap,www.ewastekochi.com,/blogs/recycling/laptop-recycling-in-kollam-reuse-buyback-or-scrap,1,11,404,404,2026-06-30,blogs-taxonomy-legacy,,laptop-recycling-in-kollam-reuse-buyback-or-scrap,2,manual_review,,"Modest clicks, no exact match — low-priority manual review.",low,classification_source=rule
https://www.ewastekochi.com/blogs/recycling/how-to-run-an-office-electronics-recycling-drive-in-thrippunithura-kochi,/blogs/recycling/how-to-run-an-office-electronics-recycling-drive-in-thrippunithura-kochi,www.ewastekochi.com,/blogs/recycling/how-to-run-an-office-electronics-recycling-drive-in-thrippunithura-kochi,0,4,404,404,2026-06-30,blogs-taxonomy-legacy,,how-to-run-an-office-electronics-recycling-drive-in-thrippunithura-kochi,3,leave_404,,"Legacy generated blog content, no meaningful traffic — do not recreate.",low,classification_source=rule
https://www.ewastekochi.com/blogs/battery-recycling/ups-and-inverter-battery-disposal-in-thiruvananthapuram,/blogs/battery-recycling/ups-and-inverter-battery-disposal-in-thiruvananthapuram,www.ewastekochi.com,/blogs/battery-recycling/ups-and-inverter-battery-disposal-in-thiruvananthapuram,0,8,404,404,2026-06-30,blogs-taxonomy-legacy,,ups-and-inverter-battery-disposal-in-thiruvananthapuram,3,leave_404,,"Legacy generated blog content, no meaningful traffic — do not recreate.",low,classification_source=rule
https://www.ewastekochi.com/index-old,/index-old,www.ewastekochi.com,/index-old,0,22,404,404,2026-06-30,other-legacy-service,,index-old,2,leave_404,,No meaningful traffic.,low,classification_source=rule
https://www.ewastekochi.com/blogs/laptop-disposal/employee-laptop-returns-and-disposal-workflow-in-kakkanad-kochi,/blogs/laptop-disposal/employee-laptop-returns-and-disposal-workflow-in-kakkanad-kochi,www.ewastekochi.com,/blogs/laptop-disposal/employee-laptop-returns-and-disposal-workflow-in-kakkanad-kochi,0,3,404|alt_canonical,404|alt_canonical,2026-06-30,blogs-taxonomy-legacy,,employee-laptop-returns-and-disposal-workflow-in-kakkanad-kochi,3,leave_404,,"Legacy generated blog content, no meaningful traffic — do not recreate.",low,classification_source=rule
https://www.ewastekochi.com/hi/services/mobile-recycling-kochi,/hi/services/mobile-recycling-kochi,www.ewastekochi.com,/hi/services/mobile-recycling-kochi,0,18,404,404,2026-06-30,hindi,,mobile-recycling-kochi,3,manual_review,,/hi/ Hindi pages — open scope question since Phase 2B (never confirmed as intentional multi-language scope; only Malayalam was ever briefed). Not auto-decided here.,low,classification_source=rule
https://www.ewastekochi.com/blog/itad-roi-kochi-enterprise,/blog/itad-roi-kochi-enterprise,www.ewastekochi.com,/blog/itad-roi-kochi-enterprise,0,16,404|alt_canonical,404|alt_canonical,2026-06-30,blog,,itad-roi-kochi-enterprise,3,leave_404,,"Legacy generated blog content, no meaningful traffic — do not recreate.",low,classification_source=rule
https://www.ewastekochi.com/blogs,/blogs,www.ewastekochi.com,/blogs,1,26,404,404,2026-06-30,other-legacy-service,,blogs,2,redirect_301,(see vercel.json),Already implemented as a redirect in vercel.json.,none,classification_source=v2-redirect
https://www.ewastekochi.com/blog/laptop-resale-value-2026,/blog/laptop-resale-value-2026,www.ewastekochi.com,/blog/laptop-resale-value-2026,0,25,404,404,2026-06-30,blog,,laptop-resale-value-2026,2,leave_404,,"Legacy generated blog content, no meaningful traffic — do not recreate.",low,classification_source=rule
https://www.ewastekochi.com/blogs/battery-recycling/ups-and-inverter-battery-disposal-in-kakkanad-kochi,/blogs/battery-recycling/ups-and-inverter-battery-disposal-in-kakkanad-kochi,www.ewastekochi.com,/blogs/battery-recycling/ups-and-inverter-battery-disposal-in-kakkanad-kochi,0,6,404|alt_canonical,404|alt_canonical,2026-06-29,blogs-taxonomy-legacy,,ups-and-inverter-battery-disposal-in-kakkanad-kochi,3,leave_404,,"Legacy generated blog content, no meaningful traffic — do not recreate.",low,classification_source=rule
https://www.ewastekochi.com/blogs/disposal/where-to-dispose-old-laptops-in-kollam-free-pickup-guide,/blogs/disposal/where-to-dispose-old-laptops-in-kollam-free-pickup-guide,www.ewastekochi.com,/blogs/disposal/where-to-dispose-old-laptops-in-kollam-free-pickup-guide,0,20,404|alt_canonical,404|alt_canonical,2026-06-29,blogs-taxonomy-legacy,,where-to-dispose-old-laptops-in-kollam-free-pickup-guide,2,leave_404,,"Legacy generated blog content, no meaningful traffic — do not recreate.",low,classification_source=rule
https://www.ewastekochi.com/blogs/laptop-disposal/business-laptop-buyback-in-infopark-kochi-what-it-teams-should-expect,/blogs/laptop-disposal/business-laptop-buyback-in-infopark-kochi-what-it-teams-should-expect,www.ewastekochi.com,/blogs/laptop-disposal/business-laptop-buyback-in-infopark-kochi-what-it-teams-should-expect,0,6,404|alt_canonical,404|alt_canonical,2026-06-29,blogs-taxonomy-legacy,,business-laptop-buyback-in-infopark-kochi-what-it-teams-should-expect,3,leave_404,,"Legacy generated blog content, no meaningful traffic — do not recreate.",low,classification_source=rule
https://www.ewastekochi.com/blog/best-way-to-e-waste-collection-in-ernakulam-2026-ernakulam,/blog/best-way-to-e-waste-collection-in-ernakulam-2026-ernakulam,www.ewastekochi.com,/blog/best-way-to-e-waste-collection-in-ernakulam-2026-ernakulam,1,10,404,404,2026-06-28,blog,,best-way-to-e-waste-collection-in-ernakulam-2026-ernakulam,2,manual_review,,"Modest clicks, no exact match — low-priority manual review.",low,classification_source=rule
https://www.ewastekochi.com/laptop-recycling-near-me,/laptop-recycling-near-me,www.ewastekochi.com,/laptop-recycling-near-me,2,15,404,404,2026-06-28,other-legacy-service,,laptop-recycling-near-me,2,manual_review,,Has real traffic but no confident 1:1 keyword match to an existing V2 page — needs a human call rather than a guessed redirect.,medium,classification_source=rule
https://www.ewastekochi.com/blog/best-time-for-phone-buyback-in-kochi-kochi,/blog/best-time-for-phone-buyback-in-kochi-kochi,www.ewastekochi.com,/blog/best-time-for-phone-buyback-in-kochi-kochi,0,0,404,404,2026-06-28,blog,,best-time-for-phone-buyback-in-kochi-kochi,4,leave_404,,"Legacy generated blog content, no meaningful traffic — do not recreate.",low,classification_source=rule
https://www.ewastekochi.com/blogs/mobile-recycling/corporate-mobile-fleet-disposal-in-kollam,/blogs/mobile-recycling/corporate-mobile-fleet-disposal-in-kollam,www.ewastekochi.com,/blogs/mobile-recycling/corporate-mobile-fleet-disposal-in-kollam,0,0,404,404,2026-06-27,blogs-taxonomy-legacy,,corporate-mobile-fleet-disposal-in-kollam,4,leave_404,,"Legacy generated blog content, no meaningful traffic — do not recreate.",low,classification_source=rule
https://www.ewastekochi.com/blogs/environmental-impact/what-happens-when-electronics-reach-landfills-in-kozhikode,/blogs/environmental-impact/what-happens-when-electronics-reach-landfills-in-kozhikode,www.ewastekochi.com,/blogs/environmental-impact/what-happens-when-electronics-reach-landfills-in-kozhikode,0,3,404,404,2026-06-27,blogs-taxonomy-legacy,,what-happens-when-electronics-reach-landfills-in-kozhikode,3,leave_404,,"Legacy generated blog content, no meaningful traffic — do not recreate.",low,classification_source=rule
https://www.ewastekochi.com/hi/services/e-waste-recycling-kochi,/hi/services/e-waste-recycling-kochi,www.ewastekochi.com,/hi/services/e-waste-recycling-kochi,3,107,404,404,2026-06-27,hindi,,e-waste-recycling-kochi,1,manual_review,,/hi/ Hindi pages — open scope question since Phase 2B (never confirmed as intentional multi-language scope; only Malayalam was ever briefed). Not auto-decided here.,low,classification_source=rule
https://www.ewastekochi.com/blogs/ewaste-laws/kspcb-authorized-recyclers-list-how-thiruvananthapuram-businesses-verify-vendors,/blogs/ewaste-laws/kspcb-authorized-recyclers-list-how-thiruvananthapuram-businesses-verify-vendors,www.ewastekochi.com,/blogs/ewaste-laws/kspcb-authorized-recyclers-list-how-thiruvananthapuram-businesses-verify-vendors,0,23,404,404,2026-06-27,blogs-taxonomy-legacy,,kspcb-authorized-recyclers-list-how-thiruvananthapuram-businesses-verify-vendors,2,leave_404,,"Legacy generated blog content, no meaningful traffic — do not recreate.",low,classification_source=rule
https://www.ewastekochi.com/blog/phone-buyback-problems-in-aluva-solutions-aluva,/blog/phone-buyback-problems-in-aluva-solutions-aluva,www.ewastekochi.com,/blog/phone-buyback-problems-in-aluva-solutions-aluva,0,0,404,404,2026-06-27,blog,,phone-buyback-problems-in-aluva-solutions-aluva,4,leave_404,,"Legacy generated blog content, no meaningful traffic — do not recreate.",low,classification_source=rule
https://www.ewastekochi.com/blogs/disposal/printer-and-copier-disposal-in-vyttila-kochi-for-offices-and-schools,/blogs/disposal/printer-and-copier-disposal-in-vyttila-kochi-for-offices-and-schools,www.ewastekochi.com,/blogs/disposal/printer-and-copier-disposal-in-vyttila-kochi-for-offices-and-schools,0,0,404,404,2026-06-26,blogs-taxonomy-legacy,,printer-and-copier-disposal-in-vyttila-kochi-for-offices-and-schools,4,leave_404,,"Legacy generated blog content, no meaningful traffic — do not recreate.",low,classification_source=rule
https://www.ewastekochi.com/blog/compliance-guide-for-printer-recycling-in-edappally-edappally,/blog/compliance-guide-for-printer-recycling-in-edappally-edappally,www.ewastekochi.com,/blog/compliance-guide-for-printer-recycling-in-edappally-edappally,0,0,404,404,2026-06-26,blog,,compliance-guide-for-printer-recycling-in-edappally-edappally,4,leave_404,,"Legacy generated blog content, no meaningful traffic — do not recreate.",low,classification_source=rule
https://www.ewastekochi.com/blogs/data-destruction/why-formatting-is-not-enough-before-disposal-in-kakkanad-kochi,/blogs/data-destruction/why-formatting-is-not-enough-before-disposal-in-kakkanad-kochi,www.ewastekochi.com,/blogs/data-destruction/why-formatting-is-not-enough-before-disposal-in-kakkanad-kochi,0,0,404,404,2026-06-26,blogs-taxonomy-legacy,,why-formatting-is-not-enough-before-disposal-in-kakkanad-kochi,4,leave_404,,"Legacy generated blog content, no meaningful traffic — do not recreate.",low,classification_source=rule
https://www.ewastekochi.com/blog/affordable-data-destruction-in-angamaly-complete-pricing-angamaly,/blog/affordable-data-destruction-in-angamaly-complete-pricing-angamaly,www.ewastekochi.com,/blog/affordable-data-destruction-in-angamaly-complete-pricing-angamaly,0,0,404,404,2026-06-26,blog,,affordable-data-destruction-in-angamaly-complete-pricing-angamaly,4,leave_404,,"Legacy generated blog content, no meaningful traffic — do not recreate.",low,classification_source=rule
https://www.ewastekochi.com/blog/how-to-printer-recycle-in-angamaly-angamaly,/blog/how-to-printer-recycle-in-angamaly-angamaly,www.ewastekochi.com,/blog/how-to-printer-recycle-in-angamaly-angamaly,0,0,404,404,2026-06-26,blog,,how-to-printer-recycle-in-angamaly-angamaly,4,leave_404,,"Legacy generated blog content, no meaningful traffic — do not recreate.",low,classification_source=rule
https://www.ewastekochi.com/blog/phone-buyback-price-guide-for-kochi-kochi-1,/blog/phone-buyback-price-guide-for-kochi-kochi-1,www.ewastekochi.com,/blog/phone-buyback-price-guide-for-kochi-kochi-1,1,1,404,404,2026-06-26,blog,,phone-buyback-price-guide-for-kochi-kochi-1,2,manual_review,,"Modest clicks, no exact match — low-priority manual review.",low,classification_source=rule
https://www.ewastekochi.com/blogs/battery-recycling/how-to-store-batteries-before-pickup-in-vyttila-kochi,/blogs/battery-recycling/how-to-store-batteries-before-pickup-in-vyttila-kochi,www.ewastekochi.com,/blogs/battery-recycling/how-to-store-batteries-before-pickup-in-vyttila-kochi,0,34,404|alt_canonical,404|alt_canonical,2026-06-26,blogs-taxonomy-legacy,,how-to-store-batteries-before-pickup-in-vyttila-kochi,2,leave_404,,"Legacy generated blog content, no meaningful traffic — do not recreate.",low,classification_source=rule
https://www.ewastekochi.com/blog/cable-recycling-prices-in-thrippunithura-2026-thrippunithura,/blog/cable-recycling-prices-in-thrippunithura-2026-thrippunithura,www.ewastekochi.com,/blog/cable-recycling-prices-in-thrippunithura-2026-thrippunithura,0,0,404,404,2026-06-26,blog,,cable-recycling-prices-in-thrippunithura-2026-thrippunithura,4,leave_404,,"Legacy generated blog content, no meaningful traffic — do not recreate.",low,classification_source=rule
https://www.ewastekochi.com/blog/ewaste-laws-kerala-2026,/blog/ewaste-laws-kerala-2026,www.ewastekochi.com,/blog/ewaste-laws-kerala-2026,0,0,404,404,2026-06-26,blog,,ewaste-laws-kerala-2026,4,leave_404,,"Legacy generated blog content, no meaningful traffic — do not recreate.",low,classification_source=rule
https://www.ewastekochi.com/blogs/recycling/laptop-recycling-in-kalamassery-kochi-reuse-buyback-or-scrap,/blogs/recycling/laptop-recycling-in-kalamassery-kochi-reuse-buyback-or-scrap,www.ewastekochi.com,/blogs/recycling/laptop-recycling-in-kalamassery-kochi-reuse-buyback-or-scrap,0,10,404,404,2026-06-25,blogs-taxonomy-legacy,,laptop-recycling-in-kalamassery-kochi-reuse-buyback-or-scrap,3,leave_404,,"Legacy generated blog content, no meaningful traffic — do not recreate.",low,classification_source=rule
https://www.ewastekochi.com/ewaste,/ewaste,www.ewastekochi.com,/ewaste,0,39,404|alt_canonical,404|alt_canonical,2026-06-25,other-legacy-service,,ewaste,2,leave_404,,No meaningful traffic.,low,classification_source=rule
https://www.ewastekochi.com/blogs/government-rules/how-to-verify-a-kspcb-authorized-recycler-in-thrippunithura-kochi,/blogs/government-rules/how-to-verify-a-kspcb-authorized-recycler-in-thrippunithura-kochi,www.ewastekochi.com,/blogs/government-rules/how-to-verify-a-kspcb-authorized-recycler-in-thrippunithura-kochi,0,1,404,404,2026-06-24,blogs-taxonomy-legacy,,how-to-verify-a-kspcb-authorized-recycler-in-thrippunithura-kochi,3,leave_404,,"Legacy generated blog content, no meaningful traffic — do not recreate.",low,classification_source=rule
https://www.ewastekochi.com/blog/vs-sony-e-waste-collection-in-thrippunithura-thrippunithura,/blog/vs-sony-e-waste-collection-in-thrippunithura-thrippunithura,www.ewastekochi.com,/blog/vs-sony-e-waste-collection-in-thrippunithura-thrippunithura,0,0,404,404,2026-06-24,blog,,vs-sony-e-waste-collection-in-thrippunithura-thrippunithura,4,leave_404,,"Legacy generated blog content, no meaningful traffic — do not recreate.",low,classification_source=rule
https://www.ewastekochi.com/blogs/mobile-recycling/damaged-phone-recycling-in-kozhikode-what-still-counts-as-value,/blogs/mobile-recycling/damaged-phone-recycling-in-kozhikode-what-still-counts-as-value,www.ewastekochi.com,/blogs/mobile-recycling/damaged-phone-recycling-in-kozhikode-what-still-counts-as-value,0,15,404|alt_canonical,404|alt_canonical,2026-06-24,blogs-taxonomy-legacy,,damaged-phone-recycling-in-kozhikode-what-still-counts-as-value,3,leave_404,,"Legacy generated blog content, no meaningful traffic — do not recreate.",low,classification_source=rule
https://www.ewastekochi.com/blog/e-waste-collection-cost-in-kalamassery,/blog/e-waste-collection-cost-in-kalamassery,www.ewastekochi.com,/blog/e-waste-collection-cost-in-kalamassery,0,0,404,404,2026-06-23,blog,,e-waste-collection-cost-in-kalamassery,4,leave_404,,"Legacy generated blog content, no meaningful traffic — do not recreate.",low,classification_source=rule
https://www.ewastekochi.com/blog/affordable-phone-buyback-in-north-paravur-complete-pricing-north-paravur,/blog/affordable-phone-buyback-in-north-paravur-complete-pricing-north-paravur,www.ewastekochi.com,/blog/affordable-phone-buyback-in-north-paravur-complete-pricing-north-paravur,0,0,404,404,2026-06-23,blog,,affordable-phone-buyback-in-north-paravur-complete-pricing-north-paravur,4,leave_404,,"Legacy generated blog content, no meaningful traffic — do not recreate.",low,classification_source=rule
https://www.ewastekochi.com/blog/environmental-impact-of-e-waste-collection-in-thrippunithura-thrippunithura,/blog/environmental-impact-of-e-waste-collection-in-thrippunithura-thrippunithura,www.ewastekochi.com,/blog/environmental-impact-of-e-waste-collection-in-thrippunithura-thrippunithura,1,3,404,404,2026-06-23,blog,,environmental-impact-of-e-waste-collection-in-thrippunithura-thrippunithura,2,manual_review,,"Modest clicks, no exact match — low-priority manual review.",low,classification_source=rule
https://www.ewastekochi.com/blogs/scrap-electronics,/blogs/scrap-electronics,www.ewastekochi.com,/blogs/scrap-electronics,0,0,404,404,2026-06-22,blogs-taxonomy-legacy,,scrap-electronics,4,leave_404,,"Legacy generated blog content, no meaningful traffic — do not recreate.",low,classification_source=rule
https://www.ewastekochi.com/blogs/battery-recycling/office-battery-pickup-in-kozhikode-how-to-stage-mixed-loads,/blogs/battery-recycling/office-battery-pickup-in-kozhikode-how-to-stage-mixed-loads,www.ewastekochi.com,/blogs/battery-recycling/office-battery-pickup-in-kozhikode-how-to-stage-mixed-loads,0,0,404,404,2026-06-22,blogs-taxonomy-legacy,,office-battery-pickup-in-kozhikode-how-to-stage-mixed-loads,4,leave_404,,"Legacy generated blog content, no meaningful traffic — do not recreate.",low,classification_source=rule
https://www.ewastekochi.com/sell-electronics-kochi,/sell-electronics-kochi,www.ewastekochi.com,/sell-electronics-kochi,6,116,404,404,2026-06-21,other-legacy-service,,sell-electronics-kochi,1,redirect_301,/sell-electronics/,Clean keyword match to an existing V2 service page (6 clicks / 116 impressions).,low,classification_source=rule
https://www.ewastekochi.com/blog/e-waste-collection-prices-in-edappally-2026-edappally-1,/blog/e-waste-collection-prices-in-edappally-2026-edappally-1,www.ewastekochi.com,/blog/e-waste-collection-prices-in-edappally-2026-edappally-1,0,4,404,404,2026-06-16,blog,,e-waste-collection-prices-in-edappally-2026-edappally-1,3,leave_404,,"Legacy generated blog content, no meaningful traffic — do not recreate.",low,classification_source=rule
https://www.ewastekochi.com/blogs/recycling/how-electronics-recycling-works-in-kozhikode,/blogs/recycling/how-electronics-recycling-works-in-kozhikode,www.ewastekochi.com,/blogs/recycling/how-electronics-recycling-works-in-kozhikode,0,14,404|crawled_not_indexed,404|crawled_not_indexed,2026-06-14,blogs-taxonomy-legacy,,how-electronics-recycling-works-in-kozhikode,3,leave_404,,"Legacy generated blog content, no meaningful traffic — do not recreate.",low,classification_source=rule
https://www.ewastekochi.com/blogs/battery-recycling/office-battery-pickup-in-thiruvananthapuram-how-to-stage-mixed-loads,/blogs/battery-recycling/office-battery-pickup-in-thiruvananthapuram-how-to-stage-mixed-loads,www.ewastekochi.com,/blogs/battery-recycling/office-battery-pickup-in-thiruvananthapuram-how-to-stage-mixed-loads,1,13,404|crawled_not_indexed,404|crawled_not_indexed,2026-06-14,blogs-taxonomy-legacy,,office-battery-pickup-in-thiruvananthapuram-how-to-stage-mixed-loads,2,manual_review,,"Modest clicks, no exact match — low-priority manual review.",low,classification_source=rule
https://www.ewastekochi.com/media-kit,/media-kit,www.ewastekochi.com,/media-kit,0,11,404,404,2026-06-11,other-legacy-service,,media-kit,3,leave_404,,No meaningful traffic.,low,classification_source=rule
https://www.ewastekochi.com/blog/enterprise-cable-recycling-kalamassery,/blog/enterprise-cable-recycling-kalamassery,www.ewastekochi.com,/blog/enterprise-cable-recycling-kalamassery,0,0,404,404,2026-06-10,blog,,enterprise-cable-recycling-kalamassery,4,leave_404,,"Legacy generated blog content, no meaningful traffic — do not recreate.",low,classification_source=rule
https://www.ewastekochi.com/blogs/disposal/how-same-day-e-waste-pickup-works-in-thrippunithura-kochi,/blogs/disposal/how-same-day-e-waste-pickup-works-in-thrippunithura-kochi,www.ewastekochi.com,/blogs/disposal/how-same-day-e-waste-pickup-works-in-thrippunithura-kochi,0,0,404,404,2026-06-10,blogs-taxonomy-legacy,,how-same-day-e-waste-pickup-works-in-thrippunithura-kochi,4,leave_404,,"Legacy generated blog content, no meaningful traffic — do not recreate.",low,classification_source=rule
https://www.ewastekochi.com/blog/affordable-printer-recycling-in-vyttila-complete-pricing-vyttila,/blog/affordable-printer-recycling-in-vyttila-complete-pricing-vyttila,www.ewastekochi.com,/blog/affordable-printer-recycling-in-vyttila-complete-pricing-vyttila,0,0,404,404,2026-06-10,blog,,affordable-printer-recycling-in-vyttila-complete-pricing-vyttila,4,leave_404,,"Legacy generated blog content, no meaningful traffic — do not recreate.",low,classification_source=rule
https://www.ewastekochi.com/blogs/scrap-electronics/network-equipment-scrap-in-kakkanad-kochi-switches-routers-firewalls,/blogs/scrap-electronics/network-equipment-scrap-in-kakkanad-kochi-switches-routers-firewalls,www.ewastekochi.com,/blogs/scrap-electronics/network-equipment-scrap-in-kakkanad-kochi-switches-routers-firewalls,0,0,404,404,2026-06-10,blogs-taxonomy-legacy,,network-equipment-scrap-in-kakkanad-kochi-switches-routers-firewalls,4,leave_404,,"Legacy generated blog content, no meaningful traffic — do not recreate.",low,classification_source=rule
https://www.ewastekochi.com/blogs/mobile-recycling/same-day-mobile-pickup-in-kollam-for-shops-and-offices,/blogs/mobile-recycling/same-day-mobile-pickup-in-kollam-for-shops-and-offices,www.ewastekochi.com,/blogs/mobile-recycling/same-day-mobile-pickup-in-kollam-for-shops-and-offices,0,0,404,404,2026-06-10,blogs-taxonomy-legacy,,same-day-mobile-pickup-in-kollam-for-shops-and-offices,4,leave_404,,"Legacy generated blog content, no meaningful traffic — do not recreate.",low,classification_source=rule
https://www.ewastekochi.com/lcd-monitor-recycling-kochi.html,/lcd-monitor-recycling-kochi.html,www.ewastekochi.com,/lcd-monitor-recycling-kochi.html,0,0,404,404,2026-06-10,other-legacy-service,,,4,leave_404,,No meaningful traffic.,low,classification_source=rule
https://www.ewastekochi.com/blog/phone-buyback-during-monsoon-edappally,/blog/phone-buyback-during-monsoon-edappally,www.ewastekochi.com,/blog/phone-buyback-during-monsoon-edappally,0,0,404,404,2026-06-09,blog,,phone-buyback-during-monsoon-edappally,4,leave_404,,"Legacy generated blog content, no meaningful traffic — do not recreate.",low,classification_source=rule
https://www.ewastekochi.com/blog/environmental-impact-of-battery-recycling-in-north-paravur-north-paravur,/blog/environmental-impact-of-battery-recycling-in-north-paravur-north-paravur,www.ewastekochi.com,/blog/environmental-impact-of-battery-recycling-in-north-paravur-north-paravur,0,0,404,404,2026-06-09,blog,,environmental-impact-of-battery-recycling-in-north-paravur-north-paravur,4,leave_404,,"Legacy generated blog content, no meaningful traffic — do not recreate.",low,classification_source=rule
https://www.ewastekochi.com/blog/laptop-buyback-prices-in-thrippunithura-2026-thrippunithura-1,/blog/laptop-buyback-prices-in-thrippunithura-2026-thrippunithura-1,www.ewastekochi.com,/blog/laptop-buyback-prices-in-thrippunithura-2026-thrippunithura-1,0,0,404,404,2026-06-09,blog,,laptop-buyback-prices-in-thrippunithura-2026-thrippunithura-1,4,leave_404,,"Legacy generated blog content, no meaningful traffic — do not recreate.",low,classification_source=rule
https://www.ewastekochi.com/blog/economic-benefits-of-data-destruction-in-kalamassery-kalamassery,/blog/economic-benefits-of-data-destruction-in-kalamassery-kalamassery,www.ewastekochi.com,/blog/economic-benefits-of-data-destruction-in-kalamassery-kalamassery,0,0,404,404,2026-06-09,blog,,economic-benefits-of-data-destruction-in-kalamassery-kalamassery,4,leave_404,,"Legacy generated blog content, no meaningful traffic — do not recreate.",low,classification_source=rule
https://www.ewastekochi.com/blogs/scrap-electronics/pcb-and-motherboard-scrap-buyers-in-kakkanad-kochi,/blogs/scrap-electronics/pcb-and-motherboard-scrap-buyers-in-kakkanad-kochi,www.ewastekochi.com,/blogs/scrap-electronics/pcb-and-motherboard-scrap-buyers-in-kakkanad-kochi,1,48,404,404,2026-06-09,blogs-taxonomy-legacy,,pcb-and-motherboard-scrap-buyers-in-kakkanad-kochi,2,manual_review,,"Modest clicks, no exact match — low-priority manual review.",low,classification_source=rule
https://www.ewastekochi.com/blog/best-way-to-e-waste-collection-in-vyttila-2026-vyttila,/blog/best-way-to-e-waste-collection-in-vyttila-2026-vyttila,www.ewastekochi.com,/blog/best-way-to-e-waste-collection-in-vyttila-2026-vyttila,0,0,404,404,2026-06-08,blog,,best-way-to-e-waste-collection-in-vyttila-2026-vyttila,4,leave_404,,"Legacy generated blog content, no meaningful traffic — do not recreate.",low,classification_source=rule
https://www.ewastekochi.com/blogs/government-rules/e-waste-rules-2022-for-businesses-in-infopark-kochi,/blogs/government-rules/e-waste-rules-2022-for-businesses-in-infopark-kochi,www.ewastekochi.com,/blogs/government-rules/e-waste-rules-2022-for-businesses-in-infopark-kochi,0,0,404,404,2026-06-08,blogs-taxonomy-legacy,,e-waste-rules-2022-for-businesses-in-infopark-kochi,4,leave_404,,"Legacy generated blog content, no meaningful traffic — do not recreate.",low,classification_source=rule
https://www.ewastekochi.com/blog/cable-recycling-options-in-ernakulam-which-to-choose-ernakulam,/blog/cable-recycling-options-in-ernakulam-which-to-choose-ernakulam,www.ewastekochi.com,/blog/cable-recycling-options-in-ernakulam-which-to-choose-ernakulam,0,0,404,404,2026-06-08,blog,,cable-recycling-options-in-ernakulam-which-to-choose-ernakulam,4,leave_404,,"Legacy generated blog content, no meaningful traffic — do not recreate.",low,classification_source=rule
https://www.ewastekochi.com/blogs/government-rules/forms-and-manifests-for-e-waste-pickup-in-kollam,/blogs/government-rules/forms-and-manifests-for-e-waste-pickup-in-kollam,www.ewastekochi.com,/blogs/government-rules/forms-and-manifests-for-e-waste-pickup-in-kollam,0,5,404|alt_canonical,404|alt_canonical,2026-06-06,blogs-taxonomy-legacy,,forms-and-manifests-for-e-waste-pickup-in-kollam,3,leave_404,,"Legacy generated blog content, no meaningful traffic — do not recreate.",low,classification_source=rule
https://www.ewastekochi.com/blogs/laptop-disposal/school-and-college-laptop-disposal-in-kakkanad-kochi,/blogs/laptop-disposal/school-and-college-laptop-disposal-in-kakkanad-kochi,www.ewastekochi.com,/blogs/laptop-disposal/school-and-college-laptop-disposal-in-kakkanad-kochi,0,8,404|alt_canonical,404|alt_canonical,2026-06-05,blogs-taxonomy-legacy,,school-and-college-laptop-disposal-in-kakkanad-kochi,3,leave_404,,"Legacy generated blog content, no meaningful traffic — do not recreate.",low,classification_source=rule
https://www.ewastekochi.com/blogs/laptop-disposal/laptop-resale-value-in-kalamassery-kochi-what-changes-the-price-fast,/blogs/laptop-disposal/laptop-resale-value-in-kalamassery-kochi-what-changes-the-price-fast,www.ewastekochi.com,/blogs/laptop-disposal/laptop-resale-value-in-kalamassery-kochi-what-changes-the-price-fast,0,6,404|alt_canonical,404|alt_canonical,2026-06-05,blogs-taxonomy-legacy,,laptop-resale-value-in-kalamassery-kochi-what-changes-the-price-fast,3,leave_404,,"Legacy generated blog content, no meaningful traffic — do not recreate.",low,classification_source=rule
https://www.ewastekochi.com/blog/category-comparison,/blog/category-comparison,www.ewastekochi.com,/blog/category-comparison,0,4,404,404,2026-06-05,blog,,category-comparison,3,leave_404,,"Legacy generated blog content, no meaningful traffic — do not recreate.",low,classification_source=rule
https://www.ewastekochi.com/ml/buyback/laptops/sell-hp-elitebook-850-kochi.html,/ml/buyback/laptops/sell-hp-elitebook-850-kochi.html,www.ewastekochi.com,/ml/buyback/laptops/sell-hp-elitebook-850-kochi.html,0,0,404,404,2026-06-04,other-legacy-service,,,4,leave_404,,No meaningful traffic.,low,classification_source=rule
https://www.ewastekochi.com/ml/locations/ewaste-682146.html,/ml/locations/ewaste-682146.html,www.ewastekochi.com,/ml/locations/ewaste-682146.html,0,0,404,404,2026-06-04,other-legacy-service,,,4,leave_404,,No meaningful traffic.,low,classification_source=rule
https://www.ewastekochi.com/buyback/laptops/sell-thinkpad-t500s-kochi.html,/buyback/laptops/sell-thinkpad-t500s-kochi.html,www.ewastekochi.com,/buyback/laptops/sell-thinkpad-t500s-kochi.html,0,0,404,404,2026-06-04,other-legacy-service,,,4,leave_404,,No meaningful traffic.,low,classification_source=rule
https://www.ewastekochi.com/locations/ewaste-682001,/locations/ewaste-682001,www.ewastekochi.com,/locations/ewaste-682001,0,0,404,404,2026-06-04,location-page,ewaste-682001,ewaste-682001,4,leave_404,,"Location page, no meaningful traffic.",low,classification_source=rule
https://www.ewastekochi.com/buyback/phones/sell-iphone-7-kochi.html,/buyback/phones/sell-iphone-7-kochi.html,www.ewastekochi.com,/buyback/phones/sell-iphone-7-kochi.html,0,1,404,404,2026-06-04,other-legacy-service,,,3,leave_404,,No meaningful traffic.,low,classification_source=rule
https://www.ewastekochi.com/buyback/phones/sell-xiaomi-redmi-note-20-kochi.html,/buyback/phones/sell-xiaomi-redmi-note-20-kochi.html,www.ewastekochi.com,/buyback/phones/sell-xiaomi-redmi-note-20-kochi.html,0,0,404,404,2026-06-03,other-legacy-service,,,4,leave_404,,No meaningful traffic.,low,classification_source=rule
https://www.ewastekochi.com/buyback/phones/sell-samsung-a145-kochi,/buyback/phones/sell-samsung-a145-kochi,www.ewastekochi.com,/buyback/phones/sell-samsung-a145-kochi,0,0,404,404,2026-06-03,other-legacy-service,,sell-samsung-a145-kochi,4,leave_404,,No meaningful traffic.,low,classification_source=rule
https://www.ewastekochi.com/locations/ewaste-682114,/locations/ewaste-682114,www.ewastekochi.com,/locations/ewaste-682114,0,0,404,404,2026-06-03,location-page,ewaste-682114,ewaste-682114,4,leave_404,,"Location page, no meaningful traffic.",low,classification_source=rule
https://www.ewastekochi.com/buyback/phones/sell-samsung-galaxy-a18-kochi.html,/buyback/phones/sell-samsung-galaxy-a18-kochi.html,www.ewastekochi.com,/buyback/phones/sell-samsung-galaxy-a18-kochi.html,0,0,404,404,2026-06-03,other-legacy-service,,,4,leave_404,,No meaningful traffic.,low,classification_source=rule
https://www.ewastekochi.com/locations/ewaste-682158.html,/locations/ewaste-682158.html,www.ewastekochi.com,/locations/ewaste-682158.html,0,0,404,404,2026-06-03,location-page,ewaste-682158.html,,4,leave_404,,"Location page, no meaningful traffic.",low,classification_source=rule
https://www.ewastekochi.com/buyback/laptops/sell-thinkpad-t419p-kochi,/buyback/laptops/sell-thinkpad-t419p-kochi,www.ewastekochi.com,/buyback/laptops/sell-thinkpad-t419p-kochi,0,0,404,404,2026-06-03,other-legacy-service,,sell-thinkpad-t419p-kochi,4,leave_404,,No meaningful traffic.,low,classification_source=rule
https://www.ewastekochi.com/buyback/laptops/sell-hp-elitebook-873-kochi.html,/buyback/laptops/sell-hp-elitebook-873-kochi.html,www.ewastekochi.com,/buyback/laptops/sell-hp-elitebook-873-kochi.html,0,0,404,404,2026-06-03,other-legacy-service,,,4,leave_404,,No meaningful traffic.,low,classification_source=rule
https://www.ewastekochi.com/buyback/laptops/sell-dell-latitude-7451-kochi,/buyback/laptops/sell-dell-latitude-7451-kochi,www.ewastekochi.com,/buyback/laptops/sell-dell-latitude-7451-kochi,0,0,404,404,2026-06-03,other-legacy-service,,sell-dell-latitude-7451-kochi,4,leave_404,,No meaningful traffic.,low,classification_source=rule
https://www.ewastekochi.com/buyback/laptops/sell-thinkpad-t463s-kochi.html,/buyback/laptops/sell-thinkpad-t463s-kochi.html,www.ewastekochi.com,/buyback/laptops/sell-thinkpad-t463s-kochi.html,0,0,404,404,2026-06-03,other-legacy-service,,,4,leave_404,,No meaningful traffic.,low,classification_source=rule
https://www.ewastekochi.com/buyback/laptops/sell-hp-elitebook-907-kochi.html,/buyback/laptops/sell-hp-elitebook-907-kochi.html,www.ewastekochi.com,/buyback/laptops/sell-hp-elitebook-907-kochi.html,0,0,404,404,2026-06-03,other-legacy-service,,,4,leave_404,,No meaningful traffic.,low,classification_source=rule
https://www.ewastekochi.com/buyback/laptops/sell-thinkpad-t438s-kochi.html,/buyback/laptops/sell-thinkpad-t438s-kochi.html,www.ewastekochi.com,/buyback/laptops/sell-thinkpad-t438s-kochi.html,0,0,404,404,2026-06-03,other-legacy-service,,,4,leave_404,,No meaningful traffic.,low,classification_source=rule
https://www.ewastekochi.com/blog/is-formatting-enough-delete-data.html,/blog/is-formatting-enough-delete-data.html,www.ewastekochi.com,/blog/is-formatting-enough-delete-data.html,0,19,404,404,2026-06-03,blog,,,3,leave_404,,"Legacy generated blog content, no meaningful traffic — do not recreate.",low,classification_source=rule
https://www.ewastekochi.com/blogs/itad-process/nist-800-88-vs-dod-5220-22-m-which-standard-to-choose-in-kalamassery-kochi,/blogs/itad-process/nist-800-88-vs-dod-5220-22-m-which-standard-to-choose-in-kalamassery-kochi,www.ewastekochi.com,/blogs/itad-process/nist-800-88-vs-dod-5220-22-m-which-standard-to-choose-in-kalamassery-kochi,0,4,404|crawled_not_indexed,404|crawled_not_indexed,2026-06-02,blogs-taxonomy-legacy,,nist-800-88-vs-dod-5220-22-m-which-standard-to-choose-in-kalamassery-kochi,3,leave_404,,"Legacy generated blog content, no meaningful traffic — do not recreate.",low,classification_source=rule
https://www.ewastekochi.com/blog/monitor-recycling-during-monsoon-in-thrippunithura-thrippunithura,/blog/monitor-recycling-during-monsoon-in-thrippunithura-thrippunithura,www.ewastekochi.com,/blog/monitor-recycling-during-monsoon-in-thrippunithura-thrippunithura,1,1,404,404,2026-06-02,blog,,monitor-recycling-during-monsoon-in-thrippunithura-thrippunithura,2,manual_review,,"Modest clicks, no exact match — low-priority manual review.",low,classification_source=rule
https://www.ewastekochi.com/buyback/laptops/sell-thinkpad-t498s-kochi.html,/buyback/laptops/sell-thinkpad-t498s-kochi.html,www.ewastekochi.com,/buyback/laptops/sell-thinkpad-t498s-kochi.html,0,0,404,404,2026-06-02,other-legacy-service,,,4,leave_404,,No meaningful traffic.,low,classification_source=rule
https://www.ewastekochi.com/locations/ewaste-682114.html,/locations/ewaste-682114.html,www.ewastekochi.com,/locations/ewaste-682114.html,0,0,404,404,2026-05-31,location-page,ewaste-682114.html,,4,leave_404,,"Location page, no meaningful traffic.",low,classification_source=rule
https://www.ewastekochi.com/blog/how-to-data-destruction-in-kochi-kochi,/blog/how-to-data-destruction-in-kochi-kochi,www.ewastekochi.com,/blog/how-to-data-destruction-in-kochi-kochi,0,0,404,404,2026-05-30,blog,,how-to-data-destruction-in-kochi-kochi,4,leave_404,,"Legacy generated blog content, no meaningful traffic — do not recreate.",low,classification_source=rule
https://www.ewastekochi.com/blog/best-way-to-monitor-recycle-in-angamaly-2026-angamaly,/blog/best-way-to-monitor-recycle-in-angamaly-2026-angamaly,www.ewastekochi.com,/blog/best-way-to-monitor-recycle-in-angamaly-2026-angamaly,0,0,404,404,2026-05-30,blog,,best-way-to-monitor-recycle-in-angamaly-2026-angamaly,4,leave_404,,"Legacy generated blog content, no meaningful traffic — do not recreate.",low,classification_source=rule
https://www.ewastekochi.com/blog/corporate-laptop-buyback-solutions-in-aluva-aluva,/blog/corporate-laptop-buyback-solutions-in-aluva-aluva,www.ewastekochi.com,/blog/corporate-laptop-buyback-solutions-in-aluva-aluva,0,0,404,404,2026-05-30,blog,,corporate-laptop-buyback-solutions-in-aluva-aluva,4,leave_404,,"Legacy generated blog content, no meaningful traffic — do not recreate.",low,classification_source=rule
https://www.ewastekochi.com/blogs/data-destruction/degaussing-vs-shredding-in-kalamassery-kochi-which-method-fits-better,/blogs/data-destruction/degaussing-vs-shredding-in-kalamassery-kochi-which-method-fits-better,www.ewastekochi.com,/blogs/data-destruction/degaussing-vs-shredding-in-kalamassery-kochi-which-method-fits-better,0,0,404,404,2026-05-29,blogs-taxonomy-legacy,,degaussing-vs-shredding-in-kalamassery-kochi-which-method-fits-better,4,leave_404,,"Legacy generated blog content, no meaningful traffic — do not recreate.",low,classification_source=rule
https://www.ewastekochi.com/ml/locations/ewaste-ernakulam.html,/ml/locations/ewaste-ernakulam.html,www.ewastekochi.com,/ml/locations/ewaste-ernakulam.html,0,0,404,404,2026-05-29,other-legacy-service,,,4,leave_404,,No meaningful traffic.,low,classification_source=rule
https://www.ewastekochi.com/dpdp-act-guide.html,/dpdp-act-guide.html,www.ewastekochi.com,/dpdp-act-guide.html,0,0,404,404,2026-05-29,other-legacy-service,,,4,leave_404,,No meaningful traffic.,low,classification_source=rule
https://www.ewastekochi.com/locations/ewaste-682075,/locations/ewaste-682075,www.ewastekochi.com,/locations/ewaste-682075,0,9,404,404,2026-05-28,location-page,ewaste-682075,ewaste-682075,3,leave_404,,"Location page, no meaningful traffic.",low,classification_source=rule
https://www.ewastekochi.com/ml/buyback/laptops/sell-thinkpad-t453s-kochi.html,/ml/buyback/laptops/sell-thinkpad-t453s-kochi.html,www.ewastekochi.com,/ml/buyback/laptops/sell-thinkpad-t453s-kochi.html,0,0,404,404,2026-05-28,other-legacy-service,,,4,leave_404,,No meaningful traffic.,low,classification_source=rule
https://www.ewastekochi.com/buyback/laptops/sell-microsoft-surface-pro-5-kochi.html,/buyback/laptops/sell-microsoft-surface-pro-5-kochi.html,www.ewastekochi.com,/buyback/laptops/sell-microsoft-surface-pro-5-kochi.html,0,0,404,404,2026-05-28,other-legacy-service,,,4,leave_404,,No meaningful traffic.,low,classification_source=rule
https://www.ewastekochi.com/ml/buyback/laptops/sell-dell-latitude-5472-kochi.html,/ml/buyback/laptops/sell-dell-latitude-5472-kochi.html,www.ewastekochi.com,/ml/buyback/laptops/sell-dell-latitude-5472-kochi.html,0,0,404,404,2026-05-28,other-legacy-service,,,4,leave_404,,No meaningful traffic.,low,classification_source=rule
https://www.ewastekochi.com/blogs/scrap-electronics/scrap-laptop-prices-in-thrippunithura-kochi-value-signals-most-sellers-miss,/blogs/scrap-electronics/scrap-laptop-prices-in-thrippunithura-kochi-value-signals-most-sellers-miss,www.ewastekochi.com,/blogs/scrap-electronics/scrap-laptop-prices-in-thrippunithura-kochi-value-signals-most-sellers-miss,0,0,404,404,2026-05-27,blogs-taxonomy-legacy,,scrap-laptop-prices-in-thrippunithura-kochi-value-signals-most-sellers-miss,4,leave_404,,"Legacy generated blog content, no meaningful traffic — do not recreate.",low,classification_source=rule
https://www.ewastekochi.com/blog/complete-guide-to-printer-recycling-in-vyttila-vyttila-1,/blog/complete-guide-to-printer-recycling-in-vyttila-vyttila-1,www.ewastekochi.com,/blog/complete-guide-to-printer-recycling-in-vyttila-vyttila-1,0,0,404,404,2026-05-27,blog,,complete-guide-to-printer-recycling-in-vyttila-vyttila-1,4,leave_404,,"Legacy generated blog content, no meaningful traffic — do not recreate.",low,classification_source=rule
https://www.ewastekochi.com/blog/best-time-for-cable-recycling-in-edappally-edappally,/blog/best-time-for-cable-recycling-in-edappally-edappally,www.ewastekochi.com,/blog/best-time-for-cable-recycling-in-edappally-edappally,0,0,404,404,2026-05-27,blog,,best-time-for-cable-recycling-in-edappally-edappally,4,leave_404,,"Legacy generated blog content, no meaningful traffic — do not recreate.",low,classification_source=rule
https://www.ewastekochi.com/dpdp-act-kochi,/dpdp-act-kochi,www.ewastekochi.com,/dpdp-act-kochi,0,0,404,404,2026-05-27,other-legacy-service,,dpdp-act-kochi,4,leave_404,,No meaningful traffic.,low,classification_source=rule
https://www.ewastekochi.com/blog/benefits-of-printer-recycling-in-vyttila-vyttila,/blog/benefits-of-printer-recycling-in-vyttila-vyttila,www.ewastekochi.com,/blog/benefits-of-printer-recycling-in-vyttila-vyttila,0,0,404,404,2026-05-27,blog,,benefits-of-printer-recycling-in-vyttila-vyttila,4,leave_404,,"Legacy generated blog content, no meaningful traffic — do not recreate.",low,classification_source=rule
https://www.ewastekochi.com/blog/best-monitor-recycling-providers-in-kalamassery-comparison-kalamassery,/blog/best-monitor-recycling-providers-in-kalamassery-comparison-kalamassery,www.ewastekochi.com,/blog/best-monitor-recycling-providers-in-kalamassery-comparison-kalamassery,0,0,404,404,2026-05-27,blog,,best-monitor-recycling-providers-in-kalamassery-comparison-kalamassery,4,leave_404,,"Legacy generated blog content, no meaningful traffic — do not recreate.",low,classification_source=rule
https://www.ewastekochi.com/blogs/battery-recycling/lead-acid-battery-recycling-in-edappally-kochi-what-businesses-need-to-track,/blogs/battery-recycling/lead-acid-battery-recycling-in-edappally-kochi-what-businesses-need-to-track,www.ewastekochi.com,/blogs/battery-recycling/lead-acid-battery-recycling-in-edappally-kochi-what-businesses-need-to-track,0,0,404,404,2026-05-27,blogs-taxonomy-legacy,,lead-acid-battery-recycling-in-edappally-kochi-what-businesses-need-to-track,4,leave_404,,"Legacy generated blog content, no meaningful traffic — do not recreate.",low,classification_source=rule
https://www.ewastekochi.com/ml/buyback/laptops/sell-thinkpad-t463s-kochi.html,/ml/buyback/laptops/sell-thinkpad-t463s-kochi.html,www.ewastekochi.com,/ml/buyback/laptops/sell-thinkpad-t463s-kochi.html,0,0,404,404,2026-05-27,other-legacy-service,,,4,leave_404,,No meaningful traffic.,low,classification_source=rule
https://www.ewastekochi.com/blog/vs-vivo-cable-recycling-in-kochi-kochi,/blog/vs-vivo-cable-recycling-in-kochi-kochi,www.ewastekochi.com,/blog/vs-vivo-cable-recycling-in-kochi-kochi,0,0,404,404,2026-05-26,blog,,vs-vivo-cable-recycling-in-kochi-kochi,4,leave_404,,"Legacy generated blog content, no meaningful traffic — do not recreate.",low,classification_source=rule
https://www.ewastekochi.com/blogs/laptop-disposal/secure-laptop-disposal-in-thiruvananthapuram-for-teams-handling-client-data,/blogs/laptop-disposal/secure-laptop-disposal-in-thiruvananthapuram-for-teams-handling-client-data,www.ewastekochi.com,/blogs/laptop-disposal/secure-laptop-disposal-in-thiruvananthapuram-for-teams-handling-client-data,0,0,404,404,2026-05-26,blogs-taxonomy-legacy,,secure-laptop-disposal-in-thiruvananthapuram-for-teams-handling-client-data,4,leave_404,,"Legacy generated blog content, no meaningful traffic — do not recreate.",low,classification_source=rule
https://www.ewastekochi.com/blog/b2b-server-recycling-services-in-thrippunithura-thrippunithura,/blog/b2b-server-recycling-services-in-thrippunithura-thrippunithura,www.ewastekochi.com,/blog/b2b-server-recycling-services-in-thrippunithura-thrippunithura,0,0,404,404,2026-05-25,blog,,b2b-server-recycling-services-in-thrippunithura-thrippunithura,4,leave_404,,"Legacy generated blog content, no meaningful traffic — do not recreate.",low,classification_source=rule
https://www.ewastekochi.com/ml/buyback/laptops/sell-dell-latitude-5419-kochi.html,/ml/buyback/laptops/sell-dell-latitude-5419-kochi.html,www.ewastekochi.com,/ml/buyback/laptops/sell-dell-latitude-5419-kochi.html,0,0,404,404,2026-05-25,other-legacy-service,,,4,leave_404,,No meaningful traffic.,low,classification_source=rule
https://www.ewastekochi.com/buyback/laptops/sell-hp-elitebook-879-kochi.html,/buyback/laptops/sell-hp-elitebook-879-kochi.html,www.ewastekochi.com,/buyback/laptops/sell-hp-elitebook-879-kochi.html,0,0,404,404,2026-05-25,other-legacy-service,,,4,leave_404,,No meaningful traffic.,low,classification_source=rule
https://www.ewastekochi.com/blog/monitor-recycling-vs-screen-recycling-in-north-paravur-north-paravur,/blog/monitor-recycling-vs-screen-recycling-in-north-paravur-north-paravur,www.ewastekochi.com,/blog/monitor-recycling-vs-screen-recycling-in-north-paravur-north-paravur,0,0,404,404,2026-05-25,blog,,monitor-recycling-vs-screen-recycling-in-north-paravur-north-paravur,4,leave_404,,"Legacy generated blog content, no meaningful traffic — do not recreate.",low,classification_source=rule
https://www.ewastekochi.com/blog/compare-printer-recycling-options-thrippunithura,/blog/compare-printer-recycling-options-thrippunithura,www.ewastekochi.com,/blog/compare-printer-recycling-options-thrippunithura,0,0,404,404,2026-05-24,blog,,compare-printer-recycling-options-thrippunithura,4,leave_404,,"Legacy generated blog content, no meaningful traffic — do not recreate.",low,classification_source=rule
https://www.ewastekochi.com/blog/categories,/blog/categories,www.ewastekochi.com,/blog/categories,0,0,404,404,2026-05-24,blog,,categories,4,leave_404,,"Legacy generated blog content, no meaningful traffic — do not recreate.",low,classification_source=rule
https://www.ewastekochi.com/blog/spring-monitor-recycling-in-angamaly,/blog/spring-monitor-recycling-in-angamaly,www.ewastekochi.com,/blog/spring-monitor-recycling-in-angamaly,0,0,404,404,2026-05-24,blog,,spring-monitor-recycling-in-angamaly,4,leave_404,,"Legacy generated blog content, no meaningful traffic — do not recreate.",low,classification_source=rule
https://www.ewastekochi.com/itad/services/networking-cables-scrap,/itad/services/networking-cables-scrap,www.ewastekochi.com,/itad/services/networking-cables-scrap,0,0,404,404,2026-05-24,other-legacy-service,,networking-cables-scrap,4,leave_404,,No meaningful traffic.,low,classification_source=rule
https://www.ewastekochi.com/locations/ewaste-682239,/locations/ewaste-682239,www.ewastekochi.com,/locations/ewaste-682239,0,11,404,404,2026-05-23,location-page,ewaste-682239,ewaste-682239,3,leave_404,,"Location page, no meaningful traffic.",low,classification_source=rule
https://www.ewastekochi.com/blogs/environmental-impact/circular-economy-and-e-waste-in-kottayam-what-recovery-actually-looks-like,/blogs/environmental-impact/circular-economy-and-e-waste-in-kottayam-what-recovery-actually-looks-like,www.ewastekochi.com,/blogs/environmental-impact/circular-economy-and-e-waste-in-kottayam-what-recovery-actually-looks-like,0,0,404,404,2026-05-23,blogs-taxonomy-legacy,,circular-economy-and-e-waste-in-kottayam-what-recovery-actually-looks-like,4,leave_404,,"Legacy generated blog content, no meaningful traffic — do not recreate.",low,classification_source=rule
https://www.ewastekochi.com/blog/common-laptop-buyback-issues-in-edappally-edappally-1,/blog/common-laptop-buyback-issues-in-edappally-edappally-1,www.ewastekochi.com,/blog/common-laptop-buyback-issues-in-edappally-edappally-1,0,0,404,404,2026-05-23,blog,,common-laptop-buyback-issues-in-edappally-edappally-1,4,leave_404,,"Legacy generated blog content, no meaningful traffic — do not recreate.",low,classification_source=rule
https://www.ewastekochi.com/ml/locations/ewaste-682085.html,/ml/locations/ewaste-682085.html,www.ewastekochi.com,/ml/locations/ewaste-682085.html,0,0,404,404,2026-05-23,other-legacy-service,,,4,leave_404,,No meaningful traffic.,low,classification_source=rule
https://www.ewastekochi.com/blog/enterprise-laptop-buyback-in-kalamassery-kalamassery,/blog/enterprise-laptop-buyback-in-kalamassery-kalamassery,www.ewastekochi.com,/blog/enterprise-laptop-buyback-in-kalamassery-kalamassery,0,0,404,404,2026-05-23,blog,,enterprise-laptop-buyback-in-kalamassery-kalamassery,4,leave_404,,"Legacy generated blog content, no meaningful traffic — do not recreate.",low,classification_source=rule
https://www.ewastekochi.com/blog/phone-buyback-problems-in-kalamassery-solutions-kalamassery,/blog/phone-buyback-problems-in-kalamassery-solutions-kalamassery,www.ewastekochi.com,/blog/phone-buyback-problems-in-kalamassery-solutions-kalamassery,0,0,404,404,2026-05-23,blog,,phone-buyback-problems-in-kalamassery-solutions-kalamassery,4,leave_404,,"Legacy generated blog content, no meaningful traffic — do not recreate.",low,classification_source=rule
https://www.ewastekochi.com/locations/ewaste-682019,/locations/ewaste-682019,www.ewastekochi.com,/locations/ewaste-682019,0,0,404,404,2026-05-22,location-page,ewaste-682019,ewaste-682019,4,leave_404,,"Location page, no meaningful traffic.",low,classification_source=rule
https://www.ewastekochi.com/blog/common-battery-recycling-issues-kochi,/blog/common-battery-recycling-issues-kochi,www.ewastekochi.com,/blog/common-battery-recycling-issues-kochi,0,0,404,404,2026-05-22,blog,,common-battery-recycling-issues-kochi,4,leave_404,,"Legacy generated blog content, no meaningful traffic — do not recreate.",low,classification_source=rule
https://www.ewastekochi.com/blog/how-to-it-asset-disposition-in-north-paravur,/blog/how-to-it-asset-disposition-in-north-paravur,www.ewastekochi.com,/blog/how-to-it-asset-disposition-in-north-paravur,0,0,404,404,2026-05-22,blog,,how-to-it-asset-disposition-in-north-paravur,4,leave_404,,"Legacy generated blog content, no meaningful traffic — do not recreate.",low,classification_source=rule
https://www.ewastekochi.com/why-not-to-sell-laptop-on-olx,/why-not-to-sell-laptop-on-olx,www.ewastekochi.com,/why-not-to-sell-laptop-on-olx,0,0,404,404,2026-05-22,other-legacy-service,,why-not-to-sell-laptop-on-olx,4,leave_404,,No meaningful traffic.,low,classification_source=rule
https://www.ewastekochi.com/blog/tag-vyttila,/blog/tag-vyttila,www.ewastekochi.com,/blog/tag-vyttila,0,0,404,404,2026-05-22,blog,,tag-vyttila,4,leave_404,,"Legacy generated blog content, no meaningful traffic — do not recreate.",low,classification_source=rule
https://www.ewastekochi.com/industries/startups-itad-kochi.html,/industries/startups-itad-kochi.html,www.ewastekochi.com,/industries/startups-itad-kochi.html,0,9,404,404,2026-05-22,legacy-html,,,3,leave_404,,"Legacy /industries/*.html concept page, no traffic, no equivalent in V2 IA.",low,classification_source=rule
https://www.ewastekochi.com/ml/locations/v2/e-waste-edappally.html,/ml/locations/v2/e-waste-edappally.html,www.ewastekochi.com,/ml/locations/v2/e-waste-edappally.html,0,0,404,404,2026-05-22,other-legacy-service,,,4,leave_404,,No meaningful traffic.,low,classification_source=rule
https://www.ewastekochi.com/ml/buyback/laptops/sell-hp-elitebook-872-kochi.html,/ml/buyback/laptops/sell-hp-elitebook-872-kochi.html,www.ewastekochi.com,/ml/buyback/laptops/sell-hp-elitebook-872-kochi.html,0,0,404,404,2026-05-22,other-legacy-service,,,4,leave_404,,No meaningful traffic.,low,classification_source=rule
https://www.ewastekochi.com/ml/buyback/laptops/sell-thinkpad-t493s-kochi.html,/ml/buyback/laptops/sell-thinkpad-t493s-kochi.html,www.ewastekochi.com,/ml/buyback/laptops/sell-thinkpad-t493s-kochi.html,0,0,404,404,2026-05-22,other-legacy-service,,,4,leave_404,,No meaningful traffic.,low,classification_source=rule
https://www.ewastekochi.com/ml/buyback/laptops/sell-hp-elitebook-932-kochi.html,/ml/buyback/laptops/sell-hp-elitebook-932-kochi.html,www.ewastekochi.com,/ml/buyback/laptops/sell-hp-elitebook-932-kochi.html,0,0,404,404,2026-05-22,other-legacy-service,,,4,leave_404,,No meaningful traffic.,low,classification_source=rule
https://www.ewastekochi.com/ml/buyback/phones/sell-iphone-7-kochi.html,/ml/buyback/phones/sell-iphone-7-kochi.html,www.ewastekochi.com,/ml/buyback/phones/sell-iphone-7-kochi.html,0,0,404,404,2026-05-19,other-legacy-service,,,4,leave_404,,No meaningful traffic.,low,classification_source=rule
https://www.ewastekochi.com/ml/buyback/laptops/sell-hp-elitebook-873-kochi.html,/ml/buyback/laptops/sell-hp-elitebook-873-kochi.html,www.ewastekochi.com,/ml/buyback/laptops/sell-hp-elitebook-873-kochi.html,0,0,404,404,2026-05-19,other-legacy-service,,,4,leave_404,,No meaningful traffic.,low,classification_source=rule
https://www.ewastekochi.com/case-studies,/case-studies,www.ewastekochi.com,/case-studies,0,0,404,404,2026-05-19,other-legacy-service,,case-studies,4,leave_404,,No meaningful traffic.,low,classification_source=rule
https://www.ewastekochi.com/locations/tripunithura,/locations/tripunithura,www.ewastekochi.com,/locations/tripunithura,0,0,404,404,2026-05-18,location-page,tripunithura,tripunithura,4,leave_404,,"Location page, no meaningful traffic.",low,classification_source=rule
https://www.ewastekochi.com/blog/data-destruction-problems-in-kakkanad-solutions-kakkanad,/blog/data-destruction-problems-in-kakkanad-solutions-kakkanad,www.ewastekochi.com,/blog/data-destruction-problems-in-kakkanad-solutions-kakkanad,0,0,404,404,2026-05-18,blog,,data-destruction-problems-in-kakkanad-solutions-kakkanad,4,leave_404,,"Legacy generated blog content, no meaningful traffic — do not recreate.",low,classification_source=rule
https://www.ewastekochi.com/blogs/scrap-electronics/office-clearance-scrap-quotes-in-vyttila-kochi-how-to-prepare-the-inventory,/blogs/scrap-electronics/office-clearance-scrap-quotes-in-vyttila-kochi-how-to-prepare-the-inventory,www.ewastekochi.com,/blogs/scrap-electronics/office-clearance-scrap-quotes-in-vyttila-kochi-how-to-prepare-the-inventory,0,0,404,404,2026-05-18,blogs-taxonomy-legacy,,office-clearance-scrap-quotes-in-vyttila-kochi-how-to-prepare-the-inventory,4,leave_404,,"Legacy generated blog content, no meaningful traffic — do not recreate.",low,classification_source=rule
https://www.ewastekochi.com/blog/how-to-monitor-recycling-in-angamaly,/blog/how-to-monitor-recycling-in-angamaly,www.ewastekochi.com,/blog/how-to-monitor-recycling-in-angamaly,0,0,404,404,2026-05-17,blog,,how-to-monitor-recycling-in-angamaly,4,leave_404,,"Legacy generated blog content, no meaningful traffic — do not recreate.",low,classification_source=rule
https://www.ewastekochi.com/blog/how-to-e-waste-collection-in-kochi-2,/blog/how-to-e-waste-collection-in-kochi-2,www.ewastekochi.com,/blog/how-to-e-waste-collection-in-kochi-2,0,0,404,404,2026-05-16,blog,,how-to-e-waste-collection-in-kochi-2,4,leave_404,,"Legacy generated blog content, no meaningful traffic — do not recreate.",low,classification_source=rule
https://www.ewastekochi.com/blog/how-to-battery-recycling-in-edappally-2,/blog/how-to-battery-recycling-in-edappally-2,www.ewastekochi.com,/blog/how-to-battery-recycling-in-edappally-2,0,0,404,404,2026-05-16,blog,,how-to-battery-recycling-in-edappally-2,4,leave_404,,"Legacy generated blog content, no meaningful traffic — do not recreate.",low,classification_source=rule
https://www.ewastekochi.com/blog/seasonal-server-recycling-north-paravur,/blog/seasonal-server-recycling-north-paravur,www.ewastekochi.com,/blog/seasonal-server-recycling-north-paravur,0,0,404,404,2026-05-16,blog,,seasonal-server-recycling-north-paravur,4,leave_404,,"Legacy generated blog content, no meaningful traffic — do not recreate.",low,classification_source=rule
https://www.ewastekochi.com/terms-of-service.html,/terms-of-service.html,www.ewastekochi.com,/terms-of-service.html,0,0,404,404,2026-05-16,other-legacy-service,,,4,leave_404,,No meaningful traffic.,low,classification_source=rule
https://www.ewastekochi.com/landing,/landing,www.ewastekochi.com,/landing,0,0,404,404,2026-05-15,other-legacy-service,,landing,4,leave_404,,No meaningful traffic.,low,classification_source=rule
https://www.ewastekochi.com/e-waste-vyttila.html,/e-waste-vyttila.html,www.ewastekochi.com,/e-waste-vyttila.html,0,0,404,404,2026-05-15,other-legacy-service,,,4,leave_404,,No meaningful traffic.,low,classification_source=rule
https://www.ewastekochi.com/blogs/itad-process/nist-800-88-vs-dod-5220-22-m-which-standard-to-choose-in-kollam,/blogs/itad-process/nist-800-88-vs-dod-5220-22-m-which-standard-to-choose-in-kollam,www.ewastekochi.com,/blogs/itad-process/nist-800-88-vs-dod-5220-22-m-which-standard-to-choose-in-kollam,0,0,404,404,2026-05-14,blogs-taxonomy-legacy,,nist-800-88-vs-dod-5220-22-m-which-standard-to-choose-in-kollam,4,leave_404,,"Legacy generated blog content, no meaningful traffic — do not recreate.",low,classification_source=rule
https://www.ewastekochi.com/blogs/data-destruction/laptop-data-wipe-in-edappally-kochi-before-buyback-or-recycling,/blogs/data-destruction/laptop-data-wipe-in-edappally-kochi-before-buyback-or-recycling,www.ewastekochi.com,/blogs/data-destruction/laptop-data-wipe-in-edappally-kochi-before-buyback-or-recycling,0,0,404,404,2026-05-13,blogs-taxonomy-legacy,,laptop-data-wipe-in-edappally-kochi-before-buyback-or-recycling,4,leave_404,,"Legacy generated blog content, no meaningful traffic — do not recreate.",low,classification_source=rule
https://www.ewastekochi.com/locations/maradu/it-asset-inventory-audit,/locations/maradu/it-asset-inventory-audit,www.ewastekochi.com,/locations/maradu/it-asset-inventory-audit,0,0,404,404,2026-05-11,location-service-matrix,maradu,it-asset-inventory-audit,4,leave_404,,"Thin generated location-service matrix page, 0 clicks, low impressions — matches the site's existing anti-pSEO policy (Phase 2B/2G/2M) of not mass-redirecting this footprint.",low,classification_source=rule
https://www.ewastekochi.com/ml/locations/ewaste-682237.html,/ml/locations/ewaste-682237.html,www.ewastekochi.com,/ml/locations/ewaste-682237.html,0,0,404,404,2026-05-11,other-legacy-service,,,4,leave_404,,No meaningful traffic.,low,classification_source=rule
https://www.ewastekochi.com/blog/monitor-recycling-prices-in-north-paravur-2026-north-paravur,/blog/monitor-recycling-prices-in-north-paravur-2026-north-paravur,www.ewastekochi.com,/blog/monitor-recycling-prices-in-north-paravur-2026-north-paravur,0,0,404,404,2026-05-10,blog,,monitor-recycling-prices-in-north-paravur-2026-north-paravur,4,leave_404,,"Legacy generated blog content, no meaningful traffic — do not recreate.",low,classification_source=rule
https://www.ewastekochi.com/blog/cable-recycling-trends-in-aluva-2026-aluva,/blog/cable-recycling-trends-in-aluva-2026-aluva,www.ewastekochi.com,/blog/cable-recycling-trends-in-aluva-2026-aluva,0,0,404,404,2026-05-10,blog,,cable-recycling-trends-in-aluva-2026-aluva,4,leave_404,,"Legacy generated blog content, no meaningful traffic — do not recreate.",low,classification_source=rule
https://www.ewastekochi.com/blog/complete-guide-to-cable-recycling-in-thrippunithura-thrippunithura,/blog/complete-guide-to-cable-recycling-in-thrippunithura-thrippunithura,www.ewastekochi.com,/blog/complete-guide-to-cable-recycling-in-thrippunithura-thrippunithura,0,0,404,404,2026-05-10,blog,,complete-guide-to-cable-recycling-in-thrippunithura-thrippunithura,4,leave_404,,"Legacy generated blog content, no meaningful traffic — do not recreate.",low,classification_source=rule
https://www.ewastekochi.com/blog/environmental-impact-of-it-asset-disposition-in-north-paravur-north-paravur,/blog/environmental-impact-of-it-asset-disposition-in-north-paravur-north-paravur,www.ewastekochi.com,/blog/environmental-impact-of-it-asset-disposition-in-north-paravur-north-paravur,0,0,404,404,2026-05-10,blog,,environmental-impact-of-it-asset-disposition-in-north-paravur-north-paravur,4,leave_404,,"Legacy generated blog content, no meaningful traffic — do not recreate.",low,classification_source=rule
https://www.ewastekochi.com/blog/printer-recycling-price-guide-for-aluva-aluva,/blog/printer-recycling-price-guide-for-aluva-aluva,www.ewastekochi.com,/blog/printer-recycling-price-guide-for-aluva-aluva,0,0,404,404,2026-05-09,blog,,printer-recycling-price-guide-for-aluva-aluva,4,leave_404,,"Legacy generated blog content, no meaningful traffic — do not recreate.",low,classification_source=rule
https://www.ewastekochi.com/blog/common-phone-buyback-issues-in-kochi-kochi,/blog/common-phone-buyback-issues-in-kochi-kochi,www.ewastekochi.com,/blog/common-phone-buyback-issues-in-kochi-kochi,0,0,404,404,2026-05-09,blog,,common-phone-buyback-issues-in-kochi-kochi,4,leave_404,,"Legacy generated blog content, no meaningful traffic — do not recreate.",low,classification_source=rule
https://www.ewastekochi.com/blog/kspcb-regulations-for-printer-recycling-in-edappally-edappally,/blog/kspcb-regulations-for-printer-recycling-in-edappally-edappally,www.ewastekochi.com,/blog/kspcb-regulations-for-printer-recycling-in-edappally-edappally,0,0,404,404,2026-05-09,blog,,kspcb-regulations-for-printer-recycling-in-edappally-edappally,4,leave_404,,"Legacy generated blog content, no meaningful traffic — do not recreate.",low,classification_source=rule
https://www.ewastekochi.com/blog/cable-recycling-challenges-in-kalamassery-expert-tips-kalamassery,/blog/cable-recycling-challenges-in-kalamassery-expert-tips-kalamassery,www.ewastekochi.com,/blog/cable-recycling-challenges-in-kalamassery-expert-tips-kalamassery,0,0,404,404,2026-05-09,blog,,cable-recycling-challenges-in-kalamassery-expert-tips-kalamassery,4,leave_404,,"Legacy generated blog content, no meaningful traffic — do not recreate.",low,classification_source=rule
https://www.ewastekochi.com/blog/enterprise-it-asset-disposition-in-kakkanad-kakkanad,/blog/enterprise-it-asset-disposition-in-kakkanad-kakkanad,www.ewastekochi.com,/blog/enterprise-it-asset-disposition-in-kakkanad-kakkanad,0,0,404,404,2026-05-09,blog,,enterprise-it-asset-disposition-in-kakkanad-kakkanad,4,leave_404,,"Legacy generated blog content, no meaningful traffic — do not recreate.",low,classification_source=rule
https://www.ewastekochi.com/blog/common-e-waste-collection-issues-in-vyttila-vyttila-1,/blog/common-e-waste-collection-issues-in-vyttila-vyttila-1,www.ewastekochi.com,/blog/common-e-waste-collection-issues-in-vyttila-vyttila-1,0,0,404,404,2026-05-09,blog,,common-e-waste-collection-issues-in-vyttila-vyttila-1,4,leave_404,,"Legacy generated blog content, no meaningful traffic — do not recreate.",low,classification_source=rule
https://www.ewastekochi.com/blog/data-destruction-process-in-edappally-step-by-step,/blog/data-destruction-process-in-edappally-step-by-step,www.ewastekochi.com,/blog/data-destruction-process-in-edappally-step-by-step,0,0,404,404,2026-05-09,blog,,data-destruction-process-in-edappally-step-by-step,4,leave_404,,"Legacy generated blog content, no meaningful traffic — do not recreate.",low,classification_source=rule
https://www.ewastekochi.com/blog/advantages-of-laptop-buyback-aluva,/blog/advantages-of-laptop-buyback-aluva,www.ewastekochi.com,/blog/advantages-of-laptop-buyback-aluva,0,0,404,404,2026-05-09,blog,,advantages-of-laptop-buyback-aluva,4,leave_404,,"Legacy generated blog content, no meaningful traffic — do not recreate.",low,classification_source=rule
https://www.ewastekochi.com/blog/economic-benefits-of-it-asset-disposition-in-ernakulam-ernakulam,/blog/economic-benefits-of-it-asset-disposition-in-ernakulam-ernakulam,www.ewastekochi.com,/blog/economic-benefits-of-it-asset-disposition-in-ernakulam-ernakulam,0,0,404,404,2026-05-09,blog,,economic-benefits-of-it-asset-disposition-in-ernakulam-ernakulam,4,leave_404,,"Legacy generated blog content, no meaningful traffic — do not recreate.",low,classification_source=rule
https://www.ewastekochi.com/blog/environmental-impact-of-server-recycling-in-aluva-aluva-2-2,/blog/environmental-impact-of-server-recycling-in-aluva-aluva-2-2,www.ewastekochi.com,/blog/environmental-impact-of-server-recycling-in-aluva-aluva-2-2,0,0,404,404,2026-05-09,blog,,environmental-impact-of-server-recycling-in-aluva-aluva-2-2,4,leave_404,,"Legacy generated blog content, no meaningful traffic — do not recreate.",low,classification_source=rule
https://www.ewastekochi.com/blog/battery-recycling-options-in-vyttila-which-to-choose-vyttila,/blog/battery-recycling-options-in-vyttila-which-to-choose-vyttila,www.ewastekochi.com,/blog/battery-recycling-options-in-vyttila-which-to-choose-vyttila,0,0,404,404,2026-05-09,blog,,battery-recycling-options-in-vyttila-which-to-choose-vyttila,4,leave_404,,"Legacy generated blog content, no meaningful traffic — do not recreate.",low,classification_source=rule
https://www.ewastekochi.com/blog/legal-requirements-for-it-asset-disposition-in-thrippunithura-thrippunithura,/blog/legal-requirements-for-it-asset-disposition-in-thrippunithura-thrippunithura,www.ewastekochi.com,/blog/legal-requirements-for-it-asset-disposition-in-thrippunithura-thrippunithura,0,0,404,404,2026-05-09,blog,,legal-requirements-for-it-asset-disposition-in-thrippunithura-thrippunithura,4,leave_404,,"Legacy generated blog content, no meaningful traffic — do not recreate.",low,classification_source=rule
https://www.ewastekochi.com/blog/affordable-server-recycling-in-kakkanad-complete-pricing-kakkanad,/blog/affordable-server-recycling-in-kakkanad-complete-pricing-kakkanad,www.ewastekochi.com,/blog/affordable-server-recycling-in-kakkanad-complete-pricing-kakkanad,0,0,404,404,2026-05-09,blog,,affordable-server-recycling-in-kakkanad-complete-pricing-kakkanad,4,leave_404,,"Legacy generated blog content, no meaningful traffic — do not recreate.",low,classification_source=rule
https://www.ewastekochi.com/blog/corporate-e-waste-collection-solutions-in-kalamassery-kalamassery,/blog/corporate-e-waste-collection-solutions-in-kalamassery-kalamassery,www.ewastekochi.com,/blog/corporate-e-waste-collection-solutions-in-kalamassery-kalamassery,0,0,404,404,2026-05-09,blog,,corporate-e-waste-collection-solutions-in-kalamassery-kalamassery,4,leave_404,,"Legacy generated blog content, no meaningful traffic — do not recreate.",low,classification_source=rule
https://www.ewastekochi.com/blog/server-recycling-process-in-edappally-step-by-step-edappally,/blog/server-recycling-process-in-edappally-step-by-step-edappally,www.ewastekochi.com,/blog/server-recycling-process-in-edappally-step-by-step-edappally,0,0,404,404,2026-05-09,blog,,server-recycling-process-in-edappally-step-by-step-edappally,4,leave_404,,"Legacy generated blog content, no meaningful traffic — do not recreate.",low,classification_source=rule
https://www.ewastekochi.com/blog/best-time-for-e-waste-collection-in-thrippunithura-thrippunithura,/blog/best-time-for-e-waste-collection-in-thrippunithura-thrippunithura,www.ewastekochi.com,/blog/best-time-for-e-waste-collection-in-thrippunithura-thrippunithura,0,0,404,404,2026-05-09,blog,,best-time-for-e-waste-collection-in-thrippunithura-thrippunithura,4,leave_404,,"Legacy generated blog content, no meaningful traffic — do not recreate.",low,classification_source=rule
https://www.ewastekochi.com/blog/how-to-battery-recycling-in-kochi-4,/blog/how-to-battery-recycling-in-kochi-4,www.ewastekochi.com,/blog/how-to-battery-recycling-in-kochi-4,0,0,404,404,2026-05-09,blog,,how-to-battery-recycling-in-kochi-4,4,leave_404,,"Legacy generated blog content, no meaningful traffic — do not recreate.",low,classification_source=rule
https://www.ewastekochi.com/blog/laptop-buyback-problems-in-kakkanad-solutions-kakkanad,/blog/laptop-buyback-problems-in-kakkanad-solutions-kakkanad,www.ewastekochi.com,/blog/laptop-buyback-problems-in-kakkanad-solutions-kakkanad,0,0,404,404,2026-05-09,blog,,laptop-buyback-problems-in-kakkanad-solutions-kakkanad,4,leave_404,,"Legacy generated blog content, no meaningful traffic — do not recreate.",low,classification_source=rule
https://www.ewastekochi.com/blog/price-guide-for-data-destruction-ernakulam,/blog/price-guide-for-data-destruction-ernakulam,www.ewastekochi.com,/blog/price-guide-for-data-destruction-ernakulam,0,0,404,404,2026-05-09,blog,,price-guide-for-data-destruction-ernakulam,4,leave_404,,"Legacy generated blog content, no meaningful traffic — do not recreate.",low,classification_source=rule
https://www.ewastekochi.com/blog/topic-how-to,/blog/topic-how-to,www.ewastekochi.com,/blog/topic-how-to,0,0,404,404,2026-05-09,blog,,topic-how-to,4,leave_404,,"Legacy generated blog content, no meaningful traffic — do not recreate.",low,classification_source=rule
https://www.ewastekochi.com/blog/compliance-guide-for-printer-recycling-in-kochi-kochi,/blog/compliance-guide-for-printer-recycling-in-kochi-kochi,www.ewastekochi.com,/blog/compliance-guide-for-printer-recycling-in-kochi-kochi,0,0,404,404,2026-05-09,blog,,compliance-guide-for-printer-recycling-in-kochi-kochi,4,leave_404,,"Legacy generated blog content, no meaningful traffic — do not recreate.",low,classification_source=rule
https://www.ewastekochi.com/blog/benefits-of-server-recycling-in-north-paravur-north-paravur,/blog/benefits-of-server-recycling-in-north-paravur-north-paravur,www.ewastekochi.com,/blog/benefits-of-server-recycling-in-north-paravur-north-paravur,0,0,404,404,2026-05-09,blog,,benefits-of-server-recycling-in-north-paravur-north-paravur,4,leave_404,,"Legacy generated blog content, no meaningful traffic — do not recreate.",low,classification_source=rule
https://www.ewastekochi.com/blog/it-asset-disposition-comparison-vyttila,/blog/it-asset-disposition-comparison-vyttila,www.ewastekochi.com,/blog/it-asset-disposition-comparison-vyttila,0,0,404,404,2026-05-09,blog,,it-asset-disposition-comparison-vyttila,4,leave_404,,"Legacy generated blog content, no meaningful traffic — do not recreate.",low,classification_source=rule
https://www.ewastekochi.com/blog/best-way-to-printer-recycle-in-edappally-2026-edappally,/blog/best-way-to-printer-recycle-in-edappally-2026-edappally,www.ewastekochi.com,/blog/best-way-to-printer-recycle-in-edappally-2026-edappally,0,0,404,404,2026-05-09,blog,,best-way-to-printer-recycle-in-edappally-2026-edappally,4,leave_404,,"Legacy generated blog content, no meaningful traffic — do not recreate.",low,classification_source=rule
https://www.ewastekochi.com/blog/affordable-data-destruction-in-ernakulam-complete-pricing-ernakulam,/blog/affordable-data-destruction-in-ernakulam-complete-pricing-ernakulam,www.ewastekochi.com,/blog/affordable-data-destruction-in-ernakulam-complete-pricing-ernakulam,0,0,404,404,2026-05-09,blog,,affordable-data-destruction-in-ernakulam-complete-pricing-ernakulam,4,leave_404,,"Legacy generated blog content, no meaningful traffic — do not recreate.",low,classification_source=rule
https://www.ewastekochi.com/blog/how-much-does-e-waste-collection-cost-in-ernakulam-ernakulam,/blog/how-much-does-e-waste-collection-cost-in-ernakulam-ernakulam,www.ewastekochi.com,/blog/how-much-does-e-waste-collection-cost-in-ernakulam-ernakulam,0,0,404,404,2026-05-09,blog,,how-much-does-e-waste-collection-cost-in-ernakulam-ernakulam,4,leave_404,,"Legacy generated blog content, no meaningful traffic — do not recreate.",low,classification_source=rule
https://www.ewastekochi.com/blog/b2b-server-recycling-services-in-kalamassery-kalamassery,/blog/b2b-server-recycling-services-in-kalamassery-kalamassery,www.ewastekochi.com,/blog/b2b-server-recycling-services-in-kalamassery-kalamassery,0,0,404,404,2026-05-09,blog,,b2b-server-recycling-services-in-kalamassery-kalamassery,4,leave_404,,"Legacy generated blog content, no meaningful traffic — do not recreate.",low,classification_source=rule
https://www.ewastekochi.com/blog/how-much-does-data-destruction-cost-in-aluva-aluva,/blog/how-much-does-data-destruction-cost-in-aluva-aluva,www.ewastekochi.com,/blog/how-much-does-data-destruction-cost-in-aluva-aluva,0,0,404,404,2026-05-09,blog,,how-much-does-data-destruction-cost-in-aluva-aluva,4,leave_404,,"Legacy generated blog content, no meaningful traffic — do not recreate.",low,classification_source=rule
https://www.ewastekochi.com/blog/best-time-for-battery-recycling-in-aluva-aluva,/blog/best-time-for-battery-recycling-in-aluva-aluva,www.ewastekochi.com,/blog/best-time-for-battery-recycling-in-aluva-aluva,0,0,404,404,2026-05-09,blog,,best-time-for-battery-recycling-in-aluva-aluva,4,leave_404,,"Legacy generated blog content, no meaningful traffic — do not recreate.",low,classification_source=rule
https://www.ewastekochi.com/blog/battery-recycling-price-guide-for-kakkanad-kakkanad,/blog/battery-recycling-price-guide-for-kakkanad-kakkanad,www.ewastekochi.com,/blog/battery-recycling-price-guide-for-kakkanad-kakkanad,0,0,404,404,2026-05-09,blog,,battery-recycling-price-guide-for-kakkanad-kakkanad,4,leave_404,,"Legacy generated blog content, no meaningful traffic — do not recreate.",low,classification_source=rule
https://www.ewastekochi.com/locations/ewaste-682239.html,/locations/ewaste-682239.html,www.ewastekochi.com,/locations/ewaste-682239.html,0,2,404,404,2026-05-09,location-page,ewaste-682239.html,,3,leave_404,,"Location page, no meaningful traffic.",low,classification_source=rule
https://www.ewastekochi.com/blog/topic-seasonal,/blog/topic-seasonal,www.ewastekochi.com,/blog/topic-seasonal,0,0,404,404,2026-05-09,blog,,topic-seasonal,4,leave_404,,"Legacy generated blog content, no meaningful traffic — do not recreate.",low,classification_source=rule
https://www.ewastekochi.com/blog/e-waste-laws-in-kakkanad-complete-guide-kakkanad-1,/blog/e-waste-laws-in-kakkanad-complete-guide-kakkanad-1,www.ewastekochi.com,/blog/e-waste-laws-in-kakkanad-complete-guide-kakkanad-1,0,0,404,404,2026-05-09,blog,,e-waste-laws-in-kakkanad-complete-guide-kakkanad-1,4,leave_404,,"Legacy generated blog content, no meaningful traffic — do not recreate.",low,classification_source=rule
https://www.ewastekochi.com/blog/battery-recycling-for-businesses-in-north-paravur-north-paravur,/blog/battery-recycling-for-businesses-in-north-paravur-north-paravur,www.ewastekochi.com,/blog/battery-recycling-for-businesses-in-north-paravur-north-paravur,0,0,404,404,2026-05-09,blog,,battery-recycling-for-businesses-in-north-paravur-north-paravur,4,leave_404,,"Legacy generated blog content, no meaningful traffic — do not recreate.",low,classification_source=rule
https://www.ewastekochi.com/blog/why-choose-printer-recycling-in-kalamassery-kalamassery-1,/blog/why-choose-printer-recycling-in-kalamassery-kalamassery-1,www.ewastekochi.com,/blog/why-choose-printer-recycling-in-kalamassery-kalamassery-1,0,0,404,404,2026-05-09,blog,,why-choose-printer-recycling-in-kalamassery-kalamassery-1,4,leave_404,,"Legacy generated blog content, no meaningful traffic — do not recreate.",low,classification_source=rule
https://www.ewastekochi.com/blog/corporate-data-destruction-solutions-in-kochi-kochi,/blog/corporate-data-destruction-solutions-in-kochi-kochi,www.ewastekochi.com,/blog/corporate-data-destruction-solutions-in-kochi-kochi,0,0,404,404,2026-05-09,blog,,corporate-data-destruction-solutions-in-kochi-kochi,4,leave_404,,"Legacy generated blog content, no meaningful traffic — do not recreate.",low,classification_source=rule
https://www.ewastekochi.com/blog/complete-guide-to-server-recycling-in-kakkanad-kakkanad,/blog/complete-guide-to-server-recycling-in-kakkanad-kakkanad,www.ewastekochi.com,/blog/complete-guide-to-server-recycling-in-kakkanad-kakkanad,0,0,404,404,2026-05-09,blog,,complete-guide-to-server-recycling-in-kakkanad-kakkanad,4,leave_404,,"Legacy generated blog content, no meaningful traffic — do not recreate.",low,classification_source=rule
https://www.ewastekochi.com/blog/economic-benefits-of-laptop-buyback-in-thrippunithura-thrippunithura,/blog/economic-benefits-of-laptop-buyback-in-thrippunithura-thrippunithura,www.ewastekochi.com,/blog/economic-benefits-of-laptop-buyback-in-thrippunithura-thrippunithura,0,0,404,404,2026-05-09,blog,,economic-benefits-of-laptop-buyback-in-thrippunithura-thrippunithura,4,leave_404,,"Legacy generated blog content, no meaningful traffic — do not recreate.",low,classification_source=rule
https://www.ewastekochi.com/blog/cable-recycling-process-in-kochi-step-by-step-kochi,/blog/cable-recycling-process-in-kochi-step-by-step-kochi,www.ewastekochi.com,/blog/cable-recycling-process-in-kochi-step-by-step-kochi,0,0,404,404,2026-05-09,blog,,cable-recycling-process-in-kochi-step-by-step-kochi,4,leave_404,,"Legacy generated blog content, no meaningful traffic — do not recreate.",low,classification_source=rule
https://www.ewastekochi.com/blog/environmental-impact-of-e-waste-collection-in-kochi-kochi,/blog/environmental-impact-of-e-waste-collection-in-kochi-kochi,www.ewastekochi.com,/blog/environmental-impact-of-e-waste-collection-in-kochi-kochi,0,0,404,404,2026-05-09,blog,,environmental-impact-of-e-waste-collection-in-kochi-kochi,4,leave_404,,"Legacy generated blog content, no meaningful traffic — do not recreate.",low,classification_source=rule
https://www.ewastekochi.com/blog/how-to-e-waste-collection-in-kakkanad-kakkanad,/blog/how-to-e-waste-collection-in-kakkanad-kakkanad,www.ewastekochi.com,/blog/how-to-e-waste-collection-in-kakkanad-kakkanad,0,0,404,404,2026-05-08,blog,,how-to-e-waste-collection-in-kakkanad-kakkanad,4,leave_404,,"Legacy generated blog content, no meaningful traffic — do not recreate.",low,classification_source=rule
https://www.ewastekochi.com/blog/compliance-guide-for-printer-recycling-in-vyttila-vyttila-1,/blog/compliance-guide-for-printer-recycling-in-vyttila-vyttila-1,www.ewastekochi.com,/blog/compliance-guide-for-printer-recycling-in-vyttila-vyttila-1,0,0,404,404,2026-05-08,blog,,compliance-guide-for-printer-recycling-in-vyttila-vyttila-1,4,leave_404,,"Legacy generated blog content, no meaningful traffic — do not recreate.",low,classification_source=rule
https://www.ewastekochi.com/blog/e-waste-collection-process-in-kalamassery,/blog/e-waste-collection-process-in-kalamassery,www.ewastekochi.com,/blog/e-waste-collection-process-in-kalamassery,0,0,404,404,2026-05-08,blog,,e-waste-collection-process-in-kalamassery,4,leave_404,,"Legacy generated blog content, no meaningful traffic — do not recreate.",low,classification_source=rule
https://www.ewastekochi.com/blog/environmental-impact-of-it-asset-disposition-in-kalamassery-kalamassery,/blog/environmental-impact-of-it-asset-disposition-in-kalamassery-kalamassery,www.ewastekochi.com,/blog/environmental-impact-of-it-asset-disposition-in-kalamassery-kalamassery,0,0,404,404,2026-05-08,blog,,environmental-impact-of-it-asset-disposition-in-kalamassery-kalamassery,4,leave_404,,"Legacy generated blog content, no meaningful traffic — do not recreate.",low,classification_source=rule
https://www.ewastekochi.com/blog/e-waste-collection-problems-in-ernakulam-solutions-ernakulam,/blog/e-waste-collection-problems-in-ernakulam-solutions-ernakulam,www.ewastekochi.com,/blog/e-waste-collection-problems-in-ernakulam-solutions-ernakulam,0,0,404,404,2026-05-08,blog,,e-waste-collection-problems-in-ernakulam-solutions-ernakulam,4,leave_404,,"Legacy generated blog content, no meaningful traffic — do not recreate.",low,classification_source=rule
https://www.ewastekochi.com/blog/best-data-destruction-providers-in-angamaly-comparison-angamaly-1,/blog/best-data-destruction-providers-in-angamaly-comparison-angamaly-1,www.ewastekochi.com,/blog/best-data-destruction-providers-in-angamaly-comparison-angamaly-1,0,0,404,404,2026-05-08,blog,,best-data-destruction-providers-in-angamaly-comparison-angamaly-1,4,leave_404,,"Legacy generated blog content, no meaningful traffic — do not recreate.",low,classification_source=rule
https://www.ewastekochi.com/blog/vs-xiaomi-cable-recycling-in-ernakulam-ernakulam,/blog/vs-xiaomi-cable-recycling-in-ernakulam-ernakulam,www.ewastekochi.com,/blog/vs-xiaomi-cable-recycling-in-ernakulam-ernakulam,0,0,404,404,2026-05-08,blog,,vs-xiaomi-cable-recycling-in-ernakulam-ernakulam,4,leave_404,,"Legacy generated blog content, no meaningful traffic — do not recreate.",low,classification_source=rule
https://www.ewastekochi.com/blogs/recycling/printer-recycling-in-infopark-kochi-for-offices-schools-and-clinics,/blogs/recycling/printer-recycling-in-infopark-kochi-for-offices-schools-and-clinics,www.ewastekochi.com,/blogs/recycling/printer-recycling-in-infopark-kochi-for-offices-schools-and-clinics,0,0,404,404,2026-05-08,blogs-taxonomy-legacy,,printer-recycling-in-infopark-kochi-for-offices-schools-and-clinics,4,leave_404,,"Legacy generated blog content, no meaningful traffic — do not recreate.",low,classification_source=rule
https://www.ewastekochi.com/blog/server-recycling-during-monsoon-in-edappally-edappally,/blog/server-recycling-during-monsoon-in-edappally-edappally,www.ewastekochi.com,/blog/server-recycling-during-monsoon-in-edappally-edappally,0,0,404,404,2026-05-08,blog,,server-recycling-during-monsoon-in-edappally-edappally,4,leave_404,,"Legacy generated blog content, no meaningful traffic — do not recreate.",low,classification_source=rule
https://www.ewastekochi.com/blog/corporate-monitor-recycling-solutions-in-aluva-aluva,/blog/corporate-monitor-recycling-solutions-in-aluva-aluva,www.ewastekochi.com,/blog/corporate-monitor-recycling-solutions-in-aluva-aluva,0,0,404,404,2026-05-08,blog,,corporate-monitor-recycling-solutions-in-aluva-aluva,4,leave_404,,"Legacy generated blog content, no meaningful traffic — do not recreate.",low,classification_source=rule
https://www.ewastekochi.com/blog/enterprise-server-recycling-in-aluva-aluva,/blog/enterprise-server-recycling-in-aluva-aluva,www.ewastekochi.com,/blog/enterprise-server-recycling-in-aluva-aluva,0,0,404,404,2026-05-08,blog,,enterprise-server-recycling-in-aluva-aluva,4,leave_404,,"Legacy generated blog content, no meaningful traffic — do not recreate.",low,classification_source=rule
https://www.ewastekochi.com/blog/common-e-waste-collection-issues-in-ernakulam-ernakulam-1,/blog/common-e-waste-collection-issues-in-ernakulam-ernakulam-1,www.ewastekochi.com,/blog/common-e-waste-collection-issues-in-ernakulam-ernakulam-1,0,0,404,404,2026-05-08,blog,,common-e-waste-collection-issues-in-ernakulam-ernakulam-1,4,leave_404,,"Legacy generated blog content, no meaningful traffic — do not recreate.",low,classification_source=rule
https://www.ewastekochi.com/blog/vs-motorola-server-recycling-in-kochi-kochi,/blog/vs-motorola-server-recycling-in-kochi-kochi,www.ewastekochi.com,/blog/vs-motorola-server-recycling-in-kochi-kochi,0,0,404,404,2026-05-08,blog,,vs-motorola-server-recycling-in-kochi-kochi,4,leave_404,,"Legacy generated blog content, no meaningful traffic — do not recreate.",low,classification_source=rule
https://www.ewastekochi.com/blog/why-choose-laptop-buyback-in-ernakulam-ernakulam,/blog/why-choose-laptop-buyback-in-ernakulam-ernakulam,www.ewastekochi.com,/blog/why-choose-laptop-buyback-in-ernakulam-ernakulam,0,0,404,404,2026-05-08,blog,,why-choose-laptop-buyback-in-ernakulam-ernakulam,4,leave_404,,"Legacy generated blog content, no meaningful traffic — do not recreate.",low,classification_source=rule
https://www.ewastekochi.com/blogs/government-rules/how-to-verify-a-kspcb-authorized-recycler-in-kalamassery-kochi,/blogs/government-rules/how-to-verify-a-kspcb-authorized-recycler-in-kalamassery-kochi,www.ewastekochi.com,/blogs/government-rules/how-to-verify-a-kspcb-authorized-recycler-in-kalamassery-kochi,0,0,404,404,2026-05-08,blogs-taxonomy-legacy,,how-to-verify-a-kspcb-authorized-recycler-in-kalamassery-kochi,4,leave_404,,"Legacy generated blog content, no meaningful traffic — do not recreate.",low,classification_source=rule
https://www.ewastekochi.com/blogs/scrap-electronics/working-vs-broken-device-value-in-kalamassery-kochi-what-gets-a-better-quote,/blogs/scrap-electronics/working-vs-broken-device-value-in-kalamassery-kochi-what-gets-a-better-quote,www.ewastekochi.com,/blogs/scrap-electronics/working-vs-broken-device-value-in-kalamassery-kochi-what-gets-a-better-quote,0,0,404,404,2026-05-08,blogs-taxonomy-legacy,,working-vs-broken-device-value-in-kalamassery-kochi-what-gets-a-better-quote,4,leave_404,,"Legacy generated blog content, no meaningful traffic — do not recreate.",low,classification_source=rule
https://www.ewastekochi.com/blogs/battery-recycling/how-to-store-batteries-before-pickup-in-kollam,/blogs/battery-recycling/how-to-store-batteries-before-pickup-in-kollam,www.ewastekochi.com,/blogs/battery-recycling/how-to-store-batteries-before-pickup-in-kollam,0,0,404,404,2026-05-08,blogs-taxonomy-legacy,,how-to-store-batteries-before-pickup-in-kollam,4,leave_404,,"Legacy generated blog content, no meaningful traffic — do not recreate.",low,classification_source=rule
https://www.ewastekochi.com/blogs/data-destruction/server-drive-sanitization-in-thrippunithura-kochi-for-itad-projects,/blogs/data-destruction/server-drive-sanitization-in-thrippunithura-kochi-for-itad-projects,www.ewastekochi.com,/blogs/data-destruction/server-drive-sanitization-in-thrippunithura-kochi-for-itad-projects,0,0,404,404,2026-05-08,blogs-taxonomy-legacy,,server-drive-sanitization-in-thrippunithura-kochi-for-itad-projects,4,leave_404,,"Legacy generated blog content, no meaningful traffic — do not recreate.",low,classification_source=rule
https://www.ewastekochi.com/blogs/data-destruction/nist-800-88-wiping-in-kollam-what-it-covers-and-what-it-does-not,/blogs/data-destruction/nist-800-88-wiping-in-kollam-what-it-covers-and-what-it-does-not,www.ewastekochi.com,/blogs/data-destruction/nist-800-88-wiping-in-kollam-what-it-covers-and-what-it-does-not,0,0,404,404,2026-05-08,blogs-taxonomy-legacy,,nist-800-88-wiping-in-kollam-what-it-covers-and-what-it-does-not,4,leave_404,,"Legacy generated blog content, no meaningful traffic — do not recreate.",low,classification_source=rule
https://www.ewastekochi.com/ml/services/computer-recycling,/ml/services/computer-recycling,www.ewastekochi.com,/ml/services/computer-recycling,0,0,404,404,2026-05-08,other-legacy-service,,computer-recycling,4,leave_404,,No meaningful traffic.,low,classification_source=rule
https://www.ewastekochi.com/blog/e-waste-laws-in-ernakulam-complete-guide-ernakulam-4-4,/blog/e-waste-laws-in-ernakulam-complete-guide-ernakulam-4-4,www.ewastekochi.com,/blog/e-waste-laws-in-ernakulam-complete-guide-ernakulam-4-4,0,0,404,404,2026-05-08,blog,,e-waste-laws-in-ernakulam-complete-guide-ernakulam-4-4,4,leave_404,,"Legacy generated blog content, no meaningful traffic — do not recreate.",low,classification_source=rule
https://www.ewastekochi.com/blog/laptop-buyback-for-businesses-in-vyttila-vyttila,/blog/laptop-buyback-for-businesses-in-vyttila-vyttila,www.ewastekochi.com,/blog/laptop-buyback-for-businesses-in-vyttila-vyttila,0,0,404,404,2026-05-08,blog,,laptop-buyback-for-businesses-in-vyttila-vyttila,4,leave_404,,"Legacy generated blog content, no meaningful traffic — do not recreate.",low,classification_source=rule
https://www.ewastekochi.com/blog/compliance-guide-for-battery-recycling-in-north-paravur-north-paravur,/blog/compliance-guide-for-battery-recycling-in-north-paravur-north-paravur,www.ewastekochi.com,/blog/compliance-guide-for-battery-recycling-in-north-paravur-north-paravur,0,0,404,404,2026-05-08,blog,,compliance-guide-for-battery-recycling-in-north-paravur-north-paravur,4,leave_404,,"Legacy generated blog content, no meaningful traffic — do not recreate.",low,classification_source=rule
https://www.ewastekochi.com/blog/corporate-it-asset-disposition-vyttila,/blog/corporate-it-asset-disposition-vyttila,www.ewastekochi.com,/blog/corporate-it-asset-disposition-vyttila,0,0,404,404,2026-05-08,blog,,corporate-it-asset-disposition-vyttila,4,leave_404,,"Legacy generated blog content, no meaningful traffic — do not recreate.",low,classification_source=rule
https://www.ewastekochi.com/blog/how-to-laptop-buyback-in-vyttila-4,/blog/how-to-laptop-buyback-in-vyttila-4,www.ewastekochi.com,/blog/how-to-laptop-buyback-in-vyttila-4,0,0,404,404,2026-05-08,blog,,how-to-laptop-buyback-in-vyttila-4,4,leave_404,,"Legacy generated blog content, no meaningful traffic — do not recreate.",low,classification_source=rule
https://www.ewastekochi.com/blog/legal-requirements-for-data-destruction-in-vyttila-vyttila,/blog/legal-requirements-for-data-destruction-in-vyttila-vyttila,www.ewastekochi.com,/blog/legal-requirements-for-data-destruction-in-vyttila-vyttila,0,0,404,404,2026-05-08,blog,,legal-requirements-for-data-destruction-in-vyttila-vyttila,4,leave_404,,"Legacy generated blog content, no meaningful traffic — do not recreate.",low,classification_source=rule
https://www.ewastekochi.com/blog/seasonal-cable-recycling-guide-for-thrippunithura-thrippunithura,/blog/seasonal-cable-recycling-guide-for-thrippunithura-thrippunithura,www.ewastekochi.com,/blog/seasonal-cable-recycling-guide-for-thrippunithura-thrippunithura,0,0,404,404,2026-05-08,blog,,seasonal-cable-recycling-guide-for-thrippunithura-thrippunithura,4,leave_404,,"Legacy generated blog content, no meaningful traffic — do not recreate.",low,classification_source=rule
https://www.ewastekochi.com/blog/archive-2025,/blog/archive-2025,www.ewastekochi.com,/blog/archive-2025,0,0,404,404,2026-05-08,blog,,archive-2025,4,leave_404,,"Legacy generated blog content, no meaningful traffic — do not recreate.",low,classification_source=rule
https://www.ewastekochi.com/blog/enterprise-monitor-recycling-angamaly,/blog/enterprise-monitor-recycling-angamaly,www.ewastekochi.com,/blog/enterprise-monitor-recycling-angamaly,0,0,404,404,2026-05-08,blog,,enterprise-monitor-recycling-angamaly,4,leave_404,,"Legacy generated blog content, no meaningful traffic — do not recreate.",low,classification_source=rule
https://www.ewastekochi.com/blog/server-recycling-trends-in-kakkanad-2026-kakkanad,/blog/server-recycling-trends-in-kakkanad-2026-kakkanad,www.ewastekochi.com,/blog/server-recycling-trends-in-kakkanad-2026-kakkanad,0,0,404,404,2026-05-08,blog,,server-recycling-trends-in-kakkanad-2026-kakkanad,4,leave_404,,"Legacy generated blog content, no meaningful traffic — do not recreate.",low,classification_source=rule
https://www.ewastekochi.com/blog/complete-guide-to-monitor-recycling-angamaly,/blog/complete-guide-to-monitor-recycling-angamaly,www.ewastekochi.com,/blog/complete-guide-to-monitor-recycling-angamaly,0,0,404,404,2026-05-08,blog,,complete-guide-to-monitor-recycling-angamaly,4,leave_404,,"Legacy generated blog content, no meaningful traffic — do not recreate.",low,classification_source=rule
https://www.ewastekochi.com/blog/server-recycling-process-in-edappally-step-by-step-edappally-1,/blog/server-recycling-process-in-edappally-step-by-step-edappally-1,www.ewastekochi.com,/blog/server-recycling-process-in-edappally-step-by-step-edappally-1,0,0,404,404,2026-05-08,blog,,server-recycling-process-in-edappally-step-by-step-edappally-1,4,leave_404,,"Legacy generated blog content, no meaningful traffic — do not recreate.",low,classification_source=rule
https://www.ewastekochi.com/blog/troubleshooting-monitor-recycling-in-edappally-edappally,/blog/troubleshooting-monitor-recycling-in-edappally-edappally,www.ewastekochi.com,/blog/troubleshooting-monitor-recycling-in-edappally-edappally,0,0,404,404,2026-05-08,blog,,troubleshooting-monitor-recycling-in-edappally-edappally,4,leave_404,,"Legacy generated blog content, no meaningful traffic — do not recreate.",low,classification_source=rule
https://www.ewastekochi.com/blog/troubleshooting-e-waste-collection-in-north-paravur-north-paravur,/blog/troubleshooting-e-waste-collection-in-north-paravur-north-paravur,www.ewastekochi.com,/blog/troubleshooting-e-waste-collection-in-north-paravur-north-paravur,0,0,404,404,2026-05-08,blog,,troubleshooting-e-waste-collection-in-north-paravur-north-paravur,4,leave_404,,"Legacy generated blog content, no meaningful traffic — do not recreate.",low,classification_source=rule
https://www.ewastekochi.com/blog/complete-guide-to-battery-recycling-in-kochi-kochi,/blog/complete-guide-to-battery-recycling-in-kochi-kochi,www.ewastekochi.com,/blog/complete-guide-to-battery-recycling-in-kochi-kochi,0,0,404,404,2026-05-08,blog,,complete-guide-to-battery-recycling-in-kochi-kochi,4,leave_404,,"Legacy generated blog content, no meaningful traffic — do not recreate.",low,classification_source=rule
https://www.ewastekochi.com/blog/e-waste-laws-in-kakkanad-complete-guide-kakkanad,/blog/e-waste-laws-in-kakkanad-complete-guide-kakkanad,www.ewastekochi.com,/blog/e-waste-laws-in-kakkanad-complete-guide-kakkanad,0,0,404,404,2026-05-08,blog,,e-waste-laws-in-kakkanad-complete-guide-kakkanad,4,leave_404,,"Legacy generated blog content, no meaningful traffic — do not recreate.",low,classification_source=rule
https://www.ewastekochi.com/blog/laptop-buyback-price-guide-for-edappally-edappally,/blog/laptop-buyback-price-guide-for-edappally-edappally,www.ewastekochi.com,/blog/laptop-buyback-price-guide-for-edappally-edappally,0,0,404,404,2026-05-08,blog,,laptop-buyback-price-guide-for-edappally-edappally,4,leave_404,,"Legacy generated blog content, no meaningful traffic — do not recreate.",low,classification_source=rule
https://www.ewastekochi.com/blog/phone-buyback-comparison-kakkanad,/blog/phone-buyback-comparison-kakkanad,www.ewastekochi.com,/blog/phone-buyback-comparison-kakkanad,0,0,404,404,2026-05-08,blog,,phone-buyback-comparison-kakkanad,4,leave_404,,"Legacy generated blog content, no meaningful traffic — do not recreate.",low,classification_source=rule
https://www.ewastekochi.com/blog/best-phone-buyback-providers-in-kalamassery-comparison-kalamassery,/blog/best-phone-buyback-providers-in-kalamassery-comparison-kalamassery,www.ewastekochi.com,/blog/best-phone-buyback-providers-in-kalamassery-comparison-kalamassery,0,0,404,404,2026-05-08,blog,,best-phone-buyback-providers-in-kalamassery-comparison-kalamassery,4,leave_404,,"Legacy generated blog content, no meaningful traffic — do not recreate.",low,classification_source=rule
https://www.ewastekochi.com/blog/e-waste-laws-in-angamaly-complete-guide-angamaly-5-5,/blog/e-waste-laws-in-angamaly-complete-guide-angamaly-5-5,www.ewastekochi.com,/blog/e-waste-laws-in-angamaly-complete-guide-angamaly-5-5,0,0,404,404,2026-05-08,blog,,e-waste-laws-in-angamaly-complete-guide-angamaly-5-5,4,leave_404,,"Legacy generated blog content, no meaningful traffic — do not recreate.",low,classification_source=rule
https://www.ewastekochi.com/blog/it-asset-disposition-options-in-edappally-which-to-choose-edappally,/blog/it-asset-disposition-options-in-edappally-which-to-choose-edappally,www.ewastekochi.com,/blog/it-asset-disposition-options-in-edappally-which-to-choose-edappally,0,0,404,404,2026-05-08,blog,,it-asset-disposition-options-in-edappally-which-to-choose-edappally,4,leave_404,,"Legacy generated blog content, no meaningful traffic — do not recreate.",low,classification_source=rule
https://www.ewastekochi.com/blog/complete-guide-to-laptop-buyback-in-kochi-3,/blog/complete-guide-to-laptop-buyback-in-kochi-3,www.ewastekochi.com,/blog/complete-guide-to-laptop-buyback-in-kochi-3,0,0,404,404,2026-05-08,blog,,complete-guide-to-laptop-buyback-in-kochi-3,4,leave_404,,"Legacy generated blog content, no meaningful traffic — do not recreate.",low,classification_source=rule
https://www.ewastekochi.com/blog/compliance-guide-for-laptop-buyback-in-ernakulam-ernakulam,/blog/compliance-guide-for-laptop-buyback-in-ernakulam-ernakulam,www.ewastekochi.com,/blog/compliance-guide-for-laptop-buyback-in-ernakulam-ernakulam,0,0,404,404,2026-05-08,blog,,compliance-guide-for-laptop-buyback-in-ernakulam-ernakulam,4,leave_404,,"Legacy generated blog content, no meaningful traffic — do not recreate.",low,classification_source=rule
https://www.ewastekochi.com/blog/monitor-recycling-during-spring-angamaly,/blog/monitor-recycling-during-spring-angamaly,www.ewastekochi.com,/blog/monitor-recycling-during-spring-angamaly,0,0,404,404,2026-05-08,blog,,monitor-recycling-during-spring-angamaly,4,leave_404,,"Legacy generated blog content, no meaningful traffic — do not recreate.",low,classification_source=rule
https://www.ewastekochi.com/blog/benefits-of-laptop-buyback-in-north-paravur,/blog/benefits-of-laptop-buyback-in-north-paravur,www.ewastekochi.com,/blog/benefits-of-laptop-buyback-in-north-paravur,0,0,404,404,2026-05-08,blog,,benefits-of-laptop-buyback-in-north-paravur,4,leave_404,,"Legacy generated blog content, no meaningful traffic — do not recreate.",low,classification_source=rule
https://www.ewastekochi.com/blog/topic-comparison,/blog/topic-comparison,www.ewastekochi.com,/blog/topic-comparison,0,0,404,404,2026-05-08,blog,,topic-comparison,4,leave_404,,"Legacy generated blog content, no meaningful traffic — do not recreate.",low,classification_source=rule
https://www.ewastekochi.com/blog/e-waste-laws-in-edappally-complete-guide-edappally-3-3,/blog/e-waste-laws-in-edappally-complete-guide-edappally-3-3,www.ewastekochi.com,/blog/e-waste-laws-in-edappally-complete-guide-edappally-3-3,0,0,404,404,2026-05-08,blog,,e-waste-laws-in-edappally-complete-guide-edappally-3-3,4,leave_404,,"Legacy generated blog content, no meaningful traffic — do not recreate.",low,classification_source=rule
https://www.ewastekochi.com/blog/b2b-monitor-recycling-services-in-ernakulam-ernakulam,/blog/b2b-monitor-recycling-services-in-ernakulam-ernakulam,www.ewastekochi.com,/blog/b2b-monitor-recycling-services-in-ernakulam-ernakulam,0,0,404,404,2026-05-08,blog,,b2b-monitor-recycling-services-in-ernakulam-ernakulam,4,leave_404,,"Legacy generated blog content, no meaningful traffic — do not recreate.",low,classification_source=rule
https://www.ewastekochi.com/blog/complete-guide-to-data-destruction-in-ernakulam-ernakulam,/blog/complete-guide-to-data-destruction-in-ernakulam-ernakulam,www.ewastekochi.com,/blog/complete-guide-to-data-destruction-in-ernakulam-ernakulam,0,0,404,404,2026-05-08,blog,,complete-guide-to-data-destruction-in-ernakulam-ernakulam,4,leave_404,,"Legacy generated blog content, no meaningful traffic — do not recreate.",low,classification_source=rule
https://www.ewastekochi.com/blog/legal-requirements-for-monitor-recycling-in-aluva-aluva,/blog/legal-requirements-for-monitor-recycling-in-aluva-aluva,www.ewastekochi.com,/blog/legal-requirements-for-monitor-recycling-in-aluva-aluva,0,0,404,404,2026-05-08,blog,,legal-requirements-for-monitor-recycling-in-aluva-aluva,4,leave_404,,"Legacy generated blog content, no meaningful traffic — do not recreate.",low,classification_source=rule
https://www.ewastekochi.com/blog/how-to-dispose-laptops-kochi,/blog/how-to-dispose-laptops-kochi,www.ewastekochi.com,/blog/how-to-dispose-laptops-kochi,0,0,404,404,2026-05-08,blog,,how-to-dispose-laptops-kochi,4,leave_404,,"Legacy generated blog content, no meaningful traffic — do not recreate.",low,classification_source=rule
https://www.ewastekochi.com/blog/b2b-monitor-recycling-services-in-angamaly-angamaly,/blog/b2b-monitor-recycling-services-in-angamaly-angamaly,www.ewastekochi.com,/blog/b2b-monitor-recycling-services-in-angamaly-angamaly,0,0,404,404,2026-05-08,blog,,b2b-monitor-recycling-services-in-angamaly-angamaly,4,leave_404,,"Legacy generated blog content, no meaningful traffic — do not recreate.",low,classification_source=rule
https://www.ewastekochi.com/blog/best-time-for-monitor-recycling-in-kalamassery-kalamassery,/blog/best-time-for-monitor-recycling-in-kalamassery-kalamassery,www.ewastekochi.com,/blog/best-time-for-monitor-recycling-in-kalamassery-kalamassery,0,0,404,404,2026-05-08,blog,,best-time-for-monitor-recycling-in-kalamassery-kalamassery,4,leave_404,,"Legacy generated blog content, no meaningful traffic — do not recreate.",low,classification_source=rule
https://www.ewastekochi.com/blog/monitor-recycling-during-winter-angamaly,/blog/monitor-recycling-during-winter-angamaly,www.ewastekochi.com,/blog/monitor-recycling-during-winter-angamaly,0,0,404,404,2026-05-08,blog,,monitor-recycling-during-winter-angamaly,4,leave_404,,"Legacy generated blog content, no meaningful traffic — do not recreate.",low,classification_source=rule
https://www.ewastekochi.com/blog/printer-recycling-for-businesses-in-kakkanad-kakkanad,/blog/printer-recycling-for-businesses-in-kakkanad-kakkanad,www.ewastekochi.com,/blog/printer-recycling-for-businesses-in-kakkanad-kakkanad,0,0,404,404,2026-05-08,blog,,printer-recycling-for-businesses-in-kakkanad-kakkanad,4,leave_404,,"Legacy generated blog content, no meaningful traffic — do not recreate.",low,classification_source=rule
https://www.ewastekochi.com/blogs/ewaste-laws/how-to-file-for-epr-registration-as-an-importer-in-edappally-kochi,/blogs/ewaste-laws/how-to-file-for-epr-registration-as-an-importer-in-edappally-kochi,www.ewastekochi.com,/blogs/ewaste-laws/how-to-file-for-epr-registration-as-an-importer-in-edappally-kochi,0,0,404,404,2026-05-08,blogs-taxonomy-legacy,,how-to-file-for-epr-registration-as-an-importer-in-edappally-kochi,4,leave_404,,"Legacy generated blog content, no meaningful traffic — do not recreate.",low,classification_source=rule
https://www.ewastekochi.com/blog/corporate-phone-buyback-solutions-in-edappally-edappally,/blog/corporate-phone-buyback-solutions-in-edappally-edappally,www.ewastekochi.com,/blog/corporate-phone-buyback-solutions-in-edappally-edappally,0,0,404,404,2026-05-08,blog,,corporate-phone-buyback-solutions-in-edappally-edappally,4,leave_404,,"Legacy generated blog content, no meaningful traffic — do not recreate.",low,classification_source=rule
https://www.ewastekochi.com/blog/vs-micromax-printer-recycling-in-vyttila-vyttila,/blog/vs-micromax-printer-recycling-in-vyttila-vyttila,www.ewastekochi.com,/blog/vs-micromax-printer-recycling-in-vyttila-vyttila,0,0,404,404,2026-05-08,blog,,vs-micromax-printer-recycling-in-vyttila-vyttila,4,leave_404,,"Legacy generated blog content, no meaningful traffic — do not recreate.",low,classification_source=rule
https://www.ewastekochi.com/blog/phone-buyback-pricing-guide-kochi-4,/blog/phone-buyback-pricing-guide-kochi-4,www.ewastekochi.com,/blog/phone-buyback-pricing-guide-kochi-4,0,0,404,404,2026-05-08,blog,,phone-buyback-pricing-guide-kochi-4,4,leave_404,,"Legacy generated blog content, no meaningful traffic — do not recreate.",low,classification_source=rule
https://www.ewastekochi.com/blog/b2b-e-waste-collection-services-in-angamaly-angamaly,/blog/b2b-e-waste-collection-services-in-angamaly-angamaly,www.ewastekochi.com,/blog/b2b-e-waste-collection-services-in-angamaly-angamaly,0,0,404,404,2026-05-08,blog,,b2b-e-waste-collection-services-in-angamaly-angamaly,4,leave_404,,"Legacy generated blog content, no meaningful traffic — do not recreate.",low,classification_source=rule
https://www.ewastekochi.com/locations/ewaste-682033,/locations/ewaste-682033,www.ewastekochi.com,/locations/ewaste-682033,0,0,404,404,2026-05-08,location-page,ewaste-682033,ewaste-682033,4,leave_404,,"Location page, no meaningful traffic.",low,classification_source=rule
https://www.ewastekochi.com/blog/data-destruction-options-in-north-paravur-which-to-choose-north-paravur,/blog/data-destruction-options-in-north-paravur-which-to-choose-north-paravur,www.ewastekochi.com,/blog/data-destruction-options-in-north-paravur-which-to-choose-north-paravur,0,0,404,404,2026-05-08,blog,,data-destruction-options-in-north-paravur-which-to-choose-north-paravur,4,leave_404,,"Legacy generated blog content, no meaningful traffic — do not recreate.",low,classification_source=rule
https://www.ewastekochi.com/business-it-decommissioning,/business-it-decommissioning,www.ewastekochi.com,/business-it-decommissioning,0,0,404,404,2026-05-08,other-legacy-service,,business-it-decommissioning,4,leave_404,,No meaningful traffic.,low,classification_source=rule
https://www.ewastekochi.com/blog/seasonal-server-recycling-guide-for-ernakulam-ernakulam,/blog/seasonal-server-recycling-guide-for-ernakulam-ernakulam,www.ewastekochi.com,/blog/seasonal-server-recycling-guide-for-ernakulam-ernakulam,0,0,404,404,2026-05-08,blog,,seasonal-server-recycling-guide-for-ernakulam-ernakulam,4,leave_404,,"Legacy generated blog content, no meaningful traffic — do not recreate.",low,classification_source=rule
https://www.ewastekochi.com/blogs/recycling/printer-recycling-in-vyttila-kochi-for-offices-schools-and-clinics,/blogs/recycling/printer-recycling-in-vyttila-kochi-for-offices-schools-and-clinics,www.ewastekochi.com,/blogs/recycling/printer-recycling-in-vyttila-kochi-for-offices-schools-and-clinics,0,0,404,404,2026-05-08,blogs-taxonomy-legacy,,printer-recycling-in-vyttila-kochi-for-offices-schools-and-clinics,4,leave_404,,"Legacy generated blog content, no meaningful traffic — do not recreate.",low,classification_source=rule
https://www.ewastekochi.com/blog/apple-vs-micromax-cable-recycling-in-edappally-edappally,/blog/apple-vs-micromax-cable-recycling-in-edappally-edappally,www.ewastekochi.com,/blog/apple-vs-micromax-cable-recycling-in-edappally-edappally,0,0,404,404,2026-05-08,blog,,apple-vs-micromax-cable-recycling-in-edappally-edappally,4,leave_404,,"Legacy generated blog content, no meaningful traffic — do not recreate.",low,classification_source=rule
https://www.ewastekochi.com/blog/best-way-to-server-recycle-in-angamaly-2026-angamaly,/blog/best-way-to-server-recycle-in-angamaly-2026-angamaly,www.ewastekochi.com,/blog/best-way-to-server-recycle-in-angamaly-2026-angamaly,0,0,404,404,2026-05-07,blog,,best-way-to-server-recycle-in-angamaly-2026-angamaly,4,leave_404,,"Legacy generated blog content, no meaningful traffic — do not recreate.",low,classification_source=rule
https://www.ewastekochi.com/blog/data-destruction-vs-data-wiping-in-thrippunithura-thrippunithura,/blog/data-destruction-vs-data-wiping-in-thrippunithura-thrippunithura,www.ewastekochi.com,/blog/data-destruction-vs-data-wiping-in-thrippunithura-thrippunithura,0,0,404,404,2026-05-07,blog,,data-destruction-vs-data-wiping-in-thrippunithura-thrippunithura,4,leave_404,,"Legacy generated blog content, no meaningful traffic — do not recreate.",low,classification_source=rule
https://www.ewastekochi.com/blog/why-choose-e-waste-collection-in-aluva-aluva-1,/blog/why-choose-e-waste-collection-in-aluva-aluva-1,www.ewastekochi.com,/blog/why-choose-e-waste-collection-in-aluva-aluva-1,0,0,404,404,2026-05-07,blog,,why-choose-e-waste-collection-in-aluva-aluva-1,4,leave_404,,"Legacy generated blog content, no meaningful traffic — do not recreate.",low,classification_source=rule
https://www.ewastekochi.com/blog/common-data-destruction-issues-in-kochi-kochi,/blog/common-data-destruction-issues-in-kochi-kochi,www.ewastekochi.com,/blog/common-data-destruction-issues-in-kochi-kochi,0,0,404,404,2026-05-07,blog,,common-data-destruction-issues-in-kochi-kochi,4,leave_404,,"Legacy generated blog content, no meaningful traffic — do not recreate.",low,classification_source=rule
https://www.ewastekochi.com/blog/legal-requirements-for-cable-recycling-in-angamaly-angamaly,/blog/legal-requirements-for-cable-recycling-in-angamaly-angamaly,www.ewastekochi.com,/blog/legal-requirements-for-cable-recycling-in-angamaly-angamaly,0,0,404,404,2026-05-07,blog,,legal-requirements-for-cable-recycling-in-angamaly-angamaly,4,leave_404,,"Legacy generated blog content, no meaningful traffic — do not recreate.",low,classification_source=rule
https://www.ewastekochi.com/blog/printer-recycling-during-summer-in-kalamassery-kalamassery,/blog/printer-recycling-during-summer-in-kalamassery-kalamassery,www.ewastekochi.com,/blog/printer-recycling-during-summer-in-kalamassery-kalamassery,0,0,404,404,2026-05-07,blog,,printer-recycling-during-summer-in-kalamassery-kalamassery,4,leave_404,,"Legacy generated blog content, no meaningful traffic — do not recreate.",low,classification_source=rule
https://www.ewastekochi.com/blog/e-waste-collection-vs-electronic-waste-pickup-in-kochi-kochi-1,/blog/e-waste-collection-vs-electronic-waste-pickup-in-kochi-kochi-1,www.ewastekochi.com,/blog/e-waste-collection-vs-electronic-waste-pickup-in-kochi-kochi-1,0,0,404,404,2026-05-07,blog,,e-waste-collection-vs-electronic-waste-pickup-in-kochi-kochi-1,4,leave_404,,"Legacy generated blog content, no meaningful traffic — do not recreate.",low,classification_source=rule
https://www.ewastekochi.com/blog/common-server-recycling-issues-in-edappally-edappally,/blog/common-server-recycling-issues-in-edappally-edappally,www.ewastekochi.com,/blog/common-server-recycling-issues-in-edappally-edappally,0,0,404,404,2026-05-07,blog,,common-server-recycling-issues-in-edappally-edappally,4,leave_404,,"Legacy generated blog content, no meaningful traffic — do not recreate.",low,classification_source=rule
https://www.ewastekochi.com/blog/benefits-of-laptop-buyback-in-aluva,/blog/benefits-of-laptop-buyback-in-aluva,www.ewastekochi.com,/blog/benefits-of-laptop-buyback-in-aluva,0,0,404,404,2026-05-07,blog,,benefits-of-laptop-buyback-in-aluva,4,leave_404,,"Legacy generated blog content, no meaningful traffic — do not recreate.",low,classification_source=rule
https://www.ewastekochi.com/blog/spring-data-destruction-in-ernakulam,/blog/spring-data-destruction-in-ernakulam,www.ewastekochi.com,/blog/spring-data-destruction-in-ernakulam,0,0,404,404,2026-05-07,blog,,spring-data-destruction-in-ernakulam,4,leave_404,,"Legacy generated blog content, no meaningful traffic — do not recreate.",low,classification_source=rule
https://www.ewastekochi.com/blog/phone-buyback-problems-in-edappally-solutions-edappally,/blog/phone-buyback-problems-in-edappally-solutions-edappally,www.ewastekochi.com,/blog/phone-buyback-problems-in-edappally-solutions-edappally,0,0,404,404,2026-05-07,blog,,phone-buyback-problems-in-edappally-solutions-edappally,4,leave_404,,"Legacy generated blog content, no meaningful traffic — do not recreate.",low,classification_source=rule
https://www.ewastekochi.com/blog/best-time-for-monitor-recycling-in-kakkanad-kakkanad,/blog/best-time-for-monitor-recycling-in-kakkanad-kakkanad,www.ewastekochi.com,/blog/best-time-for-monitor-recycling-in-kakkanad-kakkanad,0,0,404,404,2026-05-07,blog,,best-time-for-monitor-recycling-in-kakkanad-kakkanad,4,leave_404,,"Legacy generated blog content, no meaningful traffic — do not recreate.",low,classification_source=rule
https://www.ewastekochi.com/sell-old-electronics,/sell-old-electronics,www.ewastekochi.com,/sell-old-electronics,0,0,404,404,2026-05-07,other-legacy-service,,sell-old-electronics,4,leave_404,,No meaningful traffic.,low,classification_source=rule
https://www.ewastekochi.com/blog/compliance-guide-for-laptop-buyback-in-kakkanad-kakkanad,/blog/compliance-guide-for-laptop-buyback-in-kakkanad-kakkanad,www.ewastekochi.com,/blog/compliance-guide-for-laptop-buyback-in-kakkanad-kakkanad,0,0,404,404,2026-05-07,blog,,compliance-guide-for-laptop-buyback-in-kakkanad-kakkanad,4,leave_404,,"Legacy generated blog content, no meaningful traffic — do not recreate.",low,classification_source=rule
https://www.ewastekochi.com/blog/printer-recycling-price-guide-for-edappally-edappally,/blog/printer-recycling-price-guide-for-edappally-edappally,www.ewastekochi.com,/blog/printer-recycling-price-guide-for-edappally-edappally,0,0,404,404,2026-05-07,blog,,printer-recycling-price-guide-for-edappally-edappally,4,leave_404,,"Legacy generated blog content, no meaningful traffic — do not recreate.",low,classification_source=rule
https://www.ewastekochi.com/blogs/recycling/printer-recycling-in-kakkanad-kochi-for-offices-schools-and-clinics,/blogs/recycling/printer-recycling-in-kakkanad-kochi-for-offices-schools-and-clinics,www.ewastekochi.com,/blogs/recycling/printer-recycling-in-kakkanad-kochi-for-offices-schools-and-clinics,0,0,404,404,2026-05-07,blogs-taxonomy-legacy,,printer-recycling-in-kakkanad-kochi-for-offices-schools-and-clinics,4,leave_404,,"Legacy generated blog content, no meaningful traffic — do not recreate.",low,classification_source=rule
https://www.ewastekochi.com/blog/why-choose-e-waste-collection-in-aluva-aluva,/blog/why-choose-e-waste-collection-in-aluva-aluva,www.ewastekochi.com,/blog/why-choose-e-waste-collection-in-aluva-aluva,0,0,404,404,2026-05-07,blog,,why-choose-e-waste-collection-in-aluva-aluva,4,leave_404,,"Legacy generated blog content, no meaningful traffic — do not recreate.",low,classification_source=rule
https://www.ewastekochi.com/blog/price-guide-for-phone-buyback-edappally,/blog/price-guide-for-phone-buyback-edappally,www.ewastekochi.com,/blog/price-guide-for-phone-buyback-edappally,0,0,404,404,2026-05-07,blog,,price-guide-for-phone-buyback-edappally,4,leave_404,,"Legacy generated blog content, no meaningful traffic — do not recreate.",low,classification_source=rule
https://www.ewastekochi.com/blog/best-way-to-data-destruction-in-north-paravur-2026,/blog/best-way-to-data-destruction-in-north-paravur-2026,www.ewastekochi.com,/blog/best-way-to-data-destruction-in-north-paravur-2026,0,0,404,404,2026-05-07,blog,,best-way-to-data-destruction-in-north-paravur-2026,4,leave_404,,"Legacy generated blog content, no meaningful traffic — do not recreate.",low,classification_source=rule
https://www.ewastekochi.com/blog/how-to-server-recycling-in-north-paravur,/blog/how-to-server-recycling-in-north-paravur,www.ewastekochi.com,/blog/how-to-server-recycling-in-north-paravur,0,0,404,404,2026-05-07,blog,,how-to-server-recycling-in-north-paravur,4,leave_404,,"Legacy generated blog content, no meaningful traffic — do not recreate.",low,classification_source=rule
https://www.ewastekochi.com/blogs/data-destruction/certificate-of-destruction-in-kottayam-what-auditors-expect-to-see,/blogs/data-destruction/certificate-of-destruction-in-kottayam-what-auditors-expect-to-see,www.ewastekochi.com,/blogs/data-destruction/certificate-of-destruction-in-kottayam-what-auditors-expect-to-see,0,0,404,404,2026-05-07,blogs-taxonomy-legacy,,certificate-of-destruction-in-kottayam-what-auditors-expect-to-see,4,leave_404,,"Legacy generated blog content, no meaningful traffic — do not recreate.",low,classification_source=rule
https://www.ewastekochi.com/blogs/data-destruction/laptop-data-wipe-in-kalamassery-kochi-before-buyback-or-recycling,/blogs/data-destruction/laptop-data-wipe-in-kalamassery-kochi-before-buyback-or-recycling,www.ewastekochi.com,/blogs/data-destruction/laptop-data-wipe-in-kalamassery-kochi-before-buyback-or-recycling,0,0,404,404,2026-05-07,blogs-taxonomy-legacy,,laptop-data-wipe-in-kalamassery-kochi-before-buyback-or-recycling,4,leave_404,,"Legacy generated blog content, no meaningful traffic — do not recreate.",low,classification_source=rule
https://www.ewastekochi.com/blogs/environmental-impact/sustainable-office-clean-outs-in-kollam-esg-friendly-disposal-moves,/blogs/environmental-impact/sustainable-office-clean-outs-in-kollam-esg-friendly-disposal-moves,www.ewastekochi.com,/blogs/environmental-impact/sustainable-office-clean-outs-in-kollam-esg-friendly-disposal-moves,0,0,404,404,2026-05-07,blogs-taxonomy-legacy,,sustainable-office-clean-outs-in-kollam-esg-friendly-disposal-moves,4,leave_404,,"Legacy generated blog content, no meaningful traffic — do not recreate.",low,classification_source=rule
https://www.ewastekochi.com/blogs/government-rules/school-and-hospital-e-waste-compliance-in-thiruvananthapuram,/blogs/government-rules/school-and-hospital-e-waste-compliance-in-thiruvananthapuram,www.ewastekochi.com,/blogs/government-rules/school-and-hospital-e-waste-compliance-in-thiruvananthapuram,0,0,404,404,2026-05-07,blogs-taxonomy-legacy,,school-and-hospital-e-waste-compliance-in-thiruvananthapuram,4,leave_404,,"Legacy generated blog content, no meaningful traffic — do not recreate.",low,classification_source=rule
https://www.ewastekochi.com/blogs/government-rules/how-disposal-mistakes-create-data-breach-risk-in-thrippunithura-kochi,/blogs/government-rules/how-disposal-mistakes-create-data-breach-risk-in-thrippunithura-kochi,www.ewastekochi.com,/blogs/government-rules/how-disposal-mistakes-create-data-breach-risk-in-thrippunithura-kochi,0,0,404,404,2026-05-07,blogs-taxonomy-legacy,,how-disposal-mistakes-create-data-breach-risk-in-thrippunithura-kochi,4,leave_404,,"Legacy generated blog content, no meaningful traffic — do not recreate.",low,classification_source=rule
https://www.ewastekochi.com/blogs/scrap-electronics/network-equipment-scrap-in-kottayam-switches-routers-firewalls,/blogs/scrap-electronics/network-equipment-scrap-in-kottayam-switches-routers-firewalls,www.ewastekochi.com,/blogs/scrap-electronics/network-equipment-scrap-in-kottayam-switches-routers-firewalls,0,0,404,404,2026-05-07,blogs-taxonomy-legacy,,network-equipment-scrap-in-kottayam-switches-routers-firewalls,4,leave_404,,"Legacy generated blog content, no meaningful traffic — do not recreate.",low,classification_source=rule
https://www.ewastekochi.com/blog/complete-guide-to-printer-recycling-in-vyttila-vyttila,/blog/complete-guide-to-printer-recycling-in-vyttila-vyttila,www.ewastekochi.com,/blog/complete-guide-to-printer-recycling-in-vyttila-vyttila,0,0,404,404,2026-05-07,blog,,complete-guide-to-printer-recycling-in-vyttila-vyttila,4,leave_404,,"Legacy generated blog content, no meaningful traffic — do not recreate.",low,classification_source=rule
https://www.ewastekochi.com/blog/common-monitor-recycling-issues-in-kalamassery-kalamassery,/blog/common-monitor-recycling-issues-in-kalamassery-kalamassery,www.ewastekochi.com,/blog/common-monitor-recycling-issues-in-kalamassery-kalamassery,0,0,404,404,2026-05-07,blog,,common-monitor-recycling-issues-in-kalamassery-kalamassery,4,leave_404,,"Legacy generated blog content, no meaningful traffic — do not recreate.",low,classification_source=rule
https://www.ewastekochi.com/blog/kspcb-regulations-for-e-waste-collection-in-aluva-aluva,/blog/kspcb-regulations-for-e-waste-collection-in-aluva-aluva,www.ewastekochi.com,/blog/kspcb-regulations-for-e-waste-collection-in-aluva-aluva,0,0,404,404,2026-05-07,blog,,kspcb-regulations-for-e-waste-collection-in-aluva-aluva,4,leave_404,,"Legacy generated blog content, no meaningful traffic — do not recreate.",low,classification_source=rule
https://www.ewastekochi.com/blog/monitor-recycling-vs-screen-recycling-in-aluva-aluva,/blog/monitor-recycling-vs-screen-recycling-in-aluva-aluva,www.ewastekochi.com,/blog/monitor-recycling-vs-screen-recycling-in-aluva-aluva,0,0,404,404,2026-05-07,blog,,monitor-recycling-vs-screen-recycling-in-aluva-aluva,4,leave_404,,"Legacy generated blog content, no meaningful traffic — do not recreate.",low,classification_source=rule
https://www.ewastekochi.com/blog/e-waste-collection-options-in-north-paravur-which-to-choose-north-paravur,/blog/e-waste-collection-options-in-north-paravur-which-to-choose-north-paravur,www.ewastekochi.com,/blog/e-waste-collection-options-in-north-paravur-which-to-choose-north-paravur,0,0,404,404,2026-05-07,blog,,e-waste-collection-options-in-north-paravur-which-to-choose-north-paravur,4,leave_404,,"Legacy generated blog content, no meaningful traffic — do not recreate.",low,classification_source=rule
https://www.ewastekochi.com/blog/enterprise-it-asset-disposition-in-aluva-aluva,/blog/enterprise-it-asset-disposition-in-aluva-aluva,www.ewastekochi.com,/blog/enterprise-it-asset-disposition-in-aluva-aluva,0,0,404,404,2026-05-07,blog,,enterprise-it-asset-disposition-in-aluva-aluva,4,leave_404,,"Legacy generated blog content, no meaningful traffic — do not recreate.",low,classification_source=rule
https://www.ewastekochi.com/battery-recycling-near-me,/battery-recycling-near-me,www.ewastekochi.com,/battery-recycling-near-me,0,0,404,404,2026-05-07,other-legacy-service,,battery-recycling-near-me,4,leave_404,,No meaningful traffic.,low,classification_source=rule
https://www.ewastekochi.com/blogs/itad-process/a-guide-to-itad-chain-of-custody-documentation-for-edappally-kochi-firms,/blogs/itad-process/a-guide-to-itad-chain-of-custody-documentation-for-edappally-kochi-firms,www.ewastekochi.com,/blogs/itad-process/a-guide-to-itad-chain-of-custody-documentation-for-edappally-kochi-firms,0,0,404,404,2026-05-07,blogs-taxonomy-legacy,,a-guide-to-itad-chain-of-custody-documentation-for-edappally-kochi-firms,4,leave_404,,"Legacy generated blog content, no meaningful traffic — do not recreate.",low,classification_source=rule
https://www.ewastekochi.com/blogs/data-destruction/dpdp-ready-data-destruction-evidence-in-vyttila-kochi,/blogs/data-destruction/dpdp-ready-data-destruction-evidence-in-vyttila-kochi,www.ewastekochi.com,/blogs/data-destruction/dpdp-ready-data-destruction-evidence-in-vyttila-kochi,0,0,404,404,2026-05-07,blogs-taxonomy-legacy,,dpdp-ready-data-destruction-evidence-in-vyttila-kochi,4,leave_404,,"Legacy generated blog content, no meaningful traffic — do not recreate.",low,classification_source=rule
https://www.ewastekochi.com/blogs/mobile-recycling/residential-phone-drop-off-in-edappally-kochi-what-to-bring-and-what-to-avoid,/blogs/mobile-recycling/residential-phone-drop-off-in-edappally-kochi-what-to-bring-and-what-to-avoid,www.ewastekochi.com,/blogs/mobile-recycling/residential-phone-drop-off-in-edappally-kochi-what-to-bring-and-what-to-avoid,0,0,404,404,2026-05-07,blogs-taxonomy-legacy,,residential-phone-drop-off-in-edappally-kochi-what-to-bring-and-what-to-avoid,4,leave_404,,"Legacy generated blog content, no meaningful traffic — do not recreate.",low,classification_source=rule
https://www.ewastekochi.com/hi/services/network-equipment-disposal-kochi,/hi/services/network-equipment-disposal-kochi,www.ewastekochi.com,/hi/services/network-equipment-disposal-kochi,0,0,404,404,2026-05-07,hindi,,network-equipment-disposal-kochi,4,manual_review,,/hi/ Hindi pages — open scope question since Phase 2B (never confirmed as intentional multi-language scope; only Malayalam was ever briefed). Not auto-decided here.,low,classification_source=rule
https://www.ewastekochi.com/blog/how-to-it-asset-disposition-in-kochi-kochi-1,/blog/how-to-it-asset-disposition-in-kochi-kochi-1,www.ewastekochi.com,/blog/how-to-it-asset-disposition-in-kochi-kochi-1,0,0,404,404,2026-05-07,blog,,how-to-it-asset-disposition-in-kochi-kochi-1,4,leave_404,,"Legacy generated blog content, no meaningful traffic — do not recreate.",low,classification_source=rule
https://www.ewastekochi.com/blogs/recycling/printer-recycling-in-thiruvananthapuram-for-offices-schools-and-clinics,/blogs/recycling/printer-recycling-in-thiruvananthapuram-for-offices-schools-and-clinics,www.ewastekochi.com,/blogs/recycling/printer-recycling-in-thiruvananthapuram-for-offices-schools-and-clinics,0,0,404,404,2026-05-07,blogs-taxonomy-legacy,,printer-recycling-in-thiruvananthapuram-for-offices-schools-and-clinics,4,leave_404,,"Legacy generated blog content, no meaningful traffic — do not recreate.",low,classification_source=rule
https://www.ewastekochi.com/blog/e-waste-laws-in-kalamassery-complete-guide-kalamassery,/blog/e-waste-laws-in-kalamassery-complete-guide-kalamassery,www.ewastekochi.com,/blog/e-waste-laws-in-kalamassery-complete-guide-kalamassery,0,0,404,404,2026-05-07,blog,,e-waste-laws-in-kalamassery-complete-guide-kalamassery,4,leave_404,,"Legacy generated blog content, no meaningful traffic — do not recreate.",low,classification_source=rule
https://www.ewastekochi.com/index-enhanced,/index-enhanced,www.ewastekochi.com,/index-enhanced,0,0,404,404,2026-05-07,other-legacy-service,,index-enhanced,4,leave_404,,No meaningful traffic.,low,classification_source=rule
https://www.ewastekochi.com/blogs/corporate-itad/employee-device-refresh-workflow-in-kozhikode-pickup-wipe-recover,/blogs/corporate-itad/employee-device-refresh-workflow-in-kozhikode-pickup-wipe-recover,www.ewastekochi.com,/blogs/corporate-itad/employee-device-refresh-workflow-in-kozhikode-pickup-wipe-recover,0,0,404,404,2026-05-07,blogs-taxonomy-legacy,,employee-device-refresh-workflow-in-kozhikode-pickup-wipe-recover,4,leave_404,,"Legacy generated blog content, no meaningful traffic — do not recreate.",low,classification_source=rule
https://www.ewastekochi.com/blogs/data-destruction/why-formatting-is-not-enough-before-disposal-in-kottayam,/blogs/data-destruction/why-formatting-is-not-enough-before-disposal-in-kottayam,www.ewastekochi.com,/blogs/data-destruction/why-formatting-is-not-enough-before-disposal-in-kottayam,0,0,404,404,2026-05-06,blogs-taxonomy-legacy,,why-formatting-is-not-enough-before-disposal-in-kottayam,4,leave_404,,"Legacy generated blog content, no meaningful traffic — do not recreate.",low,classification_source=rule
https://www.ewastekochi.com/blogs/scrap-electronics/server-scrap-buyers-in-vyttila-kochi-recovering-more-from-old-racks,/blogs/scrap-electronics/server-scrap-buyers-in-vyttila-kochi-recovering-more-from-old-racks,www.ewastekochi.com,/blogs/scrap-electronics/server-scrap-buyers-in-vyttila-kochi-recovering-more-from-old-racks,0,0,404,404,2026-05-06,blogs-taxonomy-legacy,,server-scrap-buyers-in-vyttila-kochi-recovering-more-from-old-racks,4,leave_404,,"Legacy generated blog content, no meaningful traffic — do not recreate.",low,classification_source=rule
https://www.ewastekochi.com/blogs/data-destruction/nist-800-88-wiping-in-thiruvananthapuram-what-it-covers-and-what-it-does-not,/blogs/data-destruction/nist-800-88-wiping-in-thiruvananthapuram-what-it-covers-and-what-it-does-not,www.ewastekochi.com,/blogs/data-destruction/nist-800-88-wiping-in-thiruvananthapuram-what-it-covers-and-what-it-does-not,0,3,404|crawled_not_indexed,404|crawled_not_indexed,2026-05-06,blogs-taxonomy-legacy,,nist-800-88-wiping-in-thiruvananthapuram-what-it-covers-and-what-it-does-not,3,leave_404,,"Legacy generated blog content, no meaningful traffic — do not recreate.",low,classification_source=rule
https://www.ewastekochi.com/blog/cable-recycling-vs-wire-recycling-in-kakkanad-kakkanad,/blog/cable-recycling-vs-wire-recycling-in-kakkanad-kakkanad,www.ewastekochi.com,/blog/cable-recycling-vs-wire-recycling-in-kakkanad-kakkanad,0,0,404,404,2026-05-06,blog,,cable-recycling-vs-wire-recycling-in-kakkanad-kakkanad,4,leave_404,,"Legacy generated blog content, no meaningful traffic — do not recreate.",low,classification_source=rule
https://www.ewastekochi.com/blog/best-time-for-laptop-buyback-in-edappally-edappally,/blog/best-time-for-laptop-buyback-in-edappally-edappally,www.ewastekochi.com,/blog/best-time-for-laptop-buyback-in-edappally-edappally,0,0,404,404,2026-05-06,blog,,best-time-for-laptop-buyback-in-edappally-edappally,4,leave_404,,"Legacy generated blog content, no meaningful traffic — do not recreate.",low,classification_source=rule
https://www.ewastekochi.com/blog/battery-recycling-problems-in-edappally-solutions-edappally,/blog/battery-recycling-problems-in-edappally-solutions-edappally,www.ewastekochi.com,/blog/battery-recycling-problems-in-edappally-solutions-edappally,0,0,404,404,2026-05-06,blog,,battery-recycling-problems-in-edappally-solutions-edappally,4,leave_404,,"Legacy generated blog content, no meaningful traffic — do not recreate.",low,classification_source=rule
https://www.ewastekochi.com/blog/best-time-for-server-recycling-in-kakkanad-kakkanad,/blog/best-time-for-server-recycling-in-kakkanad-kakkanad,www.ewastekochi.com,/blog/best-time-for-server-recycling-in-kakkanad-kakkanad,0,0,404,404,2026-05-06,blog,,best-time-for-server-recycling-in-kakkanad-kakkanad,4,leave_404,,"Legacy generated blog content, no meaningful traffic — do not recreate.",low,classification_source=rule
https://www.ewastekochi.com/blog/benefits-of-cable-recycling-in-north-paravur,/blog/benefits-of-cable-recycling-in-north-paravur,www.ewastekochi.com,/blog/benefits-of-cable-recycling-in-north-paravur,0,0,404,404,2026-05-06,blog,,benefits-of-cable-recycling-in-north-paravur,4,leave_404,,"Legacy generated blog content, no meaningful traffic — do not recreate.",low,classification_source=rule
https://www.ewastekochi.com/blog/battery-recycling-during-summer-in-north-paravur-north-paravur,/blog/battery-recycling-during-summer-in-north-paravur-north-paravur,www.ewastekochi.com,/blog/battery-recycling-during-summer-in-north-paravur-north-paravur,0,0,404,404,2026-05-06,blog,,battery-recycling-during-summer-in-north-paravur-north-paravur,4,leave_404,,"Legacy generated blog content, no meaningful traffic — do not recreate.",low,classification_source=rule
https://www.ewastekochi.com/blog/cable-recycling-challenges-in-kalamassery-expert-tips-kalamassery-1,/blog/cable-recycling-challenges-in-kalamassery-expert-tips-kalamassery-1,www.ewastekochi.com,/blog/cable-recycling-challenges-in-kalamassery-expert-tips-kalamassery-1,0,0,404,404,2026-05-06,blog,,cable-recycling-challenges-in-kalamassery-expert-tips-kalamassery-1,4,leave_404,,"Legacy generated blog content, no meaningful traffic — do not recreate.",low,classification_source=rule
https://www.ewastekochi.com/blog/kspcb-regulations-for-monitor-recycling-in-aluva-aluva-1,/blog/kspcb-regulations-for-monitor-recycling-in-aluva-aluva-1,www.ewastekochi.com,/blog/kspcb-regulations-for-monitor-recycling-in-aluva-aluva-1,0,0,404,404,2026-05-06,blog,,kspcb-regulations-for-monitor-recycling-in-aluva-aluva-1,4,leave_404,,"Legacy generated blog content, no meaningful traffic — do not recreate.",low,classification_source=rule
https://www.ewastekochi.com/blog/how-to-phone-buyback-in-kakkanad,/blog/how-to-phone-buyback-in-kakkanad,www.ewastekochi.com,/blog/how-to-phone-buyback-in-kakkanad,0,0,404,404,2026-05-06,blog,,how-to-phone-buyback-in-kakkanad,4,leave_404,,"Legacy generated blog content, no meaningful traffic — do not recreate.",low,classification_source=rule
https://www.ewastekochi.com/blog/benefits-of-printer-recycling-in-aluva-aluva,/blog/benefits-of-printer-recycling-in-aluva-aluva,www.ewastekochi.com,/blog/benefits-of-printer-recycling-in-aluva-aluva,0,0,404,404,2026-05-06,blog,,benefits-of-printer-recycling-in-aluva-aluva,4,leave_404,,"Legacy generated blog content, no meaningful traffic — do not recreate.",low,classification_source=rule
https://www.ewastekochi.com/blog/e-waste-collection-price-guide-for-thrippunithura-thrippunithura,/blog/e-waste-collection-price-guide-for-thrippunithura-thrippunithura,www.ewastekochi.com,/blog/e-waste-collection-price-guide-for-thrippunithura-thrippunithura,0,0,404,404,2026-05-05,blog,,e-waste-collection-price-guide-for-thrippunithura-thrippunithura,4,leave_404,,"Legacy generated blog content, no meaningful traffic — do not recreate.",low,classification_source=rule
https://www.ewastekochi.com/blogs/corporate-itad/bank-and-hospital-itad-in-kakkanad-kochi-documentation-that-actually-matters,/blogs/corporate-itad/bank-and-hospital-itad-in-kakkanad-kochi-documentation-that-actually-matters,www.ewastekochi.com,/blogs/corporate-itad/bank-and-hospital-itad-in-kakkanad-kochi-documentation-that-actually-matters,0,0,404,404,2026-05-05,blogs-taxonomy-legacy,,bank-and-hospital-itad-in-kakkanad-kochi-documentation-that-actually-matters,4,leave_404,,"Legacy generated blog content, no meaningful traffic — do not recreate.",low,classification_source=rule
https://www.ewastekochi.com/blogs/data-destruction/ssd-destruction-in-thiruvananthapuram-why-it-differs-from-hdd-disposal,/blogs/data-destruction/ssd-destruction-in-thiruvananthapuram-why-it-differs-from-hdd-disposal,www.ewastekochi.com,/blogs/data-destruction/ssd-destruction-in-thiruvananthapuram-why-it-differs-from-hdd-disposal,0,0,404,404,2026-05-05,blogs-taxonomy-legacy,,ssd-destruction-in-thiruvananthapuram-why-it-differs-from-hdd-disposal,4,leave_404,,"Legacy generated blog content, no meaningful traffic — do not recreate.",low,classification_source=rule
https://www.ewastekochi.com/hard-drive-destruction-kochi,/hard-drive-destruction-kochi,www.ewastekochi.com,/hard-drive-destruction-kochi,0,0,404,404,2026-05-05,other-legacy-service,,hard-drive-destruction-kochi,4,leave_404,,No meaningful traffic.,low,classification_source=rule
https://www.ewastekochi.com/blog/summer-battery-recycling-in-kochi,/blog/summer-battery-recycling-in-kochi,www.ewastekochi.com,/blog/summer-battery-recycling-in-kochi,0,0,404,404,2026-05-05,blog,,summer-battery-recycling-in-kochi,4,leave_404,,"Legacy generated blog content, no meaningful traffic — do not recreate.",low,classification_source=rule
https://www.ewastekochi.com/blog/kspcb-regulations-for-e-waste-collection-in-edappally-edappally,/blog/kspcb-regulations-for-e-waste-collection-in-edappally-edappally,www.ewastekochi.com,/blog/kspcb-regulations-for-e-waste-collection-in-edappally-edappally,0,0,404,404,2026-05-05,blog,,kspcb-regulations-for-e-waste-collection-in-edappally-edappally,4,leave_404,,"Legacy generated blog content, no meaningful traffic — do not recreate.",low,classification_source=rule
https://www.ewastekochi.com/blog/common-e-waste-collection-issues-in-ernakulam-ernakulam,/blog/common-e-waste-collection-issues-in-ernakulam-ernakulam,www.ewastekochi.com,/blog/common-e-waste-collection-issues-in-ernakulam-ernakulam,0,0,404,404,2026-05-05,blog,,common-e-waste-collection-issues-in-ernakulam-ernakulam,4,leave_404,,"Legacy generated blog content, no meaningful traffic — do not recreate.",low,classification_source=rule
https://www.ewastekochi.com/blogs/recycling/computer-recycling-in-kozhikode-for-homes-and-offices,/blogs/recycling/computer-recycling-in-kozhikode-for-homes-and-offices,www.ewastekochi.com,/blogs/recycling/computer-recycling-in-kozhikode-for-homes-and-offices,0,0,404,404,2026-05-04,blogs-taxonomy-legacy,,computer-recycling-in-kozhikode-for-homes-and-offices,4,leave_404,,"Legacy generated blog content, no meaningful traffic — do not recreate.",low,classification_source=rule
https://www.ewastekochi.com/itad/nist-800-88-vs-dod-5220-22m,/itad/nist-800-88-vs-dod-5220-22m,www.ewastekochi.com,/itad/nist-800-88-vs-dod-5220-22m,0,0,404,404,2026-05-04,other-legacy-service,,nist-800-88-vs-dod-5220-22m,4,leave_404,,No meaningful traffic.,low,classification_source=rule
https://www.ewastekochi.com/blogs/recycling/pickup-vs-drop-off-recycling-in-kalamassery-kochi-which-option-fits-better,/blogs/recycling/pickup-vs-drop-off-recycling-in-kalamassery-kochi-which-option-fits-better,www.ewastekochi.com,/blogs/recycling/pickup-vs-drop-off-recycling-in-kalamassery-kochi-which-option-fits-better,0,0,404,404,2026-05-04,blogs-taxonomy-legacy,,pickup-vs-drop-off-recycling-in-kalamassery-kochi-which-option-fits-better,4,leave_404,,"Legacy generated blog content, no meaningful traffic — do not recreate.",low,classification_source=rule
https://www.ewastekochi.com/blog/how-to-printer-recycle-in-kakkanad-kakkanad,/blog/how-to-printer-recycle-in-kakkanad-kakkanad,www.ewastekochi.com,/blog/how-to-printer-recycle-in-kakkanad-kakkanad,0,0,404,404,2026-05-04,blog,,how-to-printer-recycle-in-kakkanad-kakkanad,4,leave_404,,"Legacy generated blog content, no meaningful traffic — do not recreate.",low,classification_source=rule
https://www.ewastekochi.com/blog/motorola-vs-oneplus-it-asset-disposition-in-ernakulam-ernakulam,/blog/motorola-vs-oneplus-it-asset-disposition-in-ernakulam-ernakulam,www.ewastekochi.com,/blog/motorola-vs-oneplus-it-asset-disposition-in-ernakulam-ernakulam,0,0,404,404,2026-05-04,blog,,motorola-vs-oneplus-it-asset-disposition-in-ernakulam-ernakulam,4,leave_404,,"Legacy generated blog content, no meaningful traffic — do not recreate.",low,classification_source=rule
https://www.ewastekochi.com/services/it-asset-disposition,/services/it-asset-disposition,www.ewastekochi.com,/services/it-asset-disposition,0,0,404,404,2026-05-04,service-page,,it-asset-disposition,4,leave_404,,No meaningful traffic.,low,classification_source=rule
https://www.ewastekochi.com/blog/best-way-to-printer-recycle-in-vyttila-2026-vyttila-2,/blog/best-way-to-printer-recycle-in-vyttila-2026-vyttila-2,www.ewastekochi.com,/blog/best-way-to-printer-recycle-in-vyttila-2026-vyttila-2,0,0,404,404,2026-05-04,blog,,best-way-to-printer-recycle-in-vyttila-2026-vyttila-2,4,leave_404,,"Legacy generated blog content, no meaningful traffic — do not recreate.",low,classification_source=rule
https://www.ewastekochi.com/blog/e-waste-laws-in-north-paravur-complete-guide-north-paravur-3,/blog/e-waste-laws-in-north-paravur-complete-guide-north-paravur-3,www.ewastekochi.com,/blog/e-waste-laws-in-north-paravur-complete-guide-north-paravur-3,0,0,404,404,2026-05-04,blog,,e-waste-laws-in-north-paravur-complete-guide-north-paravur-3,4,leave_404,,"Legacy generated blog content, no meaningful traffic — do not recreate.",low,classification_source=rule
https://www.ewastekochi.com/services/hard-drive-shredding,/services/hard-drive-shredding,www.ewastekochi.com,/services/hard-drive-shredding,0,0,404,404,2026-05-04,service-page,,hard-drive-shredding,4,leave_404,,No meaningful traffic.,low,classification_source=rule
https://www.ewastekochi.com/services/mobile-recycling,/services/mobile-recycling,www.ewastekochi.com,/services/mobile-recycling,0,0,404,404,2026-05-04,service-page,,mobile-recycling,4,leave_404,,No meaningful traffic.,low,classification_source=rule
https://www.ewastekochi.com/blog/complete-guide-to-it-asset-disposition-in-kalamassery-kalamassery-2,/blog/complete-guide-to-it-asset-disposition-in-kalamassery-kalamassery-2,www.ewastekochi.com,/blog/complete-guide-to-it-asset-disposition-in-kalamassery-kalamassery-2,0,0,404,404,2026-05-04,blog,,complete-guide-to-it-asset-disposition-in-kalamassery-kalamassery-2,4,leave_404,,"Legacy generated blog content, no meaningful traffic — do not recreate.",low,classification_source=rule
https://www.ewastekochi.com/blog/complete-guide-to-server-recycling-in-ernakulam-ernakulam-2,/blog/complete-guide-to-server-recycling-in-ernakulam-ernakulam-2,www.ewastekochi.com,/blog/complete-guide-to-server-recycling-in-ernakulam-ernakulam-2,0,0,404,404,2026-05-04,blog,,complete-guide-to-server-recycling-in-ernakulam-ernakulam-2,4,leave_404,,"Legacy generated blog content, no meaningful traffic — do not recreate.",low,classification_source=rule
https://www.ewastekochi.com/blog/e-waste-laws-in-angamaly-complete-guide-angamaly-4,/blog/e-waste-laws-in-angamaly-complete-guide-angamaly-4,www.ewastekochi.com,/blog/e-waste-laws-in-angamaly-complete-guide-angamaly-4,0,0,404,404,2026-05-04,blog,,e-waste-laws-in-angamaly-complete-guide-angamaly-4,4,leave_404,,"Legacy generated blog content, no meaningful traffic — do not recreate.",low,classification_source=rule
https://www.ewastekochi.com/blog/e-waste-laws-in-angamaly-complete-guide-angamaly-6,/blog/e-waste-laws-in-angamaly-complete-guide-angamaly-6,www.ewastekochi.com,/blog/e-waste-laws-in-angamaly-complete-guide-angamaly-6,0,0,404,404,2026-05-04,blog,,e-waste-laws-in-angamaly-complete-guide-angamaly-6,4,leave_404,,"Legacy generated blog content, no meaningful traffic — do not recreate.",low,classification_source=rule
https://www.ewastekochi.com/blog/e-waste-laws-in-kochi-complete-guide-kochi-3,/blog/e-waste-laws-in-kochi-complete-guide-kochi-3,www.ewastekochi.com,/blog/e-waste-laws-in-kochi-complete-guide-kochi-3,0,0,404,404,2026-05-04,blog,,e-waste-laws-in-kochi-complete-guide-kochi-3,4,leave_404,,"Legacy generated blog content, no meaningful traffic — do not recreate.",low,classification_source=rule
https://www.ewastekochi.com/services/cable-recycling,/services/cable-recycling,www.ewastekochi.com,/services/cable-recycling,0,0,404,404,2026-05-04,service-page,,cable-recycling,4,leave_404,,No meaningful traffic.,low,classification_source=rule
https://www.ewastekochi.com/services/phone-buyback,/services/phone-buyback,www.ewastekochi.com,/services/phone-buyback,0,0,404,404,2026-05-04,service-page,,phone-buyback,4,leave_404,,No meaningful traffic.,low,classification_source=rule
https://www.ewastekochi.com/services/tv-monitor-recycling,/services/tv-monitor-recycling,www.ewastekochi.com,/services/tv-monitor-recycling,0,0,404,404,2026-05-04,service-page,,tv-monitor-recycling,4,leave_404,,No meaningful traffic.,low,classification_source=rule
https://www.ewastekochi.com/blog/e-waste-collection-price-guide-for-ernakulam-ernakulam-2,/blog/e-waste-collection-price-guide-for-ernakulam-ernakulam-2,www.ewastekochi.com,/blog/e-waste-collection-price-guide-for-ernakulam-ernakulam-2,0,0,404,404,2026-05-04,blog,,e-waste-collection-price-guide-for-ernakulam-ernakulam-2,4,leave_404,,"Legacy generated blog content, no meaningful traffic — do not recreate.",low,classification_source=rule
https://www.ewastekochi.com/blog/e-waste-laws-in-aluva-complete-guide-aluva-2,/blog/e-waste-laws-in-aluva-complete-guide-aluva-2,www.ewastekochi.com,/blog/e-waste-laws-in-aluva-complete-guide-aluva-2,0,0,404,404,2026-05-04,blog,,e-waste-laws-in-aluva-complete-guide-aluva-2,4,leave_404,,"Legacy generated blog content, no meaningful traffic — do not recreate.",low,classification_source=rule
https://www.ewastekochi.com/blog/e-waste-laws-in-edappally-complete-guide-edappally-3,/blog/e-waste-laws-in-edappally-complete-guide-edappally-3,www.ewastekochi.com,/blog/e-waste-laws-in-edappally-complete-guide-edappally-3,0,0,404,404,2026-05-04,blog,,e-waste-laws-in-edappally-complete-guide-edappally-3,4,leave_404,,"Legacy generated blog content, no meaningful traffic — do not recreate.",low,classification_source=rule
https://www.ewastekochi.com/blog/e-waste-laws-in-ernakulam-complete-guide-ernakulam-4,/blog/e-waste-laws-in-ernakulam-complete-guide-ernakulam-4,www.ewastekochi.com,/blog/e-waste-laws-in-ernakulam-complete-guide-ernakulam-4,0,0,404,404,2026-05-04,blog,,e-waste-laws-in-ernakulam-complete-guide-ernakulam-4,4,leave_404,,"Legacy generated blog content, no meaningful traffic — do not recreate.",low,classification_source=rule
https://www.ewastekochi.com/blog/e-waste-laws-in-kalamassery-complete-guide-kalamassery-2,/blog/e-waste-laws-in-kalamassery-complete-guide-kalamassery-2,www.ewastekochi.com,/blog/e-waste-laws-in-kalamassery-complete-guide-kalamassery-2,0,0,404,404,2026-05-04,blog,,e-waste-laws-in-kalamassery-complete-guide-kalamassery-2,4,leave_404,,"Legacy generated blog content, no meaningful traffic — do not recreate.",low,classification_source=rule
https://www.ewastekochi.com/services/e-waste-collection,/services/e-waste-collection,www.ewastekochi.com,/services/e-waste-collection,0,0,404,404,2026-05-04,service-page,,e-waste-collection,4,leave_404,,No meaningful traffic.,low,classification_source=rule
https://www.ewastekochi.com/services/laptop-buyback,/services/laptop-buyback,www.ewastekochi.com,/services/laptop-buyback,0,0,404,404,2026-05-04,service-page,,laptop-buyback,4,leave_404,,No meaningful traffic.,low,classification_source=rule
https://www.ewastekochi.com/services/printer-recycling,/services/printer-recycling,www.ewastekochi.com,/services/printer-recycling,0,0,404,404,2026-05-04,service-page,,printer-recycling,4,leave_404,,No meaningful traffic.,low,classification_source=rule
https://www.ewastekochi.com/blog/complete-guide-to-printer-recycling-in-vyttila-vyttila-2,/blog/complete-guide-to-printer-recycling-in-vyttila-vyttila-2,www.ewastekochi.com,/blog/complete-guide-to-printer-recycling-in-vyttila-vyttila-2,0,0,404,404,2026-05-04,blog,,complete-guide-to-printer-recycling-in-vyttila-vyttila-2,4,leave_404,,"Legacy generated blog content, no meaningful traffic — do not recreate.",low,classification_source=rule
https://www.ewastekochi.com/blog/e-waste-laws-in-aluva-complete-guide-aluva-3,/blog/e-waste-laws-in-aluva-complete-guide-aluva-3,www.ewastekochi.com,/blog/e-waste-laws-in-aluva-complete-guide-aluva-3,0,0,404,404,2026-05-04,blog,,e-waste-laws-in-aluva-complete-guide-aluva-3,4,leave_404,,"Legacy generated blog content, no meaningful traffic — do not recreate.",low,classification_source=rule
https://www.ewastekochi.com/blog/e-waste-laws-in-angamaly-complete-guide-angamaly-2,/blog/e-waste-laws-in-angamaly-complete-guide-angamaly-2,www.ewastekochi.com,/blog/e-waste-laws-in-angamaly-complete-guide-angamaly-2,0,0,404,404,2026-05-04,blog,,e-waste-laws-in-angamaly-complete-guide-angamaly-2,4,leave_404,,"Legacy generated blog content, no meaningful traffic — do not recreate.",low,classification_source=rule
https://www.ewastekochi.com/blog/e-waste-laws-in-angamaly-complete-guide-angamaly-8,/blog/e-waste-laws-in-angamaly-complete-guide-angamaly-8,www.ewastekochi.com,/blog/e-waste-laws-in-angamaly-complete-guide-angamaly-8,0,0,404,404,2026-05-04,blog,,e-waste-laws-in-angamaly-complete-guide-angamaly-8,4,leave_404,,"Legacy generated blog content, no meaningful traffic — do not recreate.",low,classification_source=rule
https://www.ewastekochi.com/blog/e-waste-laws-in-edappally-complete-guide-edappally-2,/blog/e-waste-laws-in-edappally-complete-guide-edappally-2,www.ewastekochi.com,/blog/e-waste-laws-in-edappally-complete-guide-edappally-2,0,0,404,404,2026-05-04,blog,,e-waste-laws-in-edappally-complete-guide-edappally-2,4,leave_404,,"Legacy generated blog content, no meaningful traffic — do not recreate.",low,classification_source=rule
https://www.ewastekochi.com/blog/e-waste-laws-in-kalamassery-complete-guide-kalamassery-4,/blog/e-waste-laws-in-kalamassery-complete-guide-kalamassery-4,www.ewastekochi.com,/blog/e-waste-laws-in-kalamassery-complete-guide-kalamassery-4,0,0,404,404,2026-05-04,blog,,e-waste-laws-in-kalamassery-complete-guide-kalamassery-4,4,leave_404,,"Legacy generated blog content, no meaningful traffic — do not recreate.",low,classification_source=rule
https://www.ewastekochi.com/blog/e-waste-laws-in-kochi-complete-guide-kochi-2,/blog/e-waste-laws-in-kochi-complete-guide-kochi-2,www.ewastekochi.com,/blog/e-waste-laws-in-kochi-complete-guide-kochi-2,0,0,404,404,2026-05-04,blog,,e-waste-laws-in-kochi-complete-guide-kochi-2,4,leave_404,,"Legacy generated blog content, no meaningful traffic — do not recreate.",low,classification_source=rule
https://www.ewastekochi.com/blog/phone-buyback-problems-in-edappally-solutions-edappally-2,/blog/phone-buyback-problems-in-edappally-solutions-edappally-2,www.ewastekochi.com,/blog/phone-buyback-problems-in-edappally-solutions-edappally-2,0,0,404,404,2026-05-04,blog,,phone-buyback-problems-in-edappally-solutions-edappally-2,4,leave_404,,"Legacy generated blog content, no meaningful traffic — do not recreate.",low,classification_source=rule
https://www.ewastekochi.com/services/certificate-of-destruction,/services/certificate-of-destruction,www.ewastekochi.com,/services/certificate-of-destruction,0,0,404,404,2026-05-04,service-page,,certificate-of-destruction,4,leave_404,,No meaningful traffic.,low,classification_source=rule
https://www.ewastekochi.com/services/dpdp-act-compliance,/services/dpdp-act-compliance,www.ewastekochi.com,/services/dpdp-act-compliance,0,0,404,404,2026-05-04,service-page,,dpdp-act-compliance,4,leave_404,,No meaningful traffic.,low,classification_source=rule
https://www.ewastekochi.com/services/free-ewaste-pickup,/services/free-ewaste-pickup,www.ewastekochi.com,/services/free-ewaste-pickup,0,0,404,404,2026-05-04,service-page,,free-ewaste-pickup,4,leave_404,,No meaningful traffic.,low,classification_source=rule
https://www.ewastekochi.com/services/sell-electronics,/services/sell-electronics,www.ewastekochi.com,/services/sell-electronics,0,0,404,404,2026-05-04,service-page,,sell-electronics,4,leave_404,,No meaningful traffic.,low,classification_source=rule
https://www.ewastekochi.com/services/server-recycling,/services/server-recycling,www.ewastekochi.com,/services/server-recycling,0,0,404,404,2026-05-04,service-page,,server-recycling,4,leave_404,,No meaningful traffic.,low,classification_source=rule
https://www.ewastekochi.com/services/ups-inverter-recycling,/services/ups-inverter-recycling,www.ewastekochi.com,/services/ups-inverter-recycling,0,0,404,404,2026-05-04,service-page,,ups-inverter-recycling,4,leave_404,,No meaningful traffic.,low,classification_source=rule
https://www.ewastekochi.com/blog/e-waste-laws-in-angamaly-complete-guide-angamaly-3,/blog/e-waste-laws-in-angamaly-complete-guide-angamaly-3,www.ewastekochi.com,/blog/e-waste-laws-in-angamaly-complete-guide-angamaly-3,0,0,404,404,2026-05-04,blog,,e-waste-laws-in-angamaly-complete-guide-angamaly-3,4,leave_404,,"Legacy generated blog content, no meaningful traffic — do not recreate.",low,classification_source=rule
https://www.ewastekochi.com/blog/e-waste-laws-in-kochi-complete-guide-kochi-4,/blog/e-waste-laws-in-kochi-complete-guide-kochi-4,www.ewastekochi.com,/blog/e-waste-laws-in-kochi-complete-guide-kochi-4,0,0,404,404,2026-05-04,blog,,e-waste-laws-in-kochi-complete-guide-kochi-4,4,leave_404,,"Legacy generated blog content, no meaningful traffic — do not recreate.",low,classification_source=rule
https://www.ewastekochi.com/blog/e-waste-laws-in-north-paravur-complete-guide-north-paravur-5,/blog/e-waste-laws-in-north-paravur-complete-guide-north-paravur-5,www.ewastekochi.com,/blog/e-waste-laws-in-north-paravur-complete-guide-north-paravur-5,0,0,404,404,2026-05-04,blog,,e-waste-laws-in-north-paravur-complete-guide-north-paravur-5,4,leave_404,,"Legacy generated blog content, no meaningful traffic — do not recreate.",low,classification_source=rule
https://www.ewastekochi.com/blog/e-waste-laws-in-north-paravur-complete-guide-north-paravur-6,/blog/e-waste-laws-in-north-paravur-complete-guide-north-paravur-6,www.ewastekochi.com,/blog/e-waste-laws-in-north-paravur-complete-guide-north-paravur-6,0,0,404,404,2026-05-04,blog,,e-waste-laws-in-north-paravur-complete-guide-north-paravur-6,4,leave_404,,"Legacy generated blog content, no meaningful traffic — do not recreate.",low,classification_source=rule
https://www.ewastekochi.com/services/air-conditioner-recycling,/services/air-conditioner-recycling,www.ewastekochi.com,/services/air-conditioner-recycling,0,0,404,404,2026-05-04,service-page,,air-conditioner-recycling,4,leave_404,,No meaningful traffic.,low,classification_source=rule
https://www.ewastekochi.com/services/battery-recycling,/services/battery-recycling,www.ewastekochi.com,/services/battery-recycling,0,0,404,404,2026-05-04,service-page,,battery-recycling,4,leave_404,,No meaningful traffic.,low,classification_source=rule
https://www.ewastekochi.com/services/network-equipment-disposal,/services/network-equipment-disposal,www.ewastekochi.com,/services/network-equipment-disposal,0,0,404,404,2026-05-04,service-page,,network-equipment-disposal,4,leave_404,,No meaningful traffic.,low,classification_source=rule
https://www.ewastekochi.com/services/corporate-ewaste,/services/corporate-ewaste,www.ewastekochi.com,/services/corporate-ewaste,0,0,404,404,2026-05-04,service-page,,corporate-ewaste,4,leave_404,,No meaningful traffic.,low,classification_source=rule
https://www.ewastekochi.com/blog/e-waste-laws-in-north-paravur-complete-guide-north-paravur-2,/blog/e-waste-laws-in-north-paravur-complete-guide-north-paravur-2,www.ewastekochi.com,/blog/e-waste-laws-in-north-paravur-complete-guide-north-paravur-2,0,0,404,404,2026-05-04,blog,,e-waste-laws-in-north-paravur-complete-guide-north-paravur-2,4,leave_404,,"Legacy generated blog content, no meaningful traffic — do not recreate.",low,classification_source=rule
https://www.ewastekochi.com/services/monitor-recycling,/services/monitor-recycling,www.ewastekochi.com,/services/monitor-recycling,0,0,404,404,2026-05-04,service-page,,monitor-recycling,4,leave_404,,No meaningful traffic.,low,classification_source=rule
https://www.ewastekochi.com/blog/complete-guide-to-printer-recycling-in-aluva-aluva,/blog/complete-guide-to-printer-recycling-in-aluva-aluva,www.ewastekochi.com,/blog/complete-guide-to-printer-recycling-in-aluva-aluva,0,0,404,404,2026-05-04,blog,,complete-guide-to-printer-recycling-in-aluva-aluva,4,leave_404,,"Legacy generated blog content, no meaningful traffic — do not recreate.",low,classification_source=rule
https://www.ewastekochi.com/blogs/scrap-electronics/scrap-laptop-prices-in-edappally-kochi-value-signals-most-sellers-miss,/blogs/scrap-electronics/scrap-laptop-prices-in-edappally-kochi-value-signals-most-sellers-miss,www.ewastekochi.com,/blogs/scrap-electronics/scrap-laptop-prices-in-edappally-kochi-value-signals-most-sellers-miss,0,0,404,404,2026-05-04,blogs-taxonomy-legacy,,scrap-laptop-prices-in-edappally-kochi-value-signals-most-sellers-miss,4,leave_404,,"Legacy generated blog content, no meaningful traffic — do not recreate.",low,classification_source=rule
https://www.ewastekochi.com/blog/e-waste-laws-in-angamaly-complete-guide-angamaly-5,/blog/e-waste-laws-in-angamaly-complete-guide-angamaly-5,www.ewastekochi.com,/blog/e-waste-laws-in-angamaly-complete-guide-angamaly-5,0,0,404,404,2026-05-04,blog,,e-waste-laws-in-angamaly-complete-guide-angamaly-5,4,leave_404,,"Legacy generated blog content, no meaningful traffic — do not recreate.",low,classification_source=rule
https://www.ewastekochi.com/blog/e-waste-laws-in-kakkanad-complete-guide-kakkanad-2,/blog/e-waste-laws-in-kakkanad-complete-guide-kakkanad-2,www.ewastekochi.com,/blog/e-waste-laws-in-kakkanad-complete-guide-kakkanad-2,0,0,404,404,2026-05-04,blog,,e-waste-laws-in-kakkanad-complete-guide-kakkanad-2,4,leave_404,,"Legacy generated blog content, no meaningful traffic — do not recreate.",low,classification_source=rule
https://www.ewastekochi.com/blog/e-waste-laws-in-ernakulam-complete-guide-ernakulam-2,/blog/e-waste-laws-in-ernakulam-complete-guide-ernakulam-2,www.ewastekochi.com,/blog/e-waste-laws-in-ernakulam-complete-guide-ernakulam-2,0,0,404,404,2026-05-04,blog,,e-waste-laws-in-ernakulam-complete-guide-ernakulam-2,4,leave_404,,"Legacy generated blog content, no meaningful traffic — do not recreate.",low,classification_source=rule
https://www.ewastekochi.com/blog/corporate-battery-recycling-solutions-in-kochi-kochi-2,/blog/corporate-battery-recycling-solutions-in-kochi-kochi-2,www.ewastekochi.com,/blog/corporate-battery-recycling-solutions-in-kochi-kochi-2,0,0,404,404,2026-05-04,blog,,corporate-battery-recycling-solutions-in-kochi-kochi-2,4,leave_404,,"Legacy generated blog content, no meaningful traffic — do not recreate.",low,classification_source=rule
https://www.ewastekochi.com/blog/e-waste-laws-in-north-paravur-complete-guide-north-paravur-4,/blog/e-waste-laws-in-north-paravur-complete-guide-north-paravur-4,www.ewastekochi.com,/blog/e-waste-laws-in-north-paravur-complete-guide-north-paravur-4,0,0,404,404,2026-05-04,blog,,e-waste-laws-in-north-paravur-complete-guide-north-paravur-4,4,leave_404,,"Legacy generated blog content, no meaningful traffic — do not recreate.",low,classification_source=rule
https://www.ewastekochi.com/blog/e-waste-laws-in-kalamassery-complete-guide-kalamassery-3,/blog/e-waste-laws-in-kalamassery-complete-guide-kalamassery-3,www.ewastekochi.com,/blog/e-waste-laws-in-kalamassery-complete-guide-kalamassery-3,0,0,404,404,2026-05-04,blog,,e-waste-laws-in-kalamassery-complete-guide-kalamassery-3,4,leave_404,,"Legacy generated blog content, no meaningful traffic — do not recreate.",low,classification_source=rule
https://www.ewastekochi.com/blog/e-waste-laws-in-kakkanad-complete-guide-kakkanad-3,/blog/e-waste-laws-in-kakkanad-complete-guide-kakkanad-3,www.ewastekochi.com,/blog/e-waste-laws-in-kakkanad-complete-guide-kakkanad-3,0,0,404,404,2026-05-04,blog,,e-waste-laws-in-kakkanad-complete-guide-kakkanad-3,4,leave_404,,"Legacy generated blog content, no meaningful traffic — do not recreate.",low,classification_source=rule
https://www.ewastekochi.com/blog/e-waste-laws-in-angamaly-complete-guide-angamaly-7,/blog/e-waste-laws-in-angamaly-complete-guide-angamaly-7,www.ewastekochi.com,/blog/e-waste-laws-in-angamaly-complete-guide-angamaly-7,0,0,404,404,2026-05-04,blog,,e-waste-laws-in-angamaly-complete-guide-angamaly-7,4,leave_404,,"Legacy generated blog content, no meaningful traffic — do not recreate.",low,classification_source=rule
https://www.ewastekochi.com/blog/environmental-impact-of-server-recycling-in-aluva-aluva-2,/blog/environmental-impact-of-server-recycling-in-aluva-aluva-2,www.ewastekochi.com,/blog/environmental-impact-of-server-recycling-in-aluva-aluva-2,0,0,404,404,2026-05-04,blog,,environmental-impact-of-server-recycling-in-aluva-aluva-2,4,leave_404,,"Legacy generated blog content, no meaningful traffic — do not recreate.",low,classification_source=rule
https://www.ewastekochi.com/services/hard-drive-degaussing,/services/hard-drive-degaussing,www.ewastekochi.com,/services/hard-drive-degaussing,0,0,404,404,2026-05-04,service-page,,hard-drive-degaussing,4,leave_404,,No meaningful traffic.,low,classification_source=rule
https://www.ewastekochi.com/blog/e-waste-laws-in-ernakulam-complete-guide-ernakulam-3,/blog/e-waste-laws-in-ernakulam-complete-guide-ernakulam-3,www.ewastekochi.com,/blog/e-waste-laws-in-ernakulam-complete-guide-ernakulam-3,0,0,404,404,2026-05-04,blog,,e-waste-laws-in-ernakulam-complete-guide-ernakulam-3,4,leave_404,,"Legacy generated blog content, no meaningful traffic — do not recreate.",low,classification_source=rule
https://www.ewastekochi.com/blogs/battery-recycling/phone-battery-recycling-in-kalamassery-kochi-what-to-do-with-loose-cells,/blogs/battery-recycling/phone-battery-recycling-in-kalamassery-kochi-what-to-do-with-loose-cells,www.ewastekochi.com,/blogs/battery-recycling/phone-battery-recycling-in-kalamassery-kochi-what-to-do-with-loose-cells,0,0,404,404,2026-05-03,blogs-taxonomy-legacy,,phone-battery-recycling-in-kalamassery-kochi-what-to-do-with-loose-cells,4,leave_404,,"Legacy generated blog content, no meaningful traffic — do not recreate.",low,classification_source=rule
https://www.ewastekochi.com/blogs/scrap-electronics/bulk-electronics-sale-in-thrippunithura-kochi-certified-buyer-vs-informal-dealer,/blogs/scrap-electronics/bulk-electronics-sale-in-thrippunithura-kochi-certified-buyer-vs-informal-dealer,www.ewastekochi.com,/blogs/scrap-electronics/bulk-electronics-sale-in-thrippunithura-kochi-certified-buyer-vs-informal-dealer,0,0,404,404,2026-05-03,blogs-taxonomy-legacy,,bulk-electronics-sale-in-thrippunithura-kochi-certified-buyer-vs-informal-dealer,4,leave_404,,"Legacy generated blog content, no meaningful traffic — do not recreate.",low,classification_source=rule
https://www.ewastekochi.com/set,/set,www.ewastekochi.com,/set,0,0,404,404,2026-05-03,other-legacy-service,,set,4,leave_404,,No meaningful traffic.,low,classification_source=rule
https://www.ewastekochi.com/blogs/scrap-electronics/pcb-and-motherboard-scrap-buyers-in-kollam,/blogs/scrap-electronics/pcb-and-motherboard-scrap-buyers-in-kollam,www.ewastekochi.com,/blogs/scrap-electronics/pcb-and-motherboard-scrap-buyers-in-kollam,0,0,404,404,2026-05-03,blogs-taxonomy-legacy,,pcb-and-motherboard-scrap-buyers-in-kollam,4,leave_404,,"Legacy generated blog content, no meaningful traffic — do not recreate.",low,classification_source=rule
https://www.ewastekochi.com/blogs/battery-recycling/office-battery-pickup-in-edappally-kochi-how-to-stage-mixed-loads,/blogs/battery-recycling/office-battery-pickup-in-edappally-kochi-how-to-stage-mixed-loads,www.ewastekochi.com,/blogs/battery-recycling/office-battery-pickup-in-edappally-kochi-how-to-stage-mixed-loads,0,0,404,404,2026-05-03,blogs-taxonomy-legacy,,office-battery-pickup-in-edappally-kochi-how-to-stage-mixed-loads,4,leave_404,,"Legacy generated blog content, no meaningful traffic — do not recreate.",low,classification_source=rule
https://www.ewastekochi.com/services/data-destruction,/services/data-destruction,www.ewastekochi.com,/services/data-destruction,0,0,404,404,2026-05-02,service-page,,data-destruction,4,leave_404,,No meaningful traffic.,low,classification_source=rule
https://www.ewastekochi.com/blog/benefits-of-undefined-in-undefined-undefined,/blog/benefits-of-undefined-in-undefined-undefined,www.ewastekochi.com,/blog/benefits-of-undefined-in-undefined-undefined,0,0,404,404,2026-05-02,blog,,benefits-of-undefined-in-undefined-undefined,4,leave_404,,"Legacy generated blog content, no meaningful traffic — do not recreate.",low,classification_source=rule
https://www.ewastekochi.com/blog/enterprise-laptop-buyback-in-kalamassery-kalamassery-2,/blog/enterprise-laptop-buyback-in-kalamassery-kalamassery-2,www.ewastekochi.com,/blog/enterprise-laptop-buyback-in-kalamassery-kalamassery-2,0,0,404,404,2026-05-02,blog,,enterprise-laptop-buyback-in-kalamassery-kalamassery-2,4,leave_404,,"Legacy generated blog content, no meaningful traffic — do not recreate.",low,classification_source=rule
https://www.ewastekochi.com/locations/kalady/air-conditioner-recycling-kochi,/locations/kalady/air-conditioner-recycling-kochi,www.ewastekochi.com,/locations/kalady/air-conditioner-recycling-kochi,0,0,404,404,2026-05-01,location-service-matrix,kalady,air-conditioner-recycling-kochi,4,leave_404,,"Thin generated location-service matrix page, 0 clicks, low impressions — matches the site's existing anti-pSEO policy (Phase 2B/2G/2M) of not mass-redirecting this footprint.",low,classification_source=rule
https://www.ewastekochi.com/locations/edappally/ups-inverter-recycling-kochi,/locations/edappally/ups-inverter-recycling-kochi,www.ewastekochi.com,/locations/edappally/ups-inverter-recycling-kochi,0,0,404,404,2026-04-30,location-service-matrix,edappally,ups-inverter-recycling-kochi,4,leave_404,,"Thin generated location-service matrix page, 0 clicks, low impressions — matches the site's existing anti-pSEO policy (Phase 2B/2G/2M) of not mass-redirecting this footprint.",low,classification_source=rule
https://www.ewastekochi.com/locations/kothamangalam/mobile-recycling-kochi,/locations/kothamangalam/mobile-recycling-kochi,www.ewastekochi.com,/locations/kothamangalam/mobile-recycling-kochi,0,0,404,404,2026-04-28,location-service-matrix,kothamangalam,mobile-recycling-kochi,4,leave_404,,"Thin generated location-service matrix page, 0 clicks, low impressions — matches the site's existing anti-pSEO policy (Phase 2B/2G/2M) of not mass-redirecting this footprint.",low,classification_source=rule
https://www.ewastekochi.com/locations/edappally/certificate-of-destruction-kochi,/locations/edappally/certificate-of-destruction-kochi,www.ewastekochi.com,/locations/edappally/certificate-of-destruction-kochi,0,1,404|alt_canonical,404|alt_canonical,2026-04-25,location-service-matrix,edappally,certificate-of-destruction-kochi,3,redirect_301,(see vercel.json),Already implemented as a redirect in vercel.json.,none,classification_source=v2-redirect
https://www.ewastekochi.com/services/it-asset-inventory-audit.html,/services/it-asset-inventory-audit.html,www.ewastekochi.com,/services/it-asset-inventory-audit.html,0,18,404,404,2026-04-24,service-page,,,3,leave_404,,No meaningful traffic.,low,classification_source=rule
https://www.ewastekochi.com/locations/angamaly/computer-recycling,/locations/angamaly/computer-recycling,www.ewastekochi.com,/locations/angamaly/computer-recycling,0,0,404,404,2026-04-22,location-service-matrix,angamaly,computer-recycling,4,leave_404,,"Thin generated location-service matrix page, 0 clicks, low impressions — matches the site's existing anti-pSEO policy (Phase 2B/2G/2M) of not mass-redirecting this footprint.",low,classification_source=rule
https://www.ewastekochi.com/media-kit.html,/media-kit.html,www.ewastekochi.com,/media-kit.html,0,0,404,404,2026-04-22,other-legacy-service,,,4,leave_404,,No meaningful traffic.,low,classification_source=rule
https://www.ewastekochi.com/ml/locations/ewaste-682186.html,/ml/locations/ewaste-682186.html,www.ewastekochi.com,/ml/locations/ewaste-682186.html,0,0,404,404,2026-04-22,other-legacy-service,,,4,leave_404,,No meaningful traffic.,low,classification_source=rule
https://www.ewastekochi.com/ml/buyback/phones/sell-samsung-galaxy-a18-kochi.html,/ml/buyback/phones/sell-samsung-galaxy-a18-kochi.html,www.ewastekochi.com,/ml/buyback/phones/sell-samsung-galaxy-a18-kochi.html,0,0,404,404,2026-04-22,other-legacy-service,,,4,leave_404,,No meaningful traffic.,low,classification_source=rule
https://www.ewastekochi.com/locations/ewaste-682030.html,/locations/ewaste-682030.html,www.ewastekochi.com,/locations/ewaste-682030.html,0,0,404,404,2026-04-22,location-page,ewaste-682030.html,,4,leave_404,,"Location page, no meaningful traffic.",low,classification_source=rule
https://www.ewastekochi.com/ml/buyback/phones/sell-xiaomi-redmi-note-20-kochi.html,/ml/buyback/phones/sell-xiaomi-redmi-note-20-kochi.html,www.ewastekochi.com,/ml/buyback/phones/sell-xiaomi-redmi-note-20-kochi.html,0,0,404,404,2026-04-22,other-legacy-service,,,4,leave_404,,No meaningful traffic.,low,classification_source=rule
https://www.ewastekochi.com/ml/buyback/laptops/sell-thinkpad-t472s-kochi.html,/ml/buyback/laptops/sell-thinkpad-t472s-kochi.html,www.ewastekochi.com,/ml/buyback/laptops/sell-thinkpad-t472s-kochi.html,0,0,404,404,2026-04-22,other-legacy-service,,,4,leave_404,,No meaningful traffic.,low,classification_source=rule
https://www.ewastekochi.com/locations/ewaste-mattancherry,/locations/ewaste-mattancherry,www.ewastekochi.com,/locations/ewaste-mattancherry,0,0,404,404,2026-04-21,location-page,ewaste-mattancherry,ewaste-mattancherry,4,leave_404,,"Location page, no meaningful traffic.",low,classification_source=rule
https://www.ewastekochi.com/locations/ewaste-682186.html,/locations/ewaste-682186.html,www.ewastekochi.com,/locations/ewaste-682186.html,0,4,404,404,2026-04-21,location-page,ewaste-682186.html,,3,leave_404,,"Location page, no meaningful traffic.",low,classification_source=rule
https://www.ewastekochi.com/blog/where-sell-old-phone-kochi.html,/blog/where-sell-old-phone-kochi.html,www.ewastekochi.com,/blog/where-sell-old-phone-kochi.html,0,3,404,404,2026-04-21,blog,,,3,leave_404,,"Legacy generated blog content, no meaningful traffic — do not recreate.",low,classification_source=rule
https://www.ewastekochi.com/ml/locations/ewaste-north-paravur.html,/ml/locations/ewaste-north-paravur.html,www.ewastekochi.com,/ml/locations/ewaste-north-paravur.html,0,0,404,404,2026-04-21,other-legacy-service,,,4,leave_404,,No meaningful traffic.,low,classification_source=rule
https://www.ewastekochi.com/ml/contact,/ml/contact,www.ewastekochi.com,/ml/contact,0,0,404,404,2026-04-20,other-legacy-service,,contact,4,keep_200,,"Already live as a real, built V2 page.",none,classification_source=v2-live
https://www.ewastekochi.com/ml/locations/ewaste-682060.html,/ml/locations/ewaste-682060.html,www.ewastekochi.com,/ml/locations/ewaste-682060.html,0,0,404,404,2026-04-18,other-legacy-service,,,4,leave_404,,No meaningful traffic.,low,classification_source=rule
https://www.ewastekochi.com/ml/locations/ewaste-682039.html,/ml/locations/ewaste-682039.html,www.ewastekochi.com,/ml/locations/ewaste-682039.html,0,0,404,404,2026-04-18,other-legacy-service,,,4,leave_404,,No meaningful traffic.,low,classification_source=rule
https://www.ewastekochi.com/ml/buyback/laptops/sell-thinkpad-t483s-kochi.html,/ml/buyback/laptops/sell-thinkpad-t483s-kochi.html,www.ewastekochi.com,/ml/buyback/laptops/sell-thinkpad-t483s-kochi.html,0,0,404,404,2026-04-18,other-legacy-service,,,4,leave_404,,No meaningful traffic.,low,classification_source=rule
https://www.ewastekochi.com/ml/buyback/laptops/sell-thinkpad-t446s-kochi.html,/ml/buyback/laptops/sell-thinkpad-t446s-kochi.html,www.ewastekochi.com,/ml/buyback/laptops/sell-thinkpad-t446s-kochi.html,0,0,404,404,2026-04-18,other-legacy-service,,,4,leave_404,,No meaningful traffic.,low,classification_source=rule
https://www.ewastekochi.com/ml/buyback/laptops/sell-dell-latitude-5433-kochi.html,/ml/buyback/laptops/sell-dell-latitude-5433-kochi.html,www.ewastekochi.com,/ml/buyback/laptops/sell-dell-latitude-5433-kochi.html,0,0,404,404,2026-04-18,other-legacy-service,,,4,leave_404,,No meaningful traffic.,low,classification_source=rule
https://www.ewastekochi.com/ml/buyback/phones/sell-iphone-14-kochi.html,/ml/buyback/phones/sell-iphone-14-kochi.html,www.ewastekochi.com,/ml/buyback/phones/sell-iphone-14-kochi.html,0,0,404,404,2026-04-18,other-legacy-service,,,4,leave_404,,No meaningful traffic.,low,classification_source=rule
https://www.ewastekochi.com/locations/ewaste-682186,/locations/ewaste-682186,www.ewastekochi.com,/locations/ewaste-682186,0,0,404,404,2026-04-18,location-page,ewaste-682186,ewaste-682186,4,leave_404,,"Location page, no meaningful traffic.",low,classification_source=rule
https://www.ewastekochi.com/ml/locations/ewaste-poochakhal.html,/ml/locations/ewaste-poochakhal.html,www.ewastekochi.com,/ml/locations/ewaste-poochakhal.html,0,0,404,404,2026-04-18,other-legacy-service,,,4,leave_404,,No meaningful traffic.,low,classification_source=rule
https://www.ewastekochi.com/ml/locations/ewaste-682138.html,/ml/locations/ewaste-682138.html,www.ewastekochi.com,/ml/locations/ewaste-682138.html,0,0,404,404,2026-04-18,other-legacy-service,,,4,leave_404,,No meaningful traffic.,low,classification_source=rule
https://www.ewastekochi.com/buyback/phones/sell-iphone-6-pro-kochi.html,/buyback/phones/sell-iphone-6-pro-kochi.html,www.ewastekochi.com,/buyback/phones/sell-iphone-6-pro-kochi.html,0,0,404,404,2026-04-18,other-legacy-service,,,4,leave_404,,No meaningful traffic.,low,classification_source=rule
https://www.ewastekochi.com/ml/locations/ewaste-eramalloor.html,/ml/locations/ewaste-eramalloor.html,www.ewastekochi.com,/ml/locations/ewaste-eramalloor.html,0,0,404,404,2026-04-18,other-legacy-service,,,4,leave_404,,No meaningful traffic.,low,classification_source=rule
https://www.ewastekochi.com/ml/buyback/phones/sell-oneplus-12-pro-kochi.html,/ml/buyback/phones/sell-oneplus-12-pro-kochi.html,www.ewastekochi.com,/ml/buyback/phones/sell-oneplus-12-pro-kochi.html,0,0,404,404,2026-04-17,other-legacy-service,,,4,leave_404,,No meaningful traffic.,low,classification_source=rule
https://www.ewastekochi.com/ml/buyback/laptops/sell-thinkpad-t440s-kochi.html,/ml/buyback/laptops/sell-thinkpad-t440s-kochi.html,www.ewastekochi.com,/ml/buyback/laptops/sell-thinkpad-t440s-kochi.html,0,0,404,404,2026-04-17,other-legacy-service,,,4,leave_404,,No meaningful traffic.,low,classification_source=rule
https://www.ewastekochi.com/ml/locations/ewaste-angamaly.html,/ml/locations/ewaste-angamaly.html,www.ewastekochi.com,/ml/locations/ewaste-angamaly.html,0,0,404,404,2026-04-17,other-legacy-service,,,4,leave_404,,No meaningful traffic.,low,classification_source=rule
https://www.ewastekochi.com/ml/buyback/laptops/sell-dell-latitude-5403-kochi.html,/ml/buyback/laptops/sell-dell-latitude-5403-kochi.html,www.ewastekochi.com,/ml/buyback/laptops/sell-dell-latitude-5403-kochi.html,0,0,404,404,2026-04-17,other-legacy-service,,,4,leave_404,,No meaningful traffic.,low,classification_source=rule
https://www.ewastekochi.com/ml/buyback/laptops/sell-dell-latitude-5444-kochi.html,/ml/buyback/laptops/sell-dell-latitude-5444-kochi.html,www.ewastekochi.com,/ml/buyback/laptops/sell-dell-latitude-5444-kochi.html,0,0,404,404,2026-04-17,other-legacy-service,,,4,leave_404,,No meaningful traffic.,low,classification_source=rule
https://www.ewastekochi.com/ml/locations/ewaste-682033.html,/ml/locations/ewaste-682033.html,www.ewastekochi.com,/ml/locations/ewaste-682033.html,0,0,404,404,2026-04-17,other-legacy-service,,,4,leave_404,,No meaningful traffic.,low,classification_source=rule
https://www.ewastekochi.com/buyback/phones/sell-xiaomi-redmi-note-16-kochi.html,/buyback/phones/sell-xiaomi-redmi-note-16-kochi.html,www.ewastekochi.com,/buyback/phones/sell-xiaomi-redmi-note-16-kochi.html,0,0,404,404,2026-04-17,other-legacy-service,,,4,leave_404,,No meaningful traffic.,low,classification_source=rule
https://www.ewastekochi.com/ml/locations/ewaste-682165.html,/ml/locations/ewaste-682165.html,www.ewastekochi.com,/ml/locations/ewaste-682165.html,0,0,404,404,2026-04-17,other-legacy-service,,,4,leave_404,,No meaningful traffic.,low,classification_source=rule
https://www.ewastekochi.com/ml/locations/ewaste-smart-city.html,/ml/locations/ewaste-smart-city.html,www.ewastekochi.com,/ml/locations/ewaste-smart-city.html,0,0,404,404,2026-04-17,other-legacy-service,,,4,leave_404,,No meaningful traffic.,low,classification_source=rule
https://www.ewastekochi.com/ml/locations/ewaste-682108.html,/ml/locations/ewaste-682108.html,www.ewastekochi.com,/ml/locations/ewaste-682108.html,0,0,404,404,2026-04-17,other-legacy-service,,,4,leave_404,,No meaningful traffic.,low,classification_source=rule
https://www.ewastekochi.com/ml/locations/ewaste-palarivattom.html,/ml/locations/ewaste-palarivattom.html,www.ewastekochi.com,/ml/locations/ewaste-palarivattom.html,0,0,404,404,2026-04-17,other-legacy-service,,,4,leave_404,,No meaningful traffic.,low,classification_source=rule
https://www.ewastekochi.com/ml/buyback/laptops/sell-dell-latitude-5499-kochi.html,/ml/buyback/laptops/sell-dell-latitude-5499-kochi.html,www.ewastekochi.com,/ml/buyback/laptops/sell-dell-latitude-5499-kochi.html,0,0,404,404,2026-04-17,other-legacy-service,,,4,leave_404,,No meaningful traffic.,low,classification_source=rule
https://www.ewastekochi.com/ml/locations/ewaste-682041.html,/ml/locations/ewaste-682041.html,www.ewastekochi.com,/ml/locations/ewaste-682041.html,0,0,404,404,2026-04-17,other-legacy-service,,,4,leave_404,,No meaningful traffic.,low,classification_source=rule
https://www.ewastekochi.com/ml/buyback/laptops/sell-thinkpad-t411s-kochi.html,/ml/buyback/laptops/sell-thinkpad-t411s-kochi.html,www.ewastekochi.com,/ml/buyback/laptops/sell-thinkpad-t411s-kochi.html,0,0,404,404,2026-04-17,other-legacy-service,,,4,leave_404,,No meaningful traffic.,low,classification_source=rule
https://www.ewastekochi.com/ml/buyback/laptops/sell-dell-latitude-5488-kochi.html,/ml/buyback/laptops/sell-dell-latitude-5488-kochi.html,www.ewastekochi.com,/ml/buyback/laptops/sell-dell-latitude-5488-kochi.html,0,0,404,404,2026-04-17,other-legacy-service,,,4,leave_404,,No meaningful traffic.,low,classification_source=rule
https://www.ewastekochi.com/ml/buyback/laptops/sell-dell-latitude-5445-kochi.html,/ml/buyback/laptops/sell-dell-latitude-5445-kochi.html,www.ewastekochi.com,/ml/buyback/laptops/sell-dell-latitude-5445-kochi.html,0,0,404,404,2026-04-17,other-legacy-service,,,4,leave_404,,No meaningful traffic.,low,classification_source=rule
https://www.ewastekochi.com/ml/buyback/laptops/sell-thinkpad-t442s-kochi.html,/ml/buyback/laptops/sell-thinkpad-t442s-kochi.html,www.ewastekochi.com,/ml/buyback/laptops/sell-thinkpad-t442s-kochi.html,0,0,404,404,2026-04-17,other-legacy-service,,,4,leave_404,,No meaningful traffic.,low,classification_source=rule
https://www.ewastekochi.com/ml/buyback/laptops/sell-hp-elitebook-918-kochi.html,/ml/buyback/laptops/sell-hp-elitebook-918-kochi.html,www.ewastekochi.com,/ml/buyback/laptops/sell-hp-elitebook-918-kochi.html,0,0,404,404,2026-04-17,other-legacy-service,,,4,leave_404,,No meaningful traffic.,low,classification_source=rule
https://www.ewastekochi.com/ml/buyback/phones/sell-samsung-galaxy-a24-kochi.html,/ml/buyback/phones/sell-samsung-galaxy-a24-kochi.html,www.ewastekochi.com,/ml/buyback/phones/sell-samsung-galaxy-a24-kochi.html,0,0,404,404,2026-04-17,other-legacy-service,,,4,leave_404,,No meaningful traffic.,low,classification_source=rule
https://www.ewastekochi.com/ml/buyback/laptops/sell-hp-elitebook-881-kochi.html,/ml/buyback/laptops/sell-hp-elitebook-881-kochi.html,www.ewastekochi.com,/ml/buyback/laptops/sell-hp-elitebook-881-kochi.html,0,0,404,404,2026-04-17,other-legacy-service,,,4,leave_404,,No meaningful traffic.,low,classification_source=rule
https://www.ewastekochi.com/ml/buyback/laptops/sell-thinkpad-t419s-kochi.html,/ml/buyback/laptops/sell-thinkpad-t419s-kochi.html,www.ewastekochi.com,/ml/buyback/laptops/sell-thinkpad-t419s-kochi.html,0,0,404,404,2026-04-17,other-legacy-service,,,4,leave_404,,No meaningful traffic.,low,classification_source=rule
https://www.ewastekochi.com/ml/buyback/laptops/sell-thinkpad-t425s-kochi.html,/ml/buyback/laptops/sell-thinkpad-t425s-kochi.html,www.ewastekochi.com,/ml/buyback/laptops/sell-thinkpad-t425s-kochi.html,0,0,404,404,2026-04-17,other-legacy-service,,,4,leave_404,,No meaningful traffic.,low,classification_source=rule
https://www.ewastekochi.com/buyback/phones/sell-poco-7-pro-kochi.html,/buyback/phones/sell-poco-7-pro-kochi.html,www.ewastekochi.com,/buyback/phones/sell-poco-7-pro-kochi.html,0,0,404,404,2026-04-17,other-legacy-service,,,4,leave_404,,No meaningful traffic.,low,classification_source=rule
https://www.ewastekochi.com/buyback/phones/sell-iphone-8-pro-kochi.html,/buyback/phones/sell-iphone-8-pro-kochi.html,www.ewastekochi.com,/buyback/phones/sell-iphone-8-pro-kochi.html,0,0,404,404,2026-04-17,other-legacy-service,,,4,leave_404,,No meaningful traffic.,low,classification_source=rule
https://www.ewastekochi.com/ml/locations/ewaste-682059.html,/ml/locations/ewaste-682059.html,www.ewastekochi.com,/ml/locations/ewaste-682059.html,0,0,404,404,2026-04-17,other-legacy-service,,,4,leave_404,,No meaningful traffic.,low,classification_source=rule
https://www.ewastekochi.com/ml/locations/ewaste-682208.html,/ml/locations/ewaste-682208.html,www.ewastekochi.com,/ml/locations/ewaste-682208.html,0,0,404,404,2026-04-17,other-legacy-service,,,4,leave_404,,No meaningful traffic.,low,classification_source=rule
https://www.ewastekochi.com/buyback/phones/sell-oneplus-13t-kochi.html,/buyback/phones/sell-oneplus-13t-kochi.html,www.ewastekochi.com,/buyback/phones/sell-oneplus-13t-kochi.html,0,0,404,404,2026-04-17,other-legacy-service,,,4,leave_404,,No meaningful traffic.,low,classification_source=rule
https://www.ewastekochi.com/ml/buyback/laptops/sell-dell-latitude-5464-kochi.html,/ml/buyback/laptops/sell-dell-latitude-5464-kochi.html,www.ewastekochi.com,/ml/buyback/laptops/sell-dell-latitude-5464-kochi.html,0,0,404,404,2026-04-17,other-legacy-service,,,4,leave_404,,No meaningful traffic.,low,classification_source=rule
https://www.ewastekochi.com/buyback/phones/sell-oneplus-4-pro-kochi.html,/buyback/phones/sell-oneplus-4-pro-kochi.html,www.ewastekochi.com,/buyback/phones/sell-oneplus-4-pro-kochi.html,0,0,404,404,2026-04-17,other-legacy-service,,,4,leave_404,,No meaningful traffic.,low,classification_source=rule
https://www.ewastekochi.com/ml/buyback/laptops/sell-thinkpad-t439s-kochi.html,/ml/buyback/laptops/sell-thinkpad-t439s-kochi.html,www.ewastekochi.com,/ml/buyback/laptops/sell-thinkpad-t439s-kochi.html,0,0,404,404,2026-04-17,other-legacy-service,,,4,leave_404,,No meaningful traffic.,low,classification_source=rule
https://www.ewastekochi.com/ml/buyback/laptops/sell-hp-elitebook-874-kochi.html,/ml/buyback/laptops/sell-hp-elitebook-874-kochi.html,www.ewastekochi.com,/ml/buyback/laptops/sell-hp-elitebook-874-kochi.html,0,0,404,404,2026-04-17,other-legacy-service,,,4,leave_404,,No meaningful traffic.,low,classification_source=rule
https://www.ewastekochi.com/ml/buyback/laptops/sell-dell-latitude-5466-kochi.html,/ml/buyback/laptops/sell-dell-latitude-5466-kochi.html,www.ewastekochi.com,/ml/buyback/laptops/sell-dell-latitude-5466-kochi.html,0,0,404,404,2026-04-17,other-legacy-service,,,4,leave_404,,No meaningful traffic.,low,classification_source=rule
https://www.ewastekochi.com/locations/thrikkakara/data-destruction-kochi,/locations/thrikkakara/data-destruction-kochi,www.ewastekochi.com,/locations/thrikkakara/data-destruction-kochi,0,6,404,404,2026-04-17,location-service-matrix,thrikkakara,data-destruction-kochi,3,redirect_301,(see vercel.json),Already implemented as a redirect in vercel.json.,none,classification_source=v2-redirect
https://www.ewastekochi.com/locations/kottayam/e-waste-recycling-kochi,/locations/kottayam/e-waste-recycling-kochi,www.ewastekochi.com,/locations/kottayam/e-waste-recycling-kochi,0,15,404|redirect,404|redirect,2026-04-17,location-service-matrix,kottayam,e-waste-recycling-kochi,3,redirect_301,(see vercel.json),Already implemented as a redirect in vercel.json.,none,classification_source=v2-redirect
https://www.ewastekochi.com/ml/locations/ewaste-682063.html,/ml/locations/ewaste-682063.html,www.ewastekochi.com,/ml/locations/ewaste-682063.html,0,0,404,404,2026-04-17,other-legacy-service,,,4,leave_404,,No meaningful traffic.,low,classification_source=rule
https://www.ewastekochi.com/ml/buyback/laptops/sell-hp-elitebook-853-kochi.html,/ml/buyback/laptops/sell-hp-elitebook-853-kochi.html,www.ewastekochi.com,/ml/buyback/laptops/sell-hp-elitebook-853-kochi.html,0,0,404,404,2026-04-17,other-legacy-service,,,4,leave_404,,No meaningful traffic.,low,classification_source=rule
https://www.ewastekochi.com/ml/buyback/phones/sell-google-pixel-15-pro-kochi.html,/ml/buyback/phones/sell-google-pixel-15-pro-kochi.html,www.ewastekochi.com,/ml/buyback/phones/sell-google-pixel-15-pro-kochi.html,0,0,404,404,2026-04-17,other-legacy-service,,,4,leave_404,,No meaningful traffic.,low,classification_source=rule
https://www.ewastekochi.com/locations/ewaste-682231.html,/locations/ewaste-682231.html,www.ewastekochi.com,/locations/ewaste-682231.html,0,0,404,404,2026-04-17,location-page,ewaste-682231.html,,4,leave_404,,"Location page, no meaningful traffic.",low,classification_source=rule
https://www.ewastekochi.com/locations/ewaste-682246.html,/locations/ewaste-682246.html,www.ewastekochi.com,/locations/ewaste-682246.html,0,0,404,404,2026-04-17,location-page,ewaste-682246.html,,4,leave_404,,"Location page, no meaningful traffic.",low,classification_source=rule
https://www.ewastekochi.com/locations/ewaste-682090.html,/locations/ewaste-682090.html,www.ewastekochi.com,/locations/ewaste-682090.html,0,0,404,404,2026-04-16,location-page,ewaste-682090.html,,4,leave_404,,"Location page, no meaningful traffic.",low,classification_source=rule
https://www.ewastekochi.com/locations/ewaste-682012.html,/locations/ewaste-682012.html,www.ewastekochi.com,/locations/ewaste-682012.html,0,0,404,404,2026-04-16,location-page,ewaste-682012.html,,4,leave_404,,"Location page, no meaningful traffic.",low,classification_source=rule
https://www.ewastekochi.com/buyback/laptops/sell-asus-rog-zephyrus-g110-kochi,/buyback/laptops/sell-asus-rog-zephyrus-g110-kochi,www.ewastekochi.com,/buyback/laptops/sell-asus-rog-zephyrus-g110-kochi,0,0,404,404,2026-04-13,other-legacy-service,,sell-asus-rog-zephyrus-g110-kochi,4,leave_404,,No meaningful traffic.,low,classification_source=rule
https://www.ewastekochi.com/ml/buyback/laptops/sell-thinkpad-t500s-kochi.html,/ml/buyback/laptops/sell-thinkpad-t500s-kochi.html,www.ewastekochi.com,/ml/buyback/laptops/sell-thinkpad-t500s-kochi.html,0,0,404,404,2026-04-13,other-legacy-service,,,4,leave_404,,No meaningful traffic.,low,classification_source=rule
https://www.ewastekochi.com/ml/buyback/laptops/sell-thinkpad-t422s-kochi.html,/ml/buyback/laptops/sell-thinkpad-t422s-kochi.html,www.ewastekochi.com,/ml/buyback/laptops/sell-thinkpad-t422s-kochi.html,0,0,404,404,2026-04-13,other-legacy-service,,,4,leave_404,,No meaningful traffic.,low,classification_source=rule
https://www.ewastekochi.com/locations/ewaste-ravipuram.html,/locations/ewaste-ravipuram.html,www.ewastekochi.com,/locations/ewaste-ravipuram.html,0,0,404,404,2026-04-13,location-page,ewaste-ravipuram.html,,4,leave_404,,"Location page, no meaningful traffic.",low,classification_source=rule
https://www.ewastekochi.com/itad-kochi.html,/itad-kochi.html,www.ewastekochi.com,/itad-kochi.html,0,2,404,404,2026-04-13,other-legacy-service,,,3,leave_404,,No meaningful traffic.,low,classification_source=rule
https://www.ewastekochi.com/locations/ewaste-682002,/locations/ewaste-682002,www.ewastekochi.com,/locations/ewaste-682002,0,4,404,404,2026-04-13,location-page,ewaste-682002,ewaste-682002,3,leave_404,,"Location page, no meaningful traffic.",low,classification_source=rule
https://www.ewastekochi.com/buyback/laptops/sell-hp-elitebook-923-kochi.html,/buyback/laptops/sell-hp-elitebook-923-kochi.html,www.ewastekochi.com,/buyback/laptops/sell-hp-elitebook-923-kochi.html,0,0,404,404,2026-04-13,other-legacy-service,,,4,leave_404,,No meaningful traffic.,low,classification_source=rule
https://www.ewastekochi.com/ml/locations/ewaste-682125.html,/ml/locations/ewaste-682125.html,www.ewastekochi.com,/ml/locations/ewaste-682125.html,0,0,404,404,2026-04-13,other-legacy-service,,,4,leave_404,,No meaningful traffic.,low,classification_source=rule
https://www.ewastekochi.com/buyback/phones/sell-xiaomi-redmi-note-8-kochi.html,/buyback/phones/sell-xiaomi-redmi-note-8-kochi.html,www.ewastekochi.com,/buyback/phones/sell-xiaomi-redmi-note-8-kochi.html,0,0,404,404,2026-04-13,other-legacy-service,,,4,leave_404,,No meaningful traffic.,low,classification_source=rule
https://www.ewastekochi.com/ml/buyback/phones/sell-iphone-15-kochi.html,/ml/buyback/phones/sell-iphone-15-kochi.html,www.ewastekochi.com,/ml/buyback/phones/sell-iphone-15-kochi.html,0,0,404,404,2026-04-13,other-legacy-service,,,4,leave_404,,No meaningful traffic.,low,classification_source=rule
https://www.ewastekochi.com/ml/locations/ewaste-682014.html,/ml/locations/ewaste-682014.html,www.ewastekochi.com,/ml/locations/ewaste-682014.html,0,0,404,404,2026-04-13,other-legacy-service,,,4,leave_404,,No meaningful traffic.,low,classification_source=rule
https://www.ewastekochi.com/locations/ewaste-682181.html,/locations/ewaste-682181.html,www.ewastekochi.com,/locations/ewaste-682181.html,0,0,404,404,2026-04-13,location-page,ewaste-682181.html,,4,leave_404,,"Location page, no meaningful traffic.",low,classification_source=rule
https://www.ewastekochi.com/buyback/office-it-clearance-kochi.html,/buyback/office-it-clearance-kochi.html,www.ewastekochi.com,/buyback/office-it-clearance-kochi.html,0,0,404,404,2026-04-13,other-legacy-service,,,4,leave_404,,No meaningful traffic.,low,classification_source=rule
https://www.ewastekochi.com/locations/ewaste-682082.html,/locations/ewaste-682082.html,www.ewastekochi.com,/locations/ewaste-682082.html,0,0,404,404,2026-04-13,location-page,ewaste-682082.html,,4,leave_404,,"Location page, no meaningful traffic.",low,classification_source=rule
https://www.ewastekochi.com/get-instant-quote.html,/get-instant-quote.html,www.ewastekochi.com,/get-instant-quote.html,0,0,404,404,2026-04-13,other-legacy-service,,,4,leave_404,,No meaningful traffic.,low,classification_source=rule
https://www.ewastekochi.com/ml/buyback/laptops/sell-hp-elitebook-908-kochi.html,/ml/buyback/laptops/sell-hp-elitebook-908-kochi.html,www.ewastekochi.com,/ml/buyback/laptops/sell-hp-elitebook-908-kochi.html,0,0,404,404,2026-04-13,other-legacy-service,,,4,leave_404,,No meaningful traffic.,low,classification_source=rule
https://www.ewastekochi.com/ml/locations/ewaste-682116.html,/ml/locations/ewaste-682116.html,www.ewastekochi.com,/ml/locations/ewaste-682116.html,0,0,404,404,2026-04-13,other-legacy-service,,,4,leave_404,,No meaningful traffic.,low,classification_source=rule
https://www.ewastekochi.com/ml/locations/ewaste-682004.html,/ml/locations/ewaste-682004.html,www.ewastekochi.com,/ml/locations/ewaste-682004.html,0,0,404,404,2026-04-13,other-legacy-service,,,4,leave_404,,No meaningful traffic.,low,classification_source=rule
https://www.ewastekochi.com/buyback/laptops/sell-thinkpad-t428s-kochi.html,/buyback/laptops/sell-thinkpad-t428s-kochi.html,www.ewastekochi.com,/buyback/laptops/sell-thinkpad-t428s-kochi.html,0,0,404,404,2026-04-13,other-legacy-service,,,4,leave_404,,No meaningful traffic.,low,classification_source=rule
https://www.ewastekochi.com/buyback/laptops/sell-microsoft-surface-pro-8-kochi.html,/buyback/laptops/sell-microsoft-surface-pro-8-kochi.html,www.ewastekochi.com,/buyback/laptops/sell-microsoft-surface-pro-8-kochi.html,0,0,404,404,2026-04-13,other-legacy-service,,,4,leave_404,,No meaningful traffic.,low,classification_source=rule
https://www.ewastekochi.com/buyback/laptops/sell-dell-latitude-5018-kochi.html,/buyback/laptops/sell-dell-latitude-5018-kochi.html,www.ewastekochi.com,/buyback/laptops/sell-dell-latitude-5018-kochi.html,0,0,404,404,2026-04-13,other-legacy-service,,,4,leave_404,,No meaningful traffic.,low,classification_source=rule
https://www.ewastekochi.com/ml/locations/ewaste-infopark.html,/ml/locations/ewaste-infopark.html,www.ewastekochi.com,/ml/locations/ewaste-infopark.html,0,0,404,404,2026-04-13,other-legacy-service,,,4,leave_404,,No meaningful traffic.,low,classification_source=rule
https://www.ewastekochi.com/ml/locations/ewaste-682126.html,/ml/locations/ewaste-682126.html,www.ewastekochi.com,/ml/locations/ewaste-682126.html,0,0,404,404,2026-04-13,other-legacy-service,,,4,leave_404,,No meaningful traffic.,low,classification_source=rule
https://www.ewastekochi.com/buyback/laptops/sell-hp-elitebook-852-kochi.html,/buyback/laptops/sell-hp-elitebook-852-kochi.html,www.ewastekochi.com,/buyback/laptops/sell-hp-elitebook-852-kochi.html,0,0,404,404,2026-04-13,other-legacy-service,,,4,leave_404,,No meaningful traffic.,low,classification_source=rule
https://www.ewastekochi.com/ml/locations/ewaste-682176.html,/ml/locations/ewaste-682176.html,www.ewastekochi.com,/ml/locations/ewaste-682176.html,0,0,404,404,2026-04-13,other-legacy-service,,,4,leave_404,,No meaningful traffic.,low,classification_source=rule
https://www.ewastekochi.com/ml/buyback/laptops/sell-dell-latitude-5413-kochi.html,/ml/buyback/laptops/sell-dell-latitude-5413-kochi.html,www.ewastekochi.com,/ml/buyback/laptops/sell-dell-latitude-5413-kochi.html,0,0,404,404,2026-04-13,other-legacy-service,,,4,leave_404,,No meaningful traffic.,low,classification_source=rule
https://www.ewastekochi.com/ml/locations/ewaste-682131.html,/ml/locations/ewaste-682131.html,www.ewastekochi.com,/ml/locations/ewaste-682131.html,0,0,404,404,2026-04-13,other-legacy-service,,,4,leave_404,,No meaningful traffic.,low,classification_source=rule
https://www.ewastekochi.com/buyback/laptops/sell-thinkpad-t425-kochi.html,/buyback/laptops/sell-thinkpad-t425-kochi.html,www.ewastekochi.com,/buyback/laptops/sell-thinkpad-t425-kochi.html,0,0,404,404,2026-04-13,other-legacy-service,,,4,leave_404,,No meaningful traffic.,low,classification_source=rule
https://www.ewastekochi.com/buyback/laptops/sell-dell-latitude-5479-kochi.html,/buyback/laptops/sell-dell-latitude-5479-kochi.html,www.ewastekochi.com,/buyback/laptops/sell-dell-latitude-5479-kochi.html,0,0,404,404,2026-04-13,other-legacy-service,,,4,leave_404,,No meaningful traffic.,low,classification_source=rule
https://www.ewastekochi.com/buyback/laptops/sell-dell-latitude-5457-kochi.html,/buyback/laptops/sell-dell-latitude-5457-kochi.html,www.ewastekochi.com,/buyback/laptops/sell-dell-latitude-5457-kochi.html,0,0,404,404,2026-04-13,other-legacy-service,,,4,leave_404,,No meaningful traffic.,low,classification_source=rule
https://www.ewastekochi.com/buyback/laptops/sell-thinkpad-t436p-kochi.html,/buyback/laptops/sell-thinkpad-t436p-kochi.html,www.ewastekochi.com,/buyback/laptops/sell-thinkpad-t436p-kochi.html,0,0,404,404,2026-04-13,other-legacy-service,,,4,leave_404,,No meaningful traffic.,low,classification_source=rule
https://www.ewastekochi.com/buyback/laptops/sell-thinkpad-t481s-kochi.html,/buyback/laptops/sell-thinkpad-t481s-kochi.html,www.ewastekochi.com,/buyback/laptops/sell-thinkpad-t481s-kochi.html,0,0,404,404,2026-04-13,other-legacy-service,,,4,leave_404,,No meaningful traffic.,low,classification_source=rule
https://www.ewastekochi.com/buyback/laptops/sell-asus-rog-zephyrus-g12-kochi.html,/buyback/laptops/sell-asus-rog-zephyrus-g12-kochi.html,www.ewastekochi.com,/buyback/laptops/sell-asus-rog-zephyrus-g12-kochi.html,0,0,404,404,2026-04-13,other-legacy-service,,,4,leave_404,,No meaningful traffic.,low,classification_source=rule
https://www.ewastekochi.com/buyback/phones/sell-samsung-galaxy-a17-kochi.html,/buyback/phones/sell-samsung-galaxy-a17-kochi.html,www.ewastekochi.com,/buyback/phones/sell-samsung-galaxy-a17-kochi.html,0,0,404,404,2026-04-13,other-legacy-service,,,4,leave_404,,No meaningful traffic.,low,classification_source=rule
https://www.ewastekochi.com/buyback/phones/sell-xiaomi-redmi-note-9-kochi.html,/buyback/phones/sell-xiaomi-redmi-note-9-kochi.html,www.ewastekochi.com,/buyback/phones/sell-xiaomi-redmi-note-9-kochi.html,0,0,404,404,2026-04-13,other-legacy-service,,,4,leave_404,,No meaningful traffic.,low,classification_source=rule
https://www.ewastekochi.com/ml/locations/ewaste-682042.html,/ml/locations/ewaste-682042.html,www.ewastekochi.com,/ml/locations/ewaste-682042.html,0,0,404,404,2026-04-13,other-legacy-service,,,4,leave_404,,No meaningful traffic.,low,classification_source=rule
https://www.ewastekochi.com/ml/locations/ewaste-muvattupuzha.html,/ml/locations/ewaste-muvattupuzha.html,www.ewastekochi.com,/ml/locations/ewaste-muvattupuzha.html,0,0,404,404,2026-04-13,other-legacy-service,,,4,leave_404,,No meaningful traffic.,low,classification_source=rule
https://www.ewastekochi.com/ml/locations/ewaste-682249.html,/ml/locations/ewaste-682249.html,www.ewastekochi.com,/ml/locations/ewaste-682249.html,0,0,404,404,2026-04-13,other-legacy-service,,,4,leave_404,,No meaningful traffic.,low,classification_source=rule
https://www.ewastekochi.com/ml/locations/ewaste-682229.html,/ml/locations/ewaste-682229.html,www.ewastekochi.com,/ml/locations/ewaste-682229.html,0,0,404,404,2026-04-13,other-legacy-service,,,4,leave_404,,No meaningful traffic.,low,classification_source=rule
https://www.ewastekochi.com/buyback/laptops/sell-asus-rog-zephyrus-g10-kochi.html,/buyback/laptops/sell-asus-rog-zephyrus-g10-kochi.html,www.ewastekochi.com,/buyback/laptops/sell-asus-rog-zephyrus-g10-kochi.html,0,0,404,404,2026-04-13,other-legacy-service,,,4,leave_404,,No meaningful traffic.,low,classification_source=rule
https://www.ewastekochi.com/buyback/laptops/sell-hp-elitebook-911-kochi.html,/buyback/laptops/sell-hp-elitebook-911-kochi.html,www.ewastekochi.com,/buyback/laptops/sell-hp-elitebook-911-kochi.html,0,0,404,404,2026-04-13,other-legacy-service,,,4,leave_404,,No meaningful traffic.,low,classification_source=rule
https://www.ewastekochi.com/ml/buyback/laptops/sell-hp-elitebook-934-kochi.html,/ml/buyback/laptops/sell-hp-elitebook-934-kochi.html,www.ewastekochi.com,/ml/buyback/laptops/sell-hp-elitebook-934-kochi.html,0,0,404,404,2026-04-13,other-legacy-service,,,4,leave_404,,No meaningful traffic.,low,classification_source=rule
https://www.ewastekochi.com/buyback/laptops/sell-dell-latitude-7408-kochi.html,/buyback/laptops/sell-dell-latitude-7408-kochi.html,www.ewastekochi.com,/buyback/laptops/sell-dell-latitude-7408-kochi.html,0,0,404,404,2026-04-13,other-legacy-service,,,4,leave_404,,No meaningful traffic.,low,classification_source=rule
https://www.ewastekochi.com/buyback/laptops/sell-thinkpad-t482s-kochi.html,/buyback/laptops/sell-thinkpad-t482s-kochi.html,www.ewastekochi.com,/buyback/laptops/sell-thinkpad-t482s-kochi.html,0,0,404,404,2026-04-13,other-legacy-service,,,4,leave_404,,No meaningful traffic.,low,classification_source=rule
https://www.ewastekochi.com/ml/locations/ewaste-682191.html,/ml/locations/ewaste-682191.html,www.ewastekochi.com,/ml/locations/ewaste-682191.html,0,0,404,404,2026-04-13,other-legacy-service,,,4,leave_404,,No meaningful traffic.,low,classification_source=rule
https://www.ewastekochi.com/buyback/laptops/sell-microsoft-surface-pro-0-kochi.html,/buyback/laptops/sell-microsoft-surface-pro-0-kochi.html,www.ewastekochi.com,/buyback/laptops/sell-microsoft-surface-pro-0-kochi.html,0,0,404,404,2026-04-13,other-legacy-service,,,4,leave_404,,No meaningful traffic.,low,classification_source=rule
https://www.ewastekochi.com/locations/ewaste-682127,/locations/ewaste-682127,www.ewastekochi.com,/locations/ewaste-682127,0,0,404,404,2026-04-13,location-page,ewaste-682127,ewaste-682127,4,leave_404,,"Location page, no meaningful traffic.",low,classification_source=rule
https://www.ewastekochi.com/buyback/laptops/sell-dell-latitude-5418-kochi.html,/buyback/laptops/sell-dell-latitude-5418-kochi.html,www.ewastekochi.com,/buyback/laptops/sell-dell-latitude-5418-kochi.html,0,0,404,404,2026-04-13,other-legacy-service,,,4,leave_404,,No meaningful traffic.,low,classification_source=rule
https://www.ewastekochi.com/buyback/phones/sell-samsung-s11-ultra-kochi.html,/buyback/phones/sell-samsung-s11-ultra-kochi.html,www.ewastekochi.com,/buyback/phones/sell-samsung-s11-ultra-kochi.html,0,0,404,404,2026-04-13,other-legacy-service,,,4,leave_404,,No meaningful traffic.,low,classification_source=rule
https://www.ewastekochi.com/buyback/laptops/sell-hp-elitebook-928-kochi.html,/buyback/laptops/sell-hp-elitebook-928-kochi.html,www.ewastekochi.com,/buyback/laptops/sell-hp-elitebook-928-kochi.html,0,0,404,404,2026-04-13,other-legacy-service,,,4,leave_404,,No meaningful traffic.,low,classification_source=rule
https://www.ewastekochi.com/locations/ewaste-682099.html,/locations/ewaste-682099.html,www.ewastekochi.com,/locations/ewaste-682099.html,0,0,404,404,2026-04-13,location-page,ewaste-682099.html,,4,leave_404,,"Location page, no meaningful traffic.",low,classification_source=rule
https://www.ewastekochi.com/buyback/phones/sell-iphone-9-kochi.html,/buyback/phones/sell-iphone-9-kochi.html,www.ewastekochi.com,/buyback/phones/sell-iphone-9-kochi.html,0,0,404,404,2026-04-13,other-legacy-service,,,4,leave_404,,No meaningful traffic.,low,classification_source=rule
https://www.ewastekochi.com/buyback/laptops/sell-thinkpad-t430s-kochi.html,/buyback/laptops/sell-thinkpad-t430s-kochi.html,www.ewastekochi.com,/buyback/laptops/sell-thinkpad-t430s-kochi.html,0,0,404,404,2026-04-13,other-legacy-service,,,4,leave_404,,No meaningful traffic.,low,classification_source=rule
https://www.ewastekochi.com/buyback/laptops/sell-thinkpad-t449p-kochi.html,/buyback/laptops/sell-thinkpad-t449p-kochi.html,www.ewastekochi.com,/buyback/laptops/sell-thinkpad-t449p-kochi.html,0,0,404,404,2026-04-13,other-legacy-service,,,4,leave_404,,No meaningful traffic.,low,classification_source=rule
https://www.ewastekochi.com/buyback/laptops/sell-dell-latitude-7456-kochi.html,/buyback/laptops/sell-dell-latitude-7456-kochi.html,www.ewastekochi.com,/buyback/laptops/sell-dell-latitude-7456-kochi.html,0,0,404,404,2026-04-13,other-legacy-service,,,4,leave_404,,No meaningful traffic.,low,classification_source=rule
https://www.ewastekochi.com/ml/locations/ewaste-682144.html,/ml/locations/ewaste-682144.html,www.ewastekochi.com,/ml/locations/ewaste-682144.html,0,0,404,404,2026-04-13,other-legacy-service,,,4,leave_404,,No meaningful traffic.,low,classification_source=rule
https://www.ewastekochi.com/buyback/phones/sell-samsung-galaxy-a24-kochi.html,/buyback/phones/sell-samsung-galaxy-a24-kochi.html,www.ewastekochi.com,/buyback/phones/sell-samsung-galaxy-a24-kochi.html,0,0,404,404,2026-04-13,other-legacy-service,,,4,leave_404,,No meaningful traffic.,low,classification_source=rule
https://www.ewastekochi.com/buyback/laptops/sell-dell-latitude-5488-kochi.html,/buyback/laptops/sell-dell-latitude-5488-kochi.html,www.ewastekochi.com,/buyback/laptops/sell-dell-latitude-5488-kochi.html,0,0,404,404,2026-04-13,other-legacy-service,,,4,leave_404,,No meaningful traffic.,low,classification_source=rule
https://www.ewastekochi.com/ml/locations/ewaste-682185.html,/ml/locations/ewaste-682185.html,www.ewastekochi.com,/ml/locations/ewaste-682185.html,0,0,404,404,2026-04-13,other-legacy-service,,,4,leave_404,,No meaningful traffic.,low,classification_source=rule
https://www.ewastekochi.com/buyback/phones/sell-google-pixel-13-pro-kochi.html,/buyback/phones/sell-google-pixel-13-pro-kochi.html,www.ewastekochi.com,/buyback/phones/sell-google-pixel-13-pro-kochi.html,0,0,404,404,2026-04-13,other-legacy-service,,,4,leave_404,,No meaningful traffic.,low,classification_source=rule
https://www.ewastekochi.com/locations/ewaste-682154.html,/locations/ewaste-682154.html,www.ewastekochi.com,/locations/ewaste-682154.html,0,0,404,404,2026-04-13,location-page,ewaste-682154.html,,4,leave_404,,"Location page, no meaningful traffic.",low,classification_source=rule
https://www.ewastekochi.com/locations/ewaste-682081.html,/locations/ewaste-682081.html,www.ewastekochi.com,/locations/ewaste-682081.html,0,0,404,404,2026-04-13,location-page,ewaste-682081.html,,4,leave_404,,"Location page, no meaningful traffic.",low,classification_source=rule
https://www.ewastekochi.com/locations/ewaste-682221.html,/locations/ewaste-682221.html,www.ewastekochi.com,/locations/ewaste-682221.html,0,0,404,404,2026-04-13,location-page,ewaste-682221.html,,4,leave_404,,"Location page, no meaningful traffic.",low,classification_source=rule
https://www.ewastekochi.com/ml/locations/ewaste-682084.html,/ml/locations/ewaste-682084.html,www.ewastekochi.com,/ml/locations/ewaste-682084.html,0,0,404,404,2026-04-13,other-legacy-service,,,4,leave_404,,No meaningful traffic.,low,classification_source=rule
https://www.ewastekochi.com/buyback/phones/sell-samsung-s8-ultra-kochi.html,/buyback/phones/sell-samsung-s8-ultra-kochi.html,www.ewastekochi.com,/buyback/phones/sell-samsung-s8-ultra-kochi.html,0,0,404,404,2026-04-13,other-legacy-service,,,4,leave_404,,No meaningful traffic.,low,classification_source=rule
https://www.ewastekochi.com/buyback/laptops/sell-macbook-pro-m3-pro-kochi.html,/buyback/laptops/sell-macbook-pro-m3-pro-kochi.html,www.ewastekochi.com,/buyback/laptops/sell-macbook-pro-m3-pro-kochi.html,0,0,404,404,2026-04-13,other-legacy-service,,,4,leave_404,,No meaningful traffic.,low,classification_source=rule
https://www.ewastekochi.com/ml/locations/ewaste-682238.html,/ml/locations/ewaste-682238.html,www.ewastekochi.com,/ml/locations/ewaste-682238.html,0,0,404,404,2026-04-13,other-legacy-service,,,4,leave_404,,No meaningful traffic.,low,classification_source=rule
https://www.ewastekochi.com/buyback/laptops/sell-thinkpad-t430p-kochi.html,/buyback/laptops/sell-thinkpad-t430p-kochi.html,www.ewastekochi.com,/buyback/laptops/sell-thinkpad-t430p-kochi.html,0,0,404,404,2026-04-13,other-legacy-service,,,4,leave_404,,No meaningful traffic.,low,classification_source=rule
https://www.ewastekochi.com/ml/locations/ewaste-682074.html,/ml/locations/ewaste-682074.html,www.ewastekochi.com,/ml/locations/ewaste-682074.html,0,0,404,404,2026-04-13,other-legacy-service,,,4,leave_404,,No meaningful traffic.,low,classification_source=rule
https://www.ewastekochi.com/buyback/laptops/sell-dell-latitude-5491-kochi.html,/buyback/laptops/sell-dell-latitude-5491-kochi.html,www.ewastekochi.com,/buyback/laptops/sell-dell-latitude-5491-kochi.html,0,0,404,404,2026-04-13,other-legacy-service,,,4,leave_404,,No meaningful traffic.,low,classification_source=rule
https://www.ewastekochi.com/buyback/laptops/sell-thinkpad-t457p-kochi.html,/buyback/laptops/sell-thinkpad-t457p-kochi.html,www.ewastekochi.com,/buyback/laptops/sell-thinkpad-t457p-kochi.html,0,0,404,404,2026-04-13,other-legacy-service,,,4,leave_404,,No meaningful traffic.,low,classification_source=rule
https://www.ewastekochi.com/buyback/phones/sell-oneplus-11-pro-kochi.html,/buyback/phones/sell-oneplus-11-pro-kochi.html,www.ewastekochi.com,/buyback/phones/sell-oneplus-11-pro-kochi.html,0,0,404,404,2026-04-13,other-legacy-service,,,4,leave_404,,No meaningful traffic.,low,classification_source=rule
https://www.ewastekochi.com/ml/buyback/laptops/sell-dell-latitude-5432-kochi.html,/ml/buyback/laptops/sell-dell-latitude-5432-kochi.html,www.ewastekochi.com,/ml/buyback/laptops/sell-dell-latitude-5432-kochi.html,0,0,404,404,2026-04-13,other-legacy-service,,,4,leave_404,,No meaningful traffic.,low,classification_source=rule
https://www.ewastekochi.com/buyback/phones/sell-iphone-12-plus-kochi.html,/buyback/phones/sell-iphone-12-plus-kochi.html,www.ewastekochi.com,/buyback/phones/sell-iphone-12-plus-kochi.html,0,0,404,404,2026-04-13,other-legacy-service,,,4,leave_404,,No meaningful traffic.,low,classification_source=rule
https://www.ewastekochi.com/buyback/laptops/sell-dell-latitude-5438-kochi.html,/buyback/laptops/sell-dell-latitude-5438-kochi.html,www.ewastekochi.com,/buyback/laptops/sell-dell-latitude-5438-kochi.html,0,0,404,404,2026-04-13,other-legacy-service,,,4,leave_404,,No meaningful traffic.,low,classification_source=rule
https://www.ewastekochi.com/locations/ewaste-682189.html,/locations/ewaste-682189.html,www.ewastekochi.com,/locations/ewaste-682189.html,0,0,404,404,2026-04-13,location-page,ewaste-682189.html,,4,leave_404,,"Location page, no meaningful traffic.",low,classification_source=rule
https://www.ewastekochi.com/blog/dpdp-act-impact-startups.html,/blog/dpdp-act-impact-startups.html,www.ewastekochi.com,/blog/dpdp-act-impact-startups.html,0,7,404,404,2026-04-13,blog,,,3,leave_404,,"Legacy generated blog content, no meaningful traffic — do not recreate.",low,classification_source=rule
https://www.ewastekochi.com/locations/ewaste-angamaly.html,/locations/ewaste-angamaly.html,www.ewastekochi.com,/locations/ewaste-angamaly.html,0,0,404,404,2026-04-13,location-page,ewaste-angamaly.html,,4,leave_404,,"Location page, no meaningful traffic.",low,classification_source=rule
https://www.ewastekochi.com/buyback/phones/sell-samsung-galaxy-s8-ultra-kochi.html,/buyback/phones/sell-samsung-galaxy-s8-ultra-kochi.html,www.ewastekochi.com,/buyback/phones/sell-samsung-galaxy-s8-ultra-kochi.html,0,0,404,404,2026-04-13,other-legacy-service,,,4,leave_404,,No meaningful traffic.,low,classification_source=rule
https://www.ewastekochi.com/ml/locations/ewaste-682219.html,/ml/locations/ewaste-682219.html,www.ewastekochi.com,/ml/locations/ewaste-682219.html,0,0,404,404,2026-04-13,other-legacy-service,,,4,leave_404,,No meaningful traffic.,low,classification_source=rule
https://www.ewastekochi.com/buyback/phones/sell-iphone-5-pro-kochi.html,/buyback/phones/sell-iphone-5-pro-kochi.html,www.ewastekochi.com,/buyback/phones/sell-iphone-5-pro-kochi.html,0,0,404,404,2026-04-13,other-legacy-service,,,4,leave_404,,No meaningful traffic.,low,classification_source=rule
https://www.ewastekochi.com/buyback/laptops/sell-hp-elitebook-921-kochi.html,/buyback/laptops/sell-hp-elitebook-921-kochi.html,www.ewastekochi.com,/buyback/laptops/sell-hp-elitebook-921-kochi.html,0,0,404,404,2026-04-13,other-legacy-service,,,4,leave_404,,No meaningful traffic.,low,classification_source=rule
https://www.ewastekochi.com/ml/locations/ewaste-682224.html,/ml/locations/ewaste-682224.html,www.ewastekochi.com,/ml/locations/ewaste-682224.html,0,0,404,404,2026-04-13,other-legacy-service,,,4,leave_404,,No meaningful traffic.,low,classification_source=rule
https://www.ewastekochi.com/buyback/laptops/sell-thinkpad-t405-kochi.html,/buyback/laptops/sell-thinkpad-t405-kochi.html,www.ewastekochi.com,/buyback/laptops/sell-thinkpad-t405-kochi.html,0,0,404,404,2026-04-13,other-legacy-service,,,4,leave_404,,No meaningful traffic.,low,classification_source=rule
https://www.ewastekochi.com/buyback/laptops/sell-thinkpad-t423-kochi.html,/buyback/laptops/sell-thinkpad-t423-kochi.html,www.ewastekochi.com,/buyback/laptops/sell-thinkpad-t423-kochi.html,0,0,404,404,2026-04-13,other-legacy-service,,,4,leave_404,,No meaningful traffic.,low,classification_source=rule
https://www.ewastekochi.com/ml/locations/ewaste-682194.html,/ml/locations/ewaste-682194.html,www.ewastekochi.com,/ml/locations/ewaste-682194.html,0,0,404,404,2026-04-13,other-legacy-service,,,4,leave_404,,No meaningful traffic.,low,classification_source=rule
https://www.ewastekochi.com/buyback/laptops/sell-dell-latitude-5021-kochi.html,/buyback/laptops/sell-dell-latitude-5021-kochi.html,www.ewastekochi.com,/buyback/laptops/sell-dell-latitude-5021-kochi.html,0,0,404,404,2026-04-13,other-legacy-service,,,4,leave_404,,No meaningful traffic.,low,classification_source=rule
https://www.ewastekochi.com/buyback/phones/sell-iphone-8-kochi.html,/buyback/phones/sell-iphone-8-kochi.html,www.ewastekochi.com,/buyback/phones/sell-iphone-8-kochi.html,0,0,404,404,2026-04-13,other-legacy-service,,,4,leave_404,,No meaningful traffic.,low,classification_source=rule
https://www.ewastekochi.com/buyback/phones/sell-poco-10-pro-kochi.html,/buyback/phones/sell-poco-10-pro-kochi.html,www.ewastekochi.com,/buyback/phones/sell-poco-10-pro-kochi.html,0,0,404,404,2026-04-13,other-legacy-service,,,4,leave_404,,No meaningful traffic.,low,classification_source=rule
https://www.ewastekochi.com/buyback/phones/sell-iphone-2-pro-kochi.html,/buyback/phones/sell-iphone-2-pro-kochi.html,www.ewastekochi.com,/buyback/phones/sell-iphone-2-pro-kochi.html,0,0,404,404,2026-04-13,other-legacy-service,,,4,leave_404,,No meaningful traffic.,low,classification_source=rule
https://www.ewastekochi.com/buyback/laptops/sell-dell-latitude-5404-kochi.html,/buyback/laptops/sell-dell-latitude-5404-kochi.html,www.ewastekochi.com,/buyback/laptops/sell-dell-latitude-5404-kochi.html,0,0,404,404,2026-04-13,other-legacy-service,,,4,leave_404,,No meaningful traffic.,low,classification_source=rule
https://www.ewastekochi.com/buyback/laptops/sell-hp-elitebook-864-kochi.html,/buyback/laptops/sell-hp-elitebook-864-kochi.html,www.ewastekochi.com,/buyback/laptops/sell-hp-elitebook-864-kochi.html,0,0,404,404,2026-04-13,other-legacy-service,,,4,leave_404,,No meaningful traffic.,low,classification_source=rule
https://www.ewastekochi.com/ml/buyback/laptops/sell-dell-latitude-5437-kochi.html,/ml/buyback/laptops/sell-dell-latitude-5437-kochi.html,www.ewastekochi.com,/ml/buyback/laptops/sell-dell-latitude-5437-kochi.html,0,0,404,404,2026-04-13,other-legacy-service,,,4,leave_404,,No meaningful traffic.,low,classification_source=rule
https://www.ewastekochi.com/buyback/laptops/sell-dell-latitude-5473-kochi.html,/buyback/laptops/sell-dell-latitude-5473-kochi.html,www.ewastekochi.com,/buyback/laptops/sell-dell-latitude-5473-kochi.html,0,0,404,404,2026-04-13,other-legacy-service,,,4,leave_404,,No meaningful traffic.,low,classification_source=rule
https://www.ewastekochi.com/ml/buyback/laptops/sell-dell-latitude-5483-kochi.html,/ml/buyback/laptops/sell-dell-latitude-5483-kochi.html,www.ewastekochi.com,/ml/buyback/laptops/sell-dell-latitude-5483-kochi.html,0,0,404,404,2026-04-13,other-legacy-service,,,4,leave_404,,No meaningful traffic.,low,classification_source=rule
https://www.ewastekochi.com/buyback/laptops/sell-dell-latitude-7423-kochi.html,/buyback/laptops/sell-dell-latitude-7423-kochi.html,www.ewastekochi.com,/buyback/laptops/sell-dell-latitude-7423-kochi.html,0,0,404,404,2026-04-13,other-legacy-service,,,4,leave_404,,No meaningful traffic.,low,classification_source=rule
https://www.ewastekochi.com/buyback/phones/sell-samsung-s7-ultra-kochi.html,/buyback/phones/sell-samsung-s7-ultra-kochi.html,www.ewastekochi.com,/buyback/phones/sell-samsung-s7-ultra-kochi.html,0,0,404,404,2026-04-13,other-legacy-service,,,4,leave_404,,No meaningful traffic.,low,classification_source=rule
https://www.ewastekochi.com/buyback/laptops/sell-thinkpad-t448p-kochi.html,/buyback/laptops/sell-thinkpad-t448p-kochi.html,www.ewastekochi.com,/buyback/laptops/sell-thinkpad-t448p-kochi.html,0,0,404,404,2026-04-13,other-legacy-service,,,4,leave_404,,No meaningful traffic.,low,classification_source=rule
https://www.ewastekochi.com/ml/locations/ewaste-682188.html,/ml/locations/ewaste-682188.html,www.ewastekochi.com,/ml/locations/ewaste-682188.html,0,0,404,404,2026-04-13,other-legacy-service,,,4,leave_404,,No meaningful traffic.,low,classification_source=rule
https://www.ewastekochi.com/buyback/laptops/sell-dell-latitude-5003-kochi.html,/buyback/laptops/sell-dell-latitude-5003-kochi.html,www.ewastekochi.com,/buyback/laptops/sell-dell-latitude-5003-kochi.html,0,0,404,404,2026-04-13,other-legacy-service,,,4,leave_404,,No meaningful traffic.,low,classification_source=rule
https://www.ewastekochi.com/ml/buyback/laptops/sell-hp-elitebook-885-kochi.html,/ml/buyback/laptops/sell-hp-elitebook-885-kochi.html,www.ewastekochi.com,/ml/buyback/laptops/sell-hp-elitebook-885-kochi.html,0,0,404,404,2026-04-13,other-legacy-service,,,4,leave_404,,No meaningful traffic.,low,classification_source=rule
https://www.ewastekochi.com/ml/buyback/laptops/sell-dell-latitude-5487-kochi.html,/ml/buyback/laptops/sell-dell-latitude-5487-kochi.html,www.ewastekochi.com,/ml/buyback/laptops/sell-dell-latitude-5487-kochi.html,0,0,404,404,2026-04-13,other-legacy-service,,,4,leave_404,,No meaningful traffic.,low,classification_source=rule
https://www.ewastekochi.com/ml/buyback/laptops/sell-hp-elitebook-911-kochi.html,/ml/buyback/laptops/sell-hp-elitebook-911-kochi.html,www.ewastekochi.com,/ml/buyback/laptops/sell-hp-elitebook-911-kochi.html,0,0,404,404,2026-04-13,other-legacy-service,,,4,leave_404,,No meaningful traffic.,low,classification_source=rule
https://www.ewastekochi.com/ml/buyback/phones/sell-xiaomi-redmi-note-17-kochi.html,/ml/buyback/phones/sell-xiaomi-redmi-note-17-kochi.html,www.ewastekochi.com,/ml/buyback/phones/sell-xiaomi-redmi-note-17-kochi.html,0,0,404,404,2026-04-13,other-legacy-service,,,4,leave_404,,No meaningful traffic.,low,classification_source=rule
https://www.ewastekochi.com/ml/buyback/laptops/sell-thinkpad-t464s-kochi.html,/ml/buyback/laptops/sell-thinkpad-t464s-kochi.html,www.ewastekochi.com,/ml/buyback/laptops/sell-thinkpad-t464s-kochi.html,0,0,404,404,2026-04-13,other-legacy-service,,,4,leave_404,,No meaningful traffic.,low,classification_source=rule
https://www.ewastekochi.com/locations/ewaste-kakkanad.html,/locations/ewaste-kakkanad.html,www.ewastekochi.com,/locations/ewaste-kakkanad.html,0,0,404,404,2026-04-13,location-page,ewaste-kakkanad.html,,4,leave_404,,"Location page, no meaningful traffic.",low,classification_source=rule
https://www.ewastekochi.com/locations/ewaste-682076.html,/locations/ewaste-682076.html,www.ewastekochi.com,/locations/ewaste-682076.html,0,0,404,404,2026-04-13,location-page,ewaste-682076.html,,4,leave_404,,"Location page, no meaningful traffic.",low,classification_source=rule
https://www.ewastekochi.com/locations/ewaste-682089.html,/locations/ewaste-682089.html,www.ewastekochi.com,/locations/ewaste-682089.html,0,0,404,404,2026-04-13,location-page,ewaste-682089.html,,4,leave_404,,"Location page, no meaningful traffic.",low,classification_source=rule
https://www.ewastekochi.com/buyback/laptops/sell-dell-latitude-5462-kochi.html,/buyback/laptops/sell-dell-latitude-5462-kochi.html,www.ewastekochi.com,/buyback/laptops/sell-dell-latitude-5462-kochi.html,0,0,404,404,2026-04-13,other-legacy-service,,,4,leave_404,,No meaningful traffic.,low,classification_source=rule
https://www.ewastekochi.com/ml/locations/ewaste-682170.html,/ml/locations/ewaste-682170.html,www.ewastekochi.com,/ml/locations/ewaste-682170.html,0,0,404,404,2026-04-13,other-legacy-service,,,4,leave_404,,No meaningful traffic.,low,classification_source=rule
https://www.ewastekochi.com/buyback/laptops/sell-dell-latitude-5460-kochi.html,/buyback/laptops/sell-dell-latitude-5460-kochi.html,www.ewastekochi.com,/buyback/laptops/sell-dell-latitude-5460-kochi.html,0,0,404,404,2026-04-13,other-legacy-service,,,4,leave_404,,No meaningful traffic.,low,classification_source=rule
https://www.ewastekochi.com/buyback/laptops/sell-thinkpad-t431p-kochi.html,/buyback/laptops/sell-thinkpad-t431p-kochi.html,www.ewastekochi.com,/buyback/laptops/sell-thinkpad-t431p-kochi.html,0,0,404,404,2026-04-13,other-legacy-service,,,4,leave_404,,No meaningful traffic.,low,classification_source=rule
https://www.ewastekochi.com/buyback/phones/sell-iphone-9-pro-max-kochi.html,/buyback/phones/sell-iphone-9-pro-max-kochi.html,www.ewastekochi.com,/buyback/phones/sell-iphone-9-pro-max-kochi.html,0,0,404,404,2026-04-13,other-legacy-service,,,4,leave_404,,No meaningful traffic.,low,classification_source=rule
https://www.ewastekochi.com/ml/locations/ewaste-682212.html,/ml/locations/ewaste-682212.html,www.ewastekochi.com,/ml/locations/ewaste-682212.html,0,0,404,404,2026-04-13,other-legacy-service,,,4,leave_404,,No meaningful traffic.,low,classification_source=rule
https://www.ewastekochi.com/buyback/laptops/sell-hp-elitebook-843-kochi.html,/buyback/laptops/sell-hp-elitebook-843-kochi.html,www.ewastekochi.com,/buyback/laptops/sell-hp-elitebook-843-kochi.html,0,0,404,404,2026-04-13,other-legacy-service,,,4,leave_404,,No meaningful traffic.,low,classification_source=rule
https://www.ewastekochi.com/buyback/phones/sell-oneplus-8t-kochi.html,/buyback/phones/sell-oneplus-8t-kochi.html,www.ewastekochi.com,/buyback/phones/sell-oneplus-8t-kochi.html,0,0,404,404,2026-04-13,other-legacy-service,,,4,leave_404,,No meaningful traffic.,low,classification_source=rule
https://www.ewastekochi.com/ml/locations/ewaste-682086.html,/ml/locations/ewaste-682086.html,www.ewastekochi.com,/ml/locations/ewaste-682086.html,0,0,404,404,2026-04-13,other-legacy-service,,,4,leave_404,,No meaningful traffic.,low,classification_source=rule
https://www.ewastekochi.com/buyback/laptops/sell-dell-latitude-5431-kochi.html,/buyback/laptops/sell-dell-latitude-5431-kochi.html,www.ewastekochi.com,/buyback/laptops/sell-dell-latitude-5431-kochi.html,0,0,404,404,2026-04-13,other-legacy-service,,,4,leave_404,,No meaningful traffic.,low,classification_source=rule
https://www.ewastekochi.com/buyback/laptops/sell-macbook-air-m2-kochi.html,/buyback/laptops/sell-macbook-air-m2-kochi.html,www.ewastekochi.com,/buyback/laptops/sell-macbook-air-m2-kochi.html,0,0,404,404,2026-04-13,other-legacy-service,,,4,leave_404,,No meaningful traffic.,low,classification_source=rule
https://www.ewastekochi.com/buyback/laptops/sell-dell-latitude-5016-kochi.html,/buyback/laptops/sell-dell-latitude-5016-kochi.html,www.ewastekochi.com,/buyback/laptops/sell-dell-latitude-5016-kochi.html,0,0,404,404,2026-04-13,other-legacy-service,,,4,leave_404,,No meaningful traffic.,low,classification_source=rule
https://www.ewastekochi.com/ml/locations/ewaste-682049.html,/ml/locations/ewaste-682049.html,www.ewastekochi.com,/ml/locations/ewaste-682049.html,0,0,404,404,2026-04-13,other-legacy-service,,,4,leave_404,,No meaningful traffic.,low,classification_source=rule
https://www.ewastekochi.com/ml/locations/ewaste-682151.html,/ml/locations/ewaste-682151.html,www.ewastekochi.com,/ml/locations/ewaste-682151.html,0,0,404,404,2026-04-13,other-legacy-service,,,4,leave_404,,No meaningful traffic.,low,classification_source=rule
https://www.ewastekochi.com/buyback/phones/sell-nothing-phone-3-kochi.html,/buyback/phones/sell-nothing-phone-3-kochi.html,www.ewastekochi.com,/buyback/phones/sell-nothing-phone-3-kochi.html,0,0,404,404,2026-04-13,other-legacy-service,,,4,leave_404,,No meaningful traffic.,low,classification_source=rule
https://www.ewastekochi.com/ml/locations/ewaste-682100.html,/ml/locations/ewaste-682100.html,www.ewastekochi.com,/ml/locations/ewaste-682100.html,0,0,404,404,2026-04-13,other-legacy-service,,,4,leave_404,,No meaningful traffic.,low,classification_source=rule
https://www.ewastekochi.com/ml/locations/ewaste-682035.html,/ml/locations/ewaste-682035.html,www.ewastekochi.com,/ml/locations/ewaste-682035.html,0,0,404,404,2026-04-13,other-legacy-service,,,4,leave_404,,No meaningful traffic.,low,classification_source=rule
https://www.ewastekochi.com/buyback/phones/sell-iphone-3-kochi.html,/buyback/phones/sell-iphone-3-kochi.html,www.ewastekochi.com,/buyback/phones/sell-iphone-3-kochi.html,0,0,404,404,2026-04-13,other-legacy-service,,,4,leave_404,,No meaningful traffic.,low,classification_source=rule
https://www.ewastekochi.com/ml/locations/ewaste-682024.html,/ml/locations/ewaste-682024.html,www.ewastekochi.com,/ml/locations/ewaste-682024.html,0,0,404,404,2026-04-13,other-legacy-service,,,4,leave_404,,No meaningful traffic.,low,classification_source=rule
https://www.ewastekochi.com/buyback/laptops/sell-dell-latitude-5417-kochi.html,/buyback/laptops/sell-dell-latitude-5417-kochi.html,www.ewastekochi.com,/buyback/laptops/sell-dell-latitude-5417-kochi.html,0,0,404,404,2026-04-13,other-legacy-service,,,4,leave_404,,No meaningful traffic.,low,classification_source=rule
https://www.ewastekochi.com/buyback/laptops/sell-thinkpad-t452p-kochi.html,/buyback/laptops/sell-thinkpad-t452p-kochi.html,www.ewastekochi.com,/buyback/laptops/sell-thinkpad-t452p-kochi.html,0,0,404,404,2026-04-13,other-legacy-service,,,4,leave_404,,No meaningful traffic.,low,classification_source=rule
https://www.ewastekochi.com/buyback/laptops/sell-dell-latitude-5445-kochi.html,/buyback/laptops/sell-dell-latitude-5445-kochi.html,www.ewastekochi.com,/buyback/laptops/sell-dell-latitude-5445-kochi.html,0,0,404,404,2026-04-13,other-legacy-service,,,4,leave_404,,No meaningful traffic.,low,classification_source=rule
https://www.ewastekochi.com/buyback/phones/sell-samsung-a75-kochi.html,/buyback/phones/sell-samsung-a75-kochi.html,www.ewastekochi.com,/buyback/phones/sell-samsung-a75-kochi.html,0,0,404,404,2026-04-13,other-legacy-service,,,4,leave_404,,No meaningful traffic.,low,classification_source=rule
https://www.ewastekochi.com/buyback/laptops/sell-thinkpad-t411s-kochi.html,/buyback/laptops/sell-thinkpad-t411s-kochi.html,www.ewastekochi.com,/buyback/laptops/sell-thinkpad-t411s-kochi.html,0,0,404,404,2026-04-13,other-legacy-service,,,4,leave_404,,No meaningful traffic.,low,classification_source=rule
https://www.ewastekochi.com/ml/locations/ewaste-682153.html,/ml/locations/ewaste-682153.html,www.ewastekochi.com,/ml/locations/ewaste-682153.html,0,0,404,404,2026-04-13,other-legacy-service,,,4,leave_404,,No meaningful traffic.,low,classification_source=rule
https://www.ewastekochi.com/buyback/laptops/sell-dell-latitude-5422-kochi.html,/buyback/laptops/sell-dell-latitude-5422-kochi.html,www.ewastekochi.com,/buyback/laptops/sell-dell-latitude-5422-kochi.html,0,0,404,404,2026-04-13,other-legacy-service,,,4,leave_404,,No meaningful traffic.,low,classification_source=rule
https://www.ewastekochi.com/ml/locations/ewaste-682192.html,/ml/locations/ewaste-682192.html,www.ewastekochi.com,/ml/locations/ewaste-682192.html,0,0,404,404,2026-04-13,other-legacy-service,,,4,leave_404,,No meaningful traffic.,low,classification_source=rule
https://www.ewastekochi.com/buyback/laptops/sell-dell-latitude-5035-kochi.html,/buyback/laptops/sell-dell-latitude-5035-kochi.html,www.ewastekochi.com,/buyback/laptops/sell-dell-latitude-5035-kochi.html,0,0,404,404,2026-04-13,other-legacy-service,,,4,leave_404,,No meaningful traffic.,low,classification_source=rule
https://www.ewastekochi.com/buyback/phones/sell-iphone-15-pro-max-kochi.html,/buyback/phones/sell-iphone-15-pro-max-kochi.html,www.ewastekochi.com,/buyback/phones/sell-iphone-15-pro-max-kochi.html,0,0,404,404,2026-04-13,other-legacy-service,,,4,leave_404,,No meaningful traffic.,low,classification_source=rule
https://www.ewastekochi.com/buyback/laptops/sell-thinkpad-t428p-kochi.html,/buyback/laptops/sell-thinkpad-t428p-kochi.html,www.ewastekochi.com,/buyback/laptops/sell-thinkpad-t428p-kochi.html,0,0,404,404,2026-04-13,other-legacy-service,,,4,leave_404,,No meaningful traffic.,low,classification_source=rule
https://www.ewastekochi.com/ml/locations/ewaste-682010.html,/ml/locations/ewaste-682010.html,www.ewastekochi.com,/ml/locations/ewaste-682010.html,0,0,404,404,2026-04-13,other-legacy-service,,,4,leave_404,,No meaningful traffic.,low,classification_source=rule
https://www.ewastekochi.com/locations/ewaste-682116.html,/locations/ewaste-682116.html,www.ewastekochi.com,/locations/ewaste-682116.html,0,0,404,404,2026-04-13,location-page,ewaste-682116.html,,4,leave_404,,"Location page, no meaningful traffic.",low,classification_source=rule
https://www.ewastekochi.com/locations/ewaste-682035.html,/locations/ewaste-682035.html,www.ewastekochi.com,/locations/ewaste-682035.html,0,0,404,404,2026-04-13,location-page,ewaste-682035.html,,4,leave_404,,"Location page, no meaningful traffic.",low,classification_source=rule
https://www.ewastekochi.com/buyback/laptops/sell-thinkpad-t432-kochi.html,/buyback/laptops/sell-thinkpad-t432-kochi.html,www.ewastekochi.com,/buyback/laptops/sell-thinkpad-t432-kochi.html,0,0,404,404,2026-04-13,other-legacy-service,,,4,leave_404,,No meaningful traffic.,low,classification_source=rule
https://www.ewastekochi.com/locations/ewaste-682179.html,/locations/ewaste-682179.html,www.ewastekochi.com,/locations/ewaste-682179.html,0,0,404,404,2026-04-13,location-page,ewaste-682179.html,,4,leave_404,,"Location page, no meaningful traffic.",low,classification_source=rule
https://www.ewastekochi.com/buyback/laptops/sell-hp-elitebook-875-kochi.html,/buyback/laptops/sell-hp-elitebook-875-kochi.html,www.ewastekochi.com,/buyback/laptops/sell-hp-elitebook-875-kochi.html,0,0,404,404,2026-04-13,other-legacy-service,,,4,leave_404,,No meaningful traffic.,low,classification_source=rule
https://www.ewastekochi.com/ml/locations/ewaste-682155.html,/ml/locations/ewaste-682155.html,www.ewastekochi.com,/ml/locations/ewaste-682155.html,0,0,404,404,2026-04-13,other-legacy-service,,,4,leave_404,,No meaningful traffic.,low,classification_source=rule
https://www.ewastekochi.com/buyback/laptops/sell-dell-latitude-5023-kochi.html,/buyback/laptops/sell-dell-latitude-5023-kochi.html,www.ewastekochi.com,/buyback/laptops/sell-dell-latitude-5023-kochi.html,0,0,404,404,2026-04-13,other-legacy-service,,,4,leave_404,,No meaningful traffic.,low,classification_source=rule
https://www.ewastekochi.com/ml/buyback/laptops/sell-dell-latitude-5410-kochi.html,/ml/buyback/laptops/sell-dell-latitude-5410-kochi.html,www.ewastekochi.com,/ml/buyback/laptops/sell-dell-latitude-5410-kochi.html,0,0,404,404,2026-04-13,other-legacy-service,,,4,leave_404,,No meaningful traffic.,low,classification_source=rule
https://www.ewastekochi.com/buyback/laptops/sell-thinkpad-t474s-kochi.html,/buyback/laptops/sell-thinkpad-t474s-kochi.html,www.ewastekochi.com,/buyback/laptops/sell-thinkpad-t474s-kochi.html,0,0,404,404,2026-04-13,other-legacy-service,,,4,leave_404,,No meaningful traffic.,low,classification_source=rule
https://www.ewastekochi.com/buyback/laptops/sell-dell-latitude-5007-kochi.html,/buyback/laptops/sell-dell-latitude-5007-kochi.html,www.ewastekochi.com,/buyback/laptops/sell-dell-latitude-5007-kochi.html,0,0,404,404,2026-04-13,other-legacy-service,,,4,leave_404,,No meaningful traffic.,low,classification_source=rule
https://www.ewastekochi.com/buyback/laptops/sell-hp-elitebook-891-kochi.html,/buyback/laptops/sell-hp-elitebook-891-kochi.html,www.ewastekochi.com,/buyback/laptops/sell-hp-elitebook-891-kochi.html,0,0,404,404,2026-04-13,other-legacy-service,,,4,leave_404,,No meaningful traffic.,low,classification_source=rule
https://www.ewastekochi.com/ml/locations/ewaste-682167.html,/ml/locations/ewaste-682167.html,www.ewastekochi.com,/ml/locations/ewaste-682167.html,0,0,404,404,2026-04-13,other-legacy-service,,,4,leave_404,,No meaningful traffic.,low,classification_source=rule
https://www.ewastekochi.com/buyback/laptops/sell-dell-latitude-5471-kochi.html,/buyback/laptops/sell-dell-latitude-5471-kochi.html,www.ewastekochi.com,/buyback/laptops/sell-dell-latitude-5471-kochi.html,0,0,404,404,2026-04-13,other-legacy-service,,,4,leave_404,,No meaningful traffic.,low,classification_source=rule
https://www.ewastekochi.com/ml/locations/ewaste-682016.html,/ml/locations/ewaste-682016.html,www.ewastekochi.com,/ml/locations/ewaste-682016.html,0,0,404,404,2026-04-13,other-legacy-service,,,4,leave_404,,No meaningful traffic.,low,classification_source=rule
https://www.ewastekochi.com/buyback/laptops/sell-thinkpad-t432p-kochi.html,/buyback/laptops/sell-thinkpad-t432p-kochi.html,www.ewastekochi.com,/buyback/laptops/sell-thinkpad-t432p-kochi.html,0,0,404,404,2026-04-13,other-legacy-service,,,4,leave_404,,No meaningful traffic.,low,classification_source=rule
https://www.ewastekochi.com/buyback/laptops/sell-dell-latitude-5420-kochi.html,/buyback/laptops/sell-dell-latitude-5420-kochi.html,www.ewastekochi.com,/buyback/laptops/sell-dell-latitude-5420-kochi.html,0,0,404,404,2026-04-13,other-legacy-service,,,4,leave_404,,No meaningful traffic.,low,classification_source=rule
https://www.ewastekochi.com/buyback/laptops/sell-hp-elitebook-884-kochi.html,/buyback/laptops/sell-hp-elitebook-884-kochi.html,www.ewastekochi.com,/buyback/laptops/sell-hp-elitebook-884-kochi.html,0,0,404,404,2026-04-13,other-legacy-service,,,4,leave_404,,No meaningful traffic.,low,classification_source=rule
https://www.ewastekochi.com/locations/ewaste-682009.html,/locations/ewaste-682009.html,www.ewastekochi.com,/locations/ewaste-682009.html,0,0,404,404,2026-04-13,location-page,ewaste-682009.html,,4,leave_404,,"Location page, no meaningful traffic.",low,classification_source=rule
https://www.ewastekochi.com/locations/ewaste-682026.html,/locations/ewaste-682026.html,www.ewastekochi.com,/locations/ewaste-682026.html,0,0,404,404,2026-04-13,location-page,ewaste-682026.html,,4,leave_404,,"Location page, no meaningful traffic.",low,classification_source=rule
https://www.ewastekochi.com/ml/buyback/laptops/sell-hp-elitebook-860-kochi.html,/ml/buyback/laptops/sell-hp-elitebook-860-kochi.html,www.ewastekochi.com,/ml/buyback/laptops/sell-hp-elitebook-860-kochi.html,0,0,404,404,2026-04-13,other-legacy-service,,,4,leave_404,,No meaningful traffic.,low,classification_source=rule
https://www.ewastekochi.com/buyback/phones/sell-iphone-1-pro-kochi.html,/buyback/phones/sell-iphone-1-pro-kochi.html,www.ewastekochi.com,/buyback/phones/sell-iphone-1-pro-kochi.html,0,0,404,404,2026-04-13,other-legacy-service,,,4,leave_404,,No meaningful traffic.,low,classification_source=rule
https://www.ewastekochi.com/buyback/laptops/sell-hp-elitebook-890-kochi.html,/buyback/laptops/sell-hp-elitebook-890-kochi.html,www.ewastekochi.com,/buyback/laptops/sell-hp-elitebook-890-kochi.html,0,0,404,404,2026-04-13,other-legacy-service,,,4,leave_404,,No meaningful traffic.,low,classification_source=rule
https://www.ewastekochi.com/buyback/laptops/sell-thinkpad-t459p-kochi.html,/buyback/laptops/sell-thinkpad-t459p-kochi.html,www.ewastekochi.com,/buyback/laptops/sell-thinkpad-t459p-kochi.html,0,0,404,404,2026-04-13,other-legacy-service,,,4,leave_404,,No meaningful traffic.,low,classification_source=rule
https://www.ewastekochi.com/buyback/phones/sell-iphone-4-kochi.html,/buyback/phones/sell-iphone-4-kochi.html,www.ewastekochi.com,/buyback/phones/sell-iphone-4-kochi.html,0,0,404,404,2026-04-13,other-legacy-service,,,4,leave_404,,No meaningful traffic.,low,classification_source=rule
https://www.ewastekochi.com/ml/locations/ewaste-682161.html,/ml/locations/ewaste-682161.html,www.ewastekochi.com,/ml/locations/ewaste-682161.html,0,0,404,404,2026-04-13,other-legacy-service,,,4,leave_404,,No meaningful traffic.,low,classification_source=rule
https://www.ewastekochi.com/buyback/laptops/sell-thinkpad-t473s-kochi.html,/buyback/laptops/sell-thinkpad-t473s-kochi.html,www.ewastekochi.com,/buyback/laptops/sell-thinkpad-t473s-kochi.html,0,0,404,404,2026-04-13,other-legacy-service,,,4,leave_404,,No meaningful traffic.,low,classification_source=rule
https://www.ewastekochi.com/ml/locations/ewaste-682002.html,/ml/locations/ewaste-682002.html,www.ewastekochi.com,/ml/locations/ewaste-682002.html,0,0,404,404,2026-04-13,other-legacy-service,,,4,leave_404,,No meaningful traffic.,low,classification_source=rule
https://www.ewastekochi.com/buyback/phones/sell-iphone-14-plus-kochi.html,/buyback/phones/sell-iphone-14-plus-kochi.html,www.ewastekochi.com,/buyback/phones/sell-iphone-14-plus-kochi.html,0,0,404,404,2026-04-13,other-legacy-service,,,4,leave_404,,No meaningful traffic.,low,classification_source=rule
https://www.ewastekochi.com/buyback/phones/sell-nothing-phone-1-kochi.html,/buyback/phones/sell-nothing-phone-1-kochi.html,www.ewastekochi.com,/buyback/phones/sell-nothing-phone-1-kochi.html,0,0,404,404,2026-04-13,other-legacy-service,,,4,leave_404,,No meaningful traffic.,low,classification_source=rule
https://www.ewastekochi.com/ml/buyback/laptops/sell-hp-elitebook-937-kochi.html,/ml/buyback/laptops/sell-hp-elitebook-937-kochi.html,www.ewastekochi.com,/ml/buyback/laptops/sell-hp-elitebook-937-kochi.html,0,0,404,404,2026-04-13,other-legacy-service,,,4,leave_404,,No meaningful traffic.,low,classification_source=rule
https://www.ewastekochi.com/ml/locations/ewaste-682098.html,/ml/locations/ewaste-682098.html,www.ewastekochi.com,/ml/locations/ewaste-682098.html,0,0,404,404,2026-04-13,other-legacy-service,,,4,leave_404,,No meaningful traffic.,low,classification_source=rule
https://www.ewastekochi.com/ml/locations/ewaste-682163.html,/ml/locations/ewaste-682163.html,www.ewastekochi.com,/ml/locations/ewaste-682163.html,0,0,404,404,2026-04-13,other-legacy-service,,,4,leave_404,,No meaningful traffic.,low,classification_source=rule
https://www.ewastekochi.com/buyback/laptops/sell-hp-elitebook-930-kochi.html,/buyback/laptops/sell-hp-elitebook-930-kochi.html,www.ewastekochi.com,/buyback/laptops/sell-hp-elitebook-930-kochi.html,0,0,404,404,2026-04-13,other-legacy-service,,,4,leave_404,,No meaningful traffic.,low,classification_source=rule
https://www.ewastekochi.com/ml/buyback/laptops/sell-thinkpad-t476s-kochi.html,/ml/buyback/laptops/sell-thinkpad-t476s-kochi.html,www.ewastekochi.com,/ml/buyback/laptops/sell-thinkpad-t476s-kochi.html,0,0,404,404,2026-04-13,other-legacy-service,,,4,leave_404,,No meaningful traffic.,low,classification_source=rule
https://www.ewastekochi.com/buyback/phones/sell-samsung-s13-ultra-kochi.html,/buyback/phones/sell-samsung-s13-ultra-kochi.html,www.ewastekochi.com,/buyback/phones/sell-samsung-s13-ultra-kochi.html,0,0,404,404,2026-04-13,other-legacy-service,,,4,leave_404,,No meaningful traffic.,low,classification_source=rule
https://www.ewastekochi.com/locations/ewaste-682095.html,/locations/ewaste-682095.html,www.ewastekochi.com,/locations/ewaste-682095.html,0,0,404,404,2026-04-13,location-page,ewaste-682095.html,,4,leave_404,,"Location page, no meaningful traffic.",low,classification_source=rule
https://www.ewastekochi.com/locations/ewaste-682196.html,/locations/ewaste-682196.html,www.ewastekochi.com,/locations/ewaste-682196.html,0,0,404,404,2026-04-13,location-page,ewaste-682196.html,,4,leave_404,,"Location page, no meaningful traffic.",low,classification_source=rule
https://www.ewastekochi.com/locations/ewaste-682229.html,/locations/ewaste-682229.html,www.ewastekochi.com,/locations/ewaste-682229.html,0,0,404,404,2026-04-13,location-page,ewaste-682229.html,,4,leave_404,,"Location page, no meaningful traffic.",low,classification_source=rule
https://www.ewastekochi.com/ml/buyback/phones/sell-samsung-galaxy-a19-kochi.html,/ml/buyback/phones/sell-samsung-galaxy-a19-kochi.html,www.ewastekochi.com,/ml/buyback/phones/sell-samsung-galaxy-a19-kochi.html,0,0,404,404,2026-04-13,other-legacy-service,,,4,leave_404,,No meaningful traffic.,low,classification_source=rule
https://www.ewastekochi.com/buyback/laptops/sell-dell-latitude-5493-kochi.html,/buyback/laptops/sell-dell-latitude-5493-kochi.html,www.ewastekochi.com,/buyback/laptops/sell-dell-latitude-5493-kochi.html,0,0,404,404,2026-04-13,other-legacy-service,,,4,leave_404,,No meaningful traffic.,low,classification_source=rule
https://www.ewastekochi.com/buyback/phones/sell-oneplus-12-kochi.html,/buyback/phones/sell-oneplus-12-kochi.html,www.ewastekochi.com,/buyback/phones/sell-oneplus-12-kochi.html,0,0,404,404,2026-04-13,other-legacy-service,,,4,leave_404,,No meaningful traffic.,low,classification_source=rule
https://www.ewastekochi.com/buyback/laptops/sell-macbook-pro-15-kochi.html,/buyback/laptops/sell-macbook-pro-15-kochi.html,www.ewastekochi.com,/buyback/laptops/sell-macbook-pro-15-kochi.html,0,0,404,404,2026-04-13,other-legacy-service,,,4,leave_404,,No meaningful traffic.,low,classification_source=rule
https://www.ewastekochi.com/buyback/laptops/sell-hp-elitebook-854-kochi.html,/buyback/laptops/sell-hp-elitebook-854-kochi.html,www.ewastekochi.com,/buyback/laptops/sell-hp-elitebook-854-kochi.html,0,0,404,404,2026-04-13,other-legacy-service,,,4,leave_404,,No meaningful traffic.,low,classification_source=rule
https://www.ewastekochi.com/buyback/laptops/sell-dell-latitude-7424-kochi.html,/buyback/laptops/sell-dell-latitude-7424-kochi.html,www.ewastekochi.com,/buyback/laptops/sell-dell-latitude-7424-kochi.html,0,0,404,404,2026-04-13,other-legacy-service,,,4,leave_404,,No meaningful traffic.,low,classification_source=rule
https://www.ewastekochi.com/ml/buyback/laptops/sell-thinkpad-t443s-kochi.html,/ml/buyback/laptops/sell-thinkpad-t443s-kochi.html,www.ewastekochi.com,/ml/buyback/laptops/sell-thinkpad-t443s-kochi.html,0,0,404,404,2026-04-13,other-legacy-service,,,4,leave_404,,No meaningful traffic.,low,classification_source=rule
https://www.ewastekochi.com/ml/locations/ewaste-682022.html,/ml/locations/ewaste-682022.html,www.ewastekochi.com,/ml/locations/ewaste-682022.html,0,0,404,404,2026-04-13,other-legacy-service,,,4,leave_404,,No meaningful traffic.,low,classification_source=rule
https://www.ewastekochi.com/ml/buyback/laptops/sell-thinkpad-t413s-kochi.html,/ml/buyback/laptops/sell-thinkpad-t413s-kochi.html,www.ewastekochi.com,/ml/buyback/laptops/sell-thinkpad-t413s-kochi.html,0,0,404,404,2026-04-13,other-legacy-service,,,4,leave_404,,No meaningful traffic.,low,classification_source=rule
https://www.ewastekochi.com/buyback/phones/sell-google-pixel-9-pro-kochi.html,/buyback/phones/sell-google-pixel-9-pro-kochi.html,www.ewastekochi.com,/buyback/phones/sell-google-pixel-9-pro-kochi.html,0,0,404,404,2026-04-13,other-legacy-service,,,4,leave_404,,No meaningful traffic.,low,classification_source=rule
https://www.ewastekochi.com/ml/buyback/laptops/sell-hp-elitebook-864-kochi.html,/ml/buyback/laptops/sell-hp-elitebook-864-kochi.html,www.ewastekochi.com,/ml/buyback/laptops/sell-hp-elitebook-864-kochi.html,0,0,404,404,2026-04-13,other-legacy-service,,,4,leave_404,,No meaningful traffic.,low,classification_source=rule
https://www.ewastekochi.com/ml/buyback/laptops/sell-thinkpad-t478s-kochi.html,/ml/buyback/laptops/sell-thinkpad-t478s-kochi.html,www.ewastekochi.com,/ml/buyback/laptops/sell-thinkpad-t478s-kochi.html,0,0,404,404,2026-04-13,other-legacy-service,,,4,leave_404,,No meaningful traffic.,low,classification_source=rule
https://www.ewastekochi.com/locations/ewaste-682126.html,/locations/ewaste-682126.html,www.ewastekochi.com,/locations/ewaste-682126.html,0,0,404,404,2026-04-13,location-page,ewaste-682126.html,,4,leave_404,,"Location page, no meaningful traffic.",low,classification_source=rule
https://www.ewastekochi.com/locations/ewaste-682150.html,/locations/ewaste-682150.html,www.ewastekochi.com,/locations/ewaste-682150.html,0,0,404,404,2026-04-13,location-page,ewaste-682150.html,,4,leave_404,,"Location page, no meaningful traffic.",low,classification_source=rule
https://www.ewastekochi.com/locations/ewaste-682170.html,/locations/ewaste-682170.html,www.ewastekochi.com,/locations/ewaste-682170.html,0,0,404,404,2026-04-13,location-page,ewaste-682170.html,,4,leave_404,,"Location page, no meaningful traffic.",low,classification_source=rule
https://www.ewastekochi.com/locations/ewaste-682083.html,/locations/ewaste-682083.html,www.ewastekochi.com,/locations/ewaste-682083.html,0,0,404,404,2026-04-13,location-page,ewaste-682083.html,,4,leave_404,,"Location page, no meaningful traffic.",low,classification_source=rule
https://www.ewastekochi.com/compliance/nist-800-88-explained.html,/compliance/nist-800-88-explained.html,www.ewastekochi.com,/compliance/nist-800-88-explained.html,0,0,404,404,2026-04-13,other-legacy-service,,,4,leave_404,,No meaningful traffic.,low,classification_source=rule
https://www.ewastekochi.com/buyback/laptops/sell-thinkpad-t407p-kochi.html,/buyback/laptops/sell-thinkpad-t407p-kochi.html,www.ewastekochi.com,/buyback/laptops/sell-thinkpad-t407p-kochi.html,0,0,404,404,2026-04-13,other-legacy-service,,,4,leave_404,,No meaningful traffic.,low,classification_source=rule
https://www.ewastekochi.com/locations/ewaste-okkal.html,/locations/ewaste-okkal.html,www.ewastekochi.com,/locations/ewaste-okkal.html,0,0,404,404,2026-04-13,location-page,ewaste-okkal.html,,4,leave_404,,"Location page, no meaningful traffic.",low,classification_source=rule
https://www.ewastekochi.com/ml/locations/ewaste-682025.html,/ml/locations/ewaste-682025.html,www.ewastekochi.com,/ml/locations/ewaste-682025.html,0,0,404,404,2026-04-13,other-legacy-service,,,4,leave_404,,No meaningful traffic.,low,classification_source=rule
https://www.ewastekochi.com/buyback/laptops/sell-thinkpad-t409p-kochi.html,/buyback/laptops/sell-thinkpad-t409p-kochi.html,www.ewastekochi.com,/buyback/laptops/sell-thinkpad-t409p-kochi.html,0,0,404,404,2026-04-13,other-legacy-service,,,4,leave_404,,No meaningful traffic.,low,classification_source=rule
https://www.ewastekochi.com/buyback/laptops/sell-thinkpad-t427-kochi.html,/buyback/laptops/sell-thinkpad-t427-kochi.html,www.ewastekochi.com,/buyback/laptops/sell-thinkpad-t427-kochi.html,0,0,404,404,2026-04-13,other-legacy-service,,,4,leave_404,,No meaningful traffic.,low,classification_source=rule
https://www.ewastekochi.com/ml/buyback/phones/sell-google-pixel-13-pro-kochi.html,/ml/buyback/phones/sell-google-pixel-13-pro-kochi.html,www.ewastekochi.com,/ml/buyback/phones/sell-google-pixel-13-pro-kochi.html,0,0,404,404,2026-04-13,other-legacy-service,,,4,leave_404,,No meaningful traffic.,low,classification_source=rule
https://www.ewastekochi.com/ml/locations/ewaste-682034.html,/ml/locations/ewaste-682034.html,www.ewastekochi.com,/ml/locations/ewaste-682034.html,0,0,404,404,2026-04-13,other-legacy-service,,,4,leave_404,,No meaningful traffic.,low,classification_source=rule
https://www.ewastekochi.com/itad/services/sell-ups-batteries-kochi.html,/itad/services/sell-ups-batteries-kochi.html,www.ewastekochi.com,/itad/services/sell-ups-batteries-kochi.html,0,0,404,404,2026-04-13,other-legacy-service,,,4,leave_404,,No meaningful traffic.,low,classification_source=rule
https://www.ewastekochi.com/buyback/phones/sell-samsung-a125-kochi.html,/buyback/phones/sell-samsung-a125-kochi.html,www.ewastekochi.com,/buyback/phones/sell-samsung-a125-kochi.html,0,0,404,404,2026-04-13,other-legacy-service,,,4,leave_404,,No meaningful traffic.,low,classification_source=rule
https://www.ewastekochi.com/buyback/laptops/sell-hp-elitebook-901-kochi.html,/buyback/laptops/sell-hp-elitebook-901-kochi.html,www.ewastekochi.com,/buyback/laptops/sell-hp-elitebook-901-kochi.html,0,0,404,404,2026-04-13,other-legacy-service,,,4,leave_404,,No meaningful traffic.,low,classification_source=rule
https://www.ewastekochi.com/ml/buyback/laptops/sell-hp-elitebook-842-kochi.html,/ml/buyback/laptops/sell-hp-elitebook-842-kochi.html,www.ewastekochi.com,/ml/buyback/laptops/sell-hp-elitebook-842-kochi.html,0,0,404,404,2026-04-13,other-legacy-service,,,4,leave_404,,No meaningful traffic.,low,classification_source=rule
https://www.ewastekochi.com/ml/locations/ewaste-682047.html,/ml/locations/ewaste-682047.html,www.ewastekochi.com,/ml/locations/ewaste-682047.html,0,0,404,404,2026-04-13,other-legacy-service,,,4,leave_404,,No meaningful traffic.,low,classification_source=rule
https://www.ewastekochi.com/ml/locations/ewaste-682223.html,/ml/locations/ewaste-682223.html,www.ewastekochi.com,/ml/locations/ewaste-682223.html,0,0,404,404,2026-04-13,other-legacy-service,,,4,leave_404,,No meaningful traffic.,low,classification_source=rule
https://www.ewastekochi.com/buyback/laptops/sell-dell-latitude-7449-kochi.html,/buyback/laptops/sell-dell-latitude-7449-kochi.html,www.ewastekochi.com,/buyback/laptops/sell-dell-latitude-7449-kochi.html,0,0,404,404,2026-04-13,other-legacy-service,,,4,leave_404,,No meaningful traffic.,low,classification_source=rule
https://www.ewastekochi.com/locations/ewaste-north-paravur.html,/locations/ewaste-north-paravur.html,www.ewastekochi.com,/locations/ewaste-north-paravur.html,0,0,404,404,2026-04-13,location-page,ewaste-north-paravur.html,,4,leave_404,,"Location page, no meaningful traffic.",low,classification_source=rule
https://www.ewastekochi.com/locations/ewaste-682028.html,/locations/ewaste-682028.html,www.ewastekochi.com,/locations/ewaste-682028.html,0,0,404,404,2026-04-13,location-page,ewaste-682028.html,,4,leave_404,,"Location page, no meaningful traffic.",low,classification_source=rule
https://www.ewastekochi.com/buyback/phones/sell-samsung-galaxy-s12-ultra-kochi.html,/buyback/phones/sell-samsung-galaxy-s12-ultra-kochi.html,www.ewastekochi.com,/buyback/phones/sell-samsung-galaxy-s12-ultra-kochi.html,0,0,404,404,2026-04-13,other-legacy-service,,,4,leave_404,,No meaningful traffic.,low,classification_source=rule
https://www.ewastekochi.com/buyback/phones/sell-poco-9-pro-kochi.html,/buyback/phones/sell-poco-9-pro-kochi.html,www.ewastekochi.com,/buyback/phones/sell-poco-9-pro-kochi.html,0,0,404,404,2026-04-13,other-legacy-service,,,4,leave_404,,No meaningful traffic.,low,classification_source=rule
https://www.ewastekochi.com/ml/buyback/laptops/sell-dell-latitude-5497-kochi.html,/ml/buyback/laptops/sell-dell-latitude-5497-kochi.html,www.ewastekochi.com,/ml/buyback/laptops/sell-dell-latitude-5497-kochi.html,0,0,404,404,2026-04-13,other-legacy-service,,,4,leave_404,,No meaningful traffic.,low,classification_source=rule
https://www.ewastekochi.com/ml/buyback/laptops/sell-thinkpad-t499s-kochi.html,/ml/buyback/laptops/sell-thinkpad-t499s-kochi.html,www.ewastekochi.com,/ml/buyback/laptops/sell-thinkpad-t499s-kochi.html,0,0,404,404,2026-04-13,other-legacy-service,,,4,leave_404,,No meaningful traffic.,low,classification_source=rule
https://www.ewastekochi.com/locations/ewaste-682037.html,/locations/ewaste-682037.html,www.ewastekochi.com,/locations/ewaste-682037.html,0,0,404,404,2026-04-13,location-page,ewaste-682037.html,,4,leave_404,,"Location page, no meaningful traffic.",low,classification_source=rule
https://www.ewastekochi.com/buyback/laptops/sell-thinkpad-t466s-kochi.html,/buyback/laptops/sell-thinkpad-t466s-kochi.html,www.ewastekochi.com,/buyback/laptops/sell-thinkpad-t466s-kochi.html,0,0,404,404,2026-04-13,other-legacy-service,,,4,leave_404,,No meaningful traffic.,low,classification_source=rule
https://www.ewastekochi.com/ml/locations/ewaste-682101.html,/ml/locations/ewaste-682101.html,www.ewastekochi.com,/ml/locations/ewaste-682101.html,0,0,404,404,2026-04-13,other-legacy-service,,,4,leave_404,,No meaningful traffic.,low,classification_source=rule
https://www.ewastekochi.com/buyback/phones/sell-oneplus-15t-kochi.html,/buyback/phones/sell-oneplus-15t-kochi.html,www.ewastekochi.com,/buyback/phones/sell-oneplus-15t-kochi.html,0,0,404,404,2026-04-13,other-legacy-service,,,4,leave_404,,No meaningful traffic.,low,classification_source=rule
https://www.ewastekochi.com/ml/buyback/laptops/sell-thinkpad-t449s-kochi.html,/ml/buyback/laptops/sell-thinkpad-t449s-kochi.html,www.ewastekochi.com,/ml/buyback/laptops/sell-thinkpad-t449s-kochi.html,0,0,404,404,2026-04-13,other-legacy-service,,,4,leave_404,,No meaningful traffic.,low,classification_source=rule
https://www.ewastekochi.com/locations/ewaste-thammanam.html,/locations/ewaste-thammanam.html,www.ewastekochi.com,/locations/ewaste-thammanam.html,0,0,404,404,2026-04-13,location-page,ewaste-thammanam.html,,4,leave_404,,"Location page, no meaningful traffic.",low,classification_source=rule
https://www.ewastekochi.com/ml/buyback/phones/sell-iphone-9-kochi.html,/ml/buyback/phones/sell-iphone-9-kochi.html,www.ewastekochi.com,/ml/buyback/phones/sell-iphone-9-kochi.html,0,0,404,404,2026-04-13,other-legacy-service,,,4,leave_404,,No meaningful traffic.,low,classification_source=rule
https://www.ewastekochi.com/ml/buyback/laptops/sell-dell-latitude-5404-kochi.html,/ml/buyback/laptops/sell-dell-latitude-5404-kochi.html,www.ewastekochi.com,/ml/buyback/laptops/sell-dell-latitude-5404-kochi.html,0,0,404,404,2026-04-13,other-legacy-service,,,4,leave_404,,No meaningful traffic.,low,classification_source=rule
https://www.ewastekochi.com/locations/ewaste-cheranallur.html,/locations/ewaste-cheranallur.html,www.ewastekochi.com,/locations/ewaste-cheranallur.html,0,0,404,404,2026-04-13,location-page,ewaste-cheranallur.html,,4,leave_404,,"Location page, no meaningful traffic.",low,classification_source=rule
https://www.ewastekochi.com/locations/ewaste-682070.html,/locations/ewaste-682070.html,www.ewastekochi.com,/locations/ewaste-682070.html,0,0,404,404,2026-04-13,location-page,ewaste-682070.html,,4,leave_404,,"Location page, no meaningful traffic.",low,classification_source=rule
https://www.ewastekochi.com/buyback/laptops/sell-dell-latitude-7441-kochi.html,/buyback/laptops/sell-dell-latitude-7441-kochi.html,www.ewastekochi.com,/buyback/laptops/sell-dell-latitude-7441-kochi.html,0,0,404,404,2026-04-13,other-legacy-service,,,4,leave_404,,No meaningful traffic.,low,classification_source=rule
https://www.ewastekochi.com/locations/ewaste-682152.html,/locations/ewaste-682152.html,www.ewastekochi.com,/locations/ewaste-682152.html,0,0,404,404,2026-04-13,location-page,ewaste-682152.html,,4,leave_404,,"Location page, no meaningful traffic.",low,classification_source=rule
https://www.ewastekochi.com/buyback/laptops/sell-dell-latitude-7429-kochi.html,/buyback/laptops/sell-dell-latitude-7429-kochi.html,www.ewastekochi.com,/buyback/laptops/sell-dell-latitude-7429-kochi.html,0,0,404,404,2026-04-13,other-legacy-service,,,4,leave_404,,No meaningful traffic.,low,classification_source=rule
https://www.ewastekochi.com/ml/buyback/phones/sell-xiaomi-redmi-note-19-kochi.html,/ml/buyback/phones/sell-xiaomi-redmi-note-19-kochi.html,www.ewastekochi.com,/ml/buyback/phones/sell-xiaomi-redmi-note-19-kochi.html,0,0,404,404,2026-04-13,other-legacy-service,,,4,leave_404,,No meaningful traffic.,low,classification_source=rule
https://www.ewastekochi.com/ml/buyback/laptops/sell-dell-latitude-5425-kochi.html,/ml/buyback/laptops/sell-dell-latitude-5425-kochi.html,www.ewastekochi.com,/ml/buyback/laptops/sell-dell-latitude-5425-kochi.html,0,0,404,404,2026-04-13,other-legacy-service,,,4,leave_404,,No meaningful traffic.,low,classification_source=rule
https://www.ewastekochi.com/ml/buyback/laptops/sell-hp-elitebook-919-kochi.html,/ml/buyback/laptops/sell-hp-elitebook-919-kochi.html,www.ewastekochi.com,/ml/buyback/laptops/sell-hp-elitebook-919-kochi.html,0,0,404,404,2026-04-13,other-legacy-service,,,4,leave_404,,No meaningful traffic.,low,classification_source=rule
https://www.ewastekochi.com/ml/locations/ewaste-682065.html,/ml/locations/ewaste-682065.html,www.ewastekochi.com,/ml/locations/ewaste-682065.html,0,0,404,404,2026-04-13,other-legacy-service,,,4,leave_404,,No meaningful traffic.,low,classification_source=rule
https://www.ewastekochi.com/ml/buyback/laptops/sell-thinkpad-t496s-kochi.html,/ml/buyback/laptops/sell-thinkpad-t496s-kochi.html,www.ewastekochi.com,/ml/buyback/laptops/sell-thinkpad-t496s-kochi.html,0,0,404,404,2026-04-13,other-legacy-service,,,4,leave_404,,No meaningful traffic.,low,classification_source=rule
https://www.ewastekochi.com/locations/ewaste-682165.html,/locations/ewaste-682165.html,www.ewastekochi.com,/locations/ewaste-682165.html,0,0,404,404,2026-04-13,location-page,ewaste-682165.html,,4,leave_404,,"Location page, no meaningful traffic.",low,classification_source=rule
https://www.ewastekochi.com/locations/ewaste-mulanthuruthy.html,/locations/ewaste-mulanthuruthy.html,www.ewastekochi.com,/locations/ewaste-mulanthuruthy.html,0,0,404,404,2026-04-13,location-page,ewaste-mulanthuruthy.html,,4,leave_404,,"Location page, no meaningful traffic.",low,classification_source=rule
https://www.ewastekochi.com/locations/ewaste-682087.html,/locations/ewaste-682087.html,www.ewastekochi.com,/locations/ewaste-682087.html,0,0,404,404,2026-04-12,location-page,ewaste-682087.html,,4,leave_404,,"Location page, no meaningful traffic.",low,classification_source=rule
https://www.ewastekochi.com/buyback/laptops/sell-dell-latitude-5464-kochi.html,/buyback/laptops/sell-dell-latitude-5464-kochi.html,www.ewastekochi.com,/buyback/laptops/sell-dell-latitude-5464-kochi.html,0,0,404,404,2026-04-12,other-legacy-service,,,4,leave_404,,No meaningful traffic.,low,classification_source=rule
https://www.ewastekochi.com/buyback/laptops/sell-dell-latitude-5031-kochi.html,/buyback/laptops/sell-dell-latitude-5031-kochi.html,www.ewastekochi.com,/buyback/laptops/sell-dell-latitude-5031-kochi.html,0,0,404,404,2026-04-12,other-legacy-service,,,4,leave_404,,No meaningful traffic.,low,classification_source=rule
https://www.ewastekochi.com/buyback/laptops/sell-dell-latitude-5490-kochi.html,/buyback/laptops/sell-dell-latitude-5490-kochi.html,www.ewastekochi.com,/buyback/laptops/sell-dell-latitude-5490-kochi.html,0,0,404,404,2026-04-12,other-legacy-service,,,4,leave_404,,No meaningful traffic.,low,classification_source=rule
https://www.ewastekochi.com/ml/buyback/laptops/sell-hp-elitebook-888-kochi.html,/ml/buyback/laptops/sell-hp-elitebook-888-kochi.html,www.ewastekochi.com,/ml/buyback/laptops/sell-hp-elitebook-888-kochi.html,0,0,404,404,2026-04-12,other-legacy-service,,,4,leave_404,,No meaningful traffic.,low,classification_source=rule
https://www.ewastekochi.com/buyback/laptops/sell-thinkpad-t438p-kochi.html,/buyback/laptops/sell-thinkpad-t438p-kochi.html,www.ewastekochi.com,/buyback/laptops/sell-thinkpad-t438p-kochi.html,0,0,404,404,2026-04-12,other-legacy-service,,,4,leave_404,,No meaningful traffic.,low,classification_source=rule
https://www.ewastekochi.com/buyback/laptops/sell-dell-latitude-7457-kochi.html,/buyback/laptops/sell-dell-latitude-7457-kochi.html,www.ewastekochi.com,/buyback/laptops/sell-dell-latitude-7457-kochi.html,0,0,404,404,2026-04-12,other-legacy-service,,,4,leave_404,,No meaningful traffic.,low,classification_source=rule
https://www.ewastekochi.com/blog/laptop-data-wiping-software-vs-nist.html,/blog/laptop-data-wiping-software-vs-nist.html,www.ewastekochi.com,/blog/laptop-data-wiping-software-vs-nist.html,0,0,404,404,2026-04-12,blog,,,4,leave_404,,"Legacy generated blog content, no meaningful traffic — do not recreate.",low,classification_source=rule
https://www.ewastekochi.com/locations/ewaste-infopark.html,/locations/ewaste-infopark.html,www.ewastekochi.com,/locations/ewaste-infopark.html,0,0,404,404,2026-04-12,location-page,ewaste-infopark.html,,4,leave_404,,"Location page, no meaningful traffic.",low,classification_source=rule
https://www.ewastekochi.com/ml/buyback/laptops/sell-hp-elitebook-870-kochi.html,/ml/buyback/laptops/sell-hp-elitebook-870-kochi.html,www.ewastekochi.com,/ml/buyback/laptops/sell-hp-elitebook-870-kochi.html,0,0,404,404,2026-04-12,other-legacy-service,,,4,leave_404,,No meaningful traffic.,low,classification_source=rule
https://www.ewastekochi.com/locations/ewaste-682172.html,/locations/ewaste-682172.html,www.ewastekochi.com,/locations/ewaste-682172.html,0,0,404,404,2026-04-12,location-page,ewaste-682172.html,,4,leave_404,,"Location page, no meaningful traffic.",low,classification_source=rule
https://www.ewastekochi.com/ml/buyback/laptops/sell-hp-elitebook-868-kochi.html,/ml/buyback/laptops/sell-hp-elitebook-868-kochi.html,www.ewastekochi.com,/ml/buyback/laptops/sell-hp-elitebook-868-kochi.html,0,0,404,404,2026-04-12,other-legacy-service,,,4,leave_404,,No meaningful traffic.,low,classification_source=rule
https://www.ewastekochi.com/ml/buyback/laptops/sell-hp-elitebook-906-kochi.html,/ml/buyback/laptops/sell-hp-elitebook-906-kochi.html,www.ewastekochi.com,/ml/buyback/laptops/sell-hp-elitebook-906-kochi.html,0,0,404,404,2026-04-12,other-legacy-service,,,4,leave_404,,No meaningful traffic.,low,classification_source=rule
https://www.ewastekochi.com/ml/buyback/laptops/sell-dell-latitude-5475-kochi.html,/ml/buyback/laptops/sell-dell-latitude-5475-kochi.html,www.ewastekochi.com,/ml/buyback/laptops/sell-dell-latitude-5475-kochi.html,0,0,404,404,2026-04-12,other-legacy-service,,,4,leave_404,,No meaningful traffic.,low,classification_source=rule
https://www.ewastekochi.com/ml/buyback/phones/sell-nothing-phone-1-kochi.html,/ml/buyback/phones/sell-nothing-phone-1-kochi.html,www.ewastekochi.com,/ml/buyback/phones/sell-nothing-phone-1-kochi.html,0,0,404,404,2026-04-12,other-legacy-service,,,4,leave_404,,No meaningful traffic.,low,classification_source=rule
https://www.ewastekochi.com/ml/buyback/laptops/sell-thinkpad-t431s-kochi.html,/ml/buyback/laptops/sell-thinkpad-t431s-kochi.html,www.ewastekochi.com,/ml/buyback/laptops/sell-thinkpad-t431s-kochi.html,0,0,404,404,2026-04-12,other-legacy-service,,,4,leave_404,,No meaningful traffic.,low,classification_source=rule
https://www.ewastekochi.com/ml/locations/ewaste-682111.html,/ml/locations/ewaste-682111.html,www.ewastekochi.com,/ml/locations/ewaste-682111.html,0,0,404,404,2026-04-12,other-legacy-service,,,4,leave_404,,No meaningful traffic.,low,classification_source=rule
https://www.ewastekochi.com/buyback/laptops/sell-hp-elitebook-855-kochi.html,/buyback/laptops/sell-hp-elitebook-855-kochi.html,www.ewastekochi.com,/buyback/laptops/sell-hp-elitebook-855-kochi.html,0,0,404,404,2026-04-12,other-legacy-service,,,4,leave_404,,No meaningful traffic.,low,classification_source=rule
https://www.ewastekochi.com/ml/buyback/laptops/sell-hp-elitebook-917-kochi.html,/ml/buyback/laptops/sell-hp-elitebook-917-kochi.html,www.ewastekochi.com,/ml/buyback/laptops/sell-hp-elitebook-917-kochi.html,0,0,404,404,2026-04-12,other-legacy-service,,,4,leave_404,,No meaningful traffic.,low,classification_source=rule
https://www.ewastekochi.com/buyback/laptops/sell-thinkpad-t439p-kochi.html,/buyback/laptops/sell-thinkpad-t439p-kochi.html,www.ewastekochi.com,/buyback/laptops/sell-thinkpad-t439p-kochi.html,0,0,404,404,2026-04-12,other-legacy-service,,,4,leave_404,,No meaningful traffic.,low,classification_source=rule
https://www.ewastekochi.com/ml/buyback/laptops/sell-dell-latitude-5451-kochi.html,/ml/buyback/laptops/sell-dell-latitude-5451-kochi.html,www.ewastekochi.com,/ml/buyback/laptops/sell-dell-latitude-5451-kochi.html,0,0,404,404,2026-04-12,other-legacy-service,,,4,leave_404,,No meaningful traffic.,low,classification_source=rule
https://www.ewastekochi.com/locations/ewaste-682010.html,/locations/ewaste-682010.html,www.ewastekochi.com,/locations/ewaste-682010.html,0,0,404,404,2026-04-12,location-page,ewaste-682010.html,,4,leave_404,,"Location page, no meaningful traffic.",low,classification_source=rule
https://www.ewastekochi.com/locations/ewaste-682069.html,/locations/ewaste-682069.html,www.ewastekochi.com,/locations/ewaste-682069.html,0,0,404,404,2026-04-12,location-page,ewaste-682069.html,,4,leave_404,,"Location page, no meaningful traffic.",low,classification_source=rule
https://www.ewastekochi.com/locations/ewaste-682143.html,/locations/ewaste-682143.html,www.ewastekochi.com,/locations/ewaste-682143.html,0,0,404,404,2026-04-12,location-page,ewaste-682143.html,,4,leave_404,,"Location page, no meaningful traffic.",low,classification_source=rule
https://www.ewastekochi.com/ml/buyback/laptops/sell-hp-elitebook-852-kochi.html,/ml/buyback/laptops/sell-hp-elitebook-852-kochi.html,www.ewastekochi.com,/ml/buyback/laptops/sell-hp-elitebook-852-kochi.html,0,0,404,404,2026-04-12,other-legacy-service,,,4,leave_404,,No meaningful traffic.,low,classification_source=rule
https://www.ewastekochi.com/buyback/sell-water-damaged-macbook-kochi.html,/buyback/sell-water-damaged-macbook-kochi.html,www.ewastekochi.com,/buyback/sell-water-damaged-macbook-kochi.html,0,0,404,404,2026-04-12,other-legacy-service,,,4,leave_404,,No meaningful traffic.,low,classification_source=rule
https://www.ewastekochi.com/locations/ewaste-682207.html,/locations/ewaste-682207.html,www.ewastekochi.com,/locations/ewaste-682207.html,0,0,404,404,2026-04-12,location-page,ewaste-682207.html,,4,leave_404,,"Location page, no meaningful traffic.",low,classification_source=rule
https://www.ewastekochi.com/ml/buyback/phones/sell-google-pixel-9-pro-kochi.html,/ml/buyback/phones/sell-google-pixel-9-pro-kochi.html,www.ewastekochi.com,/ml/buyback/phones/sell-google-pixel-9-pro-kochi.html,0,0,404,404,2026-04-12,other-legacy-service,,,4,leave_404,,No meaningful traffic.,low,classification_source=rule
https://www.ewastekochi.com/ml/locations/ewaste-tripunithura.html,/ml/locations/ewaste-tripunithura.html,www.ewastekochi.com,/ml/locations/ewaste-tripunithura.html,0,0,404,404,2026-04-12,other-legacy-service,,,4,leave_404,,No meaningful traffic.,low,classification_source=rule
https://www.ewastekochi.com/ml/locations/ewaste-cheranallur.html,/ml/locations/ewaste-cheranallur.html,www.ewastekochi.com,/ml/locations/ewaste-cheranallur.html,0,0,404,404,2026-04-12,other-legacy-service,,,4,leave_404,,No meaningful traffic.,low,classification_source=rule
https://www.ewastekochi.com/buyback/laptops/sell-macbook-pro-14-kochi.html,/buyback/laptops/sell-macbook-pro-14-kochi.html,www.ewastekochi.com,/buyback/laptops/sell-macbook-pro-14-kochi.html,0,0,404,404,2026-04-12,other-legacy-service,,,4,leave_404,,No meaningful traffic.,low,classification_source=rule
https://www.ewastekochi.com/ml/buyback/laptops/sell-hp-elitebook-866-kochi.html,/ml/buyback/laptops/sell-hp-elitebook-866-kochi.html,www.ewastekochi.com,/ml/buyback/laptops/sell-hp-elitebook-866-kochi.html,0,0,404,404,2026-04-12,other-legacy-service,,,4,leave_404,,No meaningful traffic.,low,classification_source=rule
https://www.ewastekochi.com/ml/buyback/phones/sell-iphone-12-pro-max-kochi.html,/ml/buyback/phones/sell-iphone-12-pro-max-kochi.html,www.ewastekochi.com,/ml/buyback/phones/sell-iphone-12-pro-max-kochi.html,0,0,404,404,2026-04-12,other-legacy-service,,,4,leave_404,,No meaningful traffic.,low,classification_source=rule
https://www.ewastekochi.com/ml/buyback/phones/sell-samsung-galaxy-a22-kochi.html,/ml/buyback/phones/sell-samsung-galaxy-a22-kochi.html,www.ewastekochi.com,/ml/buyback/phones/sell-samsung-galaxy-a22-kochi.html,0,0,404,404,2026-04-12,other-legacy-service,,,4,leave_404,,No meaningful traffic.,low,classification_source=rule
https://www.ewastekochi.com/ml/buyback/laptops/sell-dell-latitude-5482-kochi.html,/ml/buyback/laptops/sell-dell-latitude-5482-kochi.html,www.ewastekochi.com,/ml/buyback/laptops/sell-dell-latitude-5482-kochi.html,0,0,404,404,2026-04-12,other-legacy-service,,,4,leave_404,,No meaningful traffic.,low,classification_source=rule
https://www.ewastekochi.com/ml/locations/ewaste-682121.html,/ml/locations/ewaste-682121.html,www.ewastekochi.com,/ml/locations/ewaste-682121.html,0,1,404,404,2026-04-12,other-legacy-service,,,3,leave_404,,No meaningful traffic.,low,classification_source=rule
https://www.ewastekochi.com/locations/ewaste-cheranalloor.html,/locations/ewaste-cheranalloor.html,www.ewastekochi.com,/locations/ewaste-cheranalloor.html,0,0,404,404,2026-04-12,location-page,ewaste-cheranalloor.html,,4,leave_404,,"Location page, no meaningful traffic.",low,classification_source=rule
https://www.ewastekochi.com/ml/locations/ewaste-682193.html,/ml/locations/ewaste-682193.html,www.ewastekochi.com,/ml/locations/ewaste-682193.html,0,0,404,404,2026-04-12,other-legacy-service,,,4,leave_404,,No meaningful traffic.,low,classification_source=rule
https://www.ewastekochi.com/ml/locations/ewaste-682018.html,/ml/locations/ewaste-682018.html,www.ewastekochi.com,/ml/locations/ewaste-682018.html,0,0,404,404,2026-04-12,other-legacy-service,,,4,leave_404,,No meaningful traffic.,low,classification_source=rule
https://www.ewastekochi.com/locations/ewaste-682210.html,/locations/ewaste-682210.html,www.ewastekochi.com,/locations/ewaste-682210.html,0,0,404,404,2026-04-12,location-page,ewaste-682210.html,,4,leave_404,,"Location page, no meaningful traffic.",low,classification_source=rule
https://www.ewastekochi.com/locations/ewaste-682092.html,/locations/ewaste-682092.html,www.ewastekochi.com,/locations/ewaste-682092.html,0,0,404,404,2026-04-12,location-page,ewaste-682092.html,,4,leave_404,,"Location page, no meaningful traffic.",low,classification_source=rule
https://www.ewastekochi.com/ml/locations/ewaste-682114.html,/ml/locations/ewaste-682114.html,www.ewastekochi.com,/ml/locations/ewaste-682114.html,0,0,404,404,2026-04-12,other-legacy-service,,,4,leave_404,,No meaningful traffic.,low,classification_source=rule
https://www.ewastekochi.com/buyback/laptops/sell-dell-latitude-5483-kochi.html,/buyback/laptops/sell-dell-latitude-5483-kochi.html,www.ewastekochi.com,/buyback/laptops/sell-dell-latitude-5483-kochi.html,0,0,404,404,2026-04-12,other-legacy-service,,,4,leave_404,,No meaningful traffic.,low,classification_source=rule
https://www.ewastekochi.com/buyback/laptops/sell-thinkpad-t468s-kochi.html,/buyback/laptops/sell-thinkpad-t468s-kochi.html,www.ewastekochi.com,/buyback/laptops/sell-thinkpad-t468s-kochi.html,0,0,404,404,2026-04-12,other-legacy-service,,,4,leave_404,,No meaningful traffic.,low,classification_source=rule
https://www.ewastekochi.com/ml/buyback/laptops/sell-dell-latitude-5415-kochi.html,/ml/buyback/laptops/sell-dell-latitude-5415-kochi.html,www.ewastekochi.com,/ml/buyback/laptops/sell-dell-latitude-5415-kochi.html,0,0,404,404,2026-04-12,other-legacy-service,,,4,leave_404,,No meaningful traffic.,low,classification_source=rule
https://www.ewastekochi.com/ml/buyback/laptops/sell-dell-latitude-5473-kochi.html,/ml/buyback/laptops/sell-dell-latitude-5473-kochi.html,www.ewastekochi.com,/ml/buyback/laptops/sell-dell-latitude-5473-kochi.html,0,0,404,404,2026-04-12,other-legacy-service,,,4,leave_404,,No meaningful traffic.,low,classification_source=rule
https://www.ewastekochi.com/ml/buyback/laptops/sell-thinkpad-t495s-kochi.html,/ml/buyback/laptops/sell-thinkpad-t495s-kochi.html,www.ewastekochi.com,/ml/buyback/laptops/sell-thinkpad-t495s-kochi.html,0,0,404,404,2026-04-12,other-legacy-service,,,4,leave_404,,No meaningful traffic.,low,classification_source=rule
https://www.ewastekochi.com/buyback/laptops/sell-dell-latitude-5020-kochi.html,/buyback/laptops/sell-dell-latitude-5020-kochi.html,www.ewastekochi.com,/buyback/laptops/sell-dell-latitude-5020-kochi.html,0,0,404,404,2026-04-12,other-legacy-service,,,4,leave_404,,No meaningful traffic.,low,classification_source=rule
https://www.ewastekochi.com/ml/buyback/laptops/sell-hp-elitebook-856-kochi.html,/ml/buyback/laptops/sell-hp-elitebook-856-kochi.html,www.ewastekochi.com,/ml/buyback/laptops/sell-hp-elitebook-856-kochi.html,0,0,404,404,2026-04-12,other-legacy-service,,,4,leave_404,,No meaningful traffic.,low,classification_source=rule
https://www.ewastekochi.com/buyback/laptops/sell-thinkpad-t436s-kochi.html,/buyback/laptops/sell-thinkpad-t436s-kochi.html,www.ewastekochi.com,/buyback/laptops/sell-thinkpad-t436s-kochi.html,0,0,404,404,2026-04-12,other-legacy-service,,,4,leave_404,,No meaningful traffic.,low,classification_source=rule
https://www.ewastekochi.com/locations/ewaste-682136.html,/locations/ewaste-682136.html,www.ewastekochi.com,/locations/ewaste-682136.html,0,0,404,404,2026-04-12,location-page,ewaste-682136.html,,4,leave_404,,"Location page, no meaningful traffic.",low,classification_source=rule
https://www.ewastekochi.com/buyback/laptops/sell-thinkpad-t402s-kochi.html,/buyback/laptops/sell-thinkpad-t402s-kochi.html,www.ewastekochi.com,/buyback/laptops/sell-thinkpad-t402s-kochi.html,0,0,404,404,2026-04-12,other-legacy-service,,,4,leave_404,,No meaningful traffic.,low,classification_source=rule
https://www.ewastekochi.com/ml/buyback/laptops/sell-dell-latitude-5498-kochi.html,/ml/buyback/laptops/sell-dell-latitude-5498-kochi.html,www.ewastekochi.com,/ml/buyback/laptops/sell-dell-latitude-5498-kochi.html,0,0,404,404,2026-04-12,other-legacy-service,,,4,leave_404,,No meaningful traffic.,low,classification_source=rule
https://www.ewastekochi.com/itad/data-destruction-infopark.html,/itad/data-destruction-infopark.html,www.ewastekochi.com,/itad/data-destruction-infopark.html,0,0,404,404,2026-04-12,other-legacy-service,,,4,leave_404,,No meaningful traffic.,low,classification_source=rule
https://www.ewastekochi.com/ml/buyback/laptops/sell-hp-elitebook-862-kochi.html,/ml/buyback/laptops/sell-hp-elitebook-862-kochi.html,www.ewastekochi.com,/ml/buyback/laptops/sell-hp-elitebook-862-kochi.html,0,0,404,404,2026-04-12,other-legacy-service,,,4,leave_404,,No meaningful traffic.,low,classification_source=rule
https://www.ewastekochi.com/ml/buyback/laptops/sell-thinkpad-t491s-kochi.html,/ml/buyback/laptops/sell-thinkpad-t491s-kochi.html,www.ewastekochi.com,/ml/buyback/laptops/sell-thinkpad-t491s-kochi.html,0,0,404,404,2026-04-12,other-legacy-service,,,4,leave_404,,No meaningful traffic.,low,classification_source=rule
https://www.ewastekochi.com/ml/buyback/laptops/sell-dell-latitude-5438-kochi.html,/ml/buyback/laptops/sell-dell-latitude-5438-kochi.html,www.ewastekochi.com,/ml/buyback/laptops/sell-dell-latitude-5438-kochi.html,0,0,404,404,2026-04-12,other-legacy-service,,,4,leave_404,,No meaningful traffic.,low,classification_source=rule
https://www.ewastekochi.com/ml/locations/ewaste-kaloor.html,/ml/locations/ewaste-kaloor.html,www.ewastekochi.com,/ml/locations/ewaste-kaloor.html,0,0,404,404,2026-04-12,other-legacy-service,,,4,leave_404,,No meaningful traffic.,low,classification_source=rule
https://www.ewastekochi.com/ml/buyback/laptops/sell-thinkpad-t468s-kochi.html,/ml/buyback/laptops/sell-thinkpad-t468s-kochi.html,www.ewastekochi.com,/ml/buyback/laptops/sell-thinkpad-t468s-kochi.html,0,0,404,404,2026-04-12,other-legacy-service,,,4,leave_404,,No meaningful traffic.,low,classification_source=rule
https://www.ewastekochi.com/ml/buyback/phones/sell-oneplus-15-pro-kochi.html,/ml/buyback/phones/sell-oneplus-15-pro-kochi.html,www.ewastekochi.com,/ml/buyback/phones/sell-oneplus-15-pro-kochi.html,0,0,404,404,2026-04-12,other-legacy-service,,,4,leave_404,,No meaningful traffic.,low,classification_source=rule
https://www.ewastekochi.com/ml/buyback/laptops/sell-asus-rog-zephyrus-g17-kochi.html,/ml/buyback/laptops/sell-asus-rog-zephyrus-g17-kochi.html,www.ewastekochi.com,/ml/buyback/laptops/sell-asus-rog-zephyrus-g17-kochi.html,0,0,404,404,2026-04-12,other-legacy-service,,,4,leave_404,,No meaningful traffic.,low,classification_source=rule
https://www.ewastekochi.com/locations/ewaste-682162.html,/locations/ewaste-682162.html,www.ewastekochi.com,/locations/ewaste-682162.html,0,0,404,404,2026-04-12,location-page,ewaste-682162.html,,4,leave_404,,"Location page, no meaningful traffic.",low,classification_source=rule
https://www.ewastekochi.com/ml/buyback/laptops/sell-hp-elitebook-936-kochi.html,/ml/buyback/laptops/sell-hp-elitebook-936-kochi.html,www.ewastekochi.com,/ml/buyback/laptops/sell-hp-elitebook-936-kochi.html,0,0,404,404,2026-04-12,other-legacy-service,,,4,leave_404,,No meaningful traffic.,low,classification_source=rule
https://www.ewastekochi.com/locations/ewaste-682192.html,/locations/ewaste-682192.html,www.ewastekochi.com,/locations/ewaste-682192.html,0,0,404,404,2026-04-12,location-page,ewaste-682192.html,,4,leave_404,,"Location page, no meaningful traffic.",low,classification_source=rule
https://www.ewastekochi.com/buyback/laptops/sell-dell-latitude-5429-kochi.html,/buyback/laptops/sell-dell-latitude-5429-kochi.html,www.ewastekochi.com,/buyback/laptops/sell-dell-latitude-5429-kochi.html,0,0,404,404,2026-04-12,other-legacy-service,,,4,leave_404,,No meaningful traffic.,low,classification_source=rule
https://www.ewastekochi.com/ml/locations/ewaste-682187.html,/ml/locations/ewaste-682187.html,www.ewastekochi.com,/ml/locations/ewaste-682187.html,0,0,404,404,2026-04-12,other-legacy-service,,,4,leave_404,,No meaningful traffic.,low,classification_source=rule
https://www.ewastekochi.com/buyback/laptops/sell-thinkpad-t440s-kochi.html,/buyback/laptops/sell-thinkpad-t440s-kochi.html,www.ewastekochi.com,/buyback/laptops/sell-thinkpad-t440s-kochi.html,0,0,404,404,2026-04-12,other-legacy-service,,,4,leave_404,,No meaningful traffic.,low,classification_source=rule
https://www.ewastekochi.com/ml/locations/ewaste-682226.html,/ml/locations/ewaste-682226.html,www.ewastekochi.com,/ml/locations/ewaste-682226.html,0,0,404,404,2026-04-12,other-legacy-service,,,4,leave_404,,No meaningful traffic.,low,classification_source=rule
https://www.ewastekochi.com/buyback/phones/sell-iphone-10-kochi.html,/buyback/phones/sell-iphone-10-kochi.html,www.ewastekochi.com,/buyback/phones/sell-iphone-10-kochi.html,0,0,404,404,2026-04-12,other-legacy-service,,,4,leave_404,,No meaningful traffic.,low,classification_source=rule
https://www.ewastekochi.com/ml/buyback/phones/sell-samsung-galaxy-s10-ultra-kochi.html,/ml/buyback/phones/sell-samsung-galaxy-s10-ultra-kochi.html,www.ewastekochi.com,/ml/buyback/phones/sell-samsung-galaxy-s10-ultra-kochi.html,0,0,404,404,2026-04-12,other-legacy-service,,,4,leave_404,,No meaningful traffic.,low,classification_source=rule
https://www.ewastekochi.com/ml/buyback/laptops/sell-dell-latitude-5406-kochi.html,/ml/buyback/laptops/sell-dell-latitude-5406-kochi.html,www.ewastekochi.com,/ml/buyback/laptops/sell-dell-latitude-5406-kochi.html,0,0,404,404,2026-04-12,other-legacy-service,,,4,leave_404,,No meaningful traffic.,low,classification_source=rule
https://www.ewastekochi.com/ml/locations/ewaste-682073.html,/ml/locations/ewaste-682073.html,www.ewastekochi.com,/ml/locations/ewaste-682073.html,0,0,404,404,2026-04-12,other-legacy-service,,,4,leave_404,,No meaningful traffic.,low,classification_source=rule
https://www.ewastekochi.com/ml/locations/ewaste-thrippunithura.html,/ml/locations/ewaste-thrippunithura.html,www.ewastekochi.com,/ml/locations/ewaste-thrippunithura.html,0,0,404,404,2026-04-12,other-legacy-service,,,4,leave_404,,No meaningful traffic.,low,classification_source=rule
https://www.ewastekochi.com/ml/buyback/phones/sell-oneplus-10-pro-kochi.html,/ml/buyback/phones/sell-oneplus-10-pro-kochi.html,www.ewastekochi.com,/ml/buyback/phones/sell-oneplus-10-pro-kochi.html,0,0,404,404,2026-04-12,other-legacy-service,,,4,leave_404,,No meaningful traffic.,low,classification_source=rule
https://www.ewastekochi.com/buyback/laptops/sell-hp-elitebook-915-kochi.html,/buyback/laptops/sell-hp-elitebook-915-kochi.html,www.ewastekochi.com,/buyback/laptops/sell-hp-elitebook-915-kochi.html,0,0,404,404,2026-04-12,other-legacy-service,,,4,leave_404,,No meaningful traffic.,low,classification_source=rule
https://www.ewastekochi.com/ml/locations/ewaste-682058.html,/ml/locations/ewaste-682058.html,www.ewastekochi.com,/ml/locations/ewaste-682058.html,0,0,404,404,2026-04-12,other-legacy-service,,,4,leave_404,,No meaningful traffic.,low,classification_source=rule
https://www.ewastekochi.com/ml/buyback/laptops/sell-dell-latitude-5457-kochi.html,/ml/buyback/laptops/sell-dell-latitude-5457-kochi.html,www.ewastekochi.com,/ml/buyback/laptops/sell-dell-latitude-5457-kochi.html,0,0,404,404,2026-04-12,other-legacy-service,,,4,leave_404,,No meaningful traffic.,low,classification_source=rule
https://www.ewastekochi.com/ml/buyback/laptops/sell-thinkpad-t418s-kochi.html,/ml/buyback/laptops/sell-thinkpad-t418s-kochi.html,www.ewastekochi.com,/ml/buyback/laptops/sell-thinkpad-t418s-kochi.html,0,0,404,404,2026-04-12,other-legacy-service,,,4,leave_404,,No meaningful traffic.,low,classification_source=rule
https://www.ewastekochi.com/ml/buyback/laptops/sell-hp-elitebook-916-kochi.html,/ml/buyback/laptops/sell-hp-elitebook-916-kochi.html,www.ewastekochi.com,/ml/buyback/laptops/sell-hp-elitebook-916-kochi.html,0,0,404,404,2026-04-12,other-legacy-service,,,4,leave_404,,No meaningful traffic.,low,classification_source=rule
https://www.ewastekochi.com/ml/buyback/laptops/sell-dell-latitude-5450-kochi.html,/ml/buyback/laptops/sell-dell-latitude-5450-kochi.html,www.ewastekochi.com,/ml/buyback/laptops/sell-dell-latitude-5450-kochi.html,0,0,404,404,2026-04-12,other-legacy-service,,,4,leave_404,,No meaningful traffic.,low,classification_source=rule
https://www.ewastekochi.com/locations/ewaste-eramalloor.html,/locations/ewaste-eramalloor.html,www.ewastekochi.com,/locations/ewaste-eramalloor.html,0,0,404,404,2026-04-12,location-page,ewaste-eramalloor.html,,4,leave_404,,"Location page, no meaningful traffic.",low,classification_source=rule
https://www.ewastekochi.com/buyback/laptops/sell-thinkpad-t418-kochi.html,/buyback/laptops/sell-thinkpad-t418-kochi.html,www.ewastekochi.com,/buyback/laptops/sell-thinkpad-t418-kochi.html,0,0,404,404,2026-04-12,other-legacy-service,,,4,leave_404,,No meaningful traffic.,low,classification_source=rule
https://www.ewastekochi.com/buyback/laptops/sell-dell-latitude-5012-kochi.html,/buyback/laptops/sell-dell-latitude-5012-kochi.html,www.ewastekochi.com,/buyback/laptops/sell-dell-latitude-5012-kochi.html,0,0,404,404,2026-04-12,other-legacy-service,,,4,leave_404,,No meaningful traffic.,low,classification_source=rule
https://www.ewastekochi.com/buyback/laptops/sell-dell-latitude-5486-kochi.html,/buyback/laptops/sell-dell-latitude-5486-kochi.html,www.ewastekochi.com,/buyback/laptops/sell-dell-latitude-5486-kochi.html,0,0,404,404,2026-04-12,other-legacy-service,,,4,leave_404,,No meaningful traffic.,low,classification_source=rule
https://www.ewastekochi.com/buyback/laptops/sell-thinkpad-t447p-kochi.html,/buyback/laptops/sell-thinkpad-t447p-kochi.html,www.ewastekochi.com,/buyback/laptops/sell-thinkpad-t447p-kochi.html,0,0,404,404,2026-04-12,other-legacy-service,,,4,leave_404,,No meaningful traffic.,low,classification_source=rule
https://www.ewastekochi.com/buyback/laptops/sell-asus-rog-zephyrus-g115-kochi.html,/buyback/laptops/sell-asus-rog-zephyrus-g115-kochi.html,www.ewastekochi.com,/buyback/laptops/sell-asus-rog-zephyrus-g115-kochi.html,0,0,404,404,2026-04-12,other-legacy-service,,,4,leave_404,,No meaningful traffic.,low,classification_source=rule
https://www.ewastekochi.com/buyback/laptops/sell-dell-latitude-5408-kochi.html,/buyback/laptops/sell-dell-latitude-5408-kochi.html,www.ewastekochi.com,/buyback/laptops/sell-dell-latitude-5408-kochi.html,0,0,404,404,2026-04-12,other-legacy-service,,,4,leave_404,,No meaningful traffic.,low,classification_source=rule
https://www.ewastekochi.com/buyback/laptops/sell-hp-elitebook-889-kochi.html,/buyback/laptops/sell-hp-elitebook-889-kochi.html,www.ewastekochi.com,/buyback/laptops/sell-hp-elitebook-889-kochi.html,0,0,404,404,2026-04-12,other-legacy-service,,,4,leave_404,,No meaningful traffic.,low,classification_source=rule
https://www.ewastekochi.com/buyback/laptops/sell-thinkpad-t454p-kochi.html,/buyback/laptops/sell-thinkpad-t454p-kochi.html,www.ewastekochi.com,/buyback/laptops/sell-thinkpad-t454p-kochi.html,0,0,404,404,2026-04-12,other-legacy-service,,,4,leave_404,,No meaningful traffic.,low,classification_source=rule
https://www.ewastekochi.com/ml/locations/ewaste-kochi.html,/ml/locations/ewaste-kochi.html,www.ewastekochi.com,/ml/locations/ewaste-kochi.html,0,0,404,404,2026-04-12,other-legacy-service,,,4,leave_404,,No meaningful traffic.,low,classification_source=rule
https://www.ewastekochi.com/buyback/laptops/sell-thinkpad-t424p-kochi.html,/buyback/laptops/sell-thinkpad-t424p-kochi.html,www.ewastekochi.com,/buyback/laptops/sell-thinkpad-t424p-kochi.html,0,0,404,404,2026-04-12,other-legacy-service,,,4,leave_404,,No meaningful traffic.,low,classification_source=rule
https://www.ewastekochi.com/buyback/phones/sell-samsung-a105-kochi.html,/buyback/phones/sell-samsung-a105-kochi.html,www.ewastekochi.com,/buyback/phones/sell-samsung-a105-kochi.html,0,0,404,404,2026-04-12,other-legacy-service,,,4,leave_404,,No meaningful traffic.,low,classification_source=rule
https://www.ewastekochi.com/ml/buyback/laptops/sell-dell-latitude-5431-kochi.html,/ml/buyback/laptops/sell-dell-latitude-5431-kochi.html,www.ewastekochi.com,/ml/buyback/laptops/sell-dell-latitude-5431-kochi.html,0,0,404,404,2026-04-12,other-legacy-service,,,4,leave_404,,No meaningful traffic.,low,classification_source=rule
https://www.ewastekochi.com/ml/locations/ewaste-thammanam.html,/ml/locations/ewaste-thammanam.html,www.ewastekochi.com,/ml/locations/ewaste-thammanam.html,0,0,404,404,2026-04-12,other-legacy-service,,,4,leave_404,,No meaningful traffic.,low,classification_source=rule
https://www.ewastekochi.com/buyback/laptops/sell-thinkpad-t425s-kochi.html,/buyback/laptops/sell-thinkpad-t425s-kochi.html,www.ewastekochi.com,/buyback/laptops/sell-thinkpad-t425s-kochi.html,0,0,404,404,2026-04-12,other-legacy-service,,,4,leave_404,,No meaningful traffic.,low,classification_source=rule
https://www.ewastekochi.com/buyback/phones/sell-oneplus-12t-kochi.html,/buyback/phones/sell-oneplus-12t-kochi.html,www.ewastekochi.com,/buyback/phones/sell-oneplus-12t-kochi.html,0,0,404,404,2026-04-12,other-legacy-service,,,4,leave_404,,No meaningful traffic.,low,classification_source=rule
https://www.ewastekochi.com/ml/locations/ewaste-682248.html,/ml/locations/ewaste-682248.html,www.ewastekochi.com,/ml/locations/ewaste-682248.html,0,0,404,404,2026-04-12,other-legacy-service,,,4,leave_404,,No meaningful traffic.,low,classification_source=rule
https://www.ewastekochi.com/buyback/laptops/sell-thinkpad-t408p-kochi.html,/buyback/laptops/sell-thinkpad-t408p-kochi.html,www.ewastekochi.com,/buyback/laptops/sell-thinkpad-t408p-kochi.html,0,0,404,404,2026-04-12,other-legacy-service,,,4,leave_404,,No meaningful traffic.,low,classification_source=rule
https://www.ewastekochi.com/locations/ewaste-682151.html,/locations/ewaste-682151.html,www.ewastekochi.com,/locations/ewaste-682151.html,0,0,404,404,2026-04-12,location-page,ewaste-682151.html,,4,leave_404,,"Location page, no meaningful traffic.",low,classification_source=rule
https://www.ewastekochi.com/locations/ewaste-682003.html,/locations/ewaste-682003.html,www.ewastekochi.com,/locations/ewaste-682003.html,0,0,404,404,2026-04-12,location-page,ewaste-682003.html,,4,leave_404,,"Location page, no meaningful traffic.",low,classification_source=rule
https://www.ewastekochi.com/locations/ewaste-682058.html,/locations/ewaste-682058.html,www.ewastekochi.com,/locations/ewaste-682058.html,0,0,404,404,2026-04-12,location-page,ewaste-682058.html,,4,leave_404,,"Location page, no meaningful traffic.",low,classification_source=rule
https://www.ewastekochi.com/locations/ewaste-682177.html,/locations/ewaste-682177.html,www.ewastekochi.com,/locations/ewaste-682177.html,0,0,404,404,2026-04-12,location-page,ewaste-682177.html,,4,leave_404,,"Location page, no meaningful traffic.",low,classification_source=rule
https://www.ewastekochi.com/buyback/phones/sell-iphone-11-pro-kochi.html,/buyback/phones/sell-iphone-11-pro-kochi.html,www.ewastekochi.com,/buyback/phones/sell-iphone-11-pro-kochi.html,0,0,404,404,2026-04-12,other-legacy-service,,,4,leave_404,,No meaningful traffic.,low,classification_source=rule
https://www.ewastekochi.com/buyback/phones/sell-samsung-s24-kochi.html,/buyback/phones/sell-samsung-s24-kochi.html,www.ewastekochi.com,/buyback/phones/sell-samsung-s24-kochi.html,0,0,404,404,2026-04-12,other-legacy-service,,,4,leave_404,,No meaningful traffic.,low,classification_source=rule
https://www.ewastekochi.com/buyback/phones/sell-nothing-phone-4-kochi.html,/buyback/phones/sell-nothing-phone-4-kochi.html,www.ewastekochi.com,/buyback/phones/sell-nothing-phone-4-kochi.html,0,0,404,404,2026-04-12,other-legacy-service,,,4,leave_404,,No meaningful traffic.,low,classification_source=rule
https://www.ewastekochi.com/buyback/laptops/sell-thinkpad-t433-kochi.html,/buyback/laptops/sell-thinkpad-t433-kochi.html,www.ewastekochi.com,/buyback/laptops/sell-thinkpad-t433-kochi.html,0,0,404,404,2026-04-12,other-legacy-service,,,4,leave_404,,No meaningful traffic.,low,classification_source=rule
https://www.ewastekochi.com/buyback/laptops/sell-thinkpad-t499s-kochi.html,/buyback/laptops/sell-thinkpad-t499s-kochi.html,www.ewastekochi.com,/buyback/laptops/sell-thinkpad-t499s-kochi.html,0,0,404,404,2026-04-12,other-legacy-service,,,4,leave_404,,No meaningful traffic.,low,classification_source=rule
https://www.ewastekochi.com/buyback/laptops/sell-dell-latitude-5039-kochi.html,/buyback/laptops/sell-dell-latitude-5039-kochi.html,www.ewastekochi.com,/buyback/laptops/sell-dell-latitude-5039-kochi.html,0,0,404,404,2026-04-12,other-legacy-service,,,4,leave_404,,No meaningful traffic.,low,classification_source=rule
https://www.ewastekochi.com/ml/locations/ewaste-682044.html,/ml/locations/ewaste-682044.html,www.ewastekochi.com,/ml/locations/ewaste-682044.html,0,0,404,404,2026-04-12,other-legacy-service,,,4,leave_404,,No meaningful traffic.,low,classification_source=rule
https://www.ewastekochi.com/buyback/laptops/sell-dell-latitude-5004-kochi.html,/buyback/laptops/sell-dell-latitude-5004-kochi.html,www.ewastekochi.com,/buyback/laptops/sell-dell-latitude-5004-kochi.html,0,0,404,404,2026-04-12,other-legacy-service,,,4,leave_404,,No meaningful traffic.,low,classification_source=rule
https://www.ewastekochi.com/buyback/laptops/sell-thinkpad-t414p-kochi.html,/buyback/laptops/sell-thinkpad-t414p-kochi.html,www.ewastekochi.com,/buyback/laptops/sell-thinkpad-t414p-kochi.html,0,0,404,404,2026-04-12,other-legacy-service,,,4,leave_404,,No meaningful traffic.,low,classification_source=rule
https://www.ewastekochi.com/ml/buyback/phones/sell-samsung-galaxy-a23-kochi.html,/ml/buyback/phones/sell-samsung-galaxy-a23-kochi.html,www.ewastekochi.com,/ml/buyback/phones/sell-samsung-galaxy-a23-kochi.html,0,0,404,404,2026-04-12,other-legacy-service,,,4,leave_404,,No meaningful traffic.,low,classification_source=rule
https://www.ewastekochi.com/ml/buyback/phones/sell-nothing-phone-4-kochi.html,/ml/buyback/phones/sell-nothing-phone-4-kochi.html,www.ewastekochi.com,/ml/buyback/phones/sell-nothing-phone-4-kochi.html,0,0,404,404,2026-04-12,other-legacy-service,,,4,leave_404,,No meaningful traffic.,low,classification_source=rule
https://www.ewastekochi.com/ml/locations/ewaste-kalamassery.html,/ml/locations/ewaste-kalamassery.html,www.ewastekochi.com,/ml/locations/ewaste-kalamassery.html,0,0,404,404,2026-04-12,other-legacy-service,,,4,leave_404,,No meaningful traffic.,low,classification_source=rule
https://www.ewastekochi.com/locations/ewaste-682124.html,/locations/ewaste-682124.html,www.ewastekochi.com,/locations/ewaste-682124.html,0,0,404,404,2026-04-12,location-page,ewaste-682124.html,,4,leave_404,,"Location page, no meaningful traffic.",low,classification_source=rule
https://www.ewastekochi.com/locations/ewaste-682173.html,/locations/ewaste-682173.html,www.ewastekochi.com,/locations/ewaste-682173.html,0,0,404,404,2026-04-12,location-page,ewaste-682173.html,,4,leave_404,,"Location page, no meaningful traffic.",low,classification_source=rule
https://www.ewastekochi.com/locations/ewaste-vadavucode.html,/locations/ewaste-vadavucode.html,www.ewastekochi.com,/locations/ewaste-vadavucode.html,0,0,404,404,2026-04-12,location-page,ewaste-vadavucode.html,,4,leave_404,,"Location page, no meaningful traffic.",low,classification_source=rule
https://www.ewastekochi.com/locations/ewaste-682135.html,/locations/ewaste-682135.html,www.ewastekochi.com,/locations/ewaste-682135.html,0,0,404,404,2026-04-12,location-page,ewaste-682135.html,,4,leave_404,,"Location page, no meaningful traffic.",low,classification_source=rule
https://www.ewastekochi.com/buyback/laptops/sell-dell-latitude-5465-kochi.html,/buyback/laptops/sell-dell-latitude-5465-kochi.html,www.ewastekochi.com,/buyback/laptops/sell-dell-latitude-5465-kochi.html,0,0,404,404,2026-04-12,other-legacy-service,,,4,leave_404,,No meaningful traffic.,low,classification_source=rule
https://www.ewastekochi.com/ml/locations/ewaste-682054.html,/ml/locations/ewaste-682054.html,www.ewastekochi.com,/ml/locations/ewaste-682054.html,0,0,404,404,2026-04-12,other-legacy-service,,,4,leave_404,,No meaningful traffic.,low,classification_source=rule
https://www.ewastekochi.com/ml/buyback/laptops/sell-dell-latitude-5430-kochi.html,/ml/buyback/laptops/sell-dell-latitude-5430-kochi.html,www.ewastekochi.com,/ml/buyback/laptops/sell-dell-latitude-5430-kochi.html,0,0,404,404,2026-04-12,other-legacy-service,,,4,leave_404,,No meaningful traffic.,low,classification_source=rule
https://www.ewastekochi.com/buyback/laptops/sell-dell-latitude-5446-kochi.html,/buyback/laptops/sell-dell-latitude-5446-kochi.html,www.ewastekochi.com,/buyback/laptops/sell-dell-latitude-5446-kochi.html,0,0,404,404,2026-04-12,other-legacy-service,,,4,leave_404,,No meaningful traffic.,low,classification_source=rule
https://www.ewastekochi.com/ml/buyback/laptops/sell-hp-elitebook-899-kochi.html,/ml/buyback/laptops/sell-hp-elitebook-899-kochi.html,www.ewastekochi.com,/ml/buyback/laptops/sell-hp-elitebook-899-kochi.html,0,0,404,404,2026-04-12,other-legacy-service,,,4,leave_404,,No meaningful traffic.,low,classification_source=rule
https://www.ewastekochi.com/buyback/laptops/sell-dell-latitude-5461-kochi.html,/buyback/laptops/sell-dell-latitude-5461-kochi.html,www.ewastekochi.com,/buyback/laptops/sell-dell-latitude-5461-kochi.html,0,0,404,404,2026-04-12,other-legacy-service,,,4,leave_404,,No meaningful traffic.,low,classification_source=rule
https://www.ewastekochi.com/buyback/laptops/sell-thinkpad-t459s-kochi.html,/buyback/laptops/sell-thinkpad-t459s-kochi.html,www.ewastekochi.com,/buyback/laptops/sell-thinkpad-t459s-kochi.html,0,0,404,404,2026-04-12,other-legacy-service,,,4,leave_404,,No meaningful traffic.,low,classification_source=rule
https://www.ewastekochi.com/ml/buyback/laptops/sell-dell-latitude-5416-kochi.html,/ml/buyback/laptops/sell-dell-latitude-5416-kochi.html,www.ewastekochi.com,/ml/buyback/laptops/sell-dell-latitude-5416-kochi.html,0,0,404,404,2026-04-12,other-legacy-service,,,4,leave_404,,No meaningful traffic.,low,classification_source=rule
https://www.ewastekochi.com/buyback/laptops/sell-thinkpad-t475s-kochi.html,/buyback/laptops/sell-thinkpad-t475s-kochi.html,www.ewastekochi.com,/buyback/laptops/sell-thinkpad-t475s-kochi.html,0,0,404,404,2026-04-12,other-legacy-service,,,4,leave_404,,No meaningful traffic.,low,classification_source=rule
https://www.ewastekochi.com/buyback/laptops/sell-hp-elitebook-859-kochi.html,/buyback/laptops/sell-hp-elitebook-859-kochi.html,www.ewastekochi.com,/buyback/laptops/sell-hp-elitebook-859-kochi.html,0,0,404,404,2026-04-12,other-legacy-service,,,4,leave_404,,No meaningful traffic.,low,classification_source=rule
https://www.ewastekochi.com/buyback/laptops/sell-dell-latitude-7411-kochi.html,/buyback/laptops/sell-dell-latitude-7411-kochi.html,www.ewastekochi.com,/buyback/laptops/sell-dell-latitude-7411-kochi.html,0,0,404,404,2026-04-12,other-legacy-service,,,4,leave_404,,No meaningful traffic.,low,classification_source=rule
https://www.ewastekochi.com/ml/buyback/laptops/sell-hp-elitebook-859-kochi.html,/ml/buyback/laptops/sell-hp-elitebook-859-kochi.html,www.ewastekochi.com,/ml/buyback/laptops/sell-hp-elitebook-859-kochi.html,0,0,404,404,2026-04-12,other-legacy-service,,,4,leave_404,,No meaningful traffic.,low,classification_source=rule
https://www.ewastekochi.com/ml/buyback/laptops/sell-thinkpad-t437s-kochi.html,/ml/buyback/laptops/sell-thinkpad-t437s-kochi.html,www.ewastekochi.com,/ml/buyback/laptops/sell-thinkpad-t437s-kochi.html,0,0,404,404,2026-04-12,other-legacy-service,,,4,leave_404,,No meaningful traffic.,low,classification_source=rule
https://www.ewastekochi.com/locations/ewaste-682245.html,/locations/ewaste-682245.html,www.ewastekochi.com,/locations/ewaste-682245.html,0,0,404,404,2026-04-12,location-page,ewaste-682245.html,,4,leave_404,,"Location page, no meaningful traffic.",low,classification_source=rule
https://www.ewastekochi.com/locations/ewaste-682241.html,/locations/ewaste-682241.html,www.ewastekochi.com,/locations/ewaste-682241.html,0,0,404,404,2026-04-12,location-page,ewaste-682241.html,,4,leave_404,,"Location page, no meaningful traffic.",low,classification_source=rule
https://www.ewastekochi.com/ml/locations/ewaste-682135.html,/ml/locations/ewaste-682135.html,www.ewastekochi.com,/ml/locations/ewaste-682135.html,0,0,404,404,2026-04-12,other-legacy-service,,,4,leave_404,,No meaningful traffic.,low,classification_source=rule
https://www.ewastekochi.com/ml/locations/ewaste-682215.html,/ml/locations/ewaste-682215.html,www.ewastekochi.com,/ml/locations/ewaste-682215.html,0,0,404,404,2026-04-12,other-legacy-service,,,4,leave_404,,No meaningful traffic.,low,classification_source=rule
https://www.ewastekochi.com/buyback/laptops/sell-thinkpad-t437s-kochi.html,/buyback/laptops/sell-thinkpad-t437s-kochi.html,www.ewastekochi.com,/buyback/laptops/sell-thinkpad-t437s-kochi.html,0,0,404,404,2026-04-12,other-legacy-service,,,4,leave_404,,No meaningful traffic.,low,classification_source=rule
https://www.ewastekochi.com/buyback/laptops/sell-thinkpad-x1-carbon-gen-12-kochi.html,/buyback/laptops/sell-thinkpad-x1-carbon-gen-12-kochi.html,www.ewastekochi.com,/buyback/laptops/sell-thinkpad-x1-carbon-gen-12-kochi.html,0,0,404,404,2026-04-12,other-legacy-service,,,4,leave_404,,No meaningful traffic.,low,classification_source=rule
https://www.ewastekochi.com/buyback/phones/sell-oneplus-6-pro-kochi.html,/buyback/phones/sell-oneplus-6-pro-kochi.html,www.ewastekochi.com,/buyback/phones/sell-oneplus-6-pro-kochi.html,0,0,404,404,2026-04-12,other-legacy-service,,,4,leave_404,,No meaningful traffic.,low,classification_source=rule
https://www.ewastekochi.com/ml/locations/ewaste-682078.html,/ml/locations/ewaste-682078.html,www.ewastekochi.com,/ml/locations/ewaste-682078.html,0,0,404,404,2026-04-12,other-legacy-service,,,4,leave_404,,No meaningful traffic.,low,classification_source=rule
https://www.ewastekochi.com/locations/ewaste-682044.html,/locations/ewaste-682044.html,www.ewastekochi.com,/locations/ewaste-682044.html,0,0,404,404,2026-04-12,location-page,ewaste-682044.html,,4,leave_404,,"Location page, no meaningful traffic.",low,classification_source=rule
https://www.ewastekochi.com/itad/server-recycling-kochi.html,/itad/server-recycling-kochi.html,www.ewastekochi.com,/itad/server-recycling-kochi.html,0,0,404,404,2026-04-12,other-legacy-service,,,4,leave_404,,No meaningful traffic.,low,classification_source=rule
https://www.ewastekochi.com/locations/ewaste-682071.html,/locations/ewaste-682071.html,www.ewastekochi.com,/locations/ewaste-682071.html,0,0,404,404,2026-04-12,location-page,ewaste-682071.html,,4,leave_404,,"Location page, no meaningful traffic.",low,classification_source=rule
https://www.ewastekochi.com/itad/it-clearance-smartcity-kochi.html,/itad/it-clearance-smartcity-kochi.html,www.ewastekochi.com,/itad/it-clearance-smartcity-kochi.html,0,0,404,404,2026-04-12,other-legacy-service,,,4,leave_404,,No meaningful traffic.,low,classification_source=rule
https://www.ewastekochi.com/buyback/laptops/sell-dell-latitude-5424-kochi.html,/buyback/laptops/sell-dell-latitude-5424-kochi.html,www.ewastekochi.com,/buyback/laptops/sell-dell-latitude-5424-kochi.html,0,0,404,404,2026-04-12,other-legacy-service,,,4,leave_404,,No meaningful traffic.,low,classification_source=rule
https://www.ewastekochi.com/buyback/laptops/sell-thinkpad-t415p-kochi.html,/buyback/laptops/sell-thinkpad-t415p-kochi.html,www.ewastekochi.com,/buyback/laptops/sell-thinkpad-t415p-kochi.html,0,0,404,404,2026-04-12,other-legacy-service,,,4,leave_404,,No meaningful traffic.,low,classification_source=rule
https://www.ewastekochi.com/ml/locations/ewaste-682090.html,/ml/locations/ewaste-682090.html,www.ewastekochi.com,/ml/locations/ewaste-682090.html,0,0,404,404,2026-04-12,other-legacy-service,,,4,leave_404,,No meaningful traffic.,low,classification_source=rule
https://www.ewastekochi.com/ml/buyback/laptops/sell-thinkpad-t423s-kochi.html,/ml/buyback/laptops/sell-thinkpad-t423s-kochi.html,www.ewastekochi.com,/ml/buyback/laptops/sell-thinkpad-t423s-kochi.html,0,0,404,404,2026-04-12,other-legacy-service,,,4,leave_404,,No meaningful traffic.,low,classification_source=rule
https://www.ewastekochi.com/ml/buyback/phones/sell-iphone-10-kochi.html,/ml/buyback/phones/sell-iphone-10-kochi.html,www.ewastekochi.com,/ml/buyback/phones/sell-iphone-10-kochi.html,0,0,404,404,2026-04-12,other-legacy-service,,,4,leave_404,,No meaningful traffic.,low,classification_source=rule
https://www.ewastekochi.com/ml/buyback/laptops/sell-thinkpad-t457s-kochi.html,/ml/buyback/laptops/sell-thinkpad-t457s-kochi.html,www.ewastekochi.com,/ml/buyback/laptops/sell-thinkpad-t457s-kochi.html,0,0,404,404,2026-04-12,other-legacy-service,,,4,leave_404,,No meaningful traffic.,low,classification_source=rule
https://www.ewastekochi.com/locations/ewaste-682227.html,/locations/ewaste-682227.html,www.ewastekochi.com,/locations/ewaste-682227.html,0,0,404,404,2026-04-12,location-page,ewaste-682227.html,,4,leave_404,,"Location page, no meaningful traffic.",low,classification_source=rule
https://www.ewastekochi.com/ml/buyback/phones/sell-iphone-12-kochi.html,/ml/buyback/phones/sell-iphone-12-kochi.html,www.ewastekochi.com,/ml/buyback/phones/sell-iphone-12-kochi.html,0,0,404,404,2026-04-12,other-legacy-service,,,4,leave_404,,No meaningful traffic.,low,classification_source=rule
https://www.ewastekochi.com/ml/buyback/phones/sell-iphone-15-pro-kochi.html,/ml/buyback/phones/sell-iphone-15-pro-kochi.html,www.ewastekochi.com,/ml/buyback/phones/sell-iphone-15-pro-kochi.html,0,0,404,404,2026-04-12,other-legacy-service,,,4,leave_404,,No meaningful traffic.,low,classification_source=rule
https://www.ewastekochi.com/buyback/laptops/sell-dell-latitude-5430-kochi.html,/buyback/laptops/sell-dell-latitude-5430-kochi.html,www.ewastekochi.com,/buyback/laptops/sell-dell-latitude-5430-kochi.html,0,0,404,404,2026-04-12,other-legacy-service,,,4,leave_404,,No meaningful traffic.,low,classification_source=rule
https://www.ewastekochi.com/ml/buyback/laptops/sell-thinkpad-t466s-kochi.html,/ml/buyback/laptops/sell-thinkpad-t466s-kochi.html,www.ewastekochi.com,/ml/buyback/laptops/sell-thinkpad-t466s-kochi.html,0,0,404,404,2026-04-12,other-legacy-service,,,4,leave_404,,No meaningful traffic.,low,classification_source=rule
https://www.ewastekochi.com/ml/buyback/laptops/sell-hp-elitebook-909-kochi.html,/ml/buyback/laptops/sell-hp-elitebook-909-kochi.html,www.ewastekochi.com,/ml/buyback/laptops/sell-hp-elitebook-909-kochi.html,0,0,404,404,2026-04-12,other-legacy-service,,,4,leave_404,,No meaningful traffic.,low,classification_source=rule
https://www.ewastekochi.com/ml/buyback/laptops/sell-hp-elitebook-927-kochi.html,/ml/buyback/laptops/sell-hp-elitebook-927-kochi.html,www.ewastekochi.com,/ml/buyback/laptops/sell-hp-elitebook-927-kochi.html,0,0,404,404,2026-04-12,other-legacy-service,,,4,leave_404,,No meaningful traffic.,low,classification_source=rule
https://www.ewastekochi.com/security/hard-drive-shredding-kochi.html,/security/hard-drive-shredding-kochi.html,www.ewastekochi.com,/security/hard-drive-shredding-kochi.html,0,0,404,404,2026-04-12,other-legacy-service,,,4,leave_404,,No meaningful traffic.,low,classification_source=rule
https://www.ewastekochi.com/buyback/laptops/sell-hp-elitebook-869-kochi.html,/buyback/laptops/sell-hp-elitebook-869-kochi.html,www.ewastekochi.com,/buyback/laptops/sell-hp-elitebook-869-kochi.html,0,0,404,404,2026-04-12,other-legacy-service,,,4,leave_404,,No meaningful traffic.,low,classification_source=rule
https://www.ewastekochi.com/buyback/laptops/sell-dell-latitude-5019-kochi.html,/buyback/laptops/sell-dell-latitude-5019-kochi.html,www.ewastekochi.com,/buyback/laptops/sell-dell-latitude-5019-kochi.html,0,0,404,404,2026-04-12,other-legacy-service,,,4,leave_404,,No meaningful traffic.,low,classification_source=rule
https://www.ewastekochi.com/buyback/phones/sell-google-pixel-12-pro-kochi.html,/buyback/phones/sell-google-pixel-12-pro-kochi.html,www.ewastekochi.com,/buyback/phones/sell-google-pixel-12-pro-kochi.html,0,0,404,404,2026-04-12,other-legacy-service,,,4,leave_404,,No meaningful traffic.,low,classification_source=rule
https://www.ewastekochi.com/buyback/laptops/sell-dell-latitude-5426-kochi.html,/buyback/laptops/sell-dell-latitude-5426-kochi.html,www.ewastekochi.com,/buyback/laptops/sell-dell-latitude-5426-kochi.html,0,0,404,404,2026-04-12,other-legacy-service,,,4,leave_404,,No meaningful traffic.,low,classification_source=rule
https://www.ewastekochi.com/buyback/laptops/sell-thinkpad-t434p-kochi.html,/buyback/laptops/sell-thinkpad-t434p-kochi.html,www.ewastekochi.com,/buyback/laptops/sell-thinkpad-t434p-kochi.html,0,0,404,404,2026-04-12,other-legacy-service,,,4,leave_404,,No meaningful traffic.,low,classification_source=rule
https://www.ewastekochi.com/buyback/phones/sell-oneplus-10-pro-kochi.html,/buyback/phones/sell-oneplus-10-pro-kochi.html,www.ewastekochi.com,/buyback/phones/sell-oneplus-10-pro-kochi.html,0,0,404,404,2026-04-12,other-legacy-service,,,4,leave_404,,No meaningful traffic.,low,classification_source=rule
https://www.ewastekochi.com/buyback/laptops/sell-hp-elitebook-845-kochi.html,/buyback/laptops/sell-hp-elitebook-845-kochi.html,www.ewastekochi.com,/buyback/laptops/sell-hp-elitebook-845-kochi.html,0,0,404,404,2026-04-12,other-legacy-service,,,4,leave_404,,No meaningful traffic.,low,classification_source=rule
https://www.ewastekochi.com/ml/locations/ewaste-682197.html,/ml/locations/ewaste-682197.html,www.ewastekochi.com,/ml/locations/ewaste-682197.html,0,0,404,404,2026-04-12,other-legacy-service,,,4,leave_404,,No meaningful traffic.,low,classification_source=rule
https://www.ewastekochi.com/buyback/laptops/sell-dell-latitude-5450-kochi.html,/buyback/laptops/sell-dell-latitude-5450-kochi.html,www.ewastekochi.com,/buyback/laptops/sell-dell-latitude-5450-kochi.html,0,0,404,404,2026-04-12,other-legacy-service,,,4,leave_404,,No meaningful traffic.,low,classification_source=rule
https://www.ewastekochi.com/buyback/phones/sell-google-pixel-14-pro-kochi.html,/buyback/phones/sell-google-pixel-14-pro-kochi.html,www.ewastekochi.com,/buyback/phones/sell-google-pixel-14-pro-kochi.html,0,0,404,404,2026-04-12,other-legacy-service,,,4,leave_404,,No meaningful traffic.,low,classification_source=rule
https://www.ewastekochi.com/buyback/laptops/sell-dell-latitude-5013-kochi.html,/buyback/laptops/sell-dell-latitude-5013-kochi.html,www.ewastekochi.com,/buyback/laptops/sell-dell-latitude-5013-kochi.html,0,0,404,404,2026-04-12,other-legacy-service,,,4,leave_404,,No meaningful traffic.,low,classification_source=rule
https://www.ewastekochi.com/ml/locations/ewaste-682145.html,/ml/locations/ewaste-682145.html,www.ewastekochi.com,/ml/locations/ewaste-682145.html,0,0,404,404,2026-04-12,other-legacy-service,,,4,leave_404,,No meaningful traffic.,low,classification_source=rule
https://www.ewastekochi.com/ml/locations/ewaste-682102.html,/ml/locations/ewaste-682102.html,www.ewastekochi.com,/ml/locations/ewaste-682102.html,0,0,404,404,2026-04-12,other-legacy-service,,,4,leave_404,,No meaningful traffic.,low,classification_source=rule
https://www.ewastekochi.com/buyback/laptops/sell-thinkpad-t447s-kochi.html,/buyback/laptops/sell-thinkpad-t447s-kochi.html,www.ewastekochi.com,/buyback/laptops/sell-thinkpad-t447s-kochi.html,0,0,404,404,2026-04-12,other-legacy-service,,,4,leave_404,,No meaningful traffic.,low,classification_source=rule
https://www.ewastekochi.com/ml/locations/ewaste-682242.html,/ml/locations/ewaste-682242.html,www.ewastekochi.com,/ml/locations/ewaste-682242.html,0,0,404,404,2026-04-12,other-legacy-service,,,4,leave_404,,No meaningful traffic.,low,classification_source=rule
https://www.ewastekochi.com/ml/locations/ewaste-682246.html,/ml/locations/ewaste-682246.html,www.ewastekochi.com,/ml/locations/ewaste-682246.html,0,0,404,404,2026-04-12,other-legacy-service,,,4,leave_404,,No meaningful traffic.,low,classification_source=rule
https://www.ewastekochi.com/buyback/phones/sell-xiaomi-redmi-note-13-kochi.html,/buyback/phones/sell-xiaomi-redmi-note-13-kochi.html,www.ewastekochi.com,/buyback/phones/sell-xiaomi-redmi-note-13-kochi.html,0,0,404,404,2026-04-12,other-legacy-service,,,4,leave_404,,No meaningful traffic.,low,classification_source=rule
https://www.ewastekochi.com/buyback/laptops/sell-thinkpad-t489s-kochi.html,/buyback/laptops/sell-thinkpad-t489s-kochi.html,www.ewastekochi.com,/buyback/laptops/sell-thinkpad-t489s-kochi.html,0,0,404,404,2026-04-12,other-legacy-service,,,4,leave_404,,No meaningful traffic.,low,classification_source=rule
https://www.ewastekochi.com/buyback/laptops/sell-thinkpad-t418p-kochi.html,/buyback/laptops/sell-thinkpad-t418p-kochi.html,www.ewastekochi.com,/buyback/laptops/sell-thinkpad-t418p-kochi.html,0,0,404,404,2026-04-12,other-legacy-service,,,4,leave_404,,No meaningful traffic.,low,classification_source=rule
https://www.ewastekochi.com/buyback/laptops/sell-hp-elitebook-877-kochi.html,/buyback/laptops/sell-hp-elitebook-877-kochi.html,www.ewastekochi.com,/buyback/laptops/sell-hp-elitebook-877-kochi.html,0,0,404,404,2026-04-12,other-legacy-service,,,4,leave_404,,No meaningful traffic.,low,classification_source=rule
https://www.ewastekochi.com/ml/locations/ewaste-682210.html,/ml/locations/ewaste-682210.html,www.ewastekochi.com,/ml/locations/ewaste-682210.html,0,0,404,404,2026-04-12,other-legacy-service,,,4,leave_404,,No meaningful traffic.,low,classification_source=rule
https://www.ewastekochi.com/ml/buyback/laptops/sell-thinkpad-t441s-kochi.html,/ml/buyback/laptops/sell-thinkpad-t441s-kochi.html,www.ewastekochi.com,/ml/buyback/laptops/sell-thinkpad-t441s-kochi.html,0,0,404,404,2026-04-12,other-legacy-service,,,4,leave_404,,No meaningful traffic.,low,classification_source=rule
https://www.ewastekochi.com/ml/locations/ewaste-682160.html,/ml/locations/ewaste-682160.html,www.ewastekochi.com,/ml/locations/ewaste-682160.html,0,0,404,404,2026-04-12,other-legacy-service,,,4,leave_404,,No meaningful traffic.,low,classification_source=rule
https://www.ewastekochi.com/ml/buyback/laptops/sell-macbook-air-m2-kochi.html,/ml/buyback/laptops/sell-macbook-air-m2-kochi.html,www.ewastekochi.com,/ml/buyback/laptops/sell-macbook-air-m2-kochi.html,0,0,404,404,2026-04-12,other-legacy-service,,,4,leave_404,,No meaningful traffic.,low,classification_source=rule
https://www.ewastekochi.com/ml/buyback/laptops/sell-hp-elitebook-912-kochi.html,/ml/buyback/laptops/sell-hp-elitebook-912-kochi.html,www.ewastekochi.com,/ml/buyback/laptops/sell-hp-elitebook-912-kochi.html,0,0,404,404,2026-04-12,other-legacy-service,,,4,leave_404,,No meaningful traffic.,low,classification_source=rule
https://www.ewastekochi.com/ml/buyback/laptops/sell-dell-latitude-5461-kochi.html,/ml/buyback/laptops/sell-dell-latitude-5461-kochi.html,www.ewastekochi.com,/ml/buyback/laptops/sell-dell-latitude-5461-kochi.html,0,0,404,404,2026-04-12,other-legacy-service,,,4,leave_404,,No meaningful traffic.,low,classification_source=rule
https://www.ewastekochi.com/buyback/laptops/sell-dell-latitude-5022-kochi.html,/buyback/laptops/sell-dell-latitude-5022-kochi.html,www.ewastekochi.com,/buyback/laptops/sell-dell-latitude-5022-kochi.html,0,0,404,404,2026-04-12,other-legacy-service,,,4,leave_404,,No meaningful traffic.,low,classification_source=rule
https://www.ewastekochi.com/ml/buyback/laptops/sell-dell-latitude-5429-kochi.html,/ml/buyback/laptops/sell-dell-latitude-5429-kochi.html,www.ewastekochi.com,/ml/buyback/laptops/sell-dell-latitude-5429-kochi.html,0,0,404,404,2026-04-12,other-legacy-service,,,4,leave_404,,No meaningful traffic.,low,classification_source=rule
https://www.ewastekochi.com/buyback/laptops/sell-dell-latitude-5002-kochi.html,/buyback/laptops/sell-dell-latitude-5002-kochi.html,www.ewastekochi.com,/buyback/laptops/sell-dell-latitude-5002-kochi.html,0,0,404,404,2026-04-12,other-legacy-service,,,4,leave_404,,No meaningful traffic.,low,classification_source=rule
https://www.ewastekochi.com/buyback/laptops/sell-dell-latitude-7425-kochi.html,/buyback/laptops/sell-dell-latitude-7425-kochi.html,www.ewastekochi.com,/buyback/laptops/sell-dell-latitude-7425-kochi.html,0,0,404,404,2026-04-12,other-legacy-service,,,4,leave_404,,No meaningful traffic.,low,classification_source=rule
https://www.ewastekochi.com/buyback/laptops/sell-thinkpad-t404-kochi.html,/buyback/laptops/sell-thinkpad-t404-kochi.html,www.ewastekochi.com,/buyback/laptops/sell-thinkpad-t404-kochi.html,0,0,404,404,2026-04-12,other-legacy-service,,,4,leave_404,,No meaningful traffic.,low,classification_source=rule
https://www.ewastekochi.com/buyback/laptops/sell-dell-latitude-5038-kochi.html,/buyback/laptops/sell-dell-latitude-5038-kochi.html,www.ewastekochi.com,/buyback/laptops/sell-dell-latitude-5038-kochi.html,0,0,404,404,2026-04-12,other-legacy-service,,,4,leave_404,,No meaningful traffic.,low,classification_source=rule
https://www.ewastekochi.com/buyback/laptops/sell-dell-latitude-5415-kochi.html,/buyback/laptops/sell-dell-latitude-5415-kochi.html,www.ewastekochi.com,/buyback/laptops/sell-dell-latitude-5415-kochi.html,0,0,404,404,2026-04-12,other-legacy-service,,,4,leave_404,,No meaningful traffic.,low,classification_source=rule
https://www.ewastekochi.com/ml/buyback/laptops/sell-macbook-pro-m3-kochi.html,/ml/buyback/laptops/sell-macbook-pro-m3-kochi.html,www.ewastekochi.com,/ml/buyback/laptops/sell-macbook-pro-m3-kochi.html,0,0,404,404,2026-04-12,other-legacy-service,,,4,leave_404,,No meaningful traffic.,low,classification_source=rule
https://www.ewastekochi.com/ml/locations/ewaste-682221.html,/ml/locations/ewaste-682221.html,www.ewastekochi.com,/ml/locations/ewaste-682221.html,0,0,404,404,2026-04-12,other-legacy-service,,,4,leave_404,,No meaningful traffic.,low,classification_source=rule
https://www.ewastekochi.com/ml/locations/ewaste-682231.html,/ml/locations/ewaste-682231.html,www.ewastekochi.com,/ml/locations/ewaste-682231.html,0,0,404,404,2026-04-12,other-legacy-service,,,4,leave_404,,No meaningful traffic.,low,classification_source=rule
https://www.ewastekochi.com/buyback/laptops/sell-thinkpad-t492s-kochi.html,/buyback/laptops/sell-thinkpad-t492s-kochi.html,www.ewastekochi.com,/buyback/laptops/sell-thinkpad-t492s-kochi.html,0,0,404,404,2026-04-12,other-legacy-service,,,4,leave_404,,No meaningful traffic.,low,classification_source=rule
https://www.ewastekochi.com/ml/locations/ewaste-682232.html,/ml/locations/ewaste-682232.html,www.ewastekochi.com,/ml/locations/ewaste-682232.html,0,0,404,404,2026-04-12,other-legacy-service,,,4,leave_404,,No meaningful traffic.,low,classification_source=rule
https://www.ewastekochi.com/buyback/laptops/sell-hp-elitebook-894-kochi.html,/buyback/laptops/sell-hp-elitebook-894-kochi.html,www.ewastekochi.com,/buyback/laptops/sell-hp-elitebook-894-kochi.html,0,0,404,404,2026-04-12,other-legacy-service,,,4,leave_404,,No meaningful traffic.,low,classification_source=rule
https://www.ewastekochi.com/ml/locations/ewaste-682244.html,/ml/locations/ewaste-682244.html,www.ewastekochi.com,/ml/locations/ewaste-682244.html,0,0,404,404,2026-04-12,other-legacy-service,,,4,leave_404,,No meaningful traffic.,low,classification_source=rule
https://www.ewastekochi.com/buyback/phones/sell-xiaomi-redmi-note-7-kochi.html,/buyback/phones/sell-xiaomi-redmi-note-7-kochi.html,www.ewastekochi.com,/buyback/phones/sell-xiaomi-redmi-note-7-kochi.html,0,0,404,404,2026-04-12,other-legacy-service,,,4,leave_404,,No meaningful traffic.,low,classification_source=rule
https://www.ewastekochi.com/ml/buyback/laptops/sell-dell-latitude-5477-kochi.html,/ml/buyback/laptops/sell-dell-latitude-5477-kochi.html,www.ewastekochi.com,/ml/buyback/laptops/sell-dell-latitude-5477-kochi.html,0,0,404,404,2026-04-12,other-legacy-service,,,4,leave_404,,No meaningful traffic.,low,classification_source=rule
https://www.ewastekochi.com/buyback/phones/sell-samsung-galaxy-a25-kochi.html,/buyback/phones/sell-samsung-galaxy-a25-kochi.html,www.ewastekochi.com,/buyback/phones/sell-samsung-galaxy-a25-kochi.html,0,0,404,404,2026-04-12,other-legacy-service,,,4,leave_404,,No meaningful traffic.,low,classification_source=rule
https://www.ewastekochi.com/ml/locations/ewaste-682127.html,/ml/locations/ewaste-682127.html,www.ewastekochi.com,/ml/locations/ewaste-682127.html,0,0,404,404,2026-04-12,other-legacy-service,,,4,leave_404,,No meaningful traffic.,low,classification_source=rule
https://www.ewastekochi.com/buyback/laptops/sell-hp-elitebook-918-kochi.html,/buyback/laptops/sell-hp-elitebook-918-kochi.html,www.ewastekochi.com,/buyback/laptops/sell-hp-elitebook-918-kochi.html,0,0,404,404,2026-04-12,other-legacy-service,,,4,leave_404,,No meaningful traffic.,low,classification_source=rule
https://www.ewastekochi.com/ml/locations/ewaste-682013.html,/ml/locations/ewaste-682013.html,www.ewastekochi.com,/ml/locations/ewaste-682013.html,0,0,404,404,2026-04-12,other-legacy-service,,,4,leave_404,,No meaningful traffic.,low,classification_source=rule
https://www.ewastekochi.com/buyback/laptops/sell-hp-elitebook-936-kochi.html,/buyback/laptops/sell-hp-elitebook-936-kochi.html,www.ewastekochi.com,/buyback/laptops/sell-hp-elitebook-936-kochi.html,0,0,404,404,2026-04-12,other-legacy-service,,,4,leave_404,,No meaningful traffic.,low,classification_source=rule
https://www.ewastekochi.com/buyback/laptops/sell-thinkpad-t402p-kochi.html,/buyback/laptops/sell-thinkpad-t402p-kochi.html,www.ewastekochi.com,/buyback/laptops/sell-thinkpad-t402p-kochi.html,0,0,404,404,2026-04-12,other-legacy-service,,,4,leave_404,,No meaningful traffic.,low,classification_source=rule
https://www.ewastekochi.com/buyback/laptops/sell-thinkpad-t461s-kochi.html,/buyback/laptops/sell-thinkpad-t461s-kochi.html,www.ewastekochi.com,/buyback/laptops/sell-thinkpad-t461s-kochi.html,0,0,404,404,2026-04-12,other-legacy-service,,,4,leave_404,,No meaningful traffic.,low,classification_source=rule
https://www.ewastekochi.com/buyback/laptops/sell-thinkpad-t402-kochi.html,/buyback/laptops/sell-thinkpad-t402-kochi.html,www.ewastekochi.com,/buyback/laptops/sell-thinkpad-t402-kochi.html,0,0,404,404,2026-04-12,other-legacy-service,,,4,leave_404,,No meaningful traffic.,low,classification_source=rule
https://www.ewastekochi.com/buyback/laptops/sell-hp-elitebook-883-kochi.html,/buyback/laptops/sell-hp-elitebook-883-kochi.html,www.ewastekochi.com,/buyback/laptops/sell-hp-elitebook-883-kochi.html,0,0,404,404,2026-04-12,other-legacy-service,,,4,leave_404,,No meaningful traffic.,low,classification_source=rule
https://www.ewastekochi.com/buyback/laptops/sell-thinkpad-t413-kochi.html,/buyback/laptops/sell-thinkpad-t413-kochi.html,www.ewastekochi.com,/buyback/laptops/sell-thinkpad-t413-kochi.html,0,0,404,404,2026-04-12,other-legacy-service,,,4,leave_404,,No meaningful traffic.,low,classification_source=rule
https://www.ewastekochi.com/buyback/laptops/sell-thinkpad-t478s-kochi.html,/buyback/laptops/sell-thinkpad-t478s-kochi.html,www.ewastekochi.com,/buyback/laptops/sell-thinkpad-t478s-kochi.html,0,0,404,404,2026-04-12,other-legacy-service,,,4,leave_404,,No meaningful traffic.,low,classification_source=rule
https://www.ewastekochi.com/ml/buyback/laptops/sell-dell-latitude-5486-kochi.html,/ml/buyback/laptops/sell-dell-latitude-5486-kochi.html,www.ewastekochi.com,/ml/buyback/laptops/sell-dell-latitude-5486-kochi.html,0,0,404,404,2026-04-12,other-legacy-service,,,4,leave_404,,No meaningful traffic.,low,classification_source=rule
https://www.ewastekochi.com/buyback/phones/sell-google-pixel-8-kochi.html,/buyback/phones/sell-google-pixel-8-kochi.html,www.ewastekochi.com,/buyback/phones/sell-google-pixel-8-kochi.html,0,0,404,404,2026-04-12,other-legacy-service,,,4,leave_404,,No meaningful traffic.,low,classification_source=rule
https://www.ewastekochi.com/buyback/phones/sell-samsung-galaxy-s14-ultra-kochi.html,/buyback/phones/sell-samsung-galaxy-s14-ultra-kochi.html,www.ewastekochi.com,/buyback/phones/sell-samsung-galaxy-s14-ultra-kochi.html,0,0,404,404,2026-04-12,other-legacy-service,,,4,leave_404,,No meaningful traffic.,low,classification_source=rule
https://www.ewastekochi.com/buyback/laptops/sell-dell-latitude-7427-kochi.html,/buyback/laptops/sell-dell-latitude-7427-kochi.html,www.ewastekochi.com,/buyback/laptops/sell-dell-latitude-7427-kochi.html,0,0,404,404,2026-04-12,other-legacy-service,,,4,leave_404,,No meaningful traffic.,low,classification_source=rule
https://www.ewastekochi.com/blog/corporate-e-waste-policy-template-india.html,/blog/corporate-e-waste-policy-template-india.html,www.ewastekochi.com,/blog/corporate-e-waste-policy-template-india.html,0,0,404,404,2026-04-12,blog,,,4,leave_404,,"Legacy generated blog content, no meaningful traffic — do not recreate.",low,classification_source=rule
https://www.ewastekochi.com/locations/ewaste-chottanikkara.html,/locations/ewaste-chottanikkara.html,www.ewastekochi.com,/locations/ewaste-chottanikkara.html,0,0,404,404,2026-04-12,location-page,ewaste-chottanikkara.html,,4,leave_404,,"Location page, no meaningful traffic.",low,classification_source=rule
https://www.ewastekochi.com/locations/ewaste-682247.html,/locations/ewaste-682247.html,www.ewastekochi.com,/locations/ewaste-682247.html,0,0,404,404,2026-04-12,location-page,ewaste-682247.html,,4,leave_404,,"Location page, no meaningful traffic.",low,classification_source=rule
https://www.ewastekochi.com/locations/ewaste-682168.html,/locations/ewaste-682168.html,www.ewastekochi.com,/locations/ewaste-682168.html,0,0,404,404,2026-04-12,location-page,ewaste-682168.html,,4,leave_404,,"Location page, no meaningful traffic.",low,classification_source=rule
https://www.ewastekochi.com/ml/buyback/laptops/sell-thinkpad-t450s-kochi.html,/ml/buyback/laptops/sell-thinkpad-t450s-kochi.html,www.ewastekochi.com,/ml/buyback/laptops/sell-thinkpad-t450s-kochi.html,0,0,404,404,2026-04-12,other-legacy-service,,,4,leave_404,,No meaningful traffic.,low,classification_source=rule
https://www.ewastekochi.com/ml/buyback/laptops/sell-dell-latitude-5424-kochi.html,/ml/buyback/laptops/sell-dell-latitude-5424-kochi.html,www.ewastekochi.com,/ml/buyback/laptops/sell-dell-latitude-5424-kochi.html,0,0,404,404,2026-04-12,other-legacy-service,,,4,leave_404,,No meaningful traffic.,low,classification_source=rule
https://www.ewastekochi.com/ml/buyback/laptops/sell-hp-elitebook-892-kochi.html,/ml/buyback/laptops/sell-hp-elitebook-892-kochi.html,www.ewastekochi.com,/ml/buyback/laptops/sell-hp-elitebook-892-kochi.html,0,0,404,404,2026-04-12,other-legacy-service,,,4,leave_404,,No meaningful traffic.,low,classification_source=rule
https://www.ewastekochi.com/ml/buyback/laptops/sell-dell-latitude-5426-kochi.html,/ml/buyback/laptops/sell-dell-latitude-5426-kochi.html,www.ewastekochi.com,/ml/buyback/laptops/sell-dell-latitude-5426-kochi.html,0,0,404,404,2026-04-12,other-legacy-service,,,4,leave_404,,No meaningful traffic.,low,classification_source=rule
https://www.ewastekochi.com/ml/buyback/laptops/sell-dell-latitude-5462-kochi.html,/ml/buyback/laptops/sell-dell-latitude-5462-kochi.html,www.ewastekochi.com,/ml/buyback/laptops/sell-dell-latitude-5462-kochi.html,0,0,404,404,2026-04-12,other-legacy-service,,,4,leave_404,,No meaningful traffic.,low,classification_source=rule
https://www.ewastekochi.com/ml/buyback/laptops/sell-dell-latitude-5493-kochi.html,/ml/buyback/laptops/sell-dell-latitude-5493-kochi.html,www.ewastekochi.com,/ml/buyback/laptops/sell-dell-latitude-5493-kochi.html,0,0,404,404,2026-04-12,other-legacy-service,,,4,leave_404,,No meaningful traffic.,low,classification_source=rule
https://www.ewastekochi.com/ml/locations/ewaste-682032.html,/ml/locations/ewaste-682032.html,www.ewastekochi.com,/ml/locations/ewaste-682032.html,0,0,404,404,2026-04-12,other-legacy-service,,,4,leave_404,,No meaningful traffic.,low,classification_source=rule
https://www.ewastekochi.com/ml/buyback/phones/sell-iphone-13-kochi.html,/ml/buyback/phones/sell-iphone-13-kochi.html,www.ewastekochi.com,/ml/buyback/phones/sell-iphone-13-kochi.html,0,0,404,404,2026-04-12,other-legacy-service,,,4,leave_404,,No meaningful traffic.,low,classification_source=rule
https://www.ewastekochi.com/ml/buyback/laptops/sell-asus-rog-zephyrus-g16-kochi.html,/ml/buyback/laptops/sell-asus-rog-zephyrus-g16-kochi.html,www.ewastekochi.com,/ml/buyback/laptops/sell-asus-rog-zephyrus-g16-kochi.html,0,0,404,404,2026-04-12,other-legacy-service,,,4,leave_404,,No meaningful traffic.,low,classification_source=rule
https://www.ewastekochi.com/ml/buyback/laptops/sell-thinkpad-t475s-kochi.html,/ml/buyback/laptops/sell-thinkpad-t475s-kochi.html,www.ewastekochi.com,/ml/buyback/laptops/sell-thinkpad-t475s-kochi.html,0,0,404,404,2026-04-12,other-legacy-service,,,4,leave_404,,No meaningful traffic.,low,classification_source=rule
https://www.ewastekochi.com/ml/buyback/laptops/sell-thinkpad-t414s-kochi.html,/ml/buyback/laptops/sell-thinkpad-t414s-kochi.html,www.ewastekochi.com,/ml/buyback/laptops/sell-thinkpad-t414s-kochi.html,0,0,404,404,2026-04-12,other-legacy-service,,,4,leave_404,,No meaningful traffic.,low,classification_source=rule
https://www.ewastekochi.com/locations/ewaste-682038.html,/locations/ewaste-682038.html,www.ewastekochi.com,/locations/ewaste-682038.html,0,0,404,404,2026-04-12,location-page,ewaste-682038.html,,4,leave_404,,"Location page, no meaningful traffic.",low,classification_source=rule
https://www.ewastekochi.com/ml/buyback/laptops/sell-thinkpad-t410s-kochi.html,/ml/buyback/laptops/sell-thinkpad-t410s-kochi.html,www.ewastekochi.com,/ml/buyback/laptops/sell-thinkpad-t410s-kochi.html,0,0,404,404,2026-04-12,other-legacy-service,,,4,leave_404,,No meaningful traffic.,low,classification_source=rule
https://www.ewastekochi.com/ml/buyback/phones/sell-samsung-galaxy-s7-ultra-kochi.html,/ml/buyback/phones/sell-samsung-galaxy-s7-ultra-kochi.html,www.ewastekochi.com,/ml/buyback/phones/sell-samsung-galaxy-s7-ultra-kochi.html,0,0,404,404,2026-04-12,other-legacy-service,,,4,leave_404,,No meaningful traffic.,low,classification_source=rule
https://www.ewastekochi.com/locations/ewaste-682107.html,/locations/ewaste-682107.html,www.ewastekochi.com,/locations/ewaste-682107.html,0,0,404,404,2026-04-12,location-page,ewaste-682107.html,,4,leave_404,,"Location page, no meaningful traffic.",low,classification_source=rule
https://www.ewastekochi.com/ml/buyback/laptops/sell-thinkpad-t452s-kochi.html,/ml/buyback/laptops/sell-thinkpad-t452s-kochi.html,www.ewastekochi.com,/ml/buyback/laptops/sell-thinkpad-t452s-kochi.html,0,0,404,404,2026-04-12,other-legacy-service,,,4,leave_404,,No meaningful traffic.,low,classification_source=rule
https://www.ewastekochi.com/ml/buyback/laptops/sell-hp-elitebook-854-kochi.html,/ml/buyback/laptops/sell-hp-elitebook-854-kochi.html,www.ewastekochi.com,/ml/buyback/laptops/sell-hp-elitebook-854-kochi.html,0,0,404,404,2026-04-12,other-legacy-service,,,4,leave_404,,No meaningful traffic.,low,classification_source=rule
https://www.ewastekochi.com/ml/buyback/laptops/sell-thinkpad-t482s-kochi.html,/ml/buyback/laptops/sell-thinkpad-t482s-kochi.html,www.ewastekochi.com,/ml/buyback/laptops/sell-thinkpad-t482s-kochi.html,0,0,404,404,2026-04-12,other-legacy-service,,,4,leave_404,,No meaningful traffic.,low,classification_source=rule
https://www.ewastekochi.com/buyback/phones/sell-google-pixel-15-pro-kochi.html,/buyback/phones/sell-google-pixel-15-pro-kochi.html,www.ewastekochi.com,/buyback/phones/sell-google-pixel-15-pro-kochi.html,0,0,404,404,2026-04-12,other-legacy-service,,,4,leave_404,,No meaningful traffic.,low,classification_source=rule
https://www.ewastekochi.com/ml/buyback/laptops/sell-hp-elitebook-877-kochi.html,/ml/buyback/laptops/sell-hp-elitebook-877-kochi.html,www.ewastekochi.com,/ml/buyback/laptops/sell-hp-elitebook-877-kochi.html,0,0,404,404,2026-04-12,other-legacy-service,,,4,leave_404,,No meaningful traffic.,low,classification_source=rule
https://www.ewastekochi.com/ml/buyback/laptops/sell-dell-latitude-5427-kochi.html,/ml/buyback/laptops/sell-dell-latitude-5427-kochi.html,www.ewastekochi.com,/ml/buyback/laptops/sell-dell-latitude-5427-kochi.html,0,0,404,404,2026-04-12,other-legacy-service,,,4,leave_404,,No meaningful traffic.,low,classification_source=rule
https://www.ewastekochi.com/ml/buyback/phones/sell-iphone-11-pro-max-kochi.html,/ml/buyback/phones/sell-iphone-11-pro-max-kochi.html,www.ewastekochi.com,/ml/buyback/phones/sell-iphone-11-pro-max-kochi.html,0,0,404,404,2026-04-12,other-legacy-service,,,4,leave_404,,No meaningful traffic.,low,classification_source=rule
https://www.ewastekochi.com/ml/buyback/phones/sell-google-pixel-11-pro-kochi.html,/ml/buyback/phones/sell-google-pixel-11-pro-kochi.html,www.ewastekochi.com,/ml/buyback/phones/sell-google-pixel-11-pro-kochi.html,0,0,404,404,2026-04-12,other-legacy-service,,,4,leave_404,,No meaningful traffic.,low,classification_source=rule
https://www.ewastekochi.com/ml/buyback/laptops/sell-thinkpad-t421s-kochi.html,/ml/buyback/laptops/sell-thinkpad-t421s-kochi.html,www.ewastekochi.com,/ml/buyback/laptops/sell-thinkpad-t421s-kochi.html,0,0,404,404,2026-04-12,other-legacy-service,,,4,leave_404,,No meaningful traffic.,low,classification_source=rule
https://www.ewastekochi.com/ml/buyback/laptops/sell-dell-latitude-5456-kochi.html,/ml/buyback/laptops/sell-dell-latitude-5456-kochi.html,www.ewastekochi.com,/ml/buyback/laptops/sell-dell-latitude-5456-kochi.html,0,0,404,404,2026-04-12,other-legacy-service,,,4,leave_404,,No meaningful traffic.,low,classification_source=rule
https://www.ewastekochi.com/ml/buyback/laptops/sell-dell-latitude-5471-kochi.html,/ml/buyback/laptops/sell-dell-latitude-5471-kochi.html,www.ewastekochi.com,/ml/buyback/laptops/sell-dell-latitude-5471-kochi.html,0,0,404,404,2026-04-12,other-legacy-service,,,4,leave_404,,No meaningful traffic.,low,classification_source=rule
https://www.ewastekochi.com/locations/ewaste-682055.html,/locations/ewaste-682055.html,www.ewastekochi.com,/locations/ewaste-682055.html,0,0,404,404,2026-04-12,location-page,ewaste-682055.html,,4,leave_404,,"Location page, no meaningful traffic.",low,classification_source=rule
https://www.ewastekochi.com/locations/ewaste-muvattupuzha.html,/locations/ewaste-muvattupuzha.html,www.ewastekochi.com,/locations/ewaste-muvattupuzha.html,0,0,404,404,2026-04-12,location-page,ewaste-muvattupuzha.html,,4,leave_404,,"Location page, no meaningful traffic.",low,classification_source=rule
https://www.ewastekochi.com/locations/edappally/e-waste-recycling-kochi,/locations/edappally/e-waste-recycling-kochi,www.ewastekochi.com,/locations/edappally/e-waste-recycling-kochi,1,18,redirect,redirect,2026-06-30,location-service-matrix,edappally,e-waste-recycling-kochi,2,redirect_301,(see vercel.json),Already implemented as a redirect in vercel.json.,none,classification_source=v2-redirect
https://www.ewastekochi.com/marketplace,/marketplace,www.ewastekochi.com,/marketplace,66,2247,redirect,redirect,2026-06-29,other-legacy-service,,marketplace,1,keep_200,,"Already live as a real, built V2 page.",none,classification_source=v2-live
https://www.ewastekochi.com/locations/kakkanad/ups-inverter-recycling-kochi,/locations/kakkanad/ups-inverter-recycling-kochi,www.ewastekochi.com,/locations/kakkanad/ups-inverter-recycling-kochi,0,4,redirect,redirect,2026-06-29,location-service-matrix,kakkanad,ups-inverter-recycling-kochi,3,redirect_301,(see vercel.json),Already implemented as a redirect in vercel.json.,none,classification_source=v2-redirect
https://www.ewastekochi.com/locations/edappally/old-computer-disposal,/locations/edappally/old-computer-disposal,www.ewastekochi.com,/locations/edappally/old-computer-disposal,0,4,redirect,redirect,2026-06-29,location-service-matrix,edappally,old-computer-disposal,3,leave_404,,"Thin generated location-service matrix page, 0 clicks, low impressions — matches the site's existing anti-pSEO policy (Phase 2B/2G/2M) of not mass-redirecting this footprint.",low,classification_source=rule
https://www.ewastekochi.com/locations/willingdon-island/printer-recycling-kochi,/locations/willingdon-island/printer-recycling-kochi,www.ewastekochi.com,/locations/willingdon-island/printer-recycling-kochi,0,1,redirect,redirect,2026-06-28,location-service-matrix,willingdon-island,printer-recycling-kochi,3,leave_404,,"Thin generated location-service matrix page, 0 clicks, low impressions — matches the site's existing anti-pSEO policy (Phase 2B/2G/2M) of not mass-redirecting this footprint.",low,classification_source=rule
https://www.ewastekochi.com/services/mobile-recycling-kochi,/services/mobile-recycling-kochi,www.ewastekochi.com,/services/mobile-recycling-kochi,1,35,redirect,redirect,2026-06-28,service-page,,mobile-recycling-kochi,2,manual_review,,Has real traffic but no confident 1:1 keyword match to an existing V2 page — needs a human call rather than a guessed redirect.,medium,classification_source=rule
https://www.ewastekochi.com/services/printer-recycling-kochi,/services/printer-recycling-kochi,www.ewastekochi.com,/services/printer-recycling-kochi,0,3,redirect|crawled_not_indexed,redirect|crawled_not_indexed,2026-06-28,service-page,,printer-recycling-kochi,3,leave_404,,No meaningful traffic.,low,classification_source=rule
https://www.ewastekochi.com/services/tv-monitor-recycling-kochi,/services/tv-monitor-recycling-kochi,www.ewastekochi.com,/services/tv-monitor-recycling-kochi,1,22,redirect,redirect,2026-06-28,service-page,,tv-monitor-recycling-kochi,2,redirect_301,/tv-recycling-kochi/,Clean keyword match to an existing V2 service page (1 clicks / 22 impressions).,low,classification_source=rule
https://www.ewastekochi.com/services/free-ewaste-pickup-kochi,/services/free-ewaste-pickup-kochi,www.ewastekochi.com,/services/free-ewaste-pickup-kochi,1,20,redirect,redirect,2026-06-27,service-page,,free-ewaste-pickup-kochi,2,redirect_301,/pickup/,Clean keyword match to an existing V2 service page (1 clicks / 20 impressions).,low,classification_source=rule
https://www.ewastekochi.com/locations/smart-city-kochi/itad-kochi,/locations/smart-city-kochi/itad-kochi,www.ewastekochi.com,/locations/smart-city-kochi/itad-kochi,2,7,redirect,redirect,2026-06-27,location-service-matrix,smart-city-kochi,itad-kochi,2,redirect_301,(see vercel.json),Already implemented as a redirect in vercel.json.,none,classification_source=v2-redirect
https://www.ewastekochi.com/locations/thrippunithura/corporate-ewaste-kochi,/locations/thrippunithura/corporate-ewaste-kochi,www.ewastekochi.com,/locations/thrippunithura/corporate-ewaste-kochi,1,9,redirect,redirect,2026-06-26,location-service-matrix,thrippunithura,corporate-ewaste-kochi,2,redirect_301,(see vercel.json),Already implemented as a redirect in vercel.json.,none,classification_source=v2-redirect
https://www.ewastekochi.com/locations/smart-city-kochi/data-destruction-kochi,/locations/smart-city-kochi/data-destruction-kochi,www.ewastekochi.com,/locations/smart-city-kochi/data-destruction-kochi,0,2,redirect,redirect,2026-06-26,location-service-matrix,smart-city-kochi,data-destruction-kochi,3,redirect_301,(see vercel.json),Already implemented as a redirect in vercel.json.,none,classification_source=v2-redirect
https://www.ewastekochi.com/locations/smart-city-kochi/tv-monitor-recycling-kochi,/locations/smart-city-kochi/tv-monitor-recycling-kochi,www.ewastekochi.com,/locations/smart-city-kochi/tv-monitor-recycling-kochi,0,3,redirect,redirect,2026-06-26,location-service-matrix,smart-city-kochi,tv-monitor-recycling-kochi,3,redirect_301,(see vercel.json),Already implemented as a redirect in vercel.json.,none,classification_source=v2-redirect
https://www.ewastekochi.com/locations/thrippunithura/secure-laptop-disposal,/locations/thrippunithura/secure-laptop-disposal,www.ewastekochi.com,/locations/thrippunithura/secure-laptop-disposal,0,0,redirect,redirect,2026-06-26,location-service-matrix,thrippunithura,secure-laptop-disposal,4,leave_404,,"Thin generated location-service matrix page, 0 clicks, low impressions — matches the site's existing anti-pSEO policy (Phase 2B/2G/2M) of not mass-redirecting this footprint.",low,classification_source=rule
https://www.ewastekochi.com/locations/angamaly/printer-recycling-kochi,/locations/angamaly/printer-recycling-kochi,www.ewastekochi.com,/locations/angamaly/printer-recycling-kochi,0,3,redirect,redirect,2026-06-26,location-service-matrix,angamaly,printer-recycling-kochi,3,leave_404,,"Thin generated location-service matrix page, 0 clicks, low impressions — matches the site's existing anti-pSEO policy (Phase 2B/2G/2M) of not mass-redirecting this footprint.",low,classification_source=rule
https://www.ewastekochi.com/locations/kalamassery-hitech-park/laptop-recycling-near-me,/locations/kalamassery-hitech-park/laptop-recycling-near-me,www.ewastekochi.com,/locations/kalamassery-hitech-park/laptop-recycling-near-me,0,0,redirect,redirect,2026-06-26,location-service-matrix,kalamassery-hitech-park,laptop-recycling-near-me,4,leave_404,,"Thin generated location-service matrix page, 0 clicks, low impressions — matches the site's existing anti-pSEO policy (Phase 2B/2G/2M) of not mass-redirecting this footprint.",low,classification_source=rule
https://www.ewastekochi.com/locations/thrippunithura/e-waste-recycling-kochi,/locations/thrippunithura/e-waste-recycling-kochi,www.ewastekochi.com,/locations/thrippunithura/e-waste-recycling-kochi,4,16,redirect,redirect,2026-06-26,location-service-matrix,thrippunithura,e-waste-recycling-kochi,2,redirect_301,(see vercel.json),Already implemented as a redirect in vercel.json.,none,classification_source=v2-redirect
https://www.ewastekochi.com/locations/vyttila/free-ewaste-pickup-kochi,/locations/vyttila/free-ewaste-pickup-kochi,www.ewastekochi.com,/locations/vyttila/free-ewaste-pickup-kochi,0,4,redirect,redirect,2026-06-26,location-service-matrix,vyttila,free-ewaste-pickup-kochi,3,redirect_301,(see vercel.json),Already implemented as a redirect in vercel.json.,none,classification_source=v2-redirect
https://www.ewastekochi.com/locations/kozhikode/corporate-ewaste-kochi,/locations/kozhikode/corporate-ewaste-kochi,www.ewastekochi.com,/locations/kozhikode/corporate-ewaste-kochi,0,1,redirect,redirect,2026-06-26,location-service-matrix,kozhikode,corporate-ewaste-kochi,3,leave_404,,"Thin generated location-service matrix page, 0 clicks, low impressions — matches the site's existing anti-pSEO policy (Phase 2B/2G/2M) of not mass-redirecting this footprint.",low,classification_source=rule
https://www.ewastekochi.com/locations/aluva/certificate-of-destruction-kochi,/locations/aluva/certificate-of-destruction-kochi,www.ewastekochi.com,/locations/aluva/certificate-of-destruction-kochi,0,0,redirect,redirect,2026-06-26,location-service-matrix,aluva,certificate-of-destruction-kochi,4,leave_404,,"Thin generated location-service matrix page, 0 clicks, low impressions — matches the site's existing anti-pSEO policy (Phase 2B/2G/2M) of not mass-redirecting this footprint.",low,classification_source=rule
https://www.ewastekochi.com/,/,www.ewastekochi.com,/,265,4393,redirect|noindex,redirect|noindex,2026-06-25,core,,,1,keep_200,,"Already live as a real, built V2 page.",none,classification_source=v2-live
https://www.ewastekochi.com/locations/kadavanthra/server-recycling-kochi,/locations/kadavanthra/server-recycling-kochi,www.ewastekochi.com,/locations/kadavanthra/server-recycling-kochi,0,0,redirect,redirect,2026-06-25,location-service-matrix,kadavanthra,server-recycling-kochi,4,leave_404,,"Thin generated location-service matrix page, 0 clicks, low impressions — matches the site's existing anti-pSEO policy (Phase 2B/2G/2M) of not mass-redirecting this footprint.",low,classification_source=rule
https://www.ewastekochi.com/locations/edappally/mobile-recycling-kochi,/locations/edappally/mobile-recycling-kochi,www.ewastekochi.com,/locations/edappally/mobile-recycling-kochi,0,4,redirect|crawled_not_indexed,redirect|crawled_not_indexed,2026-06-25,location-service-matrix,edappally,mobile-recycling-kochi,3,leave_404,,"Thin generated location-service matrix page, 0 clicks, low impressions — matches the site's existing anti-pSEO policy (Phase 2B/2G/2M) of not mass-redirecting this footprint.",low,classification_source=rule
https://www.ewastekochi.com/locations/ernakulam-south/tv-monitor-recycling-kochi,/locations/ernakulam-south/tv-monitor-recycling-kochi,www.ewastekochi.com,/locations/ernakulam-south/tv-monitor-recycling-kochi,0,7,redirect,redirect,2026-06-25,location-service-matrix,ernakulam-south,tv-monitor-recycling-kochi,3,redirect_301,(see vercel.json),Already implemented as a redirect in vercel.json.,none,classification_source=v2-redirect
https://www.ewastekochi.com/locations/kollam/hard-drive-degaussing-kochi,/locations/kollam/hard-drive-degaussing-kochi,www.ewastekochi.com,/locations/kollam/hard-drive-degaussing-kochi,0,0,redirect,redirect,2026-06-24,location-service-matrix,kollam,hard-drive-degaussing-kochi,4,leave_404,,"Thin generated location-service matrix page, 0 clicks, low impressions — matches the site's existing anti-pSEO policy (Phase 2B/2G/2M) of not mass-redirecting this footprint.",low,classification_source=rule
https://www.ewastekochi.com/sell-old-phone-kochi.html,/sell-old-phone-kochi.html,www.ewastekochi.com,/sell-old-phone-kochi.html,1,31,redirect,redirect,2026-06-24,other-legacy-service,,,2,manual_review,,Has real traffic but no confident 1:1 keyword match to an existing V2 page — needs a human call rather than a guessed redirect.,medium,classification_source=rule
https://www.ewastekochi.com/services/dpdp-act-compliance-kochi,/services/dpdp-act-compliance-kochi,www.ewastekochi.com,/services/dpdp-act-compliance-kochi,0,3,redirect,redirect,2026-06-24,service-page,,dpdp-act-compliance-kochi,3,leave_404,,No meaningful traffic.,low,classification_source=rule
https://www.ewastekochi.com/locations/palarivattom/corporate-ewaste-kochi,/locations/palarivattom/corporate-ewaste-kochi,www.ewastekochi.com,/locations/palarivattom/corporate-ewaste-kochi,0,6,redirect|alt_canonical,redirect|alt_canonical,2026-06-24,location-service-matrix,palarivattom,corporate-ewaste-kochi,3,leave_404,,"Thin generated location-service matrix page, 0 clicks, low impressions — matches the site's existing anti-pSEO policy (Phase 2B/2G/2M) of not mass-redirecting this footprint.",low,classification_source=rule
https://www.ewastekochi.com/locations/kozhikode/free-ewaste-pickup-kochi,/locations/kozhikode/free-ewaste-pickup-kochi,www.ewastekochi.com,/locations/kozhikode/free-ewaste-pickup-kochi,0,7,redirect,redirect,2026-06-24,location-service-matrix,kozhikode,free-ewaste-pickup-kochi,3,redirect_301,(see vercel.json),Already implemented as a redirect in vercel.json.,none,classification_source=v2-redirect
https://www.ewastekochi.com/locations/smart-city-kochi/hard-drive-shredding-kochi,/locations/smart-city-kochi/hard-drive-shredding-kochi,www.ewastekochi.com,/locations/smart-city-kochi/hard-drive-shredding-kochi,0,2,redirect,redirect,2026-06-24,location-service-matrix,smart-city-kochi,hard-drive-shredding-kochi,3,redirect_301,(see vercel.json),Already implemented as a redirect in vercel.json.,none,classification_source=v2-redirect
https://www.ewastekochi.com/locations/infopark-kochi/corporate-ewaste-kochi,/locations/infopark-kochi/corporate-ewaste-kochi,www.ewastekochi.com,/locations/infopark-kochi/corporate-ewaste-kochi,1,4,redirect|alt_canonical,redirect|alt_canonical,2026-06-24,location-service-matrix,infopark-kochi,corporate-ewaste-kochi,2,redirect_301,(see vercel.json),Already implemented as a redirect in vercel.json.,none,classification_source=v2-redirect
https://www.ewastekochi.com/locations/thrissur/air-conditioner-recycling-kochi,/locations/thrissur/air-conditioner-recycling-kochi,www.ewastekochi.com,/locations/thrissur/air-conditioner-recycling-kochi,0,1,redirect,redirect,2026-06-24,location-service-matrix,thrissur,air-conditioner-recycling-kochi,3,leave_404,,"Thin generated location-service matrix page, 0 clicks, low impressions — matches the site's existing anti-pSEO policy (Phase 2B/2G/2M) of not mass-redirecting this footprint.",low,classification_source=rule
https://www.ewastekochi.com/locations/thrissur/itad-kochi,/locations/thrissur/itad-kochi,www.ewastekochi.com,/locations/thrissur/itad-kochi,0,1,redirect,redirect,2026-06-24,location-service-matrix,thrissur,itad-kochi,3,redirect_301,(see vercel.json),Already implemented as a redirect in vercel.json.,none,classification_source=v2-redirect
https://www.ewastekochi.com/locations/fort-kochi/tv-monitor-recycling-kochi,/locations/fort-kochi/tv-monitor-recycling-kochi,www.ewastekochi.com,/locations/fort-kochi/tv-monitor-recycling-kochi,0,3,redirect,redirect,2026-06-24,location-service-matrix,fort-kochi,tv-monitor-recycling-kochi,3,redirect_301,(see vercel.json),Already implemented as a redirect in vercel.json.,none,classification_source=v2-redirect
https://www.ewastekochi.com/locations/kalamassery/battery-recycling-kochi,/locations/kalamassery/battery-recycling-kochi,www.ewastekochi.com,/locations/kalamassery/battery-recycling-kochi,0,1,redirect,redirect,2026-06-24,location-service-matrix,kalamassery,battery-recycling-kochi,3,redirect_301,(see vercel.json),Already implemented as a redirect in vercel.json.,none,classification_source=v2-redirect
https://www.ewastekochi.com/locations/kalamassery/e-waste-recycling-kochi,/locations/kalamassery/e-waste-recycling-kochi,www.ewastekochi.com,/locations/kalamassery/e-waste-recycling-kochi,0,5,redirect,redirect,2026-06-24,location-service-matrix,kalamassery,e-waste-recycling-kochi,3,redirect_301,(see vercel.json),Already implemented as a redirect in vercel.json.,none,classification_source=v2-redirect
https://www.ewastekochi.com/locations/kalamassery/electronic-waste-disposal,/locations/kalamassery/electronic-waste-disposal,www.ewastekochi.com,/locations/kalamassery/electronic-waste-disposal,3,22,redirect,redirect,2026-06-24,location-service-matrix,kalamassery,electronic-waste-disposal,2,redirect_301,(see vercel.json),Already implemented as a redirect in vercel.json.,none,classification_source=v2-redirect
https://www.ewastekochi.com/locations/kalady/free-ewaste-pickup-kochi,/locations/kalady/free-ewaste-pickup-kochi,www.ewastekochi.com,/locations/kalady/free-ewaste-pickup-kochi,0,4,redirect,redirect,2026-06-24,location-service-matrix,kalady,free-ewaste-pickup-kochi,3,redirect_301,(see vercel.json),Already implemented as a redirect in vercel.json.,none,classification_source=v2-redirect
https://www.ewastekochi.com/locations/kalady/ups-inverter-recycling-kochi,/locations/kalady/ups-inverter-recycling-kochi,www.ewastekochi.com,/locations/kalady/ups-inverter-recycling-kochi,0,5,redirect,redirect,2026-06-24,location-service-matrix,kalady,ups-inverter-recycling-kochi,3,redirect_301,(see vercel.json),Already implemented as a redirect in vercel.json.,none,classification_source=v2-redirect
https://www.ewastekochi.com/locations/thiruvananthapuram/ups-inverter-recycling-kochi,/locations/thiruvananthapuram/ups-inverter-recycling-kochi,www.ewastekochi.com,/locations/thiruvananthapuram/ups-inverter-recycling-kochi,0,1,redirect,redirect,2026-06-24,location-service-matrix,thiruvananthapuram,ups-inverter-recycling-kochi,3,redirect_301,(see vercel.json),Already implemented as a redirect in vercel.json.,none,classification_source=v2-redirect
https://www.ewastekochi.com/locations/kakkanad/electronics-recycling-near-me,/locations/kakkanad/electronics-recycling-near-me,www.ewastekochi.com,/locations/kakkanad/electronics-recycling-near-me,0,17,redirect,redirect,2026-06-24,location-service-matrix,kakkanad,electronics-recycling-near-me,3,redirect_301,(see vercel.json),Already implemented as a redirect in vercel.json.,none,classification_source=v2-redirect
https://www.ewastekochi.com/locations/kalady/corporate-ewaste-kochi,/locations/kalady/corporate-ewaste-kochi,www.ewastekochi.com,/locations/kalady/corporate-ewaste-kochi,0,3,redirect,redirect,2026-06-24,location-service-matrix,kalady,corporate-ewaste-kochi,3,leave_404,,"Thin generated location-service matrix page, 0 clicks, low impressions — matches the site's existing anti-pSEO policy (Phase 2B/2G/2M) of not mass-redirecting this footprint.",low,classification_source=rule
https://www.ewastekochi.com/locations/angamaly/itad-kochi,/locations/angamaly/itad-kochi,www.ewastekochi.com,/locations/angamaly/itad-kochi,0,1,redirect,redirect,2026-06-24,location-service-matrix,angamaly,itad-kochi,3,redirect_301,(see vercel.json),Already implemented as a redirect in vercel.json.,none,classification_source=v2-redirect
https://www.ewastekochi.com/services/computer-recycling-near-me,/services/computer-recycling-near-me,www.ewastekochi.com,/services/computer-recycling-near-me,0,24,redirect,redirect,2026-06-24,service-page,,computer-recycling-near-me,2,leave_404,,No meaningful traffic.,low,classification_source=rule
https://www.ewastekochi.com/locations/maradu/printer-recycling-kochi,/locations/maradu/printer-recycling-kochi,www.ewastekochi.com,/locations/maradu/printer-recycling-kochi,0,1,redirect,redirect,2026-06-24,location-service-matrix,maradu,printer-recycling-kochi,3,leave_404,,"Thin generated location-service matrix page, 0 clicks, low impressions — matches the site's existing anti-pSEO policy (Phase 2B/2G/2M) of not mass-redirecting this footprint.",low,classification_source=rule
https://www.ewastekochi.com/services/laptop-buyback-kochi,/services/laptop-buyback-kochi,www.ewastekochi.com,/services/laptop-buyback-kochi,0,11,redirect|crawled_not_indexed,redirect|crawled_not_indexed,2026-06-24,service-page,,laptop-buyback-kochi,3,leave_404,,No meaningful traffic.,low,classification_source=rule
https://www.ewastekochi.com/services/phone-buyback-north-paravur,/services/phone-buyback-north-paravur,www.ewastekochi.com,/services/phone-buyback-north-paravur,0,0,redirect,redirect,2026-06-24,service-page,,phone-buyback-north-paravur,4,leave_404,,No meaningful traffic.,low,classification_source=rule
https://www.ewastekochi.com/itad-faq-kochi,/itad-faq-kochi,www.ewastekochi.com,/itad-faq-kochi,0,0,redirect,redirect,2026-06-24,other-legacy-service,,itad-faq-kochi,4,leave_404,,No meaningful traffic.,low,classification_source=rule
https://www.ewastekochi.com/locations/kadavanthra/data-destruction-kochi,/locations/kadavanthra/data-destruction-kochi,www.ewastekochi.com,/locations/kadavanthra/data-destruction-kochi,0,9,redirect,redirect,2026-06-24,location-service-matrix,kadavanthra,data-destruction-kochi,3,redirect_301,(see vercel.json),Already implemented as a redirect in vercel.json.,none,classification_source=v2-redirect
https://www.ewastekochi.com/services/battery-recycling-kochi,/services/battery-recycling-kochi,www.ewastekochi.com,/services/battery-recycling-kochi,5,400,redirect,redirect,2026-06-23,service-page,,battery-recycling-kochi,1,redirect_301,(see vercel.json),Already implemented as a redirect in vercel.json.,none,classification_source=v2-redirect
https://www.ewastekochi.com/locations/edappally/server-recycling-kochi,/locations/edappally/server-recycling-kochi,www.ewastekochi.com,/locations/edappally/server-recycling-kochi,0,1,redirect,redirect,2026-06-23,location-service-matrix,edappally,server-recycling-kochi,3,redirect_301,(see vercel.json),Already implemented as a redirect in vercel.json.,none,classification_source=v2-redirect
https://www.ewastekochi.com/locations/thiruvananthapuram/itad-kochi,/locations/thiruvananthapuram/itad-kochi,www.ewastekochi.com,/locations/thiruvananthapuram/itad-kochi,0,1,redirect,redirect,2026-06-23,location-service-matrix,thiruvananthapuram,itad-kochi,3,redirect_301,(see vercel.json),Already implemented as a redirect in vercel.json.,none,classification_source=v2-redirect
https://www.ewastekochi.com/locations/aluva/server-recycling-kochi,/locations/aluva/server-recycling-kochi,www.ewastekochi.com,/locations/aluva/server-recycling-kochi,0,1,redirect,redirect,2026-06-23,location-service-matrix,aluva,server-recycling-kochi,3,redirect_301,(see vercel.json),Already implemented as a redirect in vercel.json.,none,classification_source=v2-redirect
https://www.ewastekochi.com/locations/kalamassery/free-ewaste-pickup-kochi,/locations/kalamassery/free-ewaste-pickup-kochi,www.ewastekochi.com,/locations/kalamassery/free-ewaste-pickup-kochi,3,21,redirect,redirect,2026-06-23,location-service-matrix,kalamassery,free-ewaste-pickup-kochi,2,redirect_301,(see vercel.json),Already implemented as a redirect in vercel.json.,none,classification_source=v2-redirect
https://www.ewastekochi.com/services/hard-drive-degaussing-kochi,/services/hard-drive-degaussing-kochi,www.ewastekochi.com,/services/hard-drive-degaussing-kochi,1,77,redirect,redirect,2026-06-23,service-page,,hard-drive-degaussing-kochi,2,keep_200,,"Already live as a real, built V2 page.",none,classification_source=v2-live
https://www.ewastekochi.com/locations/kottayam/data-destruction-kochi,/locations/kottayam/data-destruction-kochi,www.ewastekochi.com,/locations/kottayam/data-destruction-kochi,0,0,redirect,redirect,2026-06-23,location-service-matrix,kottayam,data-destruction-kochi,4,leave_404,,"Thin generated location-service matrix page, 0 clicks, low impressions — matches the site's existing anti-pSEO policy (Phase 2B/2G/2M) of not mass-redirecting this footprint.",low,classification_source=rule
https://www.ewastekochi.com/services/network-equipment-disposal-kochi,/services/network-equipment-disposal-kochi,www.ewastekochi.com,/services/network-equipment-disposal-kochi,0,6,redirect,redirect,2026-06-23,service-page,,network-equipment-disposal-kochi,3,leave_404,,No meaningful traffic.,low,classification_source=rule
https://www.ewastekochi.com/services,/services,www.ewastekochi.com,/services,0,29,redirect,redirect,2026-06-23,other-legacy-service,,services,2,keep_200,,"Already live as a real, built V2 page.",none,classification_source=v2-live
https://www.ewastekochi.com/locations/smart-city-kochi/network-equipment-disposal-kochi,/locations/smart-city-kochi/network-equipment-disposal-kochi,www.ewastekochi.com,/locations/smart-city-kochi/network-equipment-disposal-kochi,0,1,redirect,redirect,2026-06-23,location-service-matrix,smart-city-kochi,network-equipment-disposal-kochi,3,leave_404,,"Thin generated location-service matrix page, 0 clicks, low impressions — matches the site's existing anti-pSEO policy (Phase 2B/2G/2M) of not mass-redirecting this footprint.",low,classification_source=rule
https://www.ewastekochi.com/locations,/locations,www.ewastekochi.com,/locations,2,63,redirect,redirect,2026-06-23,other-legacy-service,,locations,2,keep_200,,"Already live as a real, built V2 page.",none,classification_source=v2-live
https://www.ewastekochi.com/locations/perumbavoor/laptop-buyback-kochi,/locations/perumbavoor/laptop-buyback-kochi,www.ewastekochi.com,/locations/perumbavoor/laptop-buyback-kochi,0,1,redirect,redirect,2026-06-21,location-service-matrix,perumbavoor,laptop-buyback-kochi,3,redirect_301,(see vercel.json),Already implemented as a redirect in vercel.json.,none,classification_source=v2-redirect
https://www.ewastekochi.com/locations/kadavanthra/dpdp-act-compliance-kochi,/locations/kadavanthra/dpdp-act-compliance-kochi,www.ewastekochi.com,/locations/kadavanthra/dpdp-act-compliance-kochi,0,0,redirect,redirect,2026-06-20,location-service-matrix,kadavanthra,dpdp-act-compliance-kochi,4,leave_404,,"Thin generated location-service matrix page, 0 clicks, low impressions — matches the site's existing anti-pSEO policy (Phase 2B/2G/2M) of not mass-redirecting this footprint.",low,classification_source=rule
https://www.ewastekochi.com/locations/angamaly/server-recycling-kochi,/locations/angamaly/server-recycling-kochi,www.ewastekochi.com,/locations/angamaly/server-recycling-kochi,0,1,redirect,redirect,2026-06-20,location-service-matrix,angamaly,server-recycling-kochi,3,redirect_301,(see vercel.json),Already implemented as a redirect in vercel.json.,none,classification_source=v2-redirect
https://www.ewastekochi.com/locations/perumbavoor/free-ewaste-pickup-kochi,/locations/perumbavoor/free-ewaste-pickup-kochi,www.ewastekochi.com,/locations/perumbavoor/free-ewaste-pickup-kochi,0,2,redirect,redirect,2026-06-20,location-service-matrix,perumbavoor,free-ewaste-pickup-kochi,3,redirect_301,(see vercel.json),Already implemented as a redirect in vercel.json.,none,classification_source=v2-redirect
https://www.ewastekochi.com/locations/kadavanthra/corporate-ewaste-kochi,/locations/kadavanthra/corporate-ewaste-kochi,www.ewastekochi.com,/locations/kadavanthra/corporate-ewaste-kochi,1,11,redirect,redirect,2026-06-20,location-service-matrix,kadavanthra,corporate-ewaste-kochi,2,redirect_301,(see vercel.json),Already implemented as a redirect in vercel.json.,none,classification_source=v2-redirect
https://www.ewastekochi.com/locations/kadavanthra/itad-kochi,/locations/kadavanthra/itad-kochi,www.ewastekochi.com,/locations/kadavanthra/itad-kochi,0,3,redirect,redirect,2026-06-20,location-service-matrix,kadavanthra,itad-kochi,3,redirect_301,(see vercel.json),Already implemented as a redirect in vercel.json.,none,classification_source=v2-redirect
https://www.ewastekochi.com/locations/kadavanthra/mobile-recycling-kochi,/locations/kadavanthra/mobile-recycling-kochi,www.ewastekochi.com,/locations/kadavanthra/mobile-recycling-kochi,0,2,redirect,redirect,2026-06-20,location-service-matrix,kadavanthra,mobile-recycling-kochi,3,leave_404,,"Thin generated location-service matrix page, 0 clicks, low impressions — matches the site's existing anti-pSEO policy (Phase 2B/2G/2M) of not mass-redirecting this footprint.",low,classification_source=rule
https://www.ewastekochi.com/locations/kadavanthra/sell-electronics-kochi,/locations/kadavanthra/sell-electronics-kochi,www.ewastekochi.com,/locations/kadavanthra/sell-electronics-kochi,2,46,redirect,redirect,2026-06-20,location-service-matrix,kadavanthra,sell-electronics-kochi,2,redirect_301,(see vercel.json),Already implemented as a redirect in vercel.json.,none,classification_source=v2-redirect
https://www.ewastekochi.com/faq.html,/faq.html,www.ewastekochi.com,/faq.html,0,1,redirect,redirect,2026-06-18,other-legacy-service,,,3,leave_404,,No meaningful traffic.,low,classification_source=rule
https://www.ewastekochi.com/locations/kalady/tv-monitor-recycling-kochi,/locations/kalady/tv-monitor-recycling-kochi,www.ewastekochi.com,/locations/kalady/tv-monitor-recycling-kochi,0,1,redirect,redirect,2026-06-17,location-service-matrix,kalady,tv-monitor-recycling-kochi,3,redirect_301,(see vercel.json),Already implemented as a redirect in vercel.json.,none,classification_source=v2-redirect
https://www.ewastekochi.com/locations/vyttila/certificate-of-destruction-kochi,/locations/vyttila/certificate-of-destruction-kochi,www.ewastekochi.com,/locations/vyttila/certificate-of-destruction-kochi,0,1,redirect|alt_canonical,redirect|alt_canonical,2026-06-17,location-service-matrix,vyttila,certificate-of-destruction-kochi,3,redirect_301,(see vercel.json),Already implemented as a redirect in vercel.json.,none,classification_source=v2-redirect
https://www.ewastekochi.com/locations/palakkad/old-computer-disposal,/locations/palakkad/old-computer-disposal,www.ewastekochi.com,/locations/palakkad/old-computer-disposal,0,6,redirect|alt_canonical,redirect|alt_canonical,2026-06-17,location-service-matrix,palakkad,old-computer-disposal,3,leave_404,,"Thin generated location-service matrix page, 0 clicks, low impressions — matches the site's existing anti-pSEO policy (Phase 2B/2G/2M) of not mass-redirecting this footprint.",low,classification_source=rule
https://www.ewastekochi.com/locations/palarivattom/ups-inverter-recycling-kochi,/locations/palarivattom/ups-inverter-recycling-kochi,www.ewastekochi.com,/locations/palarivattom/ups-inverter-recycling-kochi,0,4,redirect,redirect,2026-06-17,location-service-matrix,palarivattom,ups-inverter-recycling-kochi,3,redirect_301,(see vercel.json),Already implemented as a redirect in vercel.json.,none,classification_source=v2-redirect
https://www.ewastekochi.com/locations/kollam/network-equipment-disposal-kochi,/locations/kollam/network-equipment-disposal-kochi,www.ewastekochi.com,/locations/kollam/network-equipment-disposal-kochi,0,3,redirect,redirect,2026-06-17,location-service-matrix,kollam,network-equipment-disposal-kochi,3,leave_404,,"Thin generated location-service matrix page, 0 clicks, low impressions — matches the site's existing anti-pSEO policy (Phase 2B/2G/2M) of not mass-redirecting this footprint.",low,classification_source=rule
https://www.ewastekochi.com/locations/kothamangalam/e-waste-recycling-kochi,/locations/kothamangalam/e-waste-recycling-kochi,www.ewastekochi.com,/locations/kothamangalam/e-waste-recycling-kochi,0,10,redirect,redirect,2026-06-17,location-service-matrix,kothamangalam,e-waste-recycling-kochi,3,redirect_301,(see vercel.json),Already implemented as a redirect in vercel.json.,none,classification_source=v2-redirect
https://www.ewastekochi.com/locations/aluva/data-destruction-kochi,/locations/aluva/data-destruction-kochi,www.ewastekochi.com,/locations/aluva/data-destruction-kochi,0,3,redirect,redirect,2026-06-17,location-service-matrix,aluva,data-destruction-kochi,3,redirect_301,(see vercel.json),Already implemented as a redirect in vercel.json.,none,classification_source=v2-redirect
https://www.ewastekochi.com/locations/aluva/free-ewaste-pickup-kochi,/locations/aluva/free-ewaste-pickup-kochi,www.ewastekochi.com,/locations/aluva/free-ewaste-pickup-kochi,1,15,redirect,redirect,2026-06-17,location-service-matrix,aluva,free-ewaste-pickup-kochi,2,redirect_301,(see vercel.json),Already implemented as a redirect in vercel.json.,none,classification_source=v2-redirect
https://www.ewastekochi.com/locations/thrissur,/locations/thrissur,www.ewastekochi.com,/locations/thrissur,8,271,redirect,redirect,2026-06-17,location-page,thrissur,thrissur,1,rebuild_safe_200,,"Real organic traffic on a legacy far-city page already indexed by Google (8 clicks / 271 impressions). Rebuild as an honest, feasibility-only page using the standard hedged wording (""contact us to check pickup feasibility"") rather than losing the traffic or overclaiming guaranteed service.",high,classification_source=rule
https://www.ewastekochi.com/locations/thiruvananthapuram/mobile-recycling-kochi,/locations/thiruvananthapuram/mobile-recycling-kochi,www.ewastekochi.com,/locations/thiruvananthapuram/mobile-recycling-kochi,0,2,redirect,redirect,2026-06-17,location-service-matrix,thiruvananthapuram,mobile-recycling-kochi,3,leave_404,,"Thin generated location-service matrix page, 0 clicks, low impressions — matches the site's existing anti-pSEO policy (Phase 2B/2G/2M) of not mass-redirecting this footprint.",low,classification_source=rule
https://www.ewastekochi.com/locations/thrikkakara/battery-recycling-kochi,/locations/thrikkakara/battery-recycling-kochi,www.ewastekochi.com,/locations/thrikkakara/battery-recycling-kochi,0,3,redirect,redirect,2026-06-17,location-service-matrix,thrikkakara,battery-recycling-kochi,3,redirect_301,(see vercel.json),Already implemented as a redirect in vercel.json.,none,classification_source=v2-redirect
https://www.ewastekochi.com/locations/thrikkakara/free-ewaste-pickup-kochi,/locations/thrikkakara/free-ewaste-pickup-kochi,www.ewastekochi.com,/locations/thrikkakara/free-ewaste-pickup-kochi,0,31,redirect,redirect,2026-06-17,location-service-matrix,thrikkakara,free-ewaste-pickup-kochi,2,redirect_301,(see vercel.json),Already implemented as a redirect in vercel.json.,none,classification_source=v2-redirect
https://www.ewastekochi.com/locations/kakkanad/corporate-ewaste-kochi,/locations/kakkanad/corporate-ewaste-kochi,www.ewastekochi.com,/locations/kakkanad/corporate-ewaste-kochi,2,16,redirect,redirect,2026-06-17,location-service-matrix,kakkanad,corporate-ewaste-kochi,2,redirect_301,(see vercel.json),Already implemented as a redirect in vercel.json.,none,classification_source=v2-redirect
https://www.ewastekochi.com/locations/palakkad/electronic-waste-disposal,/locations/palakkad/electronic-waste-disposal,www.ewastekochi.com,/locations/palakkad/electronic-waste-disposal,1,32,redirect,redirect,2026-06-17,location-service-matrix,palakkad,electronic-waste-disposal,2,redirect_301,(see vercel.json),Already implemented as a redirect in vercel.json.,none,classification_source=v2-redirect
https://www.ewastekochi.com/locations/aluva/laptop-buyback-kochi,/locations/aluva/laptop-buyback-kochi,www.ewastekochi.com,/locations/aluva/laptop-buyback-kochi,1,5,redirect,redirect,2026-06-17,location-service-matrix,aluva,laptop-buyback-kochi,2,redirect_301,(see vercel.json),Already implemented as a redirect in vercel.json.,none,classification_source=v2-redirect
https://www.ewastekochi.com/locations/angamaly/battery-recycling-kochi,/locations/angamaly/battery-recycling-kochi,www.ewastekochi.com,/locations/angamaly/battery-recycling-kochi,0,2,redirect,redirect,2026-06-17,location-service-matrix,angamaly,battery-recycling-kochi,3,redirect_301,(see vercel.json),Already implemented as a redirect in vercel.json.,none,classification_source=v2-redirect
https://www.ewastekochi.com/locations/angamaly/e-waste-recycling-kochi,/locations/angamaly/e-waste-recycling-kochi,www.ewastekochi.com,/locations/angamaly/e-waste-recycling-kochi,0,5,redirect|crawled_not_indexed,redirect|crawled_not_indexed,2026-06-17,location-service-matrix,angamaly,e-waste-recycling-kochi,3,redirect_301,(see vercel.json),Already implemented as a redirect in vercel.json.,none,classification_source=v2-redirect
https://www.ewastekochi.com/locations/thrissur/laptop-buyback-kochi,/locations/thrissur/laptop-buyback-kochi,www.ewastekochi.com,/locations/thrissur/laptop-buyback-kochi,0,3,redirect,redirect,2026-06-17,location-service-matrix,thrissur,laptop-buyback-kochi,3,redirect_301,(see vercel.json),Already implemented as a redirect in vercel.json.,none,classification_source=v2-redirect
https://www.ewastekochi.com/locations/fort-kochi/data-destruction-kochi,/locations/fort-kochi/data-destruction-kochi,www.ewastekochi.com,/locations/fort-kochi/data-destruction-kochi,0,8,redirect,redirect,2026-06-17,location-service-matrix,fort-kochi,data-destruction-kochi,3,redirect_301,(see vercel.json),Already implemented as a redirect in vercel.json.,none,classification_source=v2-redirect
https://www.ewastekochi.com/locations/fort-kochi/mobile-recycling-kochi,/locations/fort-kochi/mobile-recycling-kochi,www.ewastekochi.com,/locations/fort-kochi/mobile-recycling-kochi,0,2,redirect|alt_canonical,redirect|alt_canonical,2026-06-17,location-service-matrix,fort-kochi,mobile-recycling-kochi,3,leave_404,,"Thin generated location-service matrix page, 0 clicks, low impressions — matches the site's existing anti-pSEO policy (Phase 2B/2G/2M) of not mass-redirecting this footprint.",low,classification_source=rule
https://www.ewastekochi.com/locations/kannur/certificate-of-destruction-kochi,/locations/kannur/certificate-of-destruction-kochi,www.ewastekochi.com,/locations/kannur/certificate-of-destruction-kochi,0,4,redirect,redirect,2026-06-17,location-service-matrix,kannur,certificate-of-destruction-kochi,3,redirect_301,(see vercel.json),Already implemented as a redirect in vercel.json.,none,classification_source=v2-redirect
https://www.ewastekochi.com/locations/kannur/free-ewaste-pickup-kochi,/locations/kannur/free-ewaste-pickup-kochi,www.ewastekochi.com,/locations/kannur/free-ewaste-pickup-kochi,0,7,redirect,redirect,2026-06-17,location-service-matrix,kannur,free-ewaste-pickup-kochi,3,redirect_301,(see vercel.json),Already implemented as a redirect in vercel.json.,none,classification_source=v2-redirect
https://www.ewastekochi.com/locations/kannur/laptop-buyback-kochi,/locations/kannur/laptop-buyback-kochi,www.ewastekochi.com,/locations/kannur/laptop-buyback-kochi,0,1,redirect,redirect,2026-06-17,location-service-matrix,kannur,laptop-buyback-kochi,3,redirect_301,(see vercel.json),Already implemented as a redirect in vercel.json.,none,classification_source=v2-redirect
https://www.ewastekochi.com/locations/ernakulam-south/dpdp-act-compliance-kochi,/locations/ernakulam-south/dpdp-act-compliance-kochi,www.ewastekochi.com,/locations/ernakulam-south/dpdp-act-compliance-kochi,0,2,redirect|alt_canonical,redirect|alt_canonical,2026-06-17,location-service-matrix,ernakulam-south,dpdp-act-compliance-kochi,3,redirect_301,(see vercel.json),Already implemented as a redirect in vercel.json.,none,classification_source=v2-redirect
https://www.ewastekochi.com/locations/palarivattom/free-ewaste-pickup-kochi,/locations/palarivattom/free-ewaste-pickup-kochi,www.ewastekochi.com,/locations/palarivattom/free-ewaste-pickup-kochi,0,14,redirect,redirect,2026-06-17,location-service-matrix,palarivattom,free-ewaste-pickup-kochi,3,redirect_301,(see vercel.json),Already implemented as a redirect in vercel.json.,none,classification_source=v2-redirect
https://www.ewastekochi.com/services/e-waste-recycling-kochi,/services/e-waste-recycling-kochi,www.ewastekochi.com,/services/e-waste-recycling-kochi,2,193,redirect,redirect,2026-06-17,service-page,,e-waste-recycling-kochi,1,redirect_301,(see vercel.json),Already implemented as a redirect in vercel.json.,none,classification_source=v2-redirect
https://www.ewastekochi.com/locations/kozhikode/sell-old-electronics,/locations/kozhikode/sell-old-electronics,www.ewastekochi.com,/locations/kozhikode/sell-old-electronics,1,27,redirect,redirect,2026-06-16,location-service-matrix,kozhikode,sell-old-electronics,2,redirect_301,(see vercel.json),Already implemented as a redirect in vercel.json.,none,classification_source=v2-redirect
https://www.ewastekochi.com/locations/angamaly/dpdp-act-compliance-kochi,/locations/angamaly/dpdp-act-compliance-kochi,www.ewastekochi.com,/locations/angamaly/dpdp-act-compliance-kochi,0,0,redirect,redirect,2026-06-16,location-service-matrix,angamaly,dpdp-act-compliance-kochi,4,leave_404,,"Thin generated location-service matrix page, 0 clicks, low impressions — matches the site's existing anti-pSEO policy (Phase 2B/2G/2M) of not mass-redirecting this footprint.",low,classification_source=rule
https://www.ewastekochi.com/locations/angamaly/free-ewaste-pickup-kochi,/locations/angamaly/free-ewaste-pickup-kochi,www.ewastekochi.com,/locations/angamaly/free-ewaste-pickup-kochi,1,10,redirect,redirect,2026-06-16,location-service-matrix,angamaly,free-ewaste-pickup-kochi,2,redirect_301,(see vercel.json),Already implemented as a redirect in vercel.json.,none,classification_source=v2-redirect
https://www.ewastekochi.com/locations/angamaly/ups-inverter-recycling-kochi,/locations/angamaly/ups-inverter-recycling-kochi,www.ewastekochi.com,/locations/angamaly/ups-inverter-recycling-kochi,0,5,redirect,redirect,2026-06-16,location-service-matrix,angamaly,ups-inverter-recycling-kochi,3,redirect_301,(see vercel.json),Already implemented as a redirect in vercel.json.,none,classification_source=v2-redirect
https://www.ewastekochi.com/locations/aluva/e-waste-recycling-kochi,/locations/aluva/e-waste-recycling-kochi,www.ewastekochi.com,/locations/aluva/e-waste-recycling-kochi,0,20,redirect,redirect,2026-06-16,location-service-matrix,aluva,e-waste-recycling-kochi,2,redirect_301,(see vercel.json),Already implemented as a redirect in vercel.json.,none,classification_source=v2-redirect
https://www.ewastekochi.com/locations/aluva/ups-inverter-recycling-kochi,/locations/aluva/ups-inverter-recycling-kochi,www.ewastekochi.com,/locations/aluva/ups-inverter-recycling-kochi,0,6,redirect,redirect,2026-06-16,location-service-matrix,aluva,ups-inverter-recycling-kochi,3,redirect_301,(see vercel.json),Already implemented as a redirect in vercel.json.,none,classification_source=v2-redirect
https://www.ewastekochi.com/locations/kollam/battery-recycling-kochi,/locations/kollam/battery-recycling-kochi,www.ewastekochi.com,/locations/kollam/battery-recycling-kochi,1,47,redirect,redirect,2026-06-16,location-service-matrix,kollam,battery-recycling-kochi,2,redirect_301,(see vercel.json),Already implemented as a redirect in vercel.json.,none,classification_source=v2-redirect
https://www.ewastekochi.com/locations/kollam/free-ewaste-pickup-kochi,/locations/kollam/free-ewaste-pickup-kochi,www.ewastekochi.com,/locations/kollam/free-ewaste-pickup-kochi,0,1,redirect,redirect,2026-06-16,location-service-matrix,kollam,free-ewaste-pickup-kochi,3,redirect_301,(see vercel.json),Already implemented as a redirect in vercel.json.,none,classification_source=v2-redirect
https://www.ewastekochi.com/locations/kalady/mobile-recycling-kochi,/locations/kalady/mobile-recycling-kochi,www.ewastekochi.com,/locations/kalady/mobile-recycling-kochi,0,3,redirect,redirect,2026-06-16,location-service-matrix,kalady,mobile-recycling-kochi,3,leave_404,,"Thin generated location-service matrix page, 0 clicks, low impressions — matches the site's existing anti-pSEO policy (Phase 2B/2G/2M) of not mass-redirecting this footprint.",low,classification_source=rule
https://www.ewastekochi.com/locations/ernakulam-south/data-destruction-kochi,/locations/ernakulam-south/data-destruction-kochi,www.ewastekochi.com,/locations/ernakulam-south/data-destruction-kochi,1,16,redirect,redirect,2026-06-16,location-service-matrix,ernakulam-south,data-destruction-kochi,2,redirect_301,(see vercel.json),Already implemented as a redirect in vercel.json.,none,classification_source=v2-redirect
https://www.ewastekochi.com/locations/ernakulam-south/e-waste-recycling-kochi,/locations/ernakulam-south/e-waste-recycling-kochi,www.ewastekochi.com,/locations/ernakulam-south/e-waste-recycling-kochi,0,11,redirect,redirect,2026-06-16,location-service-matrix,ernakulam-south,e-waste-recycling-kochi,3,redirect_301,(see vercel.json),Already implemented as a redirect in vercel.json.,none,classification_source=v2-redirect
https://www.ewastekochi.com/locations/palakkad/business-it-decommissioning,/locations/palakkad/business-it-decommissioning,www.ewastekochi.com,/locations/palakkad/business-it-decommissioning,0,2,redirect|alt_canonical,redirect|alt_canonical,2026-06-16,location-service-matrix,palakkad,business-it-decommissioning,3,redirect_301,(see vercel.json),Already implemented as a redirect in vercel.json.,none,classification_source=v2-redirect
https://www.ewastekochi.com/locations/palakkad/mobile-recycling-kochi,/locations/palakkad/mobile-recycling-kochi,www.ewastekochi.com,/locations/palakkad/mobile-recycling-kochi,1,4,redirect,redirect,2026-06-16,location-service-matrix,palakkad,mobile-recycling-kochi,2,redirect_301,/locations/palakkad/,Thin legacy matrix page with real clicks (1); parent location hub not built — redirect to closest matching service page or parent hub once it exists.,low,classification_source=rule
https://www.ewastekochi.com/locations/palakkad/sell-old-electronics,/locations/palakkad/sell-old-electronics,www.ewastekochi.com,/locations/palakkad/sell-old-electronics,3,9,redirect|alt_canonical,redirect|alt_canonical,2026-06-16,location-service-matrix,palakkad,sell-old-electronics,2,redirect_301,(see vercel.json),Already implemented as a redirect in vercel.json.,none,classification_source=v2-redirect
https://www.ewastekochi.com/locations/kalamassery/data-destruction-kochi,/locations/kalamassery/data-destruction-kochi,www.ewastekochi.com,/locations/kalamassery/data-destruction-kochi,0,7,redirect,redirect,2026-06-16,location-service-matrix,kalamassery,data-destruction-kochi,3,redirect_301,(see vercel.json),Already implemented as a redirect in vercel.json.,none,classification_source=v2-redirect
https://www.ewastekochi.com/locations/kalamassery/server-recycling-kochi,/locations/kalamassery/server-recycling-kochi,www.ewastekochi.com,/locations/kalamassery/server-recycling-kochi,0,4,redirect,redirect,2026-06-16,location-service-matrix,kalamassery,server-recycling-kochi,3,redirect_301,(see vercel.json),Already implemented as a redirect in vercel.json.,none,classification_source=v2-redirect
https://www.ewastekochi.com/locations/kannur/old-computer-disposal,/locations/kannur/old-computer-disposal,www.ewastekochi.com,/locations/kannur/old-computer-disposal,1,8,redirect,redirect,2026-06-16,location-service-matrix,kannur,old-computer-disposal,2,redirect_301,/locations/kannur/,Thin legacy matrix page with real clicks (1); parent location hub not built — redirect to closest matching service page or parent hub once it exists.,low,classification_source=rule
https://www.ewastekochi.com/locations/north-paravur/mobile-recycling-kochi,/locations/north-paravur/mobile-recycling-kochi,www.ewastekochi.com,/locations/north-paravur/mobile-recycling-kochi,0,7,redirect,redirect,2026-06-16,location-service-matrix,north-paravur,mobile-recycling-kochi,3,leave_404,,"Thin generated location-service matrix page, 0 clicks, low impressions — matches the site's existing anti-pSEO policy (Phase 2B/2G/2M) of not mass-redirecting this footprint.",low,classification_source=rule
https://www.ewastekochi.com/locations/vyttila/corporate-ewaste-kochi,/locations/vyttila/corporate-ewaste-kochi,www.ewastekochi.com,/locations/vyttila/corporate-ewaste-kochi,0,4,redirect,redirect,2026-06-16,location-service-matrix,vyttila,corporate-ewaste-kochi,3,leave_404,,"Thin generated location-service matrix page, 0 clicks, low impressions — matches the site's existing anti-pSEO policy (Phase 2B/2G/2M) of not mass-redirecting this footprint.",low,classification_source=rule
https://www.ewastekochi.com/locations/vyttila/server-recycling-kochi,/locations/vyttila/server-recycling-kochi,www.ewastekochi.com,/locations/vyttila/server-recycling-kochi,1,9,redirect,redirect,2026-06-16,location-service-matrix,vyttila,server-recycling-kochi,2,redirect_301,(see vercel.json),Already implemented as a redirect in vercel.json.,none,classification_source=v2-redirect
https://www.ewastekochi.com/locations/vyttila/tv-monitor-recycling-kochi,/locations/vyttila/tv-monitor-recycling-kochi,www.ewastekochi.com,/locations/vyttila/tv-monitor-recycling-kochi,0,3,redirect,redirect,2026-06-16,location-service-matrix,vyttila,tv-monitor-recycling-kochi,3,redirect_301,(see vercel.json),Already implemented as a redirect in vercel.json.,none,classification_source=v2-redirect
https://www.ewastekochi.com/locations/kottayam/free-ewaste-pickup-kochi,/locations/kottayam/free-ewaste-pickup-kochi,www.ewastekochi.com,/locations/kottayam/free-ewaste-pickup-kochi,1,8,redirect,redirect,2026-06-16,location-service-matrix,kottayam,free-ewaste-pickup-kochi,2,redirect_301,(see vercel.json),Already implemented as a redirect in vercel.json.,none,classification_source=v2-redirect
https://www.ewastekochi.com/locations/thrissur/e-waste-recycling-kochi,/locations/thrissur/e-waste-recycling-kochi,www.ewastekochi.com,/locations/thrissur/e-waste-recycling-kochi,0,9,redirect,redirect,2026-06-16,location-service-matrix,thrissur,e-waste-recycling-kochi,3,redirect_301,(see vercel.json),Already implemented as a redirect in vercel.json.,none,classification_source=v2-redirect
https://www.ewastekochi.com/locations/thrissur/free-ewaste-pickup-kochi,/locations/thrissur/free-ewaste-pickup-kochi,www.ewastekochi.com,/locations/thrissur/free-ewaste-pickup-kochi,0,6,redirect,redirect,2026-06-16,location-service-matrix,thrissur,free-ewaste-pickup-kochi,3,redirect_301,(see vercel.json),Already implemented as a redirect in vercel.json.,none,classification_source=v2-redirect
https://www.ewastekochi.com/locations/kozhikode/battery-recycling-kochi,/locations/kozhikode/battery-recycling-kochi,www.ewastekochi.com,/locations/kozhikode/battery-recycling-kochi,0,124,redirect,redirect,2026-06-16,location-service-matrix,kozhikode,battery-recycling-kochi,1,redirect_301,(see vercel.json),Already implemented as a redirect in vercel.json.,none,classification_source=v2-redirect
https://www.ewastekochi.com/locations/kozhikode/itad-kochi,/locations/kozhikode/itad-kochi,www.ewastekochi.com,/locations/kozhikode/itad-kochi,0,3,redirect,redirect,2026-06-16,location-service-matrix,kozhikode,itad-kochi,3,redirect_301,(see vercel.json),Already implemented as a redirect in vercel.json.,none,classification_source=v2-redirect
https://www.ewastekochi.com/locations/kozhikode/mobile-recycling-kochi,/locations/kozhikode/mobile-recycling-kochi,www.ewastekochi.com,/locations/kozhikode/mobile-recycling-kochi,0,7,redirect,redirect,2026-06-16,location-service-matrix,kozhikode,mobile-recycling-kochi,3,leave_404,,"Thin generated location-service matrix page, 0 clicks, low impressions — matches the site's existing anti-pSEO policy (Phase 2B/2G/2M) of not mass-redirecting this footprint.",low,classification_source=rule
https://www.ewastekochi.com/locations/infopark-kochi/certificate-of-destruction-kochi,/locations/infopark-kochi/certificate-of-destruction-kochi,www.ewastekochi.com,/locations/infopark-kochi/certificate-of-destruction-kochi,0,1,redirect,redirect,2026-06-16,location-service-matrix,infopark-kochi,certificate-of-destruction-kochi,3,redirect_301,(see vercel.json),Already implemented as a redirect in vercel.json.,none,classification_source=v2-redirect
https://www.ewastekochi.com/locations/infopark-kochi/server-recycling-kochi,/locations/infopark-kochi/server-recycling-kochi,www.ewastekochi.com,/locations/infopark-kochi/server-recycling-kochi,0,1,redirect,redirect,2026-06-16,location-service-matrix,infopark-kochi,server-recycling-kochi,3,redirect_301,(see vercel.json),Already implemented as a redirect in vercel.json.,none,classification_source=v2-redirect
https://www.ewastekochi.com/locations/thiruvananthapuram/air-conditioner-recycling-kochi,/locations/thiruvananthapuram/air-conditioner-recycling-kochi,www.ewastekochi.com,/locations/thiruvananthapuram/air-conditioner-recycling-kochi,0,0,redirect,redirect,2026-06-16,location-service-matrix,thiruvananthapuram,air-conditioner-recycling-kochi,4,leave_404,,"Thin generated location-service matrix page, 0 clicks, low impressions — matches the site's existing anti-pSEO policy (Phase 2B/2G/2M) of not mass-redirecting this footprint.",low,classification_source=rule
https://www.ewastekochi.com/locations/thiruvananthapuram/corporate-ewaste-kochi,/locations/thiruvananthapuram/corporate-ewaste-kochi,www.ewastekochi.com,/locations/thiruvananthapuram/corporate-ewaste-kochi,0,4,redirect,redirect,2026-06-16,location-service-matrix,thiruvananthapuram,corporate-ewaste-kochi,3,leave_404,,"Thin generated location-service matrix page, 0 clicks, low impressions — matches the site's existing anti-pSEO policy (Phase 2B/2G/2M) of not mass-redirecting this footprint.",low,classification_source=rule
https://www.ewastekochi.com/locations/thiruvananthapuram/data-destruction-kochi,/locations/thiruvananthapuram/data-destruction-kochi,www.ewastekochi.com,/locations/thiruvananthapuram/data-destruction-kochi,0,4,redirect|alt_canonical,redirect|alt_canonical,2026-06-16,location-service-matrix,thiruvananthapuram,data-destruction-kochi,3,redirect_301,(see vercel.json),Already implemented as a redirect in vercel.json.,none,classification_source=v2-redirect
https://www.ewastekochi.com/locations/thiruvananthapuram/free-ewaste-pickup-kochi,/locations/thiruvananthapuram/free-ewaste-pickup-kochi,www.ewastekochi.com,/locations/thiruvananthapuram/free-ewaste-pickup-kochi,0,12,redirect,redirect,2026-06-16,location-service-matrix,thiruvananthapuram,free-ewaste-pickup-kochi,3,redirect_301,(see vercel.json),Already implemented as a redirect in vercel.json.,none,classification_source=v2-redirect
https://www.ewastekochi.com/locations/thiruvananthapuram/tv-monitor-recycling-kochi,/locations/thiruvananthapuram/tv-monitor-recycling-kochi,www.ewastekochi.com,/locations/thiruvananthapuram/tv-monitor-recycling-kochi,0,2,redirect,redirect,2026-06-16,location-service-matrix,thiruvananthapuram,tv-monitor-recycling-kochi,3,redirect_301,(see vercel.json),Already implemented as a redirect in vercel.json.,none,classification_source=v2-redirect
https://www.ewastekochi.com/locations/maradu/e-waste-recycling-kochi,/locations/maradu/e-waste-recycling-kochi,www.ewastekochi.com,/locations/maradu/e-waste-recycling-kochi,0,8,redirect,redirect,2026-06-16,location-service-matrix,maradu,e-waste-recycling-kochi,3,redirect_301,(see vercel.json),Already implemented as a redirect in vercel.json.,none,classification_source=v2-redirect
https://www.ewastekochi.com/locations/kannur/battery-recycling-kochi,/locations/kannur/battery-recycling-kochi,www.ewastekochi.com,/locations/kannur/battery-recycling-kochi,2,27,redirect,redirect,2026-06-16,location-service-matrix,kannur,battery-recycling-kochi,2,redirect_301,(see vercel.json),Already implemented as a redirect in vercel.json.,none,classification_source=v2-redirect
https://www.ewastekochi.com/locations/kannur/mobile-recycling-kochi,/locations/kannur/mobile-recycling-kochi,www.ewastekochi.com,/locations/kannur/mobile-recycling-kochi,0,1,redirect,redirect,2026-06-16,location-service-matrix,kannur,mobile-recycling-kochi,3,leave_404,,"Thin generated location-service matrix page, 0 clicks, low impressions — matches the site's existing anti-pSEO policy (Phase 2B/2G/2M) of not mass-redirecting this footprint.",low,classification_source=rule
https://www.ewastekochi.com/locations/kannur/network-equipment-disposal-kochi,/locations/kannur/network-equipment-disposal-kochi,www.ewastekochi.com,/locations/kannur/network-equipment-disposal-kochi,0,3,redirect,redirect,2026-06-16,location-service-matrix,kannur,network-equipment-disposal-kochi,3,leave_404,,"Thin generated location-service matrix page, 0 clicks, low impressions — matches the site's existing anti-pSEO policy (Phase 2B/2G/2M) of not mass-redirecting this footprint.",low,classification_source=rule
https://www.ewastekochi.com/locations/kothamangalam/battery-recycling-kochi,/locations/kothamangalam/battery-recycling-kochi,www.ewastekochi.com,/locations/kothamangalam/battery-recycling-kochi,0,1,redirect,redirect,2026-06-16,location-service-matrix,kothamangalam,battery-recycling-kochi,3,redirect_301,(see vercel.json),Already implemented as a redirect in vercel.json.,none,classification_source=v2-redirect
https://www.ewastekochi.com/locations/edappally/corporate-ewaste-kochi,/locations/edappally/corporate-ewaste-kochi,www.ewastekochi.com,/locations/edappally/corporate-ewaste-kochi,0,8,redirect,redirect,2026-06-16,location-service-matrix,edappally,corporate-ewaste-kochi,3,leave_404,,"Thin generated location-service matrix page, 0 clicks, low impressions — matches the site's existing anti-pSEO policy (Phase 2B/2G/2M) of not mass-redirecting this footprint.",low,classification_source=rule
https://www.ewastekochi.com/locations/kakkanad/air-conditioner-recycling-kochi,/locations/kakkanad/air-conditioner-recycling-kochi,www.ewastekochi.com,/locations/kakkanad/air-conditioner-recycling-kochi,0,3,redirect,redirect,2026-06-16,location-service-matrix,kakkanad,air-conditioner-recycling-kochi,3,redirect_301,(see vercel.json),Already implemented as a redirect in vercel.json.,none,classification_source=v2-redirect
https://www.ewastekochi.com/locations/thrippunithura/mobile-recycling-kochi,/locations/thrippunithura/mobile-recycling-kochi,www.ewastekochi.com,/locations/thrippunithura/mobile-recycling-kochi,0,3,redirect,redirect,2026-06-16,location-service-matrix,thrippunithura,mobile-recycling-kochi,3,leave_404,,"Thin generated location-service matrix page, 0 clicks, low impressions — matches the site's existing anti-pSEO policy (Phase 2B/2G/2M) of not mass-redirecting this footprint.",low,classification_source=rule
https://www.ewastekochi.com/locations/thiruvananthapuram/e-waste-recycling-kochi,/locations/thiruvananthapuram/e-waste-recycling-kochi,www.ewastekochi.com,/locations/thiruvananthapuram/e-waste-recycling-kochi,0,18,redirect,redirect,2026-06-16,location-service-matrix,thiruvananthapuram,e-waste-recycling-kochi,3,redirect_301,(see vercel.json),Already implemented as a redirect in vercel.json.,none,classification_source=v2-redirect
https://www.ewastekochi.com/locations/thiruvananthapuram/laptop-buyback-kochi,/locations/thiruvananthapuram/laptop-buyback-kochi,www.ewastekochi.com,/locations/thiruvananthapuram/laptop-buyback-kochi,0,4,redirect,redirect,2026-06-16,location-service-matrix,thiruvananthapuram,laptop-buyback-kochi,3,redirect_301,(see vercel.json),Already implemented as a redirect in vercel.json.,none,classification_source=v2-redirect
https://www.ewastekochi.com/locations/infopark-kochi/hard-drive-shredding-kochi,/locations/infopark-kochi/hard-drive-shredding-kochi,www.ewastekochi.com,/locations/infopark-kochi/hard-drive-shredding-kochi,1,2,redirect,redirect,2026-06-16,location-service-matrix,infopark-kochi,hard-drive-shredding-kochi,2,redirect_301,(see vercel.json),Already implemented as a redirect in vercel.json.,none,classification_source=v2-redirect
https://www.ewastekochi.com/locations/malappuram/mobile-recycling-kochi,/locations/malappuram/mobile-recycling-kochi,www.ewastekochi.com,/locations/malappuram/mobile-recycling-kochi,0,3,redirect,redirect,2026-06-16,location-service-matrix,malappuram,mobile-recycling-kochi,3,leave_404,,"Thin generated location-service matrix page, 0 clicks, low impressions — matches the site's existing anti-pSEO policy (Phase 2B/2G/2M) of not mass-redirecting this footprint.",low,classification_source=rule
https://www.ewastekochi.com/locations/thrippunithura/tv-monitor-recycling-kochi,/locations/thrippunithura/tv-monitor-recycling-kochi,www.ewastekochi.com,/locations/thrippunithura/tv-monitor-recycling-kochi,0,2,redirect,redirect,2026-06-16,location-service-matrix,thrippunithura,tv-monitor-recycling-kochi,3,redirect_301,(see vercel.json),Already implemented as a redirect in vercel.json.,none,classification_source=v2-redirect
https://www.ewastekochi.com/locations/muvattupuzha/certificate-of-destruction-kochi,/locations/muvattupuzha/certificate-of-destruction-kochi,www.ewastekochi.com,/locations/muvattupuzha/certificate-of-destruction-kochi,0,1,redirect,redirect,2026-06-16,location-service-matrix,muvattupuzha,certificate-of-destruction-kochi,3,redirect_301,(see vercel.json),Already implemented as a redirect in vercel.json.,none,classification_source=v2-redirect
https://www.ewastekochi.com/locations/muvattupuzha/corporate-ewaste-kochi,/locations/muvattupuzha/corporate-ewaste-kochi,www.ewastekochi.com,/locations/muvattupuzha/corporate-ewaste-kochi,0,2,redirect,redirect,2026-06-16,location-service-matrix,muvattupuzha,corporate-ewaste-kochi,3,leave_404,,"Thin generated location-service matrix page, 0 clicks, low impressions — matches the site's existing anti-pSEO policy (Phase 2B/2G/2M) of not mass-redirecting this footprint.",low,classification_source=rule
https://www.ewastekochi.com/locations/kalamassery-hitech-park/corporate-ewaste-kochi,/locations/kalamassery-hitech-park/corporate-ewaste-kochi,www.ewastekochi.com,/locations/kalamassery-hitech-park/corporate-ewaste-kochi,0,2,redirect,redirect,2026-06-16,location-service-matrix,kalamassery-hitech-park,corporate-ewaste-kochi,3,redirect_301,(see vercel.json),Already implemented as a redirect in vercel.json.,none,classification_source=v2-redirect
https://www.ewastekochi.com/locations/kothamangalam/certificate-of-destruction-kochi,/locations/kothamangalam/certificate-of-destruction-kochi,www.ewastekochi.com,/locations/kothamangalam/certificate-of-destruction-kochi,0,2,redirect,redirect,2026-06-16,location-service-matrix,kothamangalam,certificate-of-destruction-kochi,3,redirect_301,(see vercel.json),Already implemented as a redirect in vercel.json.,none,classification_source=v2-redirect
https://www.ewastekochi.com/locations/kothamangalam/free-ewaste-pickup-kochi,/locations/kothamangalam/free-ewaste-pickup-kochi,www.ewastekochi.com,/locations/kothamangalam/free-ewaste-pickup-kochi,0,6,redirect,redirect,2026-06-16,location-service-matrix,kothamangalam,free-ewaste-pickup-kochi,3,redirect_301,(see vercel.json),Already implemented as a redirect in vercel.json.,none,classification_source=v2-redirect
https://www.ewastekochi.com/locations/kothamangalam/ups-inverter-recycling-kochi,/locations/kothamangalam/ups-inverter-recycling-kochi,www.ewastekochi.com,/locations/kothamangalam/ups-inverter-recycling-kochi,0,3,redirect,redirect,2026-06-16,location-service-matrix,kothamangalam,ups-inverter-recycling-kochi,3,redirect_301,(see vercel.json),Already implemented as a redirect in vercel.json.,none,classification_source=v2-redirect
https://www.ewastekochi.com/locations/maradu/mobile-recycling-kochi,/locations/maradu/mobile-recycling-kochi,www.ewastekochi.com,/locations/maradu/mobile-recycling-kochi,0,1,redirect,redirect,2026-06-16,location-service-matrix,maradu,mobile-recycling-kochi,3,leave_404,,"Thin generated location-service matrix page, 0 clicks, low impressions — matches the site's existing anti-pSEO policy (Phase 2B/2G/2M) of not mass-redirecting this footprint.",low,classification_source=rule
https://www.ewastekochi.com/locations/maradu/ups-inverter-recycling-kochi,/locations/maradu/ups-inverter-recycling-kochi,www.ewastekochi.com,/locations/maradu/ups-inverter-recycling-kochi,0,1,redirect,redirect,2026-06-16,location-service-matrix,maradu,ups-inverter-recycling-kochi,3,redirect_301,(see vercel.json),Already implemented as a redirect in vercel.json.,none,classification_source=v2-redirect
https://www.ewastekochi.com/locations/willingdon-island/free-ewaste-pickup-kochi,/locations/willingdon-island/free-ewaste-pickup-kochi,www.ewastekochi.com,/locations/willingdon-island/free-ewaste-pickup-kochi,0,2,redirect,redirect,2026-06-16,location-service-matrix,willingdon-island,free-ewaste-pickup-kochi,3,redirect_301,(see vercel.json),Already implemented as a redirect in vercel.json.,none,classification_source=v2-redirect
https://www.ewastekochi.com/locations/kollam/printer-recycling-kochi,/locations/kollam/printer-recycling-kochi,www.ewastekochi.com,/locations/kollam/printer-recycling-kochi,1,2,redirect,redirect,2026-06-16,location-service-matrix,kollam,printer-recycling-kochi,2,redirect_301,/locations/kollam/,Thin legacy matrix page with real clicks (1); parent location hub not built — redirect to closest matching service page or parent hub once it exists.,low,classification_source=rule
https://www.ewastekochi.com/locations/kakkanad/certificate-of-destruction-kochi,/locations/kakkanad/certificate-of-destruction-kochi,www.ewastekochi.com,/locations/kakkanad/certificate-of-destruction-kochi,0,2,redirect,redirect,2026-06-16,location-service-matrix,kakkanad,certificate-of-destruction-kochi,3,redirect_301,(see vercel.json),Already implemented as a redirect in vercel.json.,none,classification_source=v2-redirect
https://www.ewastekochi.com/locations/kakkanad/e-waste-recycling-kochi,/locations/kakkanad/e-waste-recycling-kochi,www.ewastekochi.com,/locations/kakkanad/e-waste-recycling-kochi,2,13,redirect,redirect,2026-06-16,location-service-matrix,kakkanad,e-waste-recycling-kochi,2,redirect_301,(see vercel.json),Already implemented as a redirect in vercel.json.,none,classification_source=v2-redirect
https://www.ewastekochi.com/locations/kakkanad/server-recycling-kochi,/locations/kakkanad/server-recycling-kochi,www.ewastekochi.com,/locations/kakkanad/server-recycling-kochi,0,2,redirect,redirect,2026-06-16,location-service-matrix,kakkanad,server-recycling-kochi,3,redirect_301,(see vercel.json),Already implemented as a redirect in vercel.json.,none,classification_source=v2-redirect
https://www.ewastekochi.com/services/certificate-of-destruction-kochi,/services/certificate-of-destruction-kochi,www.ewastekochi.com,/services/certificate-of-destruction-kochi,0,8,redirect,redirect,2026-06-16,service-page,,certificate-of-destruction-kochi,3,leave_404,,No meaningful traffic.,low,classification_source=rule
https://www.ewastekochi.com/locations/north-paravur/network-equipment-disposal-kochi,/locations/north-paravur/network-equipment-disposal-kochi,www.ewastekochi.com,/locations/north-paravur/network-equipment-disposal-kochi,0,5,redirect,redirect,2026-06-16,location-service-matrix,north-paravur,network-equipment-disposal-kochi,3,leave_404,,"Thin generated location-service matrix page, 0 clicks, low impressions — matches the site's existing anti-pSEO policy (Phase 2B/2G/2M) of not mass-redirecting this footprint.",low,classification_source=rule
https://www.ewastekochi.com/locations/north-paravur/tv-monitor-recycling-kochi,/locations/north-paravur/tv-monitor-recycling-kochi,www.ewastekochi.com,/locations/north-paravur/tv-monitor-recycling-kochi,0,2,redirect,redirect,2026-06-16,location-service-matrix,north-paravur,tv-monitor-recycling-kochi,3,redirect_301,(see vercel.json),Already implemented as a redirect in vercel.json.,none,classification_source=v2-redirect
https://www.ewastekochi.com/locations/kozhikode/old-computer-disposal,/locations/kozhikode/old-computer-disposal,www.ewastekochi.com,/locations/kozhikode/old-computer-disposal,0,10,redirect|alt_canonical,redirect|alt_canonical,2026-06-16,location-service-matrix,kozhikode,old-computer-disposal,3,leave_404,,"Thin generated location-service matrix page, 0 clicks, low impressions — matches the site's existing anti-pSEO policy (Phase 2B/2G/2M) of not mass-redirecting this footprint.",low,classification_source=rule
https://www.ewastekochi.com/locations/kozhikode/business-it-decommissioning,/locations/kozhikode/business-it-decommissioning,www.ewastekochi.com,/locations/kozhikode/business-it-decommissioning,0,2,redirect,redirect,2026-06-16,location-service-matrix,kozhikode,business-it-decommissioning,3,redirect_301,(see vercel.json),Already implemented as a redirect in vercel.json.,none,classification_source=v2-redirect
https://www.ewastekochi.com/locations/angamaly/air-conditioner-recycling-kochi,/locations/angamaly/air-conditioner-recycling-kochi,www.ewastekochi.com,/locations/angamaly/air-conditioner-recycling-kochi,1,1,redirect,redirect,2026-06-16,location-service-matrix,angamaly,air-conditioner-recycling-kochi,2,redirect_301,/locations/angamaly/,Thin legacy matrix page with real clicks (1); parent location hub not built — redirect to closest matching service page or parent hub once it exists.,low,classification_source=rule
https://www.ewastekochi.com/locations/palakkad/computer-recycling,/locations/palakkad/computer-recycling,www.ewastekochi.com,/locations/palakkad/computer-recycling,1,31,redirect,redirect,2026-06-16,location-service-matrix,palakkad,computer-recycling,2,redirect_301,(see vercel.json),Already implemented as a redirect in vercel.json.,none,classification_source=v2-redirect
https://www.ewastekochi.com/locations/ernakulam-south/air-conditioner-recycling-kochi,/locations/ernakulam-south/air-conditioner-recycling-kochi,www.ewastekochi.com,/locations/ernakulam-south/air-conditioner-recycling-kochi,0,4,redirect,redirect,2026-06-16,location-service-matrix,ernakulam-south,air-conditioner-recycling-kochi,3,redirect_301,(see vercel.json),Already implemented as a redirect in vercel.json.,none,classification_source=v2-redirect
https://www.ewastekochi.com/locations/ernakulam-south/free-ewaste-pickup-kochi,/locations/ernakulam-south/free-ewaste-pickup-kochi,www.ewastekochi.com,/locations/ernakulam-south/free-ewaste-pickup-kochi,0,8,redirect,redirect,2026-06-16,location-service-matrix,ernakulam-south,free-ewaste-pickup-kochi,3,redirect_301,(see vercel.json),Already implemented as a redirect in vercel.json.,none,classification_source=v2-redirect
https://www.ewastekochi.com/locations/ernakulam-south/hard-drive-shredding-kochi,/locations/ernakulam-south/hard-drive-shredding-kochi,www.ewastekochi.com,/locations/ernakulam-south/hard-drive-shredding-kochi,0,5,redirect,redirect,2026-06-16,location-service-matrix,ernakulam-south,hard-drive-shredding-kochi,3,redirect_301,(see vercel.json),Already implemented as a redirect in vercel.json.,none,classification_source=v2-redirect
https://www.ewastekochi.com/locations/ernakulam-south/laptop-buyback-kochi,/locations/ernakulam-south/laptop-buyback-kochi,www.ewastekochi.com,/locations/ernakulam-south/laptop-buyback-kochi,0,7,redirect,redirect,2026-06-16,location-service-matrix,ernakulam-south,laptop-buyback-kochi,3,redirect_301,(see vercel.json),Already implemented as a redirect in vercel.json.,none,classification_source=v2-redirect
https://www.ewastekochi.com/locations/ernakulam-south/mobile-recycling-kochi,/locations/ernakulam-south/mobile-recycling-kochi,www.ewastekochi.com,/locations/ernakulam-south/mobile-recycling-kochi,0,5,redirect,redirect,2026-06-16,location-service-matrix,ernakulam-south,mobile-recycling-kochi,3,redirect_301,(see vercel.json),Already implemented as a redirect in vercel.json.,none,classification_source=v2-redirect
https://www.ewastekochi.com/locations/palarivattom/data-destruction-kochi,/locations/palarivattom/data-destruction-kochi,www.ewastekochi.com,/locations/palarivattom/data-destruction-kochi,0,1,redirect,redirect,2026-06-16,location-service-matrix,palarivattom,data-destruction-kochi,3,redirect_301,(see vercel.json),Already implemented as a redirect in vercel.json.,none,classification_source=v2-redirect
https://www.ewastekochi.com/locations/palarivattom/e-waste-recycling-kochi,/locations/palarivattom/e-waste-recycling-kochi,www.ewastekochi.com,/locations/palarivattom/e-waste-recycling-kochi,0,4,redirect,redirect,2026-06-16,location-service-matrix,palarivattom,e-waste-recycling-kochi,3,redirect_301,(see vercel.json),Already implemented as a redirect in vercel.json.,none,classification_source=v2-redirect
https://www.ewastekochi.com/locations/kalamassery/hard-drive-shredding-kochi,/locations/kalamassery/hard-drive-shredding-kochi,www.ewastekochi.com,/locations/kalamassery/hard-drive-shredding-kochi,0,6,redirect,redirect,2026-06-15,location-service-matrix,kalamassery,hard-drive-shredding-kochi,3,redirect_301,(see vercel.json),Already implemented as a redirect in vercel.json.,none,classification_source=v2-redirect
https://www.ewastekochi.com/locations/kalamassery/laptop-buyback-kochi,/locations/kalamassery/laptop-buyback-kochi,www.ewastekochi.com,/locations/kalamassery/laptop-buyback-kochi,0,1,redirect,redirect,2026-06-15,location-service-matrix,kalamassery,laptop-buyback-kochi,3,redirect_301,(see vercel.json),Already implemented as a redirect in vercel.json.,none,classification_source=v2-redirect
https://www.ewastekochi.com/locations/thrippunithura/sell-electronics-kochi,/locations/thrippunithura/sell-electronics-kochi,www.ewastekochi.com,/locations/thrippunithura/sell-electronics-kochi,0,1,redirect|alt_canonical,redirect|alt_canonical,2026-06-15,location-service-matrix,thrippunithura,sell-electronics-kochi,3,redirect_301,(see vercel.json),Already implemented as a redirect in vercel.json.,none,classification_source=v2-redirect
https://www.ewastekochi.com/services/hard-drive-degaussing-kochi.html,/services/hard-drive-degaussing-kochi.html,www.ewastekochi.com,/services/hard-drive-degaussing-kochi.html,0,6,redirect,redirect,2026-06-15,service-page,,,3,leave_404,,No meaningful traffic.,low,classification_source=rule
https://www.ewastekochi.com/services/itad-kochi,/services/itad-kochi,www.ewastekochi.com,/services/itad-kochi,0,44,redirect|crawled_not_indexed,redirect|crawled_not_indexed,2026-06-15,service-page,,itad-kochi,2,redirect_301,(see vercel.json),Already implemented as a redirect in vercel.json.,none,classification_source=v2-redirect
https://www.ewastekochi.com/locations/ernakulam-south/battery-recycling-kochi,/locations/ernakulam-south/battery-recycling-kochi,www.ewastekochi.com,/locations/ernakulam-south/battery-recycling-kochi,1,11,redirect,redirect,2026-06-15,location-service-matrix,ernakulam-south,battery-recycling-kochi,2,redirect_301,(see vercel.json),Already implemented as a redirect in vercel.json.,none,classification_source=v2-redirect
https://www.ewastekochi.com/locations/ernakulam-south/hard-drive-destruction-kochi,/locations/ernakulam-south/hard-drive-destruction-kochi,www.ewastekochi.com,/locations/ernakulam-south/hard-drive-destruction-kochi,0,15,redirect|alt_canonical,redirect|alt_canonical,2026-06-15,location-service-matrix,ernakulam-south,hard-drive-destruction-kochi,3,redirect_301,(see vercel.json),Already implemented as a redirect in vercel.json.,none,classification_source=v2-redirect
https://www.ewastekochi.com/locations/ernakulam-south/ups-inverter-recycling-kochi,/locations/ernakulam-south/ups-inverter-recycling-kochi,www.ewastekochi.com,/locations/ernakulam-south/ups-inverter-recycling-kochi,0,4,redirect,redirect,2026-06-15,location-service-matrix,ernakulam-south,ups-inverter-recycling-kochi,3,redirect_301,(see vercel.json),Already implemented as a redirect in vercel.json.,none,classification_source=v2-redirect
https://www.ewastekochi.com/locations/palarivattom/air-conditioner-recycling-kochi,/locations/palarivattom/air-conditioner-recycling-kochi,www.ewastekochi.com,/locations/palarivattom/air-conditioner-recycling-kochi,0,0,redirect,redirect,2026-06-15,location-service-matrix,palarivattom,air-conditioner-recycling-kochi,4,leave_404,,"Thin generated location-service matrix page, 0 clicks, low impressions — matches the site's existing anti-pSEO policy (Phase 2B/2G/2M) of not mass-redirecting this footprint.",low,classification_source=rule
https://www.ewastekochi.com/locations/palarivattom/server-recycling-kochi,/locations/palarivattom/server-recycling-kochi,www.ewastekochi.com,/locations/palarivattom/server-recycling-kochi,0,1,redirect,redirect,2026-06-15,location-service-matrix,palarivattom,server-recycling-kochi,3,redirect_301,(see vercel.json),Already implemented as a redirect in vercel.json.,none,classification_source=v2-redirect
https://www.ewastekochi.com/locations/palakkad/e-waste-recycling-kochi,/locations/palakkad/e-waste-recycling-kochi,www.ewastekochi.com,/locations/palakkad/e-waste-recycling-kochi,0,4,redirect,redirect,2026-06-15,location-service-matrix,palakkad,e-waste-recycling-kochi,3,redirect_301,(see vercel.json),Already implemented as a redirect in vercel.json.,none,classification_source=v2-redirect
https://www.ewastekochi.com/locations/fort-kochi/battery-recycling-kochi,/locations/fort-kochi/battery-recycling-kochi,www.ewastekochi.com,/locations/fort-kochi/battery-recycling-kochi,0,0,redirect,redirect,2026-06-15,location-service-matrix,fort-kochi,battery-recycling-kochi,4,leave_404,,"Thin generated location-service matrix page, 0 clicks, low impressions — matches the site's existing anti-pSEO policy (Phase 2B/2G/2M) of not mass-redirecting this footprint.",low,classification_source=rule
https://www.ewastekochi.com/locations/infopark-kochi/laptop-buyback-kochi,/locations/infopark-kochi/laptop-buyback-kochi,www.ewastekochi.com,/locations/infopark-kochi/laptop-buyback-kochi,0,2,redirect,redirect,2026-06-15,location-service-matrix,infopark-kochi,laptop-buyback-kochi,3,redirect_301,(see vercel.json),Already implemented as a redirect in vercel.json.,none,classification_source=v2-redirect
https://www.ewastekochi.com/locations/kozhikode/e-waste-recycling-kochi,/locations/kozhikode/e-waste-recycling-kochi,www.ewastekochi.com,/locations/kozhikode/e-waste-recycling-kochi,1,26,redirect,redirect,2026-06-15,location-service-matrix,kozhikode,e-waste-recycling-kochi,2,redirect_301,(see vercel.json),Already implemented as a redirect in vercel.json.,none,classification_source=v2-redirect
https://www.ewastekochi.com/locations/infopark-kochi/electronic-waste-disposal,/locations/infopark-kochi/electronic-waste-disposal,www.ewastekochi.com,/locations/infopark-kochi/electronic-waste-disposal,1,43,redirect,redirect,2026-06-15,location-service-matrix,infopark-kochi,electronic-waste-disposal,2,redirect_301,(see vercel.json),Already implemented as a redirect in vercel.json.,none,classification_source=v2-redirect
https://www.ewastekochi.com/locations/kalamassery/tv-monitor-recycling-kochi,/locations/kalamassery/tv-monitor-recycling-kochi,www.ewastekochi.com,/locations/kalamassery/tv-monitor-recycling-kochi,0,2,redirect,redirect,2026-06-14,location-service-matrix,kalamassery,tv-monitor-recycling-kochi,3,redirect_301,(see vercel.json),Already implemented as a redirect in vercel.json.,none,classification_source=v2-redirect
https://www.ewastekochi.com/locations/malappuram/electronics-recycling-near-me,/locations/malappuram/electronics-recycling-near-me,www.ewastekochi.com,/locations/malappuram/electronics-recycling-near-me,0,12,redirect,redirect,2026-06-14,location-service-matrix,malappuram,electronics-recycling-near-me,3,redirect_301,(see vercel.json),Already implemented as a redirect in vercel.json.,none,classification_source=v2-redirect
https://www.ewastekochi.com/locations/fort-kochi,/locations/fort-kochi,www.ewastekochi.com,/locations/fort-kochi,3,38,redirect,redirect,2026-06-14,location-page,fort-kochi,fort-kochi,2,manual_review,,Location page with some traffic but not a recognized Kochi-metro or far-city target area — verify what this place actually is before deciding.,medium,classification_source=rule
https://www.ewastekochi.com/locations/fort-kochi/itad-kochi,/locations/fort-kochi/itad-kochi,www.ewastekochi.com,/locations/fort-kochi/itad-kochi,0,4,redirect,redirect,2026-06-14,location-service-matrix,fort-kochi,itad-kochi,3,redirect_301,(see vercel.json),Already implemented as a redirect in vercel.json.,none,classification_source=v2-redirect
https://www.ewastekochi.com/locations/kothamangalam/laptop-recycling-near-me,/locations/kothamangalam/laptop-recycling-near-me,www.ewastekochi.com,/locations/kothamangalam/laptop-recycling-near-me,0,4,redirect,redirect,2026-06-14,location-service-matrix,kothamangalam,laptop-recycling-near-me,3,redirect_301,(see vercel.json),Already implemented as a redirect in vercel.json.,none,classification_source=v2-redirect
https://www.ewastekochi.com/locations/kollam/hard-drive-shredding-kochi,/locations/kollam/hard-drive-shredding-kochi,www.ewastekochi.com,/locations/kollam/hard-drive-shredding-kochi,0,2,redirect,redirect,2026-06-14,location-service-matrix,kollam,hard-drive-shredding-kochi,3,redirect_301,(see vercel.json),Already implemented as a redirect in vercel.json.,none,classification_source=v2-redirect
https://www.ewastekochi.com/locations/kakkanad/data-destruction-kochi,/locations/kakkanad/data-destruction-kochi,www.ewastekochi.com,/locations/kakkanad/data-destruction-kochi,1,5,redirect,redirect,2026-06-14,location-service-matrix,kakkanad,data-destruction-kochi,2,redirect_301,(see vercel.json),Already implemented as a redirect in vercel.json.,none,classification_source=v2-redirect
https://www.ewastekochi.com/locations/kakkanad/free-ewaste-pickup-kochi,/locations/kakkanad/free-ewaste-pickup-kochi,www.ewastekochi.com,/locations/kakkanad/free-ewaste-pickup-kochi,0,10,redirect,redirect,2026-06-13,location-service-matrix,kakkanad,free-ewaste-pickup-kochi,3,redirect_301,(see vercel.json),Already implemented as a redirect in vercel.json.,none,classification_source=v2-redirect
https://www.ewastekochi.com/locations/thrippunithura/battery-recycling-kochi,/locations/thrippunithura/battery-recycling-kochi,www.ewastekochi.com,/locations/thrippunithura/battery-recycling-kochi,0,2,redirect|crawled_not_indexed,redirect|crawled_not_indexed,2026-06-13,location-service-matrix,thrippunithura,battery-recycling-kochi,3,redirect_301,(see vercel.json),Already implemented as a redirect in vercel.json.,none,classification_source=v2-redirect
https://www.ewastekochi.com/locations/fort-kochi/free-ewaste-pickup-kochi,/locations/fort-kochi/free-ewaste-pickup-kochi,www.ewastekochi.com,/locations/fort-kochi/free-ewaste-pickup-kochi,0,7,redirect,redirect,2026-06-13,location-service-matrix,fort-kochi,free-ewaste-pickup-kochi,3,redirect_301,(see vercel.json),Already implemented as a redirect in vercel.json.,none,classification_source=v2-redirect
https://www.ewastekochi.com/locations/infopark-kochi/data-destruction-kochi,/locations/infopark-kochi/data-destruction-kochi,www.ewastekochi.com,/locations/infopark-kochi/data-destruction-kochi,1,6,redirect,redirect,2026-06-13,location-service-matrix,infopark-kochi,data-destruction-kochi,2,redirect_301,(see vercel.json),Already implemented as a redirect in vercel.json.,none,classification_source=v2-redirect
https://www.ewastekochi.com/locations/thrippunithura/laptop-buyback-kochi,/locations/thrippunithura/laptop-buyback-kochi,www.ewastekochi.com,/locations/thrippunithura/laptop-buyback-kochi,0,0,redirect,redirect,2026-06-12,location-service-matrix,thrippunithura,laptop-buyback-kochi,4,leave_404,,"Thin generated location-service matrix page, 0 clicks, low impressions — matches the site's existing anti-pSEO policy (Phase 2B/2G/2M) of not mass-redirecting this footprint.",low,classification_source=rule
https://www.ewastekochi.com/contact,/contact,www.ewastekochi.com,/contact,10,310,redirect|crawled_not_indexed,redirect|crawled_not_indexed,2026-06-12,other-legacy-service,,contact,1,keep_200,,"Already live as a real, built V2 page.",none,classification_source=v2-live
https://www.ewastekochi.com/locations/kakkanad/mobile-recycling-kochi,/locations/kakkanad/mobile-recycling-kochi,www.ewastekochi.com,/locations/kakkanad/mobile-recycling-kochi,0,7,redirect,redirect,2026-06-12,location-service-matrix,kakkanad,mobile-recycling-kochi,3,redirect_301,(see vercel.json),Already implemented as a redirect in vercel.json.,none,classification_source=v2-redirect
https://www.ewastekochi.com/locations/kozhikode/dpdp-act-compliance-kochi,/locations/kozhikode/dpdp-act-compliance-kochi,www.ewastekochi.com,/locations/kozhikode/dpdp-act-compliance-kochi,0,0,redirect,redirect,2026-06-11,location-service-matrix,kozhikode,dpdp-act-compliance-kochi,4,leave_404,,"Thin generated location-service matrix page, 0 clicks, low impressions — matches the site's existing anti-pSEO policy (Phase 2B/2G/2M) of not mass-redirecting this footprint.",low,classification_source=rule
https://www.ewastekochi.com/locations/kozhikode/electronic-waste-disposal,/locations/kozhikode/electronic-waste-disposal,www.ewastekochi.com,/locations/kozhikode/electronic-waste-disposal,2,37,redirect,redirect,2026-06-11,location-service-matrix,kozhikode,electronic-waste-disposal,2,redirect_301,(see vercel.json),Already implemented as a redirect in vercel.json.,none,classification_source=v2-redirect
https://www.ewastekochi.com/locations/thrikkakara/sell-old-electronics,/locations/thrikkakara/sell-old-electronics,www.ewastekochi.com,/locations/thrikkakara/sell-old-electronics,0,0,redirect,redirect,2026-06-10,location-service-matrix,thrikkakara,sell-old-electronics,4,leave_404,,"Thin generated location-service matrix page, 0 clicks, low impressions — matches the site's existing anti-pSEO policy (Phase 2B/2G/2M) of not mass-redirecting this footprint.",low,classification_source=rule
https://www.ewastekochi.com/locations/kalady/old-computer-disposal,/locations/kalady/old-computer-disposal,www.ewastekochi.com,/locations/kalady/old-computer-disposal,0,1,redirect,redirect,2026-06-10,location-service-matrix,kalady,old-computer-disposal,3,leave_404,,"Thin generated location-service matrix page, 0 clicks, low impressions — matches the site's existing anti-pSEO policy (Phase 2B/2G/2M) of not mass-redirecting this footprint.",low,classification_source=rule
https://www.ewastekochi.com/locations/thiruvananthapuram,/locations/thiruvananthapuram,www.ewastekochi.com,/locations/thiruvananthapuram,15,768,redirect|dup_diff_canonical,redirect|dup_diff_canonical,2026-06-10,location-page,thiruvananthapuram,thiruvananthapuram,1,rebuild_safe_200,,"Real organic traffic on a legacy far-city page already indexed by Google (15 clicks / 768 impressions). Rebuild as an honest, feasibility-only page using the standard hedged wording (""contact us to check pickup feasibility"") rather than losing the traffic or overclaiming guaranteed service.",high,classification_source=rule
https://www.ewastekochi.com/sell-old-phone-kochi,/sell-old-phone-kochi,www.ewastekochi.com,/sell-old-phone-kochi,0,0,redirect,redirect,2026-06-10,other-legacy-service,,sell-old-phone-kochi,4,leave_404,,No meaningful traffic.,low,classification_source=rule
https://www.ewastekochi.com/itad,/itad,www.ewastekochi.com,/itad,2,162,redirect,redirect,2026-06-10,other-legacy-service,,itad,1,keep_200,,"Already live as a real, built V2 page.",none,classification_source=v2-live
https://www.ewastekochi.com/recycling,/recycling,www.ewastekochi.com,/recycling,72,3571,redirect,redirect,2026-06-09,other-legacy-service,,recycling,1,keep_200,,"Already live as a real, built V2 page.",none,classification_source=v2-live
https://www.ewastekochi.com/locations/kottayam,/locations/kottayam,www.ewastekochi.com,/locations/kottayam,30,394,redirect,redirect,2026-06-09,location-page,kottayam,kottayam,1,rebuild_safe_200,,"Real organic traffic on a legacy far-city page already indexed by Google (30 clicks / 394 impressions). Rebuild as an honest, feasibility-only page using the standard hedged wording (""contact us to check pickup feasibility"") rather than losing the traffic or overclaiming guaranteed service.",high,classification_source=rule
https://www.ewastekochi.com/locations/kakkanad/laptop-recycling-near-me,/locations/kakkanad/laptop-recycling-near-me,www.ewastekochi.com,/locations/kakkanad/laptop-recycling-near-me,0,0,redirect,redirect,2026-06-09,location-service-matrix,kakkanad,laptop-recycling-near-me,4,leave_404,,"Thin generated location-service matrix page, 0 clicks, low impressions — matches the site's existing anti-pSEO policy (Phase 2B/2G/2M) of not mass-redirecting this footprint.",low,classification_source=rule
https://www.ewastekochi.com/locations/perumbavoor/printer-recycling-kochi,/locations/perumbavoor/printer-recycling-kochi,www.ewastekochi.com,/locations/perumbavoor/printer-recycling-kochi,0,0,redirect,redirect,2026-06-09,location-service-matrix,perumbavoor,printer-recycling-kochi,4,leave_404,,"Thin generated location-service matrix page, 0 clicks, low impressions — matches the site's existing anti-pSEO policy (Phase 2B/2G/2M) of not mass-redirecting this footprint.",low,classification_source=rule
https://www.ewastekochi.com/locations/thiruvananthapuram/server-recycling-kochi,/locations/thiruvananthapuram/server-recycling-kochi,www.ewastekochi.com,/locations/thiruvananthapuram/server-recycling-kochi,0,2,redirect,redirect,2026-06-09,location-service-matrix,thiruvananthapuram,server-recycling-kochi,3,redirect_301,(see vercel.json),Already implemented as a redirect in vercel.json.,none,classification_source=v2-redirect
https://www.ewastekochi.com/locations/edappally/data-destruction-kochi,/locations/edappally/data-destruction-kochi,www.ewastekochi.com,/locations/edappally/data-destruction-kochi,0,0,redirect,redirect,2026-06-09,location-service-matrix,edappally,data-destruction-kochi,4,leave_404,,"Thin generated location-service matrix page, 0 clicks, low impressions — matches the site's existing anti-pSEO policy (Phase 2B/2G/2M) of not mass-redirecting this footprint.",low,classification_source=rule
https://www.ewastekochi.com/locations/aluva/tv-monitor-recycling-kochi,/locations/aluva/tv-monitor-recycling-kochi,www.ewastekochi.com,/locations/aluva/tv-monitor-recycling-kochi,0,0,redirect,redirect,2026-06-09,location-service-matrix,aluva,tv-monitor-recycling-kochi,4,leave_404,,"Thin generated location-service matrix page, 0 clicks, low impressions — matches the site's existing anti-pSEO policy (Phase 2B/2G/2M) of not mass-redirecting this footprint.",low,classification_source=rule
https://www.ewastekochi.com/locations/vyttila,/locations/vyttila,www.ewastekochi.com,/locations/vyttila,0,77,redirect,redirect,2026-06-09,location-page,vyttila,vyttila,2,manual_review,,Location page with some traffic but not a recognized Kochi-metro or far-city target area — verify what this place actually is before deciding.,medium,classification_source=rule
https://www.ewastekochi.com/locations/muvattupuzha/sell-old-electronics,/locations/muvattupuzha/sell-old-electronics,www.ewastekochi.com,/locations/muvattupuzha/sell-old-electronics,0,0,redirect,redirect,2026-06-09,location-service-matrix,muvattupuzha,sell-old-electronics,4,leave_404,,"Thin generated location-service matrix page, 0 clicks, low impressions — matches the site's existing anti-pSEO policy (Phase 2B/2G/2M) of not mass-redirecting this footprint.",low,classification_source=rule
https://www.ewastekochi.com/locations/kakkanad,/locations/kakkanad,www.ewastekochi.com,/locations/kakkanad,34,793,redirect,redirect,2026-06-08,location-page,kakkanad,kakkanad,1,keep_200,,"Already live as a real, built V2 page.",none,classification_source=v2-live
https://www.ewastekochi.com/about,/about,www.ewastekochi.com,/about,6,152,redirect,redirect,2026-06-08,other-legacy-service,,about,1,keep_200,,"Already live as a real, built V2 page.",none,classification_source=v2-live
https://www.ewastekochi.com/locations/kottayam/tv-monitor-recycling-kochi,/locations/kottayam/tv-monitor-recycling-kochi,www.ewastekochi.com,/locations/kottayam/tv-monitor-recycling-kochi,0,4,redirect,redirect,2026-06-08,location-service-matrix,kottayam,tv-monitor-recycling-kochi,3,redirect_301,(see vercel.json),Already implemented as a redirect in vercel.json.,none,classification_source=v2-redirect
https://www.ewastekochi.com/locations/kalamassery-hitech-park/e-waste-recycling-kochi,/locations/kalamassery-hitech-park/e-waste-recycling-kochi,www.ewastekochi.com,/locations/kalamassery-hitech-park/e-waste-recycling-kochi,0,1,redirect,redirect,2026-06-08,location-service-matrix,kalamassery-hitech-park,e-waste-recycling-kochi,3,redirect_301,(see vercel.json),Already implemented as a redirect in vercel.json.,none,classification_source=v2-redirect
https://www.ewastekochi.com/locations/muvattupuzha/free-ewaste-pickup-kochi,/locations/muvattupuzha/free-ewaste-pickup-kochi,www.ewastekochi.com,/locations/muvattupuzha/free-ewaste-pickup-kochi,0,2,redirect,redirect,2026-06-08,location-service-matrix,muvattupuzha,free-ewaste-pickup-kochi,3,redirect_301,(see vercel.json),Already implemented as a redirect in vercel.json.,none,classification_source=v2-redirect
https://www.ewastekochi.com/locations/malappuram/business-it-decommissioning,/locations/malappuram/business-it-decommissioning,www.ewastekochi.com,/locations/malappuram/business-it-decommissioning,0,0,redirect,redirect,2026-06-08,location-service-matrix,malappuram,business-it-decommissioning,4,leave_404,,"Thin generated location-service matrix page, 0 clicks, low impressions — matches the site's existing anti-pSEO policy (Phase 2B/2G/2M) of not mass-redirecting this footprint.",low,classification_source=rule
https://www.ewastekochi.com/locations/muvattupuzha,/locations/muvattupuzha,www.ewastekochi.com,/locations/muvattupuzha,1,60,redirect,redirect,2026-06-06,location-page,muvattupuzha,muvattupuzha,2,manual_review,,Location page with some traffic but not a recognized Kochi-metro or far-city target area — verify what this place actually is before deciding.,medium,classification_source=rule
https://www.ewastekochi.com/locations/aluva,/locations/aluva,www.ewastekochi.com,/locations/aluva,17,293,redirect,redirect,2026-06-06,location-page,aluva,aluva,1,keep_200,,"Already live as a real, built V2 page.",none,classification_source=v2-live
https://www.ewastekochi.com/locations/palakkad/ups-inverter-recycling-kochi,/locations/palakkad/ups-inverter-recycling-kochi,www.ewastekochi.com,/locations/palakkad/ups-inverter-recycling-kochi,1,2,redirect,redirect,2026-06-06,location-service-matrix,palakkad,ups-inverter-recycling-kochi,2,redirect_301,(see vercel.json),Already implemented as a redirect in vercel.json.,none,classification_source=v2-redirect
https://www.ewastekochi.com/faq,/faq,www.ewastekochi.com,/faq,11,324,redirect|alt_canonical,redirect|alt_canonical,2026-06-06,other-legacy-service,,faq,1,keep_200,,"Already live as a real, built V2 page.",none,classification_source=v2-live
https://www.ewastekochi.com/locations/thrissur/it-asset-inventory-audit,/locations/thrissur/it-asset-inventory-audit,www.ewastekochi.com,/locations/thrissur/it-asset-inventory-audit,0,1,redirect,redirect,2026-06-06,location-service-matrix,thrissur,it-asset-inventory-audit,3,redirect_301,(see vercel.json),Already implemented as a redirect in vercel.json.,none,classification_source=v2-redirect
https://www.ewastekochi.com/locations/kalady/hard-drive-shredding-kochi,/locations/kalady/hard-drive-shredding-kochi,www.ewastekochi.com,/locations/kalady/hard-drive-shredding-kochi,0,0,redirect,redirect,2026-06-05,location-service-matrix,kalady,hard-drive-shredding-kochi,4,leave_404,,"Thin generated location-service matrix page, 0 clicks, low impressions — matches the site's existing anti-pSEO policy (Phase 2B/2G/2M) of not mass-redirecting this footprint.",low,classification_source=rule
https://www.ewastekochi.com/locations/north-paravur/air-conditioner-recycling-kochi,/locations/north-paravur/air-conditioner-recycling-kochi,www.ewastekochi.com,/locations/north-paravur/air-conditioner-recycling-kochi,0,1,redirect,redirect,2026-06-05,location-service-matrix,north-paravur,air-conditioner-recycling-kochi,3,leave_404,,"Thin generated location-service matrix page, 0 clicks, low impressions — matches the site's existing anti-pSEO policy (Phase 2B/2G/2M) of not mass-redirecting this footprint.",low,classification_source=rule
https://www.ewastekochi.com/locations/maradu/itad-kochi,/locations/maradu/itad-kochi,www.ewastekochi.com,/locations/maradu/itad-kochi,0,4,redirect,redirect,2026-06-04,location-service-matrix,maradu,itad-kochi,3,redirect_301,(see vercel.json),Already implemented as a redirect in vercel.json.,none,classification_source=v2-redirect
https://www.ewastekochi.com/locations/kozhikode,/locations/kozhikode,www.ewastekochi.com,/locations/kozhikode,22,1022,redirect,redirect,2026-06-04,location-page,kozhikode,kozhikode,1,rebuild_safe_200,,"Real organic traffic on a legacy far-city page already indexed by Google (22 clicks / 1022 impressions). Rebuild as an honest, feasibility-only page using the standard hedged wording (""contact us to check pickup feasibility"") rather than losing the traffic or overclaiming guaranteed service.",high,classification_source=rule
https://www.ewastekochi.com/locations/thrikkakara/tv-monitor-recycling-kochi,/locations/thrikkakara/tv-monitor-recycling-kochi,www.ewastekochi.com,/locations/thrikkakara/tv-monitor-recycling-kochi,0,0,redirect,redirect,2026-06-03,location-service-matrix,thrikkakara,tv-monitor-recycling-kochi,4,leave_404,,"Thin generated location-service matrix page, 0 clicks, low impressions — matches the site's existing anti-pSEO policy (Phase 2B/2G/2M) of not mass-redirecting this footprint.",low,classification_source=rule
https://www.ewastekochi.com/locations/kalamassery-hitech-park/battery-recycling-kochi,/locations/kalamassery-hitech-park/battery-recycling-kochi,www.ewastekochi.com,/locations/kalamassery-hitech-park/battery-recycling-kochi,0,0,redirect,redirect,2026-06-03,location-service-matrix,kalamassery-hitech-park,battery-recycling-kochi,4,leave_404,,"Thin generated location-service matrix page, 0 clicks, low impressions — matches the site's existing anti-pSEO policy (Phase 2B/2G/2M) of not mass-redirecting this footprint.",low,classification_source=rule
https://www.ewastekochi.com/locations/willingdon-island/dpdp-act-compliance-kochi,/locations/willingdon-island/dpdp-act-compliance-kochi,www.ewastekochi.com,/locations/willingdon-island/dpdp-act-compliance-kochi,0,0,redirect,redirect,2026-06-03,location-service-matrix,willingdon-island,dpdp-act-compliance-kochi,4,leave_404,,"Thin generated location-service matrix page, 0 clicks, low impressions — matches the site's existing anti-pSEO policy (Phase 2B/2G/2M) of not mass-redirecting this footprint.",low,classification_source=rule
https://www.ewastekochi.com/locations/kollam/air-conditioner-recycling-kochi,/locations/kollam/air-conditioner-recycling-kochi,www.ewastekochi.com,/locations/kollam/air-conditioner-recycling-kochi,0,0,redirect,redirect,2026-06-03,location-service-matrix,kollam,air-conditioner-recycling-kochi,4,leave_404,,"Thin generated location-service matrix page, 0 clicks, low impressions — matches the site's existing anti-pSEO policy (Phase 2B/2G/2M) of not mass-redirecting this footprint.",low,classification_source=rule
https://www.ewastekochi.com/locations/kalamassery-hitech-park/free-ewaste-pickup-kochi,/locations/kalamassery-hitech-park/free-ewaste-pickup-kochi,www.ewastekochi.com,/locations/kalamassery-hitech-park/free-ewaste-pickup-kochi,0,0,redirect,redirect,2026-06-03,location-service-matrix,kalamassery-hitech-park,free-ewaste-pickup-kochi,4,leave_404,,"Thin generated location-service matrix page, 0 clicks, low impressions — matches the site's existing anti-pSEO policy (Phase 2B/2G/2M) of not mass-redirecting this footprint.",low,classification_source=rule
https://www.ewastekochi.com/locations/kalamassery-hitech-park/tv-monitor-recycling-kochi,/locations/kalamassery-hitech-park/tv-monitor-recycling-kochi,www.ewastekochi.com,/locations/kalamassery-hitech-park/tv-monitor-recycling-kochi,0,1,redirect,redirect,2026-06-03,location-service-matrix,kalamassery-hitech-park,tv-monitor-recycling-kochi,3,redirect_301,(see vercel.json),Already implemented as a redirect in vercel.json.,none,classification_source=v2-redirect
https://www.ewastekochi.com/locations/thrikkakara/certificate-of-destruction-kochi,/locations/thrikkakara/certificate-of-destruction-kochi,www.ewastekochi.com,/locations/thrikkakara/certificate-of-destruction-kochi,0,0,redirect,redirect,2026-06-03,location-service-matrix,thrikkakara,certificate-of-destruction-kochi,4,leave_404,,"Thin generated location-service matrix page, 0 clicks, low impressions — matches the site's existing anti-pSEO policy (Phase 2B/2G/2M) of not mass-redirecting this footprint.",low,classification_source=rule
https://www.ewastekochi.com/locations/thrikkakara/corporate-ewaste-kochi,/locations/thrikkakara/corporate-ewaste-kochi,www.ewastekochi.com,/locations/thrikkakara/corporate-ewaste-kochi,0,0,redirect|crawled_not_indexed,redirect|crawled_not_indexed,2026-06-03,location-service-matrix,thrikkakara,corporate-ewaste-kochi,4,leave_404,,"Thin generated location-service matrix page, 0 clicks, low impressions — matches the site's existing anti-pSEO policy (Phase 2B/2G/2M) of not mass-redirecting this footprint.",low,classification_source=rule
https://www.ewastekochi.com/locations/thiruvananthapuram/battery-recycling-kochi,/locations/thiruvananthapuram/battery-recycling-kochi,www.ewastekochi.com,/locations/thiruvananthapuram/battery-recycling-kochi,0,97,redirect,redirect,2026-06-02,location-service-matrix,thiruvananthapuram,battery-recycling-kochi,2,redirect_301,(see vercel.json),Already implemented as a redirect in vercel.json.,none,classification_source=v2-redirect
https://www.ewastekochi.com/locations/maradu/free-ewaste-pickup-kochi,/locations/maradu/free-ewaste-pickup-kochi,www.ewastekochi.com,/locations/maradu/free-ewaste-pickup-kochi,0,13,redirect,redirect,2026-06-02,location-service-matrix,maradu,free-ewaste-pickup-kochi,3,redirect_301,(see vercel.json),Already implemented as a redirect in vercel.json.,none,classification_source=v2-redirect
https://www.ewastekochi.com/locations/north-paravur/e-waste-recycling-kochi,/locations/north-paravur/e-waste-recycling-kochi,www.ewastekochi.com,/locations/north-paravur/e-waste-recycling-kochi,0,5,redirect|dup_diff_canonical,redirect|dup_diff_canonical,2026-06-02,location-service-matrix,north-paravur,e-waste-recycling-kochi,3,redirect_301,(see vercel.json),Already implemented as a redirect in vercel.json.,none,classification_source=v2-redirect
https://www.ewastekochi.com/locations/kalamassery-hitech-park,/locations/kalamassery-hitech-park,www.ewastekochi.com,/locations/kalamassery-hitech-park,0,43,redirect,redirect,2026-06-01,location-page,kalamassery-hitech-park,kalamassery-hitech-park,2,redirect_301,(see vercel.json),Already implemented as a redirect in vercel.json.,none,classification_source=v2-redirect
https://www.ewastekochi.com/locations/ernakulam-south,/locations/ernakulam-south,www.ewastekochi.com,/locations/ernakulam-south,7,442,redirect,redirect,2026-05-31,location-page,ernakulam-south,ernakulam-south,1,keep_200,,"Already live as a real, built V2 page.",none,classification_source=v2-live
https://www.ewastekochi.com/locations/thrissur/mobile-recycling-kochi,/locations/thrissur/mobile-recycling-kochi,www.ewastekochi.com,/locations/thrissur/mobile-recycling-kochi,0,1,redirect,redirect,2026-05-31,location-service-matrix,thrissur,mobile-recycling-kochi,3,leave_404,,"Thin generated location-service matrix page, 0 clicks, low impressions — matches the site's existing anti-pSEO policy (Phase 2B/2G/2M) of not mass-redirecting this footprint.",low,classification_source=rule
https://www.ewastekochi.com/locations/kannur/tv-monitor-recycling-kochi,/locations/kannur/tv-monitor-recycling-kochi,www.ewastekochi.com,/locations/kannur/tv-monitor-recycling-kochi,0,1,redirect,redirect,2026-05-31,location-service-matrix,kannur,tv-monitor-recycling-kochi,3,redirect_301,(see vercel.json),Already implemented as a redirect in vercel.json.,none,classification_source=v2-redirect
https://www.ewastekochi.com/locations/vyttila/air-conditioner-recycling-kochi,/locations/vyttila/air-conditioner-recycling-kochi,www.ewastekochi.com,/locations/vyttila/air-conditioner-recycling-kochi,0,1,redirect,redirect,2026-05-31,location-service-matrix,vyttila,air-conditioner-recycling-kochi,3,leave_404,,"Thin generated location-service matrix page, 0 clicks, low impressions — matches the site's existing anti-pSEO policy (Phase 2B/2G/2M) of not mass-redirecting this footprint.",low,classification_source=rule
https://www.ewastekochi.com/locations/thiruvananthapuram/hard-drive-shredding-kochi,/locations/thiruvananthapuram/hard-drive-shredding-kochi,www.ewastekochi.com,/locations/thiruvananthapuram/hard-drive-shredding-kochi,0,4,redirect,redirect,2026-05-31,location-service-matrix,thiruvananthapuram,hard-drive-shredding-kochi,3,redirect_301,(see vercel.json),Already implemented as a redirect in vercel.json.,none,classification_source=v2-redirect
https://www.ewastekochi.com/locations/malappuram/e-waste-recycling-kochi,/locations/malappuram/e-waste-recycling-kochi,www.ewastekochi.com,/locations/malappuram/e-waste-recycling-kochi,0,4,redirect,redirect,2026-05-31,location-service-matrix,malappuram,e-waste-recycling-kochi,3,redirect_301,(see vercel.json),Already implemented as a redirect in vercel.json.,none,classification_source=v2-redirect
https://www.ewastekochi.com/locations/smart-city-kochi,/locations/smart-city-kochi,www.ewastekochi.com,/locations/smart-city-kochi,2,36,redirect,redirect,2026-05-31,location-page,smart-city-kochi,smart-city-kochi,2,manual_review,,Location page with some traffic but not a recognized Kochi-metro or far-city target area — verify what this place actually is before deciding.,medium,classification_source=rule
https://www.ewastekochi.com/locations/north-paravur,/locations/north-paravur,www.ewastekochi.com,/locations/north-paravur,3,46,redirect,redirect,2026-05-31,location-page,north-paravur,north-paravur,2,manual_review,,Location page with some traffic but not a recognized Kochi-metro or far-city target area — verify what this place actually is before deciding.,medium,classification_source=rule
https://www.ewastekochi.com/locations/kalady/e-waste-recycling-kochi,/locations/kalady/e-waste-recycling-kochi,www.ewastekochi.com,/locations/kalady/e-waste-recycling-kochi,0,3,redirect,redirect,2026-05-31,location-service-matrix,kalady,e-waste-recycling-kochi,3,redirect_301,(see vercel.json),Already implemented as a redirect in vercel.json.,none,classification_source=v2-redirect
https://www.ewastekochi.com/locations/muvattupuzha/e-waste-recycling-kochi,/locations/muvattupuzha/e-waste-recycling-kochi,www.ewastekochi.com,/locations/muvattupuzha/e-waste-recycling-kochi,0,5,redirect,redirect,2026-05-31,location-service-matrix,muvattupuzha,e-waste-recycling-kochi,3,redirect_301,(see vercel.json),Already implemented as a redirect in vercel.json.,none,classification_source=v2-redirect
https://www.ewastekochi.com/locations/north-paravur/dpdp-act-compliance-kochi,/locations/north-paravur/dpdp-act-compliance-kochi,www.ewastekochi.com,/locations/north-paravur/dpdp-act-compliance-kochi,0,0,redirect,redirect,2026-05-31,location-service-matrix,north-paravur,dpdp-act-compliance-kochi,4,leave_404,,"Thin generated location-service matrix page, 0 clicks, low impressions — matches the site's existing anti-pSEO policy (Phase 2B/2G/2M) of not mass-redirecting this footprint.",low,classification_source=rule
https://www.ewastekochi.com/locations/maradu/corporate-ewaste-kochi,/locations/maradu/corporate-ewaste-kochi,www.ewastekochi.com,/locations/maradu/corporate-ewaste-kochi,0,4,redirect,redirect,2026-05-30,location-service-matrix,maradu,corporate-ewaste-kochi,3,leave_404,,"Thin generated location-service matrix page, 0 clicks, low impressions — matches the site's existing anti-pSEO policy (Phase 2B/2G/2M) of not mass-redirecting this footprint.",low,classification_source=rule
https://www.ewastekochi.com/locations/kalamassery/it-asset-inventory-audit,/locations/kalamassery/it-asset-inventory-audit,www.ewastekochi.com,/locations/kalamassery/it-asset-inventory-audit,0,0,redirect,redirect,2026-05-30,location-service-matrix,kalamassery,it-asset-inventory-audit,4,leave_404,,"Thin generated location-service matrix page, 0 clicks, low impressions — matches the site's existing anti-pSEO policy (Phase 2B/2G/2M) of not mass-redirecting this footprint.",low,classification_source=rule
https://www.ewastekochi.com/locations/aluva/battery-recycling-kochi,/locations/aluva/battery-recycling-kochi,www.ewastekochi.com,/locations/aluva/battery-recycling-kochi,0,2,redirect,redirect,2026-05-29,location-service-matrix,aluva,battery-recycling-kochi,3,redirect_301,(see vercel.json),Already implemented as a redirect in vercel.json.,none,classification_source=v2-redirect
https://www.ewastekochi.com/locations/palarivattom,/locations/palarivattom,www.ewastekochi.com,/locations/palarivattom,3,107,redirect,redirect,2026-05-29,location-page,palarivattom,palarivattom,1,manual_review,,Location page with some traffic but not a recognized Kochi-metro or far-city target area — verify what this place actually is before deciding.,medium,classification_source=rule
https://www.ewastekochi.com/locations/perumbavoor,/locations/perumbavoor,www.ewastekochi.com,/locations/perumbavoor,3,36,redirect,redirect,2026-05-29,location-page,perumbavoor,perumbavoor,2,manual_review,,Location page with some traffic but not a recognized Kochi-metro or far-city target area — verify what this place actually is before deciding.,medium,classification_source=rule
https://www.ewastekochi.com/locations/kakkanad/tv-monitor-recycling-kochi,/locations/kakkanad/tv-monitor-recycling-kochi,www.ewastekochi.com,/locations/kakkanad/tv-monitor-recycling-kochi,0,4,redirect,redirect,2026-05-29,location-service-matrix,kakkanad,tv-monitor-recycling-kochi,3,redirect_301,(see vercel.json),Already implemented as a redirect in vercel.json.,none,classification_source=v2-redirect
https://www.ewastekochi.com/locations/north-paravur/free-ewaste-pickup-kochi,/locations/north-paravur/free-ewaste-pickup-kochi,www.ewastekochi.com,/locations/north-paravur/free-ewaste-pickup-kochi,0,5,redirect,redirect,2026-05-29,location-service-matrix,north-paravur,free-ewaste-pickup-kochi,3,redirect_301,(see vercel.json),Already implemented as a redirect in vercel.json.,none,classification_source=v2-redirect
https://www.ewastekochi.com/locations/kalamassery,/locations/kalamassery,www.ewastekochi.com,/locations/kalamassery,3,145,redirect,redirect,2026-05-29,location-page,kalamassery,kalamassery,1,keep_200,,"Already live as a real, built V2 page.",none,classification_source=v2-live
https://www.ewastekochi.com/locations/malappuram,/locations/malappuram,www.ewastekochi.com,/locations/malappuram,7,313,redirect,redirect,2026-05-29,location-page,malappuram,malappuram,1,rebuild_safe_200,,"Real organic traffic on a legacy far-city page already indexed by Google (7 clicks / 313 impressions). Rebuild as an honest, feasibility-only page using the standard hedged wording (""contact us to check pickup feasibility"") rather than losing the traffic or overclaiming guaranteed service.",high,classification_source=rule
https://www.ewastekochi.com/locations/malappuram/certificate-of-destruction-kochi,/locations/malappuram/certificate-of-destruction-kochi,www.ewastekochi.com,/locations/malappuram/certificate-of-destruction-kochi,0,3,redirect,redirect,2026-05-29,location-service-matrix,malappuram,certificate-of-destruction-kochi,3,redirect_301,(see vercel.json),Already implemented as a redirect in vercel.json.,none,classification_source=v2-redirect
https://www.ewastekochi.com/locations/thrissur/ups-inverter-recycling-kochi,/locations/thrissur/ups-inverter-recycling-kochi,www.ewastekochi.com,/locations/thrissur/ups-inverter-recycling-kochi,0,0,redirect,redirect,2026-05-29,location-service-matrix,thrissur,ups-inverter-recycling-kochi,4,leave_404,,"Thin generated location-service matrix page, 0 clicks, low impressions — matches the site's existing anti-pSEO policy (Phase 2B/2G/2M) of not mass-redirecting this footprint.",low,classification_source=rule
https://www.ewastekochi.com/locations/edappally/free-ewaste-pickup-kochi,/locations/edappally/free-ewaste-pickup-kochi,www.ewastekochi.com,/locations/edappally/free-ewaste-pickup-kochi,0,2,redirect,redirect,2026-05-29,location-service-matrix,edappally,free-ewaste-pickup-kochi,3,redirect_301,(see vercel.json),Already implemented as a redirect in vercel.json.,none,classification_source=v2-redirect
https://www.ewastekochi.com/locations/thrikkakara/mobile-recycling-kochi,/locations/thrikkakara/mobile-recycling-kochi,www.ewastekochi.com,/locations/thrikkakara/mobile-recycling-kochi,0,1,redirect,redirect,2026-05-29,location-service-matrix,thrikkakara,mobile-recycling-kochi,3,leave_404,,"Thin generated location-service matrix page, 0 clicks, low impressions — matches the site's existing anti-pSEO policy (Phase 2B/2G/2M) of not mass-redirecting this footprint.",low,classification_source=rule
https://www.ewastekochi.com/locations/kothamangalam/corporate-ewaste-kochi,/locations/kothamangalam/corporate-ewaste-kochi,www.ewastekochi.com,/locations/kothamangalam/corporate-ewaste-kochi,0,2,redirect,redirect,2026-05-29,location-service-matrix,kothamangalam,corporate-ewaste-kochi,3,leave_404,,"Thin generated location-service matrix page, 0 clicks, low impressions — matches the site's existing anti-pSEO policy (Phase 2B/2G/2M) of not mass-redirecting this footprint.",low,classification_source=rule
https://www.ewastekochi.com/locations/thrippunithura/hard-drive-shredding-kochi,/locations/thrippunithura/hard-drive-shredding-kochi,www.ewastekochi.com,/locations/thrippunithura/hard-drive-shredding-kochi,0,0,redirect,redirect,2026-05-29,location-service-matrix,thrippunithura,hard-drive-shredding-kochi,4,leave_404,,"Thin generated location-service matrix page, 0 clicks, low impressions — matches the site's existing anti-pSEO policy (Phase 2B/2G/2M) of not mass-redirecting this footprint.",low,classification_source=rule
https://www.ewastekochi.com/locations/kalady/data-destruction-kochi,/locations/kalady/data-destruction-kochi,www.ewastekochi.com,/locations/kalady/data-destruction-kochi,0,1,redirect,redirect,2026-05-28,location-service-matrix,kalady,data-destruction-kochi,3,redirect_301,(see vercel.json),Already implemented as a redirect in vercel.json.,none,classification_source=v2-redirect
https://www.ewastekochi.com/locations/kalady/laptop-buyback-kochi,/locations/kalady/laptop-buyback-kochi,www.ewastekochi.com,/locations/kalady/laptop-buyback-kochi,0,0,redirect,redirect,2026-05-28,location-service-matrix,kalady,laptop-buyback-kochi,4,leave_404,,"Thin generated location-service matrix page, 0 clicks, low impressions — matches the site's existing anti-pSEO policy (Phase 2B/2G/2M) of not mass-redirecting this footprint.",low,classification_source=rule
https://www.ewastekochi.com/locations/infopark-kochi/dpdp-act-compliance-kochi,/locations/infopark-kochi/dpdp-act-compliance-kochi,www.ewastekochi.com,/locations/infopark-kochi/dpdp-act-compliance-kochi,0,1,redirect,redirect,2026-05-28,location-service-matrix,infopark-kochi,dpdp-act-compliance-kochi,3,leave_404,,"Thin generated location-service matrix page, 0 clicks, low impressions — matches the site's existing anti-pSEO policy (Phase 2B/2G/2M) of not mass-redirecting this footprint.",low,classification_source=rule
https://www.ewastekochi.com/services/server-recycling-kochi,/services/server-recycling-kochi,www.ewastekochi.com,/services/server-recycling-kochi,0,35,redirect|crawled_not_indexed|dup_diff_canonical,redirect|crawled_not_indexed|dup_diff_canonical,2026-05-28,service-page,,server-recycling-kochi,2,redirect_301,/server-recycling-kochi/,Clean keyword match to an existing V2 service page (0 clicks / 35 impressions).,low,classification_source=rule
https://www.ewastekochi.com/locations/willingdon-island,/locations/willingdon-island,www.ewastekochi.com,/locations/willingdon-island,0,25,redirect,redirect,2026-05-28,location-page,willingdon-island,willingdon-island,2,manual_review,,Location page with some traffic but not a recognized Kochi-metro or far-city target area — verify what this place actually is before deciding.,medium,classification_source=rule
https://www.ewastekochi.com/locations/fort-kochi/ups-inverter-recycling-kochi,/locations/fort-kochi/ups-inverter-recycling-kochi,www.ewastekochi.com,/locations/fort-kochi/ups-inverter-recycling-kochi,0,0,redirect,redirect,2026-05-28,location-service-matrix,fort-kochi,ups-inverter-recycling-kochi,4,leave_404,,"Thin generated location-service matrix page, 0 clicks, low impressions — matches the site's existing anti-pSEO policy (Phase 2B/2G/2M) of not mass-redirecting this footprint.",low,classification_source=rule
https://www.ewastekochi.com/locations/edappally/dpdp-act-compliance-kochi,/locations/edappally/dpdp-act-compliance-kochi,www.ewastekochi.com,/locations/edappally/dpdp-act-compliance-kochi,0,1,redirect,redirect,2026-05-28,location-service-matrix,edappally,dpdp-act-compliance-kochi,3,leave_404,,"Thin generated location-service matrix page, 0 clicks, low impressions — matches the site's existing anti-pSEO policy (Phase 2B/2G/2M) of not mass-redirecting this footprint.",low,classification_source=rule
https://www.ewastekochi.com/locations/thrissur/tv-monitor-recycling-kochi,/locations/thrissur/tv-monitor-recycling-kochi,www.ewastekochi.com,/locations/thrissur/tv-monitor-recycling-kochi,1,2,redirect,redirect,2026-05-28,location-service-matrix,thrissur,tv-monitor-recycling-kochi,2,redirect_301,(see vercel.json),Already implemented as a redirect in vercel.json.,none,classification_source=v2-redirect
https://www.ewastekochi.com/locations/maradu/hard-drive-shredding-kochi,/locations/maradu/hard-drive-shredding-kochi,www.ewastekochi.com,/locations/maradu/hard-drive-shredding-kochi,0,4,redirect,redirect,2026-05-28,location-service-matrix,maradu,hard-drive-shredding-kochi,3,redirect_301,(see vercel.json),Already implemented as a redirect in vercel.json.,none,classification_source=v2-redirect
https://www.ewastekochi.com/locations/perumbavoor/old-computer-disposal,/locations/perumbavoor/old-computer-disposal,www.ewastekochi.com,/locations/perumbavoor/old-computer-disposal,0,0,redirect,redirect,2026-05-28,location-service-matrix,perumbavoor,old-computer-disposal,4,leave_404,,"Thin generated location-service matrix page, 0 clicks, low impressions — matches the site's existing anti-pSEO policy (Phase 2B/2G/2M) of not mass-redirecting this footprint.",low,classification_source=rule
https://www.ewastekochi.com/locations/edappally/tv-monitor-recycling-kochi,/locations/edappally/tv-monitor-recycling-kochi,www.ewastekochi.com,/locations/edappally/tv-monitor-recycling-kochi,0,1,redirect,redirect,2026-05-28,location-service-matrix,edappally,tv-monitor-recycling-kochi,3,redirect_301,(see vercel.json),Already implemented as a redirect in vercel.json.,none,classification_source=v2-redirect
https://www.ewastekochi.com/locations/malappuram/hard-drive-shredding-kochi,/locations/malappuram/hard-drive-shredding-kochi,www.ewastekochi.com,/locations/malappuram/hard-drive-shredding-kochi,0,0,redirect,redirect,2026-05-28,location-service-matrix,malappuram,hard-drive-shredding-kochi,4,leave_404,,"Thin generated location-service matrix page, 0 clicks, low impressions — matches the site's existing anti-pSEO policy (Phase 2B/2G/2M) of not mass-redirecting this footprint.",low,classification_source=rule
https://www.ewastekochi.com/locations/kannur/air-conditioner-recycling-kochi,/locations/kannur/air-conditioner-recycling-kochi,www.ewastekochi.com,/locations/kannur/air-conditioner-recycling-kochi,0,0,redirect|crawled_not_indexed,redirect|crawled_not_indexed,2026-05-28,location-service-matrix,kannur,air-conditioner-recycling-kochi,4,leave_404,,"Thin generated location-service matrix page, 0 clicks, low impressions — matches the site's existing anti-pSEO policy (Phase 2B/2G/2M) of not mass-redirecting this footprint.",low,classification_source=rule
https://www.ewastekochi.com/locations/kalamassery/ups-inverter-recycling-kochi,/locations/kalamassery/ups-inverter-recycling-kochi,www.ewastekochi.com,/locations/kalamassery/ups-inverter-recycling-kochi,0,1,redirect|crawled_not_indexed,redirect|crawled_not_indexed,2026-05-28,location-service-matrix,kalamassery,ups-inverter-recycling-kochi,3,redirect_301,(see vercel.json),Already implemented as a redirect in vercel.json.,none,classification_source=v2-redirect
https://www.ewastekochi.com/locations/willingdon-island/laptop-buyback-kochi,/locations/willingdon-island/laptop-buyback-kochi,www.ewastekochi.com,/locations/willingdon-island/laptop-buyback-kochi,0,0,redirect,redirect,2026-05-28,location-service-matrix,willingdon-island,laptop-buyback-kochi,4,leave_404,,"Thin generated location-service matrix page, 0 clicks, low impressions — matches the site's existing anti-pSEO policy (Phase 2B/2G/2M) of not mass-redirecting this footprint.",low,classification_source=rule
https://www.ewastekochi.com/locations/edappally,/locations/edappally,www.ewastekochi.com,/locations/edappally,4,244,redirect,redirect,2026-05-28,location-page,edappally,edappally,1,keep_200,,"Already live as a real, built V2 page.",none,classification_source=v2-live
https://www.ewastekochi.com/locations/kozhikode/tv-monitor-recycling-kochi,/locations/kozhikode/tv-monitor-recycling-kochi,www.ewastekochi.com,/locations/kozhikode/tv-monitor-recycling-kochi,3,5,redirect,redirect,2026-05-28,location-service-matrix,kozhikode,tv-monitor-recycling-kochi,2,redirect_301,(see vercel.json),Already implemented as a redirect in vercel.json.,none,classification_source=v2-redirect
https://www.ewastekochi.com/locations/muvattupuzha/mobile-recycling-kochi,/locations/muvattupuzha/mobile-recycling-kochi,www.ewastekochi.com,/locations/muvattupuzha/mobile-recycling-kochi,0,0,redirect,redirect,2026-05-27,location-service-matrix,muvattupuzha,mobile-recycling-kochi,4,leave_404,,"Thin generated location-service matrix page, 0 clicks, low impressions — matches the site's existing anti-pSEO policy (Phase 2B/2G/2M) of not mass-redirecting this footprint.",low,classification_source=rule
https://www.ewastekochi.com/services/electronics-recycling-near-me,/services/electronics-recycling-near-me,www.ewastekochi.com,/services/electronics-recycling-near-me,42,3258,redirect,redirect,2026-05-27,service-page,,electronics-recycling-near-me,1,keep_200,,"Already live as a real, built V2 page.",none,classification_source=v2-live
https://www.ewastekochi.com/locations/thrippunithura,/locations/thrippunithura,www.ewastekochi.com,/locations/thrippunithura,4,150,redirect,redirect,2026-05-27,location-page,thrippunithura,thrippunithura,1,manual_review,,Location page with some traffic but not a recognized Kochi-metro or far-city target area — verify what this place actually is before deciding.,medium,classification_source=rule
https://www.ewastekochi.com/locations/thrippunithura/air-conditioner-recycling-kochi,/locations/thrippunithura/air-conditioner-recycling-kochi,www.ewastekochi.com,/locations/thrippunithura/air-conditioner-recycling-kochi,0,0,redirect,redirect,2026-05-27,location-service-matrix,thrippunithura,air-conditioner-recycling-kochi,4,leave_404,,"Thin generated location-service matrix page, 0 clicks, low impressions — matches the site's existing anti-pSEO policy (Phase 2B/2G/2M) of not mass-redirecting this footprint.",low,classification_source=rule
https://www.ewastekochi.com/locations/kollam/secure-laptop-disposal,/locations/kollam/secure-laptop-disposal,www.ewastekochi.com,/locations/kollam/secure-laptop-disposal,0,0,redirect,redirect,2026-05-27,location-service-matrix,kollam,secure-laptop-disposal,4,leave_404,,"Thin generated location-service matrix page, 0 clicks, low impressions — matches the site's existing anti-pSEO policy (Phase 2B/2G/2M) of not mass-redirecting this footprint.",low,classification_source=rule
https://www.ewastekochi.com/locations/kakkanad/dpdp-act-compliance-kochi,/locations/kakkanad/dpdp-act-compliance-kochi,www.ewastekochi.com,/locations/kakkanad/dpdp-act-compliance-kochi,0,1,redirect,redirect,2026-05-27,location-service-matrix,kakkanad,dpdp-act-compliance-kochi,3,redirect_301,(see vercel.json),Already implemented as a redirect in vercel.json.,none,classification_source=v2-redirect
https://www.ewastekochi.com/locations/edappally/it-asset-inventory-audit,/locations/edappally/it-asset-inventory-audit,www.ewastekochi.com,/locations/edappally/it-asset-inventory-audit,0,0,redirect,redirect,2026-05-27,location-service-matrix,edappally,it-asset-inventory-audit,4,leave_404,,"Thin generated location-service matrix page, 0 clicks, low impressions — matches the site's existing anti-pSEO policy (Phase 2B/2G/2M) of not mass-redirecting this footprint.",low,classification_source=rule
https://www.ewastekochi.com/locations/kothamangalam/hard-drive-degaussing-kochi,/locations/kothamangalam/hard-drive-degaussing-kochi,www.ewastekochi.com,/locations/kothamangalam/hard-drive-degaussing-kochi,0,0,redirect,redirect,2026-05-24,location-service-matrix,kothamangalam,hard-drive-degaussing-kochi,4,leave_404,,"Thin generated location-service matrix page, 0 clicks, low impressions — matches the site's existing anti-pSEO policy (Phase 2B/2G/2M) of not mass-redirecting this footprint.",low,classification_source=rule
https://www.ewastekochi.com/locations/willingdon-island/certificate-of-destruction-kochi,/locations/willingdon-island/certificate-of-destruction-kochi,www.ewastekochi.com,/locations/willingdon-island/certificate-of-destruction-kochi,0,0,redirect,redirect,2026-05-22,location-service-matrix,willingdon-island,certificate-of-destruction-kochi,4,leave_404,,"Thin generated location-service matrix page, 0 clicks, low impressions — matches the site's existing anti-pSEO policy (Phase 2B/2G/2M) of not mass-redirecting this footprint.",low,classification_source=rule
https://www.ewastekochi.com/locations/maradu/electronic-waste-disposal,/locations/maradu/electronic-waste-disposal,www.ewastekochi.com,/locations/maradu/electronic-waste-disposal,2,9,redirect,redirect,2026-05-22,location-service-matrix,maradu,electronic-waste-disposal,2,redirect_301,(see vercel.json),Already implemented as a redirect in vercel.json.,none,classification_source=v2-redirect
https://www.ewastekochi.com/locations/maradu/business-it-decommissioning,/locations/maradu/business-it-decommissioning,www.ewastekochi.com,/locations/maradu/business-it-decommissioning,0,0,redirect,redirect,2026-05-19,location-service-matrix,maradu,business-it-decommissioning,4,leave_404,,"Thin generated location-service matrix page, 0 clicks, low impressions — matches the site's existing anti-pSEO policy (Phase 2B/2G/2M) of not mass-redirecting this footprint.",low,classification_source=rule
https://www.ewastekochi.com/locations/maradu/secure-computer-recycling,/locations/maradu/secure-computer-recycling,www.ewastekochi.com,/locations/maradu/secure-computer-recycling,0,0,redirect,redirect,2026-05-19,location-service-matrix,maradu,secure-computer-recycling,4,leave_404,,"Thin generated location-service matrix page, 0 clicks, low impressions — matches the site's existing anti-pSEO policy (Phase 2B/2G/2M) of not mass-redirecting this footprint.",low,classification_source=rule
https://www.ewastekochi.com/locations/maradu/air-conditioner-recycling-kochi,/locations/maradu/air-conditioner-recycling-kochi,www.ewastekochi.com,/locations/maradu/air-conditioner-recycling-kochi,0,0,redirect,redirect,2026-05-18,location-service-matrix,maradu,air-conditioner-recycling-kochi,4,leave_404,,"Thin generated location-service matrix page, 0 clicks, low impressions — matches the site's existing anti-pSEO policy (Phase 2B/2G/2M) of not mass-redirecting this footprint.",low,classification_source=rule
https://www.ewastekochi.com/locations/maradu/computer-recycling,/locations/maradu/computer-recycling,www.ewastekochi.com,/locations/maradu/computer-recycling,0,0,redirect,redirect,2026-05-17,location-service-matrix,maradu,computer-recycling,4,leave_404,,"Thin generated location-service matrix page, 0 clicks, low impressions — matches the site's existing anti-pSEO policy (Phase 2B/2G/2M) of not mass-redirecting this footprint.",low,classification_source=rule
https://www.ewastekochi.com/locations/maradu/hard-drive-destruction-kochi,/locations/maradu/hard-drive-destruction-kochi,www.ewastekochi.com,/locations/maradu/hard-drive-destruction-kochi,0,0,redirect,redirect,2026-05-17,location-service-matrix,maradu,hard-drive-destruction-kochi,4,leave_404,,"Thin generated location-service matrix page, 0 clicks, low impressions — matches the site's existing anti-pSEO policy (Phase 2B/2G/2M) of not mass-redirecting this footprint.",low,classification_source=rule
https://www.ewastekochi.com/locations/angamaly,/locations/angamaly,www.ewastekochi.com,/locations/angamaly,6,134,redirect,redirect,2026-05-16,location-page,angamaly,angamaly,1,manual_review,,Location page with some traffic but not a recognized Kochi-metro or far-city target area — verify what this place actually is before deciding.,medium,classification_source=rule
https://www.ewastekochi.com/terms,/terms,www.ewastekochi.com,/terms,0,3,redirect,redirect,2026-05-15,other-legacy-service,,terms,3,keep_200,,"Already live as a real, built V2 page.",none,classification_source=v2-live
https://www.ewastekochi.com/locations/kadavanthra,/locations/kadavanthra,www.ewastekochi.com,/locations/kadavanthra,10,426,redirect,redirect,2026-05-12,location-page,kadavanthra,kadavanthra,1,keep_200,,"Already live as a real, built V2 page.",none,classification_source=v2-live
https://www.ewastekochi.com/ml/services/tv-monitor-recycling-kochi,/ml/services/tv-monitor-recycling-kochi,www.ewastekochi.com,/ml/services/tv-monitor-recycling-kochi,9,137,redirect,redirect,2026-05-11,other-legacy-service,,tv-monitor-recycling-kochi,1,redirect_301,/tv-recycling-kochi/,Clean keyword match to an existing V2 service page (9 clicks / 137 impressions).,low,classification_source=rule
https://www.ewastekochi.com/blog/laptop-resale-value-2026.html,/blog/laptop-resale-value-2026.html,www.ewastekochi.com,/blog/laptop-resale-value-2026.html,0,2,redirect|crawled_not_indexed,redirect|crawled_not_indexed,2026-04-23,blog,,,3,leave_404,,"Legacy generated blog content, no meaningful traffic — do not recreate.",low,classification_source=rule
https://www.ewastekochi.com/locations/infopark-kochi,/locations/infopark-kochi,www.ewastekochi.com,/locations/infopark-kochi,6,145,redirect,redirect,2026-04-22,location-page,infopark-kochi,infopark-kochi,1,keep_200,,"Already live as a real, built V2 page.",none,classification_source=v2-live
https://www.ewastekochi.com/locations/thrikkakara,/locations/thrikkakara,www.ewastekochi.com,/locations/thrikkakara,1,54,redirect|alt_canonical,redirect|alt_canonical,2026-04-22,location-page,thrikkakara,thrikkakara,2,manual_review,,Location page with some traffic but not a recognized Kochi-metro or far-city target area — verify what this place actually is before deciding.,medium,classification_source=rule
https://www.ewastekochi.com/buyback/laptops/sell-dell-latitude-5496-kochi.html,/buyback/laptops/sell-dell-latitude-5496-kochi.html,www.ewastekochi.com,/buyback/laptops/sell-dell-latitude-5496-kochi.html,0,1,redirect,redirect,2026-04-22,other-legacy-service,,,3,leave_404,,No meaningful traffic.,low,classification_source=rule
https://www.ewastekochi.com/buyback/laptops/sell-thinkpad-t419p-kochi.html,/buyback/laptops/sell-thinkpad-t419p-kochi.html,www.ewastekochi.com,/buyback/laptops/sell-thinkpad-t419p-kochi.html,0,0,redirect,redirect,2026-04-22,other-legacy-service,,,4,leave_404,,No meaningful traffic.,low,classification_source=rule
https://www.ewastekochi.com/industries/manufacturing-ewaste.html,/industries/manufacturing-ewaste.html,www.ewastekochi.com,/industries/manufacturing-ewaste.html,0,6,redirect,redirect,2026-04-22,legacy-html,,,3,leave_404,,"Legacy /industries/*.html concept page, no traffic, no equivalent in V2 IA.",low,classification_source=rule
https://www.ewastekochi.com/buyback/laptops/sell-hp-elitebook-871-kochi.html,/buyback/laptops/sell-hp-elitebook-871-kochi.html,www.ewastekochi.com,/buyback/laptops/sell-hp-elitebook-871-kochi.html,0,0,redirect,redirect,2026-04-21,other-legacy-service,,,4,leave_404,,No meaningful traffic.,low,classification_source=rule
https://www.ewastekochi.com/buyback/laptops/sell-dell-latitude-5413-kochi.html,/buyback/laptops/sell-dell-latitude-5413-kochi.html,www.ewastekochi.com,/buyback/laptops/sell-dell-latitude-5413-kochi.html,0,1,redirect,redirect,2026-04-21,other-legacy-service,,,3,leave_404,,No meaningful traffic.,low,classification_source=rule
https://www.ewastekochi.com/locations/kannur,/locations/kannur,www.ewastekochi.com,/locations/kannur,14,249,redirect,redirect,2026-04-20,location-page,kannur,kannur,1,rebuild_safe_200,,"Real organic traffic on a legacy far-city page already indexed by Google (14 clicks / 249 impressions). Rebuild as an honest, feasibility-only page using the standard hedged wording (""contact us to check pickup feasibility"") rather than losing the traffic or overclaiming guaranteed service.",high,classification_source=rule
https://www.ewastekochi.com/buyback/laptops/sell-hp-elitebook-882-kochi.html,/buyback/laptops/sell-hp-elitebook-882-kochi.html,www.ewastekochi.com,/buyback/laptops/sell-hp-elitebook-882-kochi.html,0,0,redirect,redirect,2026-04-20,other-legacy-service,,,4,leave_404,,No meaningful traffic.,low,classification_source=rule
https://www.ewastekochi.com/buyback/laptops/sell-thinkpad-t415s-kochi.html,/buyback/laptops/sell-thinkpad-t415s-kochi.html,www.ewastekochi.com,/buyback/laptops/sell-thinkpad-t415s-kochi.html,0,0,redirect,redirect,2026-04-20,other-legacy-service,,,4,leave_404,,No meaningful traffic.,low,classification_source=rule
https://www.ewastekochi.com/locations/kakkanad/hard-drive-degaussing-kochi,/locations/kakkanad/hard-drive-degaussing-kochi,www.ewastekochi.com,/locations/kakkanad/hard-drive-degaussing-kochi,0,0,redirect|alt_canonical,redirect|alt_canonical,2026-04-20,location-service-matrix,kakkanad,hard-drive-degaussing-kochi,4,leave_404,,"Thin generated location-service matrix page, 0 clicks, low impressions — matches the site's existing anti-pSEO policy (Phase 2B/2G/2M) of not mass-redirecting this footprint.",low,classification_source=rule
https://www.ewastekochi.com/locations/kothamangalam,/locations/kothamangalam,www.ewastekochi.com,/locations/kothamangalam,2,47,redirect,redirect,2026-04-19,location-page,kothamangalam,kothamangalam,2,manual_review,,Location page with some traffic but not a recognized Kochi-metro or far-city target area — verify what this place actually is before deciding.,medium,classification_source=rule
https://www.ewastekochi.com/buyback/laptops/sell-thinkpad-t488s-kochi.html,/buyback/laptops/sell-thinkpad-t488s-kochi.html,www.ewastekochi.com,/buyback/laptops/sell-thinkpad-t488s-kochi.html,0,0,redirect,redirect,2026-04-19,other-legacy-service,,,4,leave_404,,No meaningful traffic.,low,classification_source=rule
https://www.ewastekochi.com/locations/palakkad,/locations/palakkad,www.ewastekochi.com,/locations/palakkad,19,225,redirect,redirect,2026-04-19,location-page,palakkad,palakkad,1,rebuild_safe_200,,"Real organic traffic on a legacy far-city page already indexed by Google (19 clicks / 225 impressions). Rebuild as an honest, feasibility-only page using the standard hedged wording (""contact us to check pickup feasibility"") rather than losing the traffic or overclaiming guaranteed service.",high,classification_source=rule
https://www.ewastekochi.com/locations/kollam,/locations/kollam,www.ewastekochi.com,/locations/kollam,19,313,redirect,redirect,2026-04-18,location-page,kollam,kollam,1,rebuild_safe_200,,"Real organic traffic on a legacy far-city page already indexed by Google (19 clicks / 313 impressions). Rebuild as an honest, feasibility-only page using the standard hedged wording (""contact us to check pickup feasibility"") rather than losing the traffic or overclaiming guaranteed service.",high,classification_source=rule
https://www.ewastekochi.com/buyback/laptops/sell-asus-rog-zephyrus-g14-kochi.html,/buyback/laptops/sell-asus-rog-zephyrus-g14-kochi.html,www.ewastekochi.com,/buyback/laptops/sell-asus-rog-zephyrus-g14-kochi.html,0,0,redirect,redirect,2026-04-18,other-legacy-service,,,4,leave_404,,No meaningful traffic.,low,classification_source=rule
https://www.ewastekochi.com/buyback/laptops/sell-dell-latitude-7446-kochi.html,/buyback/laptops/sell-dell-latitude-7446-kochi.html,www.ewastekochi.com,/buyback/laptops/sell-dell-latitude-7446-kochi.html,0,0,redirect,redirect,2026-04-18,other-legacy-service,,,4,leave_404,,No meaningful traffic.,low,classification_source=rule
https://www.ewastekochi.com/buyback/laptops/sell-hp-elitebook-844-kochi.html,/buyback/laptops/sell-hp-elitebook-844-kochi.html,www.ewastekochi.com,/buyback/laptops/sell-hp-elitebook-844-kochi.html,0,0,redirect,redirect,2026-04-18,other-legacy-service,,,4,leave_404,,No meaningful traffic.,low,classification_source=rule
https://www.ewastekochi.com/buyback/laptops/sell-hp-elitebook-924-kochi.html,/buyback/laptops/sell-hp-elitebook-924-kochi.html,www.ewastekochi.com,/buyback/laptops/sell-hp-elitebook-924-kochi.html,0,0,redirect,redirect,2026-04-18,other-legacy-service,,,4,leave_404,,No meaningful traffic.,low,classification_source=rule
https://www.ewastekochi.com/buyback/laptops/sell-hp-elitebook-934-kochi.html,/buyback/laptops/sell-hp-elitebook-934-kochi.html,www.ewastekochi.com,/buyback/laptops/sell-hp-elitebook-934-kochi.html,0,0,redirect,redirect,2026-04-18,other-legacy-service,,,4,leave_404,,No meaningful traffic.,low,classification_source=rule
https://www.ewastekochi.com/buyback/laptops/sell-thinkpad-t420-kochi.html,/buyback/laptops/sell-thinkpad-t420-kochi.html,www.ewastekochi.com,/buyback/laptops/sell-thinkpad-t420-kochi.html,0,0,redirect,redirect,2026-04-18,other-legacy-service,,,4,leave_404,,No meaningful traffic.,low,classification_source=rule
https://www.ewastekochi.com/buyback/laptops/sell-thinkpad-t438-kochi.html,/buyback/laptops/sell-thinkpad-t438-kochi.html,www.ewastekochi.com,/buyback/laptops/sell-thinkpad-t438-kochi.html,0,0,redirect,redirect,2026-04-18,other-legacy-service,,,4,leave_404,,No meaningful traffic.,low,classification_source=rule
https://www.ewastekochi.com/buyback/laptops/sell-thinkpad-t477s-kochi.html,/buyback/laptops/sell-thinkpad-t477s-kochi.html,www.ewastekochi.com,/buyback/laptops/sell-thinkpad-t477s-kochi.html,0,0,redirect,redirect,2026-04-18,other-legacy-service,,,4,leave_404,,No meaningful traffic.,low,classification_source=rule
https://www.ewastekochi.com/locations/maradu,/locations/maradu,www.ewastekochi.com,/locations/maradu,1,23,redirect,redirect,2026-04-18,location-page,maradu,maradu,2,manual_review,,Location page with some traffic but not a recognized Kochi-metro or far-city target area — verify what this place actually is before deciding.,medium,classification_source=rule
https://www.ewastekochi.com/buyback/laptops/sell-dell-latitude-7428-kochi.html,/buyback/laptops/sell-dell-latitude-7428-kochi.html,www.ewastekochi.com,/buyback/laptops/sell-dell-latitude-7428-kochi.html,0,0,redirect,redirect,2026-04-18,other-legacy-service,,,4,leave_404,,No meaningful traffic.,low,classification_source=rule
https://www.ewastekochi.com/buyback/laptops/sell-dell-xps-15-kochi.html,/buyback/laptops/sell-dell-xps-15-kochi.html,www.ewastekochi.com,/buyback/laptops/sell-dell-xps-15-kochi.html,0,0,redirect,redirect,2026-04-18,other-legacy-service,,,4,leave_404,,No meaningful traffic.,low,classification_source=rule
https://www.ewastekochi.com/buyback/laptops/sell-hp-elitebook-933-kochi.html,/buyback/laptops/sell-hp-elitebook-933-kochi.html,www.ewastekochi.com,/buyback/laptops/sell-hp-elitebook-933-kochi.html,0,0,redirect,redirect,2026-04-18,other-legacy-service,,,4,leave_404,,No meaningful traffic.,low,classification_source=rule
https://www.ewastekochi.com/buyback/laptops/sell-hp-elitebook-848-kochi.html,/buyback/laptops/sell-hp-elitebook-848-kochi.html,www.ewastekochi.com,/buyback/laptops/sell-hp-elitebook-848-kochi.html,0,0,redirect,redirect,2026-04-18,other-legacy-service,,,4,leave_404,,No meaningful traffic.,low,classification_source=rule
https://www.ewastekochi.com/buyback/laptops/sell-thinkpad-t458s-kochi.html,/buyback/laptops/sell-thinkpad-t458s-kochi.html,www.ewastekochi.com,/buyback/laptops/sell-thinkpad-t458s-kochi.html,0,0,redirect,redirect,2026-04-18,other-legacy-service,,,4,leave_404,,No meaningful traffic.,low,classification_source=rule
https://www.ewastekochi.com/locations/kalady,/locations/kalady,www.ewastekochi.com,/locations/kalady,0,32,redirect,redirect,2026-04-17,location-page,kalady,kalady,2,manual_review,,Location page with some traffic but not a recognized Kochi-metro or far-city target area — verify what this place actually is before deciding.,medium,classification_source=rule
https://www.ewastekochi.com/buyback/laptops/sell-asus-rog-zephyrus-g17-kochi.html,/buyback/laptops/sell-asus-rog-zephyrus-g17-kochi.html,www.ewastekochi.com,/buyback/laptops/sell-asus-rog-zephyrus-g17-kochi.html,0,0,redirect,redirect,2026-04-17,other-legacy-service,,,4,leave_404,,No meaningful traffic.,low,classification_source=rule
https://www.ewastekochi.com/buyback/laptops/sell-dell-latitude-5410-kochi.html,/buyback/laptops/sell-dell-latitude-5410-kochi.html,www.ewastekochi.com,/buyback/laptops/sell-dell-latitude-5410-kochi.html,0,0,redirect,redirect,2026-04-17,other-legacy-service,,,4,leave_404,,No meaningful traffic.,low,classification_source=rule
https://www.ewastekochi.com/buyback/laptops/sell-dell-latitude-5412-kochi.html,/buyback/laptops/sell-dell-latitude-5412-kochi.html,www.ewastekochi.com,/buyback/laptops/sell-dell-latitude-5412-kochi.html,0,0,redirect,redirect,2026-04-17,other-legacy-service,,,4,leave_404,,No meaningful traffic.,low,classification_source=rule
https://www.ewastekochi.com/buyback/laptops/sell-dell-latitude-5470-kochi.html,/buyback/laptops/sell-dell-latitude-5470-kochi.html,www.ewastekochi.com,/buyback/laptops/sell-dell-latitude-5470-kochi.html,0,0,redirect,redirect,2026-04-17,other-legacy-service,,,4,leave_404,,No meaningful traffic.,low,classification_source=rule
https://www.ewastekochi.com/buyback/laptops/sell-dell-latitude-5485-kochi.html,/buyback/laptops/sell-dell-latitude-5485-kochi.html,www.ewastekochi.com,/buyback/laptops/sell-dell-latitude-5485-kochi.html,0,0,redirect,redirect,2026-04-17,other-legacy-service,,,4,leave_404,,No meaningful traffic.,low,classification_source=rule
https://www.ewastekochi.com/buyback/laptops/sell-dell-latitude-5489-kochi.html,/buyback/laptops/sell-dell-latitude-5489-kochi.html,www.ewastekochi.com,/buyback/laptops/sell-dell-latitude-5489-kochi.html,0,0,redirect,redirect,2026-04-17,other-legacy-service,,,4,leave_404,,No meaningful traffic.,low,classification_source=rule
https://www.ewastekochi.com/buyback/laptops/sell-dell-latitude-5497-kochi.html,/buyback/laptops/sell-dell-latitude-5497-kochi.html,www.ewastekochi.com,/buyback/laptops/sell-dell-latitude-5497-kochi.html,0,0,redirect,redirect,2026-04-17,other-legacy-service,,,4,leave_404,,No meaningful traffic.,low,classification_source=rule
https://www.ewastekochi.com/buyback/laptops/sell-dell-latitude-7450-kochi.html,/buyback/laptops/sell-dell-latitude-7450-kochi.html,www.ewastekochi.com,/buyback/laptops/sell-dell-latitude-7450-kochi.html,0,0,redirect,redirect,2026-04-17,other-legacy-service,,,4,leave_404,,No meaningful traffic.,low,classification_source=rule
https://www.ewastekochi.com/buyback/laptops/sell-hp-elitebook-861-kochi.html,/buyback/laptops/sell-hp-elitebook-861-kochi.html,www.ewastekochi.com,/buyback/laptops/sell-hp-elitebook-861-kochi.html,0,0,redirect,redirect,2026-04-17,other-legacy-service,,,4,leave_404,,No meaningful traffic.,low,classification_source=rule
https://www.ewastekochi.com/buyback/laptops/sell-hp-elitebook-870-kochi.html,/buyback/laptops/sell-hp-elitebook-870-kochi.html,www.ewastekochi.com,/buyback/laptops/sell-hp-elitebook-870-kochi.html,0,0,redirect,redirect,2026-04-17,other-legacy-service,,,4,leave_404,,No meaningful traffic.,low,classification_source=rule
https://www.ewastekochi.com/buyback/laptops/sell-thinkpad-t410p-kochi.html,/buyback/laptops/sell-thinkpad-t410p-kochi.html,www.ewastekochi.com,/buyback/laptops/sell-thinkpad-t410p-kochi.html,0,0,redirect,redirect,2026-04-17,other-legacy-service,,,4,leave_404,,No meaningful traffic.,low,classification_source=rule
https://www.ewastekochi.com/buyback/laptops/sell-thinkpad-t414-kochi.html,/buyback/laptops/sell-thinkpad-t414-kochi.html,www.ewastekochi.com,/buyback/laptops/sell-thinkpad-t414-kochi.html,0,5,redirect,redirect,2026-04-17,other-legacy-service,,,3,leave_404,,No meaningful traffic.,low,classification_source=rule
https://www.ewastekochi.com/buyback/laptops/sell-thinkpad-t491s-kochi.html,/buyback/laptops/sell-thinkpad-t491s-kochi.html,www.ewastekochi.com,/buyback/laptops/sell-thinkpad-t491s-kochi.html,0,2,redirect,redirect,2026-04-17,other-legacy-service,,,3,leave_404,,No meaningful traffic.,low,classification_source=rule
https://www.ewastekochi.com/buyback/laptops/sell-dell-latitude-7419-kochi.html,/buyback/laptops/sell-dell-latitude-7419-kochi.html,www.ewastekochi.com,/buyback/laptops/sell-dell-latitude-7419-kochi.html,0,4,redirect,redirect,2026-04-17,other-legacy-service,,,3,leave_404,,No meaningful traffic.,low,classification_source=rule
https://www.ewastekochi.com/buyback/laptops/sell-hp-elitebook-919-kochi.html,/buyback/laptops/sell-hp-elitebook-919-kochi.html,www.ewastekochi.com,/buyback/laptops/sell-hp-elitebook-919-kochi.html,0,0,redirect,redirect,2026-04-17,other-legacy-service,,,4,leave_404,,No meaningful traffic.,low,classification_source=rule
https://www.ewastekochi.com/buyback/laptops/sell-hp-elitebook-929-kochi.html,/buyback/laptops/sell-hp-elitebook-929-kochi.html,www.ewastekochi.com,/buyback/laptops/sell-hp-elitebook-929-kochi.html,0,0,redirect,redirect,2026-04-17,other-legacy-service,,,4,leave_404,,No meaningful traffic.,low,classification_source=rule
https://www.ewastekochi.com/buyback/laptops/sell-hp-elitebook-939-kochi.html,/buyback/laptops/sell-hp-elitebook-939-kochi.html,www.ewastekochi.com,/buyback/laptops/sell-hp-elitebook-939-kochi.html,0,12,redirect,redirect,2026-04-17,other-legacy-service,,,3,leave_404,,No meaningful traffic.,low,classification_source=rule
https://www.ewastekochi.com/buyback/laptops/sell-macbook-pro-m3-max-kochi.html,/buyback/laptops/sell-macbook-pro-m3-max-kochi.html,www.ewastekochi.com,/buyback/laptops/sell-macbook-pro-m3-max-kochi.html,0,0,redirect|crawled_not_indexed,redirect|crawled_not_indexed,2026-04-17,other-legacy-service,,,4,leave_404,,No meaningful traffic.,low,classification_source=rule
https://www.ewastekochi.com/locations/kozhikode/server-recycling-kochi,/locations/kozhikode/server-recycling-kochi,www.ewastekochi.com,/locations/kozhikode/server-recycling-kochi,0,1,redirect|alt_canonical,redirect|alt_canonical,2026-04-17,location-service-matrix,kozhikode,server-recycling-kochi,3,redirect_301,(see vercel.json),Already implemented as a redirect in vercel.json.,none,classification_source=v2-redirect
https://www.ewastekochi.com/locations/thrissur/corporate-ewaste-kochi,/locations/thrissur/corporate-ewaste-kochi,www.ewastekochi.com,/locations/thrissur/corporate-ewaste-kochi,0,4,redirect|alt_canonical,redirect|alt_canonical,2026-04-13,location-service-matrix,thrissur,corporate-ewaste-kochi,3,leave_404,,"Thin generated location-service matrix page, 0 clicks, low impressions — matches the site's existing anti-pSEO policy (Phase 2B/2G/2M) of not mass-redirecting this footprint.",low,classification_source=rule
https://www.ewastekochi.com/locations/perumbavoor/tv-monitor-recycling-kochi,/locations/perumbavoor/tv-monitor-recycling-kochi,www.ewastekochi.com,/locations/perumbavoor/tv-monitor-recycling-kochi,0,1,redirect|alt_canonical,redirect|alt_canonical,2026-04-13,location-service-matrix,perumbavoor,tv-monitor-recycling-kochi,3,redirect_301,(see vercel.json),Already implemented as a redirect in vercel.json.,none,classification_source=v2-redirect
https://www.ewastekochi.com/locations/smart-city-kochi/battery-recycling-kochi,/locations/smart-city-kochi/battery-recycling-kochi,www.ewastekochi.com,/locations/smart-city-kochi/battery-recycling-kochi,0,0,redirect|crawled_not_indexed,redirect|crawled_not_indexed,2026-04-12,location-service-matrix,smart-city-kochi,battery-recycling-kochi,4,leave_404,,"Thin generated location-service matrix page, 0 clicks, low impressions — matches the site's existing anti-pSEO policy (Phase 2B/2G/2M) of not mass-redirecting this footprint.",low,classification_source=rule
https://www.ewastekochi.com/locations/muvattupuzha/network-equipment-disposal-kochi,/locations/muvattupuzha/network-equipment-disposal-kochi,www.ewastekochi.com,/locations/muvattupuzha/network-equipment-disposal-kochi,0,0,redirect|alt_canonical,redirect|alt_canonical,2026-04-11,location-service-matrix,muvattupuzha,network-equipment-disposal-kochi,4,leave_404,,"Thin generated location-service matrix page, 0 clicks, low impressions — matches the site's existing anti-pSEO policy (Phase 2B/2G/2M) of not mass-redirecting this footprint.",low,classification_source=rule
https://www.ewastekochi.com/locations/kalamassery-hitech-park/itad-kochi,/locations/kalamassery-hitech-park/itad-kochi,www.ewastekochi.com,/locations/kalamassery-hitech-park/itad-kochi,0,3,redirect|alt_canonical,redirect|alt_canonical,2026-04-11,location-service-matrix,kalamassery-hitech-park,itad-kochi,3,redirect_301,(see vercel.json),Already implemented as a redirect in vercel.json.,none,classification_source=v2-redirect
https://www.ewastekochi.com/buyback/laptops/sell-thinkpad-t458p-kochi.html,/buyback/laptops/sell-thinkpad-t458p-kochi.html,www.ewastekochi.com,/buyback/laptops/sell-thinkpad-t458p-kochi.html,0,0,redirect,redirect,2026-03-26,other-legacy-service,,,4,leave_404,,No meaningful traffic.,low,classification_source=rule
https://www.ewastekochi.com/buyback/laptops/sell-dell-latitude-7444-kochi.html,/buyback/laptops/sell-dell-latitude-7444-kochi.html,www.ewastekochi.com,/buyback/laptops/sell-dell-latitude-7444-kochi.html,0,0,redirect,redirect,2026-03-26,other-legacy-service,,,4,leave_404,,No meaningful traffic.,low,classification_source=rule
https://blog.ewastekochi.com/article/recycled-smartphone-gold-yields,blog.ewastekochi.com/article/recycled-smartphone-gold-yields,blog.ewastekochi.com,blog.ewastekochi.com/article/recycled-smartphone-gold-yields,0,0,alt_canonical,alt_canonical,2026-06-03,subdomain-blog,,recycled-smartphone-gold-yields,4,manual_review,,"blog.ewastekochi.com subdomain — separate system from www, flagged since Phase 2B as an open scope question (real content, never resolved whether it's in-scope). No traffic in this window either way.",low,classification_source=rule
https://blog.ewastekochi.com/article/ai-revolutionising-device-recycling,blog.ewastekochi.com/article/ai-revolutionising-device-recycling,blog.ewastekochi.com,blog.ewastekochi.com/article/ai-revolutionising-device-recycling,0,0,alt_canonical,alt_canonical,2026-06-01,subdomain-blog,,ai-revolutionising-device-recycling,4,manual_review,,"blog.ewastekochi.com subdomain — separate system from www, flagged since Phase 2B as an open scope question (real content, never resolved whether it's in-scope). No traffic in this window either way.",low,classification_source=rule
https://blog.ewastekochi.com/contact,blog.ewastekochi.com/contact,blog.ewastekochi.com,blog.ewastekochi.com/contact,0,0,alt_canonical,alt_canonical,2026-06-01,subdomain-blog,,contact,4,manual_review,,"blog.ewastekochi.com subdomain — separate system from www, flagged since Phase 2B as an open scope question (real content, never resolved whether it's in-scope). No traffic in this window either way.",low,classification_source=rule
https://blog.ewastekochi.com/about,blog.ewastekochi.com/about,blog.ewastekochi.com,blog.ewastekochi.com/about,0,0,alt_canonical,alt_canonical,2026-05-31,subdomain-blog,,about,4,manual_review,,"blog.ewastekochi.com subdomain — separate system from www, flagged since Phase 2B as an open scope question (real content, never resolved whether it's in-scope). No traffic in this window either way.",low,classification_source=rule
https://blog.ewastekochi.com,blog.ewastekochi.com,blog.ewastekochi.com,blog.ewastekochi.com,0,18,alt_canonical,alt_canonical,2026-05-31,subdomain-blog,,,3,manual_review,,"blog.ewastekochi.com subdomain — separate system from www, flagged since Phase 2B as an open scope question (real content, never resolved whether it's in-scope). No traffic in this window either way.",low,classification_source=rule
https://blog.ewastekochi.com/article/kochi-school-lab-cleanout,blog.ewastekochi.com/article/kochi-school-lab-cleanout,blog.ewastekochi.com,blog.ewastekochi.com/article/kochi-school-lab-cleanout,0,0,alt_canonical,alt_canonical,2026-05-31,subdomain-blog,,kochi-school-lab-cleanout,4,manual_review,,"blog.ewastekochi.com subdomain — separate system from www, flagged since Phase 2B as an open scope question (real content, never resolved whether it's in-scope). No traffic in this window either way.",low,classification_source=rule
https://blog.ewastekochi.com/article/kalamassery-ewaste-wetland-threat,blog.ewastekochi.com/article/kalamassery-ewaste-wetland-threat,blog.ewastekochi.com,blog.ewastekochi.com/article/kalamassery-ewaste-wetland-threat,0,0,alt_canonical,alt_canonical,2026-05-31,subdomain-blog,,kalamassery-ewaste-wetland-threat,4,manual_review,,"blog.ewastekochi.com subdomain — separate system from www, flagged since Phase 2B as an open scope question (real content, never resolved whether it's in-scope). No traffic in this window either way.",low,classification_source=rule
https://www.ewastekochi.com/blogs/recycling/computer-recycling-in-thrippunithura-kochi-for-homes-and-offices,/blogs/recycling/computer-recycling-in-thrippunithura-kochi-for-homes-and-offices,www.ewastekochi.com,/blogs/recycling/computer-recycling-in-thrippunithura-kochi-for-homes-and-offices,0,19,alt_canonical|crawled_not_indexed,alt_canonical|crawled_not_indexed,2026-05-12,blogs-taxonomy-legacy,,computer-recycling-in-thrippunithura-kochi-for-homes-and-offices,3,leave_404,,"Legacy generated blog content, no meaningful traffic — do not recreate.",low,classification_source=rule
https://www.ewastekochi.com/blogs/data-destruction/server-drive-sanitization-in-edappally-kochi-for-itad-projects,/blogs/data-destruction/server-drive-sanitization-in-edappally-kochi-for-itad-projects,www.ewastekochi.com,/blogs/data-destruction/server-drive-sanitization-in-edappally-kochi-for-itad-projects,0,7,alt_canonical,alt_canonical,2026-05-12,blogs-taxonomy-legacy,,server-drive-sanitization-in-edappally-kochi-for-itad-projects,3,leave_404,,"Legacy generated blog content, no meaningful traffic — do not recreate.",low,classification_source=rule
https://www.ewastekochi.com/blogs/environmental-impact/precious-metal-recovery-from-e-waste-in-kakkanad-kochi,/blogs/environmental-impact/precious-metal-recovery-from-e-waste-in-kakkanad-kochi,www.ewastekochi.com,/blogs/environmental-impact/precious-metal-recovery-from-e-waste-in-kakkanad-kochi,1,10,alt_canonical|crawled_not_indexed,alt_canonical|crawled_not_indexed,2026-05-12,blogs-taxonomy-legacy,,precious-metal-recovery-from-e-waste-in-kakkanad-kochi,2,manual_review,,"Modest clicks, no exact match — low-priority manual review.",low,classification_source=rule
https://www.ewastekochi.com/blogs/scrap-electronics/working-vs-broken-device-value-in-kollam-what-gets-a-better-quote,/blogs/scrap-electronics/working-vs-broken-device-value-in-kollam-what-gets-a-better-quote,www.ewastekochi.com,/blogs/scrap-electronics/working-vs-broken-device-value-in-kollam-what-gets-a-better-quote,0,2,alt_canonical,alt_canonical,2026-05-12,blogs-taxonomy-legacy,,working-vs-broken-device-value-in-kollam-what-gets-a-better-quote,3,leave_404,,"Legacy generated blog content, no meaningful traffic — do not recreate.",low,classification_source=rule
https://www.ewastekochi.com/blogs/government-rules/certificate-of-destruction-for-audits-in-edappally-kochi,/blogs/government-rules/certificate-of-destruction-for-audits-in-edappally-kochi,www.ewastekochi.com,/blogs/government-rules/certificate-of-destruction-for-audits-in-edappally-kochi,0,0,alt_canonical|crawled_not_indexed,alt_canonical|crawled_not_indexed,2026-05-11,blogs-taxonomy-legacy,,certificate-of-destruction-for-audits-in-edappally-kochi,4,leave_404,,"Legacy generated blog content, no meaningful traffic — do not recreate.",low,classification_source=rule
https://www.ewastekochi.com/blogs/government-rules/forms-and-manifests-for-e-waste-pickup-in-kalamassery-kochi,/blogs/government-rules/forms-and-manifests-for-e-waste-pickup-in-kalamassery-kochi,www.ewastekochi.com,/blogs/government-rules/forms-and-manifests-for-e-waste-pickup-in-kalamassery-kochi,0,6,alt_canonical|crawled_not_indexed,alt_canonical|crawled_not_indexed,2026-05-11,blogs-taxonomy-legacy,,forms-and-manifests-for-e-waste-pickup-in-kalamassery-kochi,3,leave_404,,"Legacy generated blog content, no meaningful traffic — do not recreate.",low,classification_source=rule
https://www.ewastekochi.com/blogs/environmental-impact/apartment-and-community-e-waste-drives-in-kakkanad-kochi,/blogs/environmental-impact/apartment-and-community-e-waste-drives-in-kakkanad-kochi,www.ewastekochi.com,/blogs/environmental-impact/apartment-and-community-e-waste-drives-in-kakkanad-kochi,0,5,alt_canonical|crawled_not_indexed,alt_canonical|crawled_not_indexed,2026-04-29,blogs-taxonomy-legacy,,apartment-and-community-e-waste-drives-in-kakkanad-kochi,3,leave_404,,"Legacy generated blog content, no meaningful traffic — do not recreate.",low,classification_source=rule
https://www.ewastekochi.com/locations/angamaly/network-equipment-disposal-kochi,/locations/angamaly/network-equipment-disposal-kochi,www.ewastekochi.com,/locations/angamaly/network-equipment-disposal-kochi,0,0,alt_canonical|crawled_not_indexed,alt_canonical|crawled_not_indexed,2026-04-22,location-service-matrix,angamaly,network-equipment-disposal-kochi,4,leave_404,,"Thin generated location-service matrix page, 0 clicks, low impressions — matches the site's existing anti-pSEO policy (Phase 2B/2G/2M) of not mass-redirecting this footprint.",low,classification_source=rule
https://www.ewastekochi.com/services/hard-drive-shredding-kochi,/services/hard-drive-shredding-kochi,www.ewastekochi.com,/services/hard-drive-shredding-kochi,0,47,alt_canonical|crawled_not_indexed,alt_canonical|crawled_not_indexed,2026-04-22,service-page,,hard-drive-shredding-kochi,2,redirect_301,/data-destruction/,Clean keyword match to an existing V2 service page (0 clicks / 47 impressions).,low,classification_source=rule
https://www.ewastekochi.com/locations/infopark-kochi/ups-inverter-recycling-kochi,/locations/infopark-kochi/ups-inverter-recycling-kochi,www.ewastekochi.com,/locations/infopark-kochi/ups-inverter-recycling-kochi,0,1,alt_canonical|crawled_not_indexed,alt_canonical|crawled_not_indexed,2026-04-22,location-service-matrix,infopark-kochi,ups-inverter-recycling-kochi,3,redirect_301,(see vercel.json),Already implemented as a redirect in vercel.json.,none,classification_source=v2-redirect
https://www.ewastekochi.com/locations/smart-city-kochi/laptop-buyback-kochi,/locations/smart-city-kochi/laptop-buyback-kochi,www.ewastekochi.com,/locations/smart-city-kochi/laptop-buyback-kochi,0,0,alt_canonical,alt_canonical,2026-04-21,location-service-matrix,smart-city-kochi,laptop-buyback-kochi,4,leave_404,,"Thin generated location-service matrix page, 0 clicks, low impressions — matches the site's existing anti-pSEO policy (Phase 2B/2G/2M) of not mass-redirecting this footprint.",low,classification_source=rule
https://www.ewastekochi.com/locations/aluva/corporate-ewaste-kochi,/locations/aluva/corporate-ewaste-kochi,www.ewastekochi.com,/locations/aluva/corporate-ewaste-kochi,0,0,alt_canonical|crawled_not_indexed,alt_canonical|crawled_not_indexed,2026-04-21,location-service-matrix,aluva,corporate-ewaste-kochi,4,leave_404,,"Thin generated location-service matrix page, 0 clicks, low impressions — matches the site's existing anti-pSEO policy (Phase 2B/2G/2M) of not mass-redirecting this footprint.",low,classification_source=rule
https://www.ewastekochi.com/locations/thrippunithura/data-destruction-kochi,/locations/thrippunithura/data-destruction-kochi,www.ewastekochi.com,/locations/thrippunithura/data-destruction-kochi,0,1,alt_canonical|crawled_not_indexed,alt_canonical|crawled_not_indexed,2026-04-21,location-service-matrix,thrippunithura,data-destruction-kochi,3,redirect_301,(see vercel.json),Already implemented as a redirect in vercel.json.,none,classification_source=v2-redirect
https://www.ewastekochi.com/locations/palarivattom/laptop-buyback-kochi,/locations/palarivattom/laptop-buyback-kochi,www.ewastekochi.com,/locations/palarivattom/laptop-buyback-kochi,0,0,alt_canonical|crawled_not_indexed,alt_canonical|crawled_not_indexed,2026-04-21,location-service-matrix,palarivattom,laptop-buyback-kochi,4,leave_404,,"Thin generated location-service matrix page, 0 clicks, low impressions — matches the site's existing anti-pSEO policy (Phase 2B/2G/2M) of not mass-redirecting this footprint.",low,classification_source=rule
https://www.ewastekochi.com/locations/ernakulam-south/corporate-ewaste-kochi,/locations/ernakulam-south/corporate-ewaste-kochi,www.ewastekochi.com,/locations/ernakulam-south/corporate-ewaste-kochi,0,2,alt_canonical|crawled_not_indexed,alt_canonical|crawled_not_indexed,2026-04-21,location-service-matrix,ernakulam-south,corporate-ewaste-kochi,3,redirect_301,(see vercel.json),Already implemented as a redirect in vercel.json.,none,classification_source=v2-redirect
https://www.ewastekochi.com/blogs/recycling/laptop-recycling-in-infopark-kochi-reuse-buyback-or-scrap,/blogs/recycling/laptop-recycling-in-infopark-kochi-reuse-buyback-or-scrap,www.ewastekochi.com,/blogs/recycling/laptop-recycling-in-infopark-kochi-reuse-buyback-or-scrap,0,12,alt_canonical|crawled_not_indexed,alt_canonical|crawled_not_indexed,2026-04-21,blogs-taxonomy-legacy,,laptop-recycling-in-infopark-kochi-reuse-buyback-or-scrap,3,leave_404,,"Legacy generated blog content, no meaningful traffic — do not recreate.",low,classification_source=rule
https://www.ewastekochi.com/locations/palakkad/hard-drive-degaussing-kochi,/locations/palakkad/hard-drive-degaussing-kochi,www.ewastekochi.com,/locations/palakkad/hard-drive-degaussing-kochi,0,1,alt_canonical,alt_canonical,2026-04-21,location-service-matrix,palakkad,hard-drive-degaussing-kochi,3,redirect_301,(see vercel.json),Already implemented as a redirect in vercel.json.,none,classification_source=v2-redirect
https://www.ewastekochi.com/locations/palakkad/secure-laptop-disposal,/locations/palakkad/secure-laptop-disposal,www.ewastekochi.com,/locations/palakkad/secure-laptop-disposal,0,1,alt_canonical,alt_canonical,2026-04-21,location-service-matrix,palakkad,secure-laptop-disposal,3,leave_404,,"Thin generated location-service matrix page, 0 clicks, low impressions — matches the site's existing anti-pSEO policy (Phase 2B/2G/2M) of not mass-redirecting this footprint.",low,classification_source=rule
https://www.ewastekochi.com/locations/thrikkakara/e-waste-recycling-kochi,/locations/thrikkakara/e-waste-recycling-kochi,www.ewastekochi.com,/locations/thrikkakara/e-waste-recycling-kochi,0,5,alt_canonical,alt_canonical,2026-04-21,location-service-matrix,thrikkakara,e-waste-recycling-kochi,3,redirect_301,(see vercel.json),Already implemented as a redirect in vercel.json.,none,classification_source=v2-redirect
https://www.ewastekochi.com/locations/malappuram/dpdp-act-compliance-kochi,/locations/malappuram/dpdp-act-compliance-kochi,www.ewastekochi.com,/locations/malappuram/dpdp-act-compliance-kochi,0,0,alt_canonical,alt_canonical,2026-04-21,location-service-matrix,malappuram,dpdp-act-compliance-kochi,4,leave_404,,"Thin generated location-service matrix page, 0 clicks, low impressions — matches the site's existing anti-pSEO policy (Phase 2B/2G/2M) of not mass-redirecting this footprint.",low,classification_source=rule
https://www.ewastekochi.com/locations/smart-city-kochi/e-waste-recycling-kochi,/locations/smart-city-kochi/e-waste-recycling-kochi,www.ewastekochi.com,/locations/smart-city-kochi/e-waste-recycling-kochi,0,2,alt_canonical|crawled_not_indexed,alt_canonical|crawled_not_indexed,2026-04-21,location-service-matrix,smart-city-kochi,e-waste-recycling-kochi,3,redirect_301,(see vercel.json),Already implemented as a redirect in vercel.json.,none,classification_source=v2-redirect
https://www.ewastekochi.com/locations/perumbavoor/corporate-ewaste-kochi,/locations/perumbavoor/corporate-ewaste-kochi,www.ewastekochi.com,/locations/perumbavoor/corporate-ewaste-kochi,0,0,alt_canonical|crawled_not_indexed,alt_canonical|crawled_not_indexed,2026-04-21,location-service-matrix,perumbavoor,corporate-ewaste-kochi,4,leave_404,,"Thin generated location-service matrix page, 0 clicks, low impressions — matches the site's existing anti-pSEO policy (Phase 2B/2G/2M) of not mass-redirecting this footprint.",low,classification_source=rule
https://www.ewastekochi.com/locations/aluva/air-conditioner-recycling-kochi,/locations/aluva/air-conditioner-recycling-kochi,www.ewastekochi.com,/locations/aluva/air-conditioner-recycling-kochi,0,1,alt_canonical|crawled_not_indexed,alt_canonical|crawled_not_indexed,2026-04-21,location-service-matrix,aluva,air-conditioner-recycling-kochi,3,leave_404,,"Thin generated location-service matrix page, 0 clicks, low impressions — matches the site's existing anti-pSEO policy (Phase 2B/2G/2M) of not mass-redirecting this footprint.",low,classification_source=rule
https://www.ewastekochi.com/locations/kadavanthra/e-waste-recycling-kochi,/locations/kadavanthra/e-waste-recycling-kochi,www.ewastekochi.com,/locations/kadavanthra/e-waste-recycling-kochi,0,3,alt_canonical,alt_canonical,2026-04-20,location-service-matrix,kadavanthra,e-waste-recycling-kochi,3,redirect_301,(see vercel.json),Already implemented as a redirect in vercel.json.,none,classification_source=v2-redirect
https://www.ewastekochi.com/locations/smart-city-kochi/mobile-recycling-kochi,/locations/smart-city-kochi/mobile-recycling-kochi,www.ewastekochi.com,/locations/smart-city-kochi/mobile-recycling-kochi,0,2,alt_canonical|crawled_not_indexed,alt_canonical|crawled_not_indexed,2026-04-20,location-service-matrix,smart-city-kochi,mobile-recycling-kochi,3,leave_404,,"Thin generated location-service matrix page, 0 clicks, low impressions — matches the site's existing anti-pSEO policy (Phase 2B/2G/2M) of not mass-redirecting this footprint.",low,classification_source=rule
https://www.ewastekochi.com/locations/north-paravur/hard-drive-shredding-kochi,/locations/north-paravur/hard-drive-shredding-kochi,www.ewastekochi.com,/locations/north-paravur/hard-drive-shredding-kochi,0,1,alt_canonical,alt_canonical,2026-04-20,location-service-matrix,north-paravur,hard-drive-shredding-kochi,3,redirect_301,(see vercel.json),Already implemented as a redirect in vercel.json.,none,classification_source=v2-redirect
https://www.ewastekochi.com/locations/vyttila/printer-recycling-kochi,/locations/vyttila/printer-recycling-kochi,www.ewastekochi.com,/locations/vyttila/printer-recycling-kochi,1,2,alt_canonical,alt_canonical,2026-04-20,location-service-matrix,vyttila,printer-recycling-kochi,2,redirect_301,(see vercel.json),Already implemented as a redirect in vercel.json.,none,classification_source=v2-redirect
https://www.ewastekochi.com/locations/kadavanthra/battery-recycling-kochi,/locations/kadavanthra/battery-recycling-kochi,www.ewastekochi.com,/locations/kadavanthra/battery-recycling-kochi,0,1,alt_canonical|crawled_not_indexed,alt_canonical|crawled_not_indexed,2026-04-20,location-service-matrix,kadavanthra,battery-recycling-kochi,3,redirect_301,(see vercel.json),Already implemented as a redirect in vercel.json.,none,classification_source=v2-redirect
https://www.ewastekochi.com/locations/malappuram/tv-monitor-recycling-kochi,/locations/malappuram/tv-monitor-recycling-kochi,www.ewastekochi.com,/locations/malappuram/tv-monitor-recycling-kochi,0,0,alt_canonical|crawled_not_indexed,alt_canonical|crawled_not_indexed,2026-04-20,location-service-matrix,malappuram,tv-monitor-recycling-kochi,4,leave_404,,"Thin generated location-service matrix page, 0 clicks, low impressions — matches the site's existing anti-pSEO policy (Phase 2B/2G/2M) of not mass-redirecting this footprint.",low,classification_source=rule
https://www.ewastekochi.com/locations/infopark-kochi/free-ewaste-pickup-kochi,/locations/infopark-kochi/free-ewaste-pickup-kochi,www.ewastekochi.com,/locations/infopark-kochi/free-ewaste-pickup-kochi,0,0,alt_canonical|crawled_not_indexed,alt_canonical|crawled_not_indexed,2026-04-20,location-service-matrix,infopark-kochi,free-ewaste-pickup-kochi,4,leave_404,,"Thin generated location-service matrix page, 0 clicks, low impressions — matches the site's existing anti-pSEO policy (Phase 2B/2G/2M) of not mass-redirecting this footprint.",low,classification_source=rule
https://www.ewastekochi.com/locations/thrissur/data-destruction-kochi,/locations/thrissur/data-destruction-kochi,www.ewastekochi.com,/locations/thrissur/data-destruction-kochi,0,1,alt_canonical|crawled_not_indexed,alt_canonical|crawled_not_indexed,2026-04-20,location-service-matrix,thrissur,data-destruction-kochi,3,redirect_301,(see vercel.json),Already implemented as a redirect in vercel.json.,none,classification_source=v2-redirect
https://www.ewastekochi.com/locations/kalamassery-hitech-park/air-conditioner-recycling-kochi,/locations/kalamassery-hitech-park/air-conditioner-recycling-kochi,www.ewastekochi.com,/locations/kalamassery-hitech-park/air-conditioner-recycling-kochi,0,1,alt_canonical,alt_canonical,2026-04-20,location-service-matrix,kalamassery-hitech-park,air-conditioner-recycling-kochi,3,redirect_301,(see vercel.json),Already implemented as a redirect in vercel.json.,none,classification_source=v2-redirect
https://www.ewastekochi.com/locations/aluva/itad-kochi,/locations/aluva/itad-kochi,www.ewastekochi.com,/locations/aluva/itad-kochi,0,1,alt_canonical,alt_canonical,2026-04-20,location-service-matrix,aluva,itad-kochi,3,redirect_301,(see vercel.json),Already implemented as a redirect in vercel.json.,none,classification_source=v2-redirect
https://www.ewastekochi.com/blogs/laptop-disposal/employee-laptop-returns-and-disposal-workflow-in-thiruvananthapuram,/blogs/laptop-disposal/employee-laptop-returns-and-disposal-workflow-in-thiruvananthapuram,www.ewastekochi.com,/blogs/laptop-disposal/employee-laptop-returns-and-disposal-workflow-in-thiruvananthapuram,0,11,alt_canonical|crawled_not_indexed,alt_canonical|crawled_not_indexed,2026-04-20,blogs-taxonomy-legacy,,employee-laptop-returns-and-disposal-workflow-in-thiruvananthapuram,3,leave_404,,"Legacy generated blog content, no meaningful traffic — do not recreate.",low,classification_source=rule
https://www.ewastekochi.com/locations/kozhikode/secure-computer-recycling,/locations/kozhikode/secure-computer-recycling,www.ewastekochi.com,/locations/kozhikode/secure-computer-recycling,0,9,alt_canonical,alt_canonical,2026-04-20,location-service-matrix,kozhikode,secure-computer-recycling,3,leave_404,,"Thin generated location-service matrix page, 0 clicks, low impressions — matches the site's existing anti-pSEO policy (Phase 2B/2G/2M) of not mass-redirecting this footprint.",low,classification_source=rule
https://www.ewastekochi.com/locations/vyttila/e-waste-recycling-kochi,/locations/vyttila/e-waste-recycling-kochi,www.ewastekochi.com,/locations/vyttila/e-waste-recycling-kochi,1,13,alt_canonical,alt_canonical,2026-04-20,location-service-matrix,vyttila,e-waste-recycling-kochi,2,redirect_301,(see vercel.json),Already implemented as a redirect in vercel.json.,none,classification_source=v2-redirect
https://www.ewastekochi.com/locations/palakkad/printer-recycling-kochi,/locations/palakkad/printer-recycling-kochi,www.ewastekochi.com,/locations/palakkad/printer-recycling-kochi,0,0,alt_canonical|crawled_not_indexed,alt_canonical|crawled_not_indexed,2026-04-20,location-service-matrix,palakkad,printer-recycling-kochi,4,leave_404,,"Thin generated location-service matrix page, 0 clicks, low impressions — matches the site's existing anti-pSEO policy (Phase 2B/2G/2M) of not mass-redirecting this footprint.",low,classification_source=rule
https://www.ewastekochi.com/locations/palakkad/hard-drive-destruction-kochi,/locations/palakkad/hard-drive-destruction-kochi,www.ewastekochi.com,/locations/palakkad/hard-drive-destruction-kochi,0,6,alt_canonical,alt_canonical,2026-04-20,location-service-matrix,palakkad,hard-drive-destruction-kochi,3,redirect_301,(see vercel.json),Already implemented as a redirect in vercel.json.,none,classification_source=v2-redirect
https://www.ewastekochi.com/locations/aluva/printer-recycling-kochi,/locations/aluva/printer-recycling-kochi,www.ewastekochi.com,/locations/aluva/printer-recycling-kochi,0,1,alt_canonical,alt_canonical,2026-04-20,location-service-matrix,aluva,printer-recycling-kochi,3,leave_404,,"Thin generated location-service matrix page, 0 clicks, low impressions — matches the site's existing anti-pSEO policy (Phase 2B/2G/2M) of not mass-redirecting this footprint.",low,classification_source=rule
https://www.ewastekochi.com/locations/kozhikode/laptop-recycling-near-me,/locations/kozhikode/laptop-recycling-near-me,www.ewastekochi.com,/locations/kozhikode/laptop-recycling-near-me,0,3,alt_canonical,alt_canonical,2026-04-20,location-service-matrix,kozhikode,laptop-recycling-near-me,3,redirect_301,(see vercel.json),Already implemented as a redirect in vercel.json.,none,classification_source=v2-redirect
https://www.ewastekochi.com/locations/kalamassery/itad-kochi,/locations/kalamassery/itad-kochi,www.ewastekochi.com,/locations/kalamassery/itad-kochi,0,0,alt_canonical,alt_canonical,2026-04-20,location-service-matrix,kalamassery,itad-kochi,4,leave_404,,"Thin generated location-service matrix page, 0 clicks, low impressions — matches the site's existing anti-pSEO policy (Phase 2B/2G/2M) of not mass-redirecting this footprint.",low,classification_source=rule
https://www.ewastekochi.com/locations/kozhikode/hard-drive-degaussing-kochi,/locations/kozhikode/hard-drive-degaussing-kochi,www.ewastekochi.com,/locations/kozhikode/hard-drive-degaussing-kochi,0,1,alt_canonical,alt_canonical,2026-04-20,location-service-matrix,kozhikode,hard-drive-degaussing-kochi,3,redirect_301,(see vercel.json),Already implemented as a redirect in vercel.json.,none,classification_source=v2-redirect
https://www.ewastekochi.com/locations/muvattupuzha/server-recycling-kochi,/locations/muvattupuzha/server-recycling-kochi,www.ewastekochi.com,/locations/muvattupuzha/server-recycling-kochi,0,3,alt_canonical,alt_canonical,2026-04-20,location-service-matrix,muvattupuzha,server-recycling-kochi,3,redirect_301,(see vercel.json),Already implemented as a redirect in vercel.json.,none,classification_source=v2-redirect
https://www.ewastekochi.com/locations/palakkad/battery-recycling-kochi,/locations/palakkad/battery-recycling-kochi,www.ewastekochi.com,/locations/palakkad/battery-recycling-kochi,0,1,alt_canonical,alt_canonical,2026-04-20,location-service-matrix,palakkad,battery-recycling-kochi,3,redirect_301,(see vercel.json),Already implemented as a redirect in vercel.json.,none,classification_source=v2-redirect
https://www.ewastekochi.com/locations/kozhikode/secure-laptop-disposal,/locations/kozhikode/secure-laptop-disposal,www.ewastekochi.com,/locations/kozhikode/secure-laptop-disposal,0,1,alt_canonical,alt_canonical,2026-04-20,location-service-matrix,kozhikode,secure-laptop-disposal,3,leave_404,,"Thin generated location-service matrix page, 0 clicks, low impressions — matches the site's existing anti-pSEO policy (Phase 2B/2G/2M) of not mass-redirecting this footprint.",low,classification_source=rule
https://www.ewastekochi.com/locations/muvattupuzha/ups-inverter-recycling-kochi,/locations/muvattupuzha/ups-inverter-recycling-kochi,www.ewastekochi.com,/locations/muvattupuzha/ups-inverter-recycling-kochi,0,2,alt_canonical|crawled_not_indexed,alt_canonical|crawled_not_indexed,2026-04-19,location-service-matrix,muvattupuzha,ups-inverter-recycling-kochi,3,redirect_301,(see vercel.json),Already implemented as a redirect in vercel.json.,none,classification_source=v2-redirect
https://www.ewastekochi.com/ml/services/corporate-ewaste-kochi,/ml/services/corporate-ewaste-kochi,www.ewastekochi.com,/ml/services/corporate-ewaste-kochi,0,14,alt_canonical,alt_canonical,2026-04-19,other-legacy-service,,corporate-ewaste-kochi,3,leave_404,,No meaningful traffic.,low,classification_source=rule
https://www.ewastekochi.com/ml/services/computer-recycling-near-me,/ml/services/computer-recycling-near-me,www.ewastekochi.com,/ml/services/computer-recycling-near-me,0,19,alt_canonical,alt_canonical,2026-04-19,other-legacy-service,,computer-recycling-near-me,3,leave_404,,No meaningful traffic.,low,classification_source=rule
https://www.ewastekochi.com/ml/services/certificate-of-destruction-kochi,/ml/services/certificate-of-destruction-kochi,www.ewastekochi.com,/ml/services/certificate-of-destruction-kochi,0,2,alt_canonical|crawled_not_indexed,alt_canonical|crawled_not_indexed,2026-04-19,other-legacy-service,,certificate-of-destruction-kochi,3,leave_404,,No meaningful traffic.,low,classification_source=rule
https://www.ewastekochi.com/locations/maradu/dpdp-act-compliance-kochi,/locations/maradu/dpdp-act-compliance-kochi,www.ewastekochi.com,/locations/maradu/dpdp-act-compliance-kochi,0,0,alt_canonical,alt_canonical,2026-04-19,location-service-matrix,maradu,dpdp-act-compliance-kochi,4,leave_404,,"Thin generated location-service matrix page, 0 clicks, low impressions — matches the site's existing anti-pSEO policy (Phase 2B/2G/2M) of not mass-redirecting this footprint.",low,classification_source=rule
https://www.ewastekochi.com/locations/smart-city-kochi/corporate-ewaste-kochi,/locations/smart-city-kochi/corporate-ewaste-kochi,www.ewastekochi.com,/locations/smart-city-kochi/corporate-ewaste-kochi,0,2,alt_canonical,alt_canonical,2026-04-19,location-service-matrix,smart-city-kochi,corporate-ewaste-kochi,3,leave_404,,"Thin generated location-service matrix page, 0 clicks, low impressions — matches the site's existing anti-pSEO policy (Phase 2B/2G/2M) of not mass-redirecting this footprint.",low,classification_source=rule
https://www.ewastekochi.com/locations/muvattupuzha/battery-recycling-kochi,/locations/muvattupuzha/battery-recycling-kochi,www.ewastekochi.com,/locations/muvattupuzha/battery-recycling-kochi,0,2,alt_canonical,alt_canonical,2026-04-19,location-service-matrix,muvattupuzha,battery-recycling-kochi,3,redirect_301,(see vercel.json),Already implemented as a redirect in vercel.json.,none,classification_source=v2-redirect
https://www.ewastekochi.com/ml/services/server-recycling-kochi,/ml/services/server-recycling-kochi,www.ewastekochi.com,/ml/services/server-recycling-kochi,0,24,alt_canonical,alt_canonical,2026-04-19,other-legacy-service,,server-recycling-kochi,2,redirect_301,/server-recycling-kochi/,Clean keyword match to an existing V2 service page (0 clicks / 24 impressions).,low,classification_source=rule
https://www.ewastekochi.com/locations/thrissur/dpdp-act-compliance-kochi,/locations/thrissur/dpdp-act-compliance-kochi,www.ewastekochi.com,/locations/thrissur/dpdp-act-compliance-kochi,0,0,alt_canonical,alt_canonical,2026-04-19,location-service-matrix,thrissur,dpdp-act-compliance-kochi,4,leave_404,,"Thin generated location-service matrix page, 0 clicks, low impressions — matches the site's existing anti-pSEO policy (Phase 2B/2G/2M) of not mass-redirecting this footprint.",low,classification_source=rule
https://www.ewastekochi.com/locations/willingdon-island/tv-monitor-recycling-kochi,/locations/willingdon-island/tv-monitor-recycling-kochi,www.ewastekochi.com,/locations/willingdon-island/tv-monitor-recycling-kochi,1,2,alt_canonical,alt_canonical,2026-04-19,location-service-matrix,willingdon-island,tv-monitor-recycling-kochi,2,redirect_301,(see vercel.json),Already implemented as a redirect in vercel.json.,none,classification_source=v2-redirect
https://www.ewastekochi.com/locations/kannur/server-recycling-kochi,/locations/kannur/server-recycling-kochi,www.ewastekochi.com,/locations/kannur/server-recycling-kochi,0,0,alt_canonical,alt_canonical,2026-04-19,location-service-matrix,kannur,server-recycling-kochi,4,leave_404,,"Thin generated location-service matrix page, 0 clicks, low impressions — matches the site's existing anti-pSEO policy (Phase 2B/2G/2M) of not mass-redirecting this footprint.",low,classification_source=rule
https://www.ewastekochi.com/locations/muvattupuzha/itad-kochi,/locations/muvattupuzha/itad-kochi,www.ewastekochi.com,/locations/muvattupuzha/itad-kochi,0,0,alt_canonical,alt_canonical,2026-04-19,location-service-matrix,muvattupuzha,itad-kochi,4,leave_404,,"Thin generated location-service matrix page, 0 clicks, low impressions — matches the site's existing anti-pSEO policy (Phase 2B/2G/2M) of not mass-redirecting this footprint.",low,classification_source=rule
https://www.ewastekochi.com/locations/malappuram/air-conditioner-recycling-kochi,/locations/malappuram/air-conditioner-recycling-kochi,www.ewastekochi.com,/locations/malappuram/air-conditioner-recycling-kochi,0,1,alt_canonical,alt_canonical,2026-04-19,location-service-matrix,malappuram,air-conditioner-recycling-kochi,3,leave_404,,"Thin generated location-service matrix page, 0 clicks, low impressions — matches the site's existing anti-pSEO policy (Phase 2B/2G/2M) of not mass-redirecting this footprint.",low,classification_source=rule
https://www.ewastekochi.com/locations/muvattupuzha/data-destruction-kochi,/locations/muvattupuzha/data-destruction-kochi,www.ewastekochi.com,/locations/muvattupuzha/data-destruction-kochi,0,1,alt_canonical,alt_canonical,2026-04-19,location-service-matrix,muvattupuzha,data-destruction-kochi,3,redirect_301,(see vercel.json),Already implemented as a redirect in vercel.json.,none,classification_source=v2-redirect
https://www.ewastekochi.com/locations/palakkad/secure-computer-recycling,/locations/palakkad/secure-computer-recycling,www.ewastekochi.com,/locations/palakkad/secure-computer-recycling,0,8,alt_canonical,alt_canonical,2026-04-19,location-service-matrix,palakkad,secure-computer-recycling,3,leave_404,,"Thin generated location-service matrix page, 0 clicks, low impressions — matches the site's existing anti-pSEO policy (Phase 2B/2G/2M) of not mass-redirecting this footprint.",low,classification_source=rule
https://www.ewastekochi.com/locations/kalady/certificate-of-destruction-kochi,/locations/kalady/certificate-of-destruction-kochi,www.ewastekochi.com,/locations/kalady/certificate-of-destruction-kochi,0,0,alt_canonical,alt_canonical,2026-04-19,location-service-matrix,kalady,certificate-of-destruction-kochi,4,leave_404,,"Thin generated location-service matrix page, 0 clicks, low impressions — matches the site's existing anti-pSEO policy (Phase 2B/2G/2M) of not mass-redirecting this footprint.",low,classification_source=rule
https://www.ewastekochi.com/locations/palakkad/it-asset-inventory-audit,/locations/palakkad/it-asset-inventory-audit,www.ewastekochi.com,/locations/palakkad/it-asset-inventory-audit,0,0,alt_canonical,alt_canonical,2026-04-19,location-service-matrix,palakkad,it-asset-inventory-audit,4,leave_404,,"Thin generated location-service matrix page, 0 clicks, low impressions — matches the site's existing anti-pSEO policy (Phase 2B/2G/2M) of not mass-redirecting this footprint.",low,classification_source=rule
https://www.ewastekochi.com/locations/kadavanthra/certificate-of-destruction-kochi,/locations/kadavanthra/certificate-of-destruction-kochi,www.ewastekochi.com,/locations/kadavanthra/certificate-of-destruction-kochi,0,0,alt_canonical,alt_canonical,2026-04-19,location-service-matrix,kadavanthra,certificate-of-destruction-kochi,4,leave_404,,"Thin generated location-service matrix page, 0 clicks, low impressions — matches the site's existing anti-pSEO policy (Phase 2B/2G/2M) of not mass-redirecting this footprint.",low,classification_source=rule
https://www.ewastekochi.com/locations/palakkad/laptop-recycling-near-me,/locations/palakkad/laptop-recycling-near-me,www.ewastekochi.com,/locations/palakkad/laptop-recycling-near-me,0,1,alt_canonical,alt_canonical,2026-04-19,location-service-matrix,palakkad,laptop-recycling-near-me,3,redirect_301,(see vercel.json),Already implemented as a redirect in vercel.json.,none,classification_source=v2-redirect
https://www.ewastekochi.com/locations/palarivattom/mobile-recycling-kochi,/locations/palarivattom/mobile-recycling-kochi,www.ewastekochi.com,/locations/palarivattom/mobile-recycling-kochi,0,1,alt_canonical,alt_canonical,2026-04-19,location-service-matrix,palarivattom,mobile-recycling-kochi,3,leave_404,,"Thin generated location-service matrix page, 0 clicks, low impressions — matches the site's existing anti-pSEO policy (Phase 2B/2G/2M) of not mass-redirecting this footprint.",low,classification_source=rule
https://www.ewastekochi.com/locations/palakkad/air-conditioner-recycling-kochi,/locations/palakkad/air-conditioner-recycling-kochi,www.ewastekochi.com,/locations/palakkad/air-conditioner-recycling-kochi,0,1,alt_canonical,alt_canonical,2026-04-19,location-service-matrix,palakkad,air-conditioner-recycling-kochi,3,leave_404,,"Thin generated location-service matrix page, 0 clicks, low impressions — matches the site's existing anti-pSEO policy (Phase 2B/2G/2M) of not mass-redirecting this footprint.",low,classification_source=rule
https://www.ewastekochi.com/locations/palakkad/corporate-ewaste-kochi,/locations/palakkad/corporate-ewaste-kochi,www.ewastekochi.com,/locations/palakkad/corporate-ewaste-kochi,0,1,alt_canonical,alt_canonical,2026-04-19,location-service-matrix,palakkad,corporate-ewaste-kochi,3,leave_404,,"Thin generated location-service matrix page, 0 clicks, low impressions — matches the site's existing anti-pSEO policy (Phase 2B/2G/2M) of not mass-redirecting this footprint.",low,classification_source=rule
https://www.ewastekochi.com/locations/palakkad/tv-monitor-recycling-kochi,/locations/palakkad/tv-monitor-recycling-kochi,www.ewastekochi.com,/locations/palakkad/tv-monitor-recycling-kochi,0,1,alt_canonical,alt_canonical,2026-04-19,location-service-matrix,palakkad,tv-monitor-recycling-kochi,3,redirect_301,(see vercel.json),Already implemented as a redirect in vercel.json.,none,classification_source=v2-redirect
https://www.ewastekochi.com/locations/palakkad/network-equipment-disposal-kochi,/locations/palakkad/network-equipment-disposal-kochi,www.ewastekochi.com,/locations/palakkad/network-equipment-disposal-kochi,0,1,alt_canonical,alt_canonical,2026-04-19,location-service-matrix,palakkad,network-equipment-disposal-kochi,3,leave_404,,"Thin generated location-service matrix page, 0 clicks, low impressions — matches the site's existing anti-pSEO policy (Phase 2B/2G/2M) of not mass-redirecting this footprint.",low,classification_source=rule
https://www.ewastekochi.com/locations/palakkad/dpdp-act-compliance-kochi,/locations/palakkad/dpdp-act-compliance-kochi,www.ewastekochi.com,/locations/palakkad/dpdp-act-compliance-kochi,0,0,alt_canonical,alt_canonical,2026-04-19,location-service-matrix,palakkad,dpdp-act-compliance-kochi,4,leave_404,,"Thin generated location-service matrix page, 0 clicks, low impressions — matches the site's existing anti-pSEO policy (Phase 2B/2G/2M) of not mass-redirecting this footprint.",low,classification_source=rule
https://www.ewastekochi.com/locations/palakkad/free-ewaste-pickup-kochi,/locations/palakkad/free-ewaste-pickup-kochi,www.ewastekochi.com,/locations/palakkad/free-ewaste-pickup-kochi,0,3,alt_canonical,alt_canonical,2026-04-19,location-service-matrix,palakkad,free-ewaste-pickup-kochi,3,redirect_301,(see vercel.json),Already implemented as a redirect in vercel.json.,none,classification_source=v2-redirect
https://www.ewastekochi.com/locations/kadavanthra/tv-monitor-recycling-kochi,/locations/kadavanthra/tv-monitor-recycling-kochi,www.ewastekochi.com,/locations/kadavanthra/tv-monitor-recycling-kochi,0,1,alt_canonical,alt_canonical,2026-04-19,location-service-matrix,kadavanthra,tv-monitor-recycling-kochi,3,redirect_301,(see vercel.json),Already implemented as a redirect in vercel.json.,none,classification_source=v2-redirect
https://www.ewastekochi.com/services/air-conditioner-recycling-kochi,/services/air-conditioner-recycling-kochi,www.ewastekochi.com,/services/air-conditioner-recycling-kochi,1,18,alt_canonical|crawled_not_indexed,alt_canonical|crawled_not_indexed,2026-04-19,service-page,,air-conditioner-recycling-kochi,2,manual_review,,Has real traffic but no confident 1:1 keyword match to an existing V2 page — needs a human call rather than a guessed redirect.,medium,classification_source=rule
https://www.ewastekochi.com/locations/aluva/hard-drive-shredding-kochi,/locations/aluva/hard-drive-shredding-kochi,www.ewastekochi.com,/locations/aluva/hard-drive-shredding-kochi,0,0,alt_canonical,alt_canonical,2026-04-19,location-service-matrix,aluva,hard-drive-shredding-kochi,4,leave_404,,"Thin generated location-service matrix page, 0 clicks, low impressions — matches the site's existing anti-pSEO policy (Phase 2B/2G/2M) of not mass-redirecting this footprint.",low,classification_source=rule
https://www.ewastekochi.com/locations/fort-kochi/laptop-buyback-kochi,/locations/fort-kochi/laptop-buyback-kochi,www.ewastekochi.com,/locations/fort-kochi/laptop-buyback-kochi,0,0,alt_canonical,alt_canonical,2026-04-19,location-service-matrix,fort-kochi,laptop-buyback-kochi,4,leave_404,,"Thin generated location-service matrix page, 0 clicks, low impressions — matches the site's existing anti-pSEO policy (Phase 2B/2G/2M) of not mass-redirecting this footprint.",low,classification_source=rule
https://www.ewastekochi.com/locations/thrikkakara/network-equipment-disposal-kochi,/locations/thrikkakara/network-equipment-disposal-kochi,www.ewastekochi.com,/locations/thrikkakara/network-equipment-disposal-kochi,0,0,alt_canonical,alt_canonical,2026-04-19,location-service-matrix,thrikkakara,network-equipment-disposal-kochi,4,leave_404,,"Thin generated location-service matrix page, 0 clicks, low impressions — matches the site's existing anti-pSEO policy (Phase 2B/2G/2M) of not mass-redirecting this footprint.",low,classification_source=rule
https://www.ewastekochi.com/locations/kalamassery-hitech-park/data-destruction-kochi,/locations/kalamassery-hitech-park/data-destruction-kochi,www.ewastekochi.com,/locations/kalamassery-hitech-park/data-destruction-kochi,0,1,alt_canonical|crawled_not_indexed,alt_canonical|crawled_not_indexed,2026-04-19,location-service-matrix,kalamassery-hitech-park,data-destruction-kochi,3,redirect_301,(see vercel.json),Already implemented as a redirect in vercel.json.,none,classification_source=v2-redirect
https://www.ewastekochi.com/locations/kottayam/laptop-buyback-kochi,/locations/kottayam/laptop-buyback-kochi,www.ewastekochi.com,/locations/kottayam/laptop-buyback-kochi,0,2,alt_canonical,alt_canonical,2026-04-19,location-service-matrix,kottayam,laptop-buyback-kochi,3,redirect_301,(see vercel.json),Already implemented as a redirect in vercel.json.,none,classification_source=v2-redirect
https://www.ewastekochi.com/locations/perumbavoor/battery-recycling-kochi,/locations/perumbavoor/battery-recycling-kochi,www.ewastekochi.com,/locations/perumbavoor/battery-recycling-kochi,0,1,alt_canonical,alt_canonical,2026-04-19,location-service-matrix,perumbavoor,battery-recycling-kochi,3,redirect_301,(see vercel.json),Already implemented as a redirect in vercel.json.,none,classification_source=v2-redirect
https://www.ewastekochi.com/locations/vyttila/ups-inverter-recycling-kochi,/locations/vyttila/ups-inverter-recycling-kochi,www.ewastekochi.com,/locations/vyttila/ups-inverter-recycling-kochi,0,1,alt_canonical,alt_canonical,2026-04-19,location-service-matrix,vyttila,ups-inverter-recycling-kochi,3,redirect_301,(see vercel.json),Already implemented as a redirect in vercel.json.,none,classification_source=v2-redirect
https://www.ewastekochi.com/locations/infopark-kochi/printer-recycling-kochi,/locations/infopark-kochi/printer-recycling-kochi,www.ewastekochi.com,/locations/infopark-kochi/printer-recycling-kochi,0,2,alt_canonical,alt_canonical,2026-04-19,location-service-matrix,infopark-kochi,printer-recycling-kochi,3,leave_404,,"Thin generated location-service matrix page, 0 clicks, low impressions — matches the site's existing anti-pSEO policy (Phase 2B/2G/2M) of not mass-redirecting this footprint.",low,classification_source=rule
https://www.ewastekochi.com/locations/kollam/corporate-ewaste-kochi,/locations/kollam/corporate-ewaste-kochi,www.ewastekochi.com,/locations/kollam/corporate-ewaste-kochi,0,0,alt_canonical,alt_canonical,2026-04-19,location-service-matrix,kollam,corporate-ewaste-kochi,4,leave_404,,"Thin generated location-service matrix page, 0 clicks, low impressions — matches the site's existing anti-pSEO policy (Phase 2B/2G/2M) of not mass-redirecting this footprint.",low,classification_source=rule
https://www.ewastekochi.com/locations/north-paravur/ups-inverter-recycling-kochi,/locations/north-paravur/ups-inverter-recycling-kochi,www.ewastekochi.com,/locations/north-paravur/ups-inverter-recycling-kochi,0,5,alt_canonical,alt_canonical,2026-04-19,location-service-matrix,north-paravur,ups-inverter-recycling-kochi,3,redirect_301,(see vercel.json),Already implemented as a redirect in vercel.json.,none,classification_source=v2-redirect
https://www.ewastekochi.com/locations/kalady/network-equipment-disposal-kochi,/locations/kalady/network-equipment-disposal-kochi,www.ewastekochi.com,/locations/kalady/network-equipment-disposal-kochi,0,0,alt_canonical,alt_canonical,2026-04-19,location-service-matrix,kalady,network-equipment-disposal-kochi,4,leave_404,,"Thin generated location-service matrix page, 0 clicks, low impressions — matches the site's existing anti-pSEO policy (Phase 2B/2G/2M) of not mass-redirecting this footprint.",low,classification_source=rule
https://www.ewastekochi.com/locations/kadavanthra/hard-drive-shredding-kochi,/locations/kadavanthra/hard-drive-shredding-kochi,www.ewastekochi.com,/locations/kadavanthra/hard-drive-shredding-kochi,0,0,alt_canonical,alt_canonical,2026-04-19,location-service-matrix,kadavanthra,hard-drive-shredding-kochi,4,leave_404,,"Thin generated location-service matrix page, 0 clicks, low impressions — matches the site's existing anti-pSEO policy (Phase 2B/2G/2M) of not mass-redirecting this footprint.",low,classification_source=rule
https://www.ewastekochi.com/locations/thrippunithura/server-recycling-kochi,/locations/thrippunithura/server-recycling-kochi,www.ewastekochi.com,/locations/thrippunithura/server-recycling-kochi,0,2,alt_canonical,alt_canonical,2026-04-19,location-service-matrix,thrippunithura,server-recycling-kochi,3,redirect_301,(see vercel.json),Already implemented as a redirect in vercel.json.,none,classification_source=v2-redirect
https://www.ewastekochi.com/locations/fort-kochi/certificate-of-destruction-kochi,/locations/fort-kochi/certificate-of-destruction-kochi,www.ewastekochi.com,/locations/fort-kochi/certificate-of-destruction-kochi,0,0,alt_canonical,alt_canonical,2026-04-19,location-service-matrix,fort-kochi,certificate-of-destruction-kochi,4,leave_404,,"Thin generated location-service matrix page, 0 clicks, low impressions — matches the site's existing anti-pSEO policy (Phase 2B/2G/2M) of not mass-redirecting this footprint.",low,classification_source=rule
https://www.ewastekochi.com/locations/palarivattom/tv-monitor-recycling-kochi,/locations/palarivattom/tv-monitor-recycling-kochi,www.ewastekochi.com,/locations/palarivattom/tv-monitor-recycling-kochi,0,0,alt_canonical,alt_canonical,2026-04-19,location-service-matrix,palarivattom,tv-monitor-recycling-kochi,4,leave_404,,"Thin generated location-service matrix page, 0 clicks, low impressions — matches the site's existing anti-pSEO policy (Phase 2B/2G/2M) of not mass-redirecting this footprint.",low,classification_source=rule
https://www.ewastekochi.com/locations/palakkad/server-recycling-kochi,/locations/palakkad/server-recycling-kochi,www.ewastekochi.com,/locations/palakkad/server-recycling-kochi,0,0,alt_canonical,alt_canonical,2026-04-19,location-service-matrix,palakkad,server-recycling-kochi,4,leave_404,,"Thin generated location-service matrix page, 0 clicks, low impressions — matches the site's existing anti-pSEO policy (Phase 2B/2G/2M) of not mass-redirecting this footprint.",low,classification_source=rule
https://www.ewastekochi.com/locations/kothamangalam/printer-recycling-kochi,/locations/kothamangalam/printer-recycling-kochi,www.ewastekochi.com,/locations/kothamangalam/printer-recycling-kochi,0,0,alt_canonical,alt_canonical,2026-04-19,location-service-matrix,kothamangalam,printer-recycling-kochi,4,leave_404,,"Thin generated location-service matrix page, 0 clicks, low impressions — matches the site's existing anti-pSEO policy (Phase 2B/2G/2M) of not mass-redirecting this footprint.",low,classification_source=rule
https://www.ewastekochi.com/locations/vyttila/laptop-buyback-kochi,/locations/vyttila/laptop-buyback-kochi,www.ewastekochi.com,/locations/vyttila/laptop-buyback-kochi,0,2,alt_canonical,alt_canonical,2026-04-19,location-service-matrix,vyttila,laptop-buyback-kochi,3,redirect_301,(see vercel.json),Already implemented as a redirect in vercel.json.,none,classification_source=v2-redirect
https://www.ewastekochi.com/locations/kalamassery-hitech-park/mobile-recycling-kochi,/locations/kalamassery-hitech-park/mobile-recycling-kochi,www.ewastekochi.com,/locations/kalamassery-hitech-park/mobile-recycling-kochi,0,0,alt_canonical|crawled_not_indexed,alt_canonical|crawled_not_indexed,2026-04-19,location-service-matrix,kalamassery-hitech-park,mobile-recycling-kochi,4,leave_404,,"Thin generated location-service matrix page, 0 clicks, low impressions — matches the site's existing anti-pSEO policy (Phase 2B/2G/2M) of not mass-redirecting this footprint.",low,classification_source=rule
https://www.ewastekochi.com/locations/vyttila/hard-drive-shredding-kochi,/locations/vyttila/hard-drive-shredding-kochi,www.ewastekochi.com,/locations/vyttila/hard-drive-shredding-kochi,0,0,alt_canonical|crawled_not_indexed,alt_canonical|crawled_not_indexed,2026-04-19,location-service-matrix,vyttila,hard-drive-shredding-kochi,4,leave_404,,"Thin generated location-service matrix page, 0 clicks, low impressions — matches the site's existing anti-pSEO policy (Phase 2B/2G/2M) of not mass-redirecting this footprint.",low,classification_source=rule
https://www.ewastekochi.com/locations/kalamassery/printer-recycling-kochi,/locations/kalamassery/printer-recycling-kochi,www.ewastekochi.com,/locations/kalamassery/printer-recycling-kochi,0,0,alt_canonical,alt_canonical,2026-04-19,location-service-matrix,kalamassery,printer-recycling-kochi,4,leave_404,,"Thin generated location-service matrix page, 0 clicks, low impressions — matches the site's existing anti-pSEO policy (Phase 2B/2G/2M) of not mass-redirecting this footprint.",low,classification_source=rule
https://www.ewastekochi.com/locations/willingdon-island/network-equipment-disposal-kochi,/locations/willingdon-island/network-equipment-disposal-kochi,www.ewastekochi.com,/locations/willingdon-island/network-equipment-disposal-kochi,0,0,alt_canonical,alt_canonical,2026-04-19,location-service-matrix,willingdon-island,network-equipment-disposal-kochi,4,leave_404,,"Thin generated location-service matrix page, 0 clicks, low impressions — matches the site's existing anti-pSEO policy (Phase 2B/2G/2M) of not mass-redirecting this footprint.",low,classification_source=rule
https://www.ewastekochi.com/locations/kalamassery/mobile-recycling-kochi,/locations/kalamassery/mobile-recycling-kochi,www.ewastekochi.com,/locations/kalamassery/mobile-recycling-kochi,0,1,alt_canonical,alt_canonical,2026-04-19,location-service-matrix,kalamassery,mobile-recycling-kochi,3,redirect_301,(see vercel.json),Already implemented as a redirect in vercel.json.,none,classification_source=v2-redirect
https://www.ewastekochi.com/locations/muvattupuzha/hard-drive-shredding-kochi,/locations/muvattupuzha/hard-drive-shredding-kochi,www.ewastekochi.com,/locations/muvattupuzha/hard-drive-shredding-kochi,0,0,alt_canonical,alt_canonical,2026-04-19,location-service-matrix,muvattupuzha,hard-drive-shredding-kochi,4,leave_404,,"Thin generated location-service matrix page, 0 clicks, low impressions — matches the site's existing anti-pSEO policy (Phase 2B/2G/2M) of not mass-redirecting this footprint.",low,classification_source=rule
https://www.ewastekochi.com/locations/smart-city-kochi/certificate-of-destruction-kochi,/locations/smart-city-kochi/certificate-of-destruction-kochi,www.ewastekochi.com,/locations/smart-city-kochi/certificate-of-destruction-kochi,0,3,alt_canonical,alt_canonical,2026-04-19,location-service-matrix,smart-city-kochi,certificate-of-destruction-kochi,3,redirect_301,(see vercel.json),Already implemented as a redirect in vercel.json.,none,classification_source=v2-redirect
https://www.ewastekochi.com/locations/angamaly/certificate-of-destruction-kochi,/locations/angamaly/certificate-of-destruction-kochi,www.ewastekochi.com,/locations/angamaly/certificate-of-destruction-kochi,0,0,alt_canonical,alt_canonical,2026-04-19,location-service-matrix,angamaly,certificate-of-destruction-kochi,4,leave_404,,"Thin generated location-service matrix page, 0 clicks, low impressions — matches the site's existing anti-pSEO policy (Phase 2B/2G/2M) of not mass-redirecting this footprint.",low,classification_source=rule
https://www.ewastekochi.com/locations/angamaly/mobile-recycling-kochi,/locations/angamaly/mobile-recycling-kochi,www.ewastekochi.com,/locations/angamaly/mobile-recycling-kochi,0,2,alt_canonical,alt_canonical,2026-04-19,location-service-matrix,angamaly,mobile-recycling-kochi,3,leave_404,,"Thin generated location-service matrix page, 0 clicks, low impressions — matches the site's existing anti-pSEO policy (Phase 2B/2G/2M) of not mass-redirecting this footprint.",low,classification_source=rule
https://www.ewastekochi.com/locations/kalamassery-hitech-park/server-recycling-kochi,/locations/kalamassery-hitech-park/server-recycling-kochi,www.ewastekochi.com,/locations/kalamassery-hitech-park/server-recycling-kochi,0,2,alt_canonical,alt_canonical,2026-04-19,location-service-matrix,kalamassery-hitech-park,server-recycling-kochi,3,redirect_301,(see vercel.json),Already implemented as a redirect in vercel.json.,none,classification_source=v2-redirect
https://www.ewastekochi.com/locations/fort-kochi/printer-recycling-kochi,/locations/fort-kochi/printer-recycling-kochi,www.ewastekochi.com,/locations/fort-kochi/printer-recycling-kochi,0,2,alt_canonical,alt_canonical,2026-04-19,location-service-matrix,fort-kochi,printer-recycling-kochi,3,leave_404,,"Thin generated location-service matrix page, 0 clicks, low impressions — matches the site's existing anti-pSEO policy (Phase 2B/2G/2M) of not mass-redirecting this footprint.",low,classification_source=rule
https://www.ewastekochi.com/locations/thiruvananthapuram/certificate-of-destruction-kochi,/locations/thiruvananthapuram/certificate-of-destruction-kochi,www.ewastekochi.com,/locations/thiruvananthapuram/certificate-of-destruction-kochi,0,3,alt_canonical,alt_canonical,2026-04-19,location-service-matrix,thiruvananthapuram,certificate-of-destruction-kochi,3,redirect_301,(see vercel.json),Already implemented as a redirect in vercel.json.,none,classification_source=v2-redirect
https://www.ewastekochi.com/locations/kannur/printer-recycling-kochi,/locations/kannur/printer-recycling-kochi,www.ewastekochi.com,/locations/kannur/printer-recycling-kochi,0,2,alt_canonical,alt_canonical,2026-04-19,location-service-matrix,kannur,printer-recycling-kochi,3,leave_404,,"Thin generated location-service matrix page, 0 clicks, low impressions — matches the site's existing anti-pSEO policy (Phase 2B/2G/2M) of not mass-redirecting this footprint.",low,classification_source=rule
https://www.ewastekochi.com/locations/thrikkakara/air-conditioner-recycling-kochi,/locations/thrikkakara/air-conditioner-recycling-kochi,www.ewastekochi.com,/locations/thrikkakara/air-conditioner-recycling-kochi,0,2,alt_canonical,alt_canonical,2026-04-19,location-service-matrix,thrikkakara,air-conditioner-recycling-kochi,3,leave_404,,"Thin generated location-service matrix page, 0 clicks, low impressions — matches the site's existing anti-pSEO policy (Phase 2B/2G/2M) of not mass-redirecting this footprint.",low,classification_source=rule
https://www.ewastekochi.com/locations/kollam/dpdp-act-compliance-kochi,/locations/kollam/dpdp-act-compliance-kochi,www.ewastekochi.com,/locations/kollam/dpdp-act-compliance-kochi,0,0,alt_canonical,alt_canonical,2026-04-19,location-service-matrix,kollam,dpdp-act-compliance-kochi,4,leave_404,,"Thin generated location-service matrix page, 0 clicks, low impressions — matches the site's existing anti-pSEO policy (Phase 2B/2G/2M) of not mass-redirecting this footprint.",low,classification_source=rule
https://www.ewastekochi.com/locations/thrissur/hard-drive-shredding-kochi,/locations/thrissur/hard-drive-shredding-kochi,www.ewastekochi.com,/locations/thrissur/hard-drive-shredding-kochi,0,1,alt_canonical,alt_canonical,2026-04-19,location-service-matrix,thrissur,hard-drive-shredding-kochi,3,redirect_301,(see vercel.json),Already implemented as a redirect in vercel.json.,none,classification_source=v2-redirect
https://www.ewastekochi.com/locations/vyttila/itad-kochi,/locations/vyttila/itad-kochi,www.ewastekochi.com,/locations/vyttila/itad-kochi,0,0,alt_canonical,alt_canonical,2026-04-19,location-service-matrix,vyttila,itad-kochi,4,leave_404,,"Thin generated location-service matrix page, 0 clicks, low impressions — matches the site's existing anti-pSEO policy (Phase 2B/2G/2M) of not mass-redirecting this footprint.",low,classification_source=rule
https://www.ewastekochi.com/locations/kakkanad/printer-recycling-kochi,/locations/kakkanad/printer-recycling-kochi,www.ewastekochi.com,/locations/kakkanad/printer-recycling-kochi,0,1,alt_canonical,alt_canonical,2026-04-19,location-service-matrix,kakkanad,printer-recycling-kochi,3,redirect_301,(see vercel.json),Already implemented as a redirect in vercel.json.,none,classification_source=v2-redirect
https://www.ewastekochi.com/locations/kannur/hard-drive-shredding-kochi,/locations/kannur/hard-drive-shredding-kochi,www.ewastekochi.com,/locations/kannur/hard-drive-shredding-kochi,0,1,alt_canonical,alt_canonical,2026-04-19,location-service-matrix,kannur,hard-drive-shredding-kochi,3,redirect_301,(see vercel.json),Already implemented as a redirect in vercel.json.,none,classification_source=v2-redirect
https://www.ewastekochi.com/locations/kalamassery/air-conditioner-recycling-kochi,/locations/kalamassery/air-conditioner-recycling-kochi,www.ewastekochi.com,/locations/kalamassery/air-conditioner-recycling-kochi,0,0,alt_canonical,alt_canonical,2026-04-19,location-service-matrix,kalamassery,air-conditioner-recycling-kochi,4,leave_404,,"Thin generated location-service matrix page, 0 clicks, low impressions — matches the site's existing anti-pSEO policy (Phase 2B/2G/2M) of not mass-redirecting this footprint.",low,classification_source=rule
https://www.ewastekochi.com/locations/infopark-kochi/e-waste-recycling-kochi,/locations/infopark-kochi/e-waste-recycling-kochi,www.ewastekochi.com,/locations/infopark-kochi/e-waste-recycling-kochi,0,10,alt_canonical,alt_canonical,2026-04-19,location-service-matrix,infopark-kochi,e-waste-recycling-kochi,3,redirect_301,(see vercel.json),Already implemented as a redirect in vercel.json.,none,classification_source=v2-redirect
https://www.ewastekochi.com/locations/kakkanad/network-equipment-disposal-kochi,/locations/kakkanad/network-equipment-disposal-kochi,www.ewastekochi.com,/locations/kakkanad/network-equipment-disposal-kochi,0,4,alt_canonical,alt_canonical,2026-04-19,location-service-matrix,kakkanad,network-equipment-disposal-kochi,3,redirect_301,(see vercel.json),Already implemented as a redirect in vercel.json.,none,classification_source=v2-redirect
https://www.ewastekochi.com/locations/kannur/e-waste-recycling-kochi,/locations/kannur/e-waste-recycling-kochi,www.ewastekochi.com,/locations/kannur/e-waste-recycling-kochi,0,9,alt_canonical,alt_canonical,2026-04-19,location-service-matrix,kannur,e-waste-recycling-kochi,3,redirect_301,(see vercel.json),Already implemented as a redirect in vercel.json.,none,classification_source=v2-redirect
https://www.ewastekochi.com/locations/willingdon-island/itad-kochi,/locations/willingdon-island/itad-kochi,www.ewastekochi.com,/locations/willingdon-island/itad-kochi,0,0,alt_canonical,alt_canonical,2026-04-19,location-service-matrix,willingdon-island,itad-kochi,4,leave_404,,"Thin generated location-service matrix page, 0 clicks, low impressions — matches the site's existing anti-pSEO policy (Phase 2B/2G/2M) of not mass-redirecting this footprint.",low,classification_source=rule
https://www.ewastekochi.com/locations/maradu/network-equipment-disposal-kochi,/locations/maradu/network-equipment-disposal-kochi,www.ewastekochi.com,/locations/maradu/network-equipment-disposal-kochi,0,2,alt_canonical,alt_canonical,2026-04-19,location-service-matrix,maradu,network-equipment-disposal-kochi,3,leave_404,,"Thin generated location-service matrix page, 0 clicks, low impressions — matches the site's existing anti-pSEO policy (Phase 2B/2G/2M) of not mass-redirecting this footprint.",low,classification_source=rule
https://www.ewastekochi.com/locations/kadavanthra/free-ewaste-pickup-kochi,/locations/kadavanthra/free-ewaste-pickup-kochi,www.ewastekochi.com,/locations/kadavanthra/free-ewaste-pickup-kochi,0,5,alt_canonical,alt_canonical,2026-04-19,location-service-matrix,kadavanthra,free-ewaste-pickup-kochi,3,redirect_301,(see vercel.json),Already implemented as a redirect in vercel.json.,none,classification_source=v2-redirect
https://www.ewastekochi.com/locations/thrippunithura/certificate-of-destruction-kochi,/locations/thrippunithura/certificate-of-destruction-kochi,www.ewastekochi.com,/locations/thrippunithura/certificate-of-destruction-kochi,0,0,alt_canonical,alt_canonical,2026-04-19,location-service-matrix,thrippunithura,certificate-of-destruction-kochi,4,leave_404,,"Thin generated location-service matrix page, 0 clicks, low impressions — matches the site's existing anti-pSEO policy (Phase 2B/2G/2M) of not mass-redirecting this footprint.",low,classification_source=rule
https://www.ewastekochi.com/locations/maradu/certificate-of-destruction-kochi,/locations/maradu/certificate-of-destruction-kochi,www.ewastekochi.com,/locations/maradu/certificate-of-destruction-kochi,0,0,alt_canonical,alt_canonical,2026-04-19,location-service-matrix,maradu,certificate-of-destruction-kochi,4,leave_404,,"Thin generated location-service matrix page, 0 clicks, low impressions — matches the site's existing anti-pSEO policy (Phase 2B/2G/2M) of not mass-redirecting this footprint.",low,classification_source=rule
https://www.ewastekochi.com/locations/kothamangalam/tv-monitor-recycling-kochi,/locations/kothamangalam/tv-monitor-recycling-kochi,www.ewastekochi.com,/locations/kothamangalam/tv-monitor-recycling-kochi,0,1,alt_canonical,alt_canonical,2026-04-19,location-service-matrix,kothamangalam,tv-monitor-recycling-kochi,3,redirect_301,(see vercel.json),Already implemented as a redirect in vercel.json.,none,classification_source=v2-redirect
https://www.ewastekochi.com/locations/kothamangalam/dpdp-act-compliance-kochi,/locations/kothamangalam/dpdp-act-compliance-kochi,www.ewastekochi.com,/locations/kothamangalam/dpdp-act-compliance-kochi,0,0,alt_canonical,alt_canonical,2026-04-19,location-service-matrix,kothamangalam,dpdp-act-compliance-kochi,4,leave_404,,"Thin generated location-service matrix page, 0 clicks, low impressions — matches the site's existing anti-pSEO policy (Phase 2B/2G/2M) of not mass-redirecting this footprint.",low,classification_source=rule
https://www.ewastekochi.com/locations/fort-kochi/network-equipment-disposal-kochi,/locations/fort-kochi/network-equipment-disposal-kochi,www.ewastekochi.com,/locations/fort-kochi/network-equipment-disposal-kochi,0,0,alt_canonical,alt_canonical,2026-04-19,location-service-matrix,fort-kochi,network-equipment-disposal-kochi,4,leave_404,,"Thin generated location-service matrix page, 0 clicks, low impressions — matches the site's existing anti-pSEO policy (Phase 2B/2G/2M) of not mass-redirecting this footprint.",low,classification_source=rule
https://www.ewastekochi.com/locations/kannur/corporate-ewaste-kochi,/locations/kannur/corporate-ewaste-kochi,www.ewastekochi.com,/locations/kannur/corporate-ewaste-kochi,0,1,alt_canonical,alt_canonical,2026-04-19,location-service-matrix,kannur,corporate-ewaste-kochi,3,leave_404,,"Thin generated location-service matrix page, 0 clicks, low impressions — matches the site's existing anti-pSEO policy (Phase 2B/2G/2M) of not mass-redirecting this footprint.",low,classification_source=rule
https://www.ewastekochi.com/locations/kollam/ups-inverter-recycling-kochi,/locations/kollam/ups-inverter-recycling-kochi,www.ewastekochi.com,/locations/kollam/ups-inverter-recycling-kochi,0,0,alt_canonical,alt_canonical,2026-04-19,location-service-matrix,kollam,ups-inverter-recycling-kochi,4,leave_404,,"Thin generated location-service matrix page, 0 clicks, low impressions — matches the site's existing anti-pSEO policy (Phase 2B/2G/2M) of not mass-redirecting this footprint.",low,classification_source=rule
https://www.ewastekochi.com/locations/smart-city-kochi/server-recycling-kochi,/locations/smart-city-kochi/server-recycling-kochi,www.ewastekochi.com,/locations/smart-city-kochi/server-recycling-kochi,0,0,alt_canonical,alt_canonical,2026-04-19,location-service-matrix,smart-city-kochi,server-recycling-kochi,4,leave_404,,"Thin generated location-service matrix page, 0 clicks, low impressions — matches the site's existing anti-pSEO policy (Phase 2B/2G/2M) of not mass-redirecting this footprint.",low,classification_source=rule
https://www.ewastekochi.com/locations/palarivattom/itad-kochi,/locations/palarivattom/itad-kochi,www.ewastekochi.com,/locations/palarivattom/itad-kochi,0,1,alt_canonical,alt_canonical,2026-04-19,location-service-matrix,palarivattom,itad-kochi,3,redirect_301,(see vercel.json),Already implemented as a redirect in vercel.json.,none,classification_source=v2-redirect
https://www.ewastekochi.com/locations/vyttila/data-destruction-kochi,/locations/vyttila/data-destruction-kochi,www.ewastekochi.com,/locations/vyttila/data-destruction-kochi,0,2,alt_canonical|crawled_not_indexed,alt_canonical|crawled_not_indexed,2026-04-19,location-service-matrix,vyttila,data-destruction-kochi,3,redirect_301,(see vercel.json),Already implemented as a redirect in vercel.json.,none,classification_source=v2-redirect
https://www.ewastekochi.com/locations/kadavanthra/network-equipment-disposal-kochi,/locations/kadavanthra/network-equipment-disposal-kochi,www.ewastekochi.com,/locations/kadavanthra/network-equipment-disposal-kochi,0,0,alt_canonical,alt_canonical,2026-04-19,location-service-matrix,kadavanthra,network-equipment-disposal-kochi,4,leave_404,,"Thin generated location-service matrix page, 0 clicks, low impressions — matches the site's existing anti-pSEO policy (Phase 2B/2G/2M) of not mass-redirecting this footprint.",low,classification_source=rule
https://www.ewastekochi.com/locations/kalamassery-hitech-park/laptop-buyback-kochi,/locations/kalamassery-hitech-park/laptop-buyback-kochi,www.ewastekochi.com,/locations/kalamassery-hitech-park/laptop-buyback-kochi,0,0,alt_canonical,alt_canonical,2026-04-19,location-service-matrix,kalamassery-hitech-park,laptop-buyback-kochi,4,leave_404,,"Thin generated location-service matrix page, 0 clicks, low impressions — matches the site's existing anti-pSEO policy (Phase 2B/2G/2M) of not mass-redirecting this footprint.",low,classification_source=rule
https://www.ewastekochi.com/locations/kottayam/dpdp-act-compliance-kochi,/locations/kottayam/dpdp-act-compliance-kochi,www.ewastekochi.com,/locations/kottayam/dpdp-act-compliance-kochi,0,3,alt_canonical,alt_canonical,2026-04-19,location-service-matrix,kottayam,dpdp-act-compliance-kochi,3,leave_404,,"Thin generated location-service matrix page, 0 clicks, low impressions — matches the site's existing anti-pSEO policy (Phase 2B/2G/2M) of not mass-redirecting this footprint.",low,classification_source=rule
https://www.ewastekochi.com/locations/willingdon-island/ups-inverter-recycling-kochi,/locations/willingdon-island/ups-inverter-recycling-kochi,www.ewastekochi.com,/locations/willingdon-island/ups-inverter-recycling-kochi,0,2,alt_canonical,alt_canonical,2026-04-19,location-service-matrix,willingdon-island,ups-inverter-recycling-kochi,3,redirect_301,(see vercel.json),Already implemented as a redirect in vercel.json.,none,classification_source=v2-redirect
https://www.ewastekochi.com/locations/kottayam/hard-drive-shredding-kochi,/locations/kottayam/hard-drive-shredding-kochi,www.ewastekochi.com,/locations/kottayam/hard-drive-shredding-kochi,0,1,alt_canonical,alt_canonical,2026-04-19,location-service-matrix,kottayam,hard-drive-shredding-kochi,3,redirect_301,(see vercel.json),Already implemented as a redirect in vercel.json.,none,classification_source=v2-redirect
https://www.ewastekochi.com/locations/kozhikode/laptop-buyback-kochi,/locations/kozhikode/laptop-buyback-kochi,www.ewastekochi.com,/locations/kozhikode/laptop-buyback-kochi,0,2,alt_canonical,alt_canonical,2026-04-19,location-service-matrix,kozhikode,laptop-buyback-kochi,3,redirect_301,(see vercel.json),Already implemented as a redirect in vercel.json.,none,classification_source=v2-redirect
https://www.ewastekochi.com/locations/infopark-kochi/air-conditioner-recycling-kochi,/locations/infopark-kochi/air-conditioner-recycling-kochi,www.ewastekochi.com,/locations/infopark-kochi/air-conditioner-recycling-kochi,0,0,alt_canonical,alt_canonical,2026-04-19,location-service-matrix,infopark-kochi,air-conditioner-recycling-kochi,4,leave_404,,"Thin generated location-service matrix page, 0 clicks, low impressions — matches the site's existing anti-pSEO policy (Phase 2B/2G/2M) of not mass-redirecting this footprint.",low,classification_source=rule
https://www.ewastekochi.com/locations/ernakulam-south/printer-recycling-kochi,/locations/ernakulam-south/printer-recycling-kochi,www.ewastekochi.com,/locations/ernakulam-south/printer-recycling-kochi,0,2,alt_canonical|crawled_not_indexed,alt_canonical|crawled_not_indexed,2026-04-19,location-service-matrix,ernakulam-south,printer-recycling-kochi,3,redirect_301,(see vercel.json),Already implemented as a redirect in vercel.json.,none,classification_source=v2-redirect
https://www.ewastekochi.com/locations/malappuram/data-destruction-kochi,/locations/malappuram/data-destruction-kochi,www.ewastekochi.com,/locations/malappuram/data-destruction-kochi,0,4,alt_canonical,alt_canonical,2026-04-19,location-service-matrix,malappuram,data-destruction-kochi,3,redirect_301,(see vercel.json),Already implemented as a redirect in vercel.json.,none,classification_source=v2-redirect
https://www.ewastekochi.com/locations/kollam/data-destruction-kochi,/locations/kollam/data-destruction-kochi,www.ewastekochi.com,/locations/kollam/data-destruction-kochi,0,0,alt_canonical,alt_canonical,2026-04-19,location-service-matrix,kollam,data-destruction-kochi,4,leave_404,,"Thin generated location-service matrix page, 0 clicks, low impressions — matches the site's existing anti-pSEO policy (Phase 2B/2G/2M) of not mass-redirecting this footprint.",low,classification_source=rule
https://www.ewastekochi.com/locations/perumbavoor/e-waste-recycling-kochi,/locations/perumbavoor/e-waste-recycling-kochi,www.ewastekochi.com,/locations/perumbavoor/e-waste-recycling-kochi,1,10,alt_canonical,alt_canonical,2026-04-19,location-service-matrix,perumbavoor,e-waste-recycling-kochi,2,redirect_301,(see vercel.json),Already implemented as a redirect in vercel.json.,none,classification_source=v2-redirect
https://www.ewastekochi.com/locations/maradu/laptop-buyback-kochi,/locations/maradu/laptop-buyback-kochi,www.ewastekochi.com,/locations/maradu/laptop-buyback-kochi,0,0,alt_canonical|crawled_not_indexed,alt_canonical|crawled_not_indexed,2026-04-19,location-service-matrix,maradu,laptop-buyback-kochi,4,leave_404,,"Thin generated location-service matrix page, 0 clicks, low impressions — matches the site's existing anti-pSEO policy (Phase 2B/2G/2M) of not mass-redirecting this footprint.",low,classification_source=rule
https://www.ewastekochi.com/locations/ernakulam-south/network-equipment-disposal-kochi,/locations/ernakulam-south/network-equipment-disposal-kochi,www.ewastekochi.com,/locations/ernakulam-south/network-equipment-disposal-kochi,0,5,alt_canonical,alt_canonical,2026-04-19,location-service-matrix,ernakulam-south,network-equipment-disposal-kochi,3,redirect_301,(see vercel.json),Already implemented as a redirect in vercel.json.,none,classification_source=v2-redirect
https://www.ewastekochi.com/locations/vyttila/battery-recycling-kochi,/locations/vyttila/battery-recycling-kochi,www.ewastekochi.com,/locations/vyttila/battery-recycling-kochi,0,1,alt_canonical,alt_canonical,2026-04-19,location-service-matrix,vyttila,battery-recycling-kochi,3,redirect_301,(see vercel.json),Already implemented as a redirect in vercel.json.,none,classification_source=v2-redirect
https://www.ewastekochi.com/locations/perumbavoor/hard-drive-shredding-kochi,/locations/perumbavoor/hard-drive-shredding-kochi,www.ewastekochi.com,/locations/perumbavoor/hard-drive-shredding-kochi,0,0,alt_canonical,alt_canonical,2026-04-19,location-service-matrix,perumbavoor,hard-drive-shredding-kochi,4,leave_404,,"Thin generated location-service matrix page, 0 clicks, low impressions — matches the site's existing anti-pSEO policy (Phase 2B/2G/2M) of not mass-redirecting this footprint.",low,classification_source=rule
https://www.ewastekochi.com/locations/kannur/dpdp-act-compliance-kochi,/locations/kannur/dpdp-act-compliance-kochi,www.ewastekochi.com,/locations/kannur/dpdp-act-compliance-kochi,0,0,alt_canonical,alt_canonical,2026-04-19,location-service-matrix,kannur,dpdp-act-compliance-kochi,4,leave_404,,"Thin generated location-service matrix page, 0 clicks, low impressions — matches the site's existing anti-pSEO policy (Phase 2B/2G/2M) of not mass-redirecting this footprint.",low,classification_source=rule
https://www.ewastekochi.com/locations/thrikkakara/dpdp-act-compliance-kochi,/locations/thrikkakara/dpdp-act-compliance-kochi,www.ewastekochi.com,/locations/thrikkakara/dpdp-act-compliance-kochi,0,0,alt_canonical,alt_canonical,2026-04-19,location-service-matrix,thrikkakara,dpdp-act-compliance-kochi,4,leave_404,,"Thin generated location-service matrix page, 0 clicks, low impressions — matches the site's existing anti-pSEO policy (Phase 2B/2G/2M) of not mass-redirecting this footprint.",low,classification_source=rule
https://www.ewastekochi.com/locations/kalady/dpdp-act-compliance-kochi,/locations/kalady/dpdp-act-compliance-kochi,www.ewastekochi.com,/locations/kalady/dpdp-act-compliance-kochi,0,0,alt_canonical,alt_canonical,2026-04-19,location-service-matrix,kalady,dpdp-act-compliance-kochi,4,leave_404,,"Thin generated location-service matrix page, 0 clicks, low impressions — matches the site's existing anti-pSEO policy (Phase 2B/2G/2M) of not mass-redirecting this footprint.",low,classification_source=rule
https://www.ewastekochi.com/locations/kozhikode/network-equipment-disposal-kochi,/locations/kozhikode/network-equipment-disposal-kochi,www.ewastekochi.com,/locations/kozhikode/network-equipment-disposal-kochi,0,0,alt_canonical,alt_canonical,2026-04-19,location-service-matrix,kozhikode,network-equipment-disposal-kochi,4,leave_404,,"Thin generated location-service matrix page, 0 clicks, low impressions — matches the site's existing anti-pSEO policy (Phase 2B/2G/2M) of not mass-redirecting this footprint.",low,classification_source=rule
https://www.ewastekochi.com/locations/maradu/battery-recycling-kochi,/locations/maradu/battery-recycling-kochi,www.ewastekochi.com,/locations/maradu/battery-recycling-kochi,0,0,alt_canonical,alt_canonical,2026-04-19,location-service-matrix,maradu,battery-recycling-kochi,4,leave_404,,"Thin generated location-service matrix page, 0 clicks, low impressions — matches the site's existing anti-pSEO policy (Phase 2B/2G/2M) of not mass-redirecting this footprint.",low,classification_source=rule
https://www.ewastekochi.com/locations/perumbavoor/dpdp-act-compliance-kochi,/locations/perumbavoor/dpdp-act-compliance-kochi,www.ewastekochi.com,/locations/perumbavoor/dpdp-act-compliance-kochi,0,0,alt_canonical,alt_canonical,2026-04-19,location-service-matrix,perumbavoor,dpdp-act-compliance-kochi,4,leave_404,,"Thin generated location-service matrix page, 0 clicks, low impressions — matches the site's existing anti-pSEO policy (Phase 2B/2G/2M) of not mass-redirecting this footprint.",low,classification_source=rule
https://www.ewastekochi.com/locations/malappuram/itad-kochi,/locations/malappuram/itad-kochi,www.ewastekochi.com,/locations/malappuram/itad-kochi,0,2,alt_canonical,alt_canonical,2026-04-19,location-service-matrix,malappuram,itad-kochi,3,redirect_301,(see vercel.json),Already implemented as a redirect in vercel.json.,none,classification_source=v2-redirect
https://www.ewastekochi.com/locations/kakkanad/hard-drive-shredding-kochi,/locations/kakkanad/hard-drive-shredding-kochi,www.ewastekochi.com,/locations/kakkanad/hard-drive-shredding-kochi,0,7,alt_canonical,alt_canonical,2026-04-19,location-service-matrix,kakkanad,hard-drive-shredding-kochi,3,redirect_301,(see vercel.json),Already implemented as a redirect in vercel.json.,none,classification_source=v2-redirect
https://www.ewastekochi.com/locations/thrikkakara/laptop-buyback-kochi,/locations/thrikkakara/laptop-buyback-kochi,www.ewastekochi.com,/locations/thrikkakara/laptop-buyback-kochi,0,0,alt_canonical|crawled_not_indexed,alt_canonical|crawled_not_indexed,2026-04-19,location-service-matrix,thrikkakara,laptop-buyback-kochi,4,leave_404,,"Thin generated location-service matrix page, 0 clicks, low impressions — matches the site's existing anti-pSEO policy (Phase 2B/2G/2M) of not mass-redirecting this footprint.",low,classification_source=rule
https://www.ewastekochi.com/locations/infopark-kochi/mobile-recycling-kochi,/locations/infopark-kochi/mobile-recycling-kochi,www.ewastekochi.com,/locations/infopark-kochi/mobile-recycling-kochi,0,1,alt_canonical,alt_canonical,2026-04-19,location-service-matrix,infopark-kochi,mobile-recycling-kochi,3,leave_404,,"Thin generated location-service matrix page, 0 clicks, low impressions — matches the site's existing anti-pSEO policy (Phase 2B/2G/2M) of not mass-redirecting this footprint.",low,classification_source=rule
https://www.ewastekochi.com/locations/perumbavoor/server-recycling-kochi,/locations/perumbavoor/server-recycling-kochi,www.ewastekochi.com,/locations/perumbavoor/server-recycling-kochi,0,1,alt_canonical,alt_canonical,2026-04-19,location-service-matrix,perumbavoor,server-recycling-kochi,3,redirect_301,(see vercel.json),Already implemented as a redirect in vercel.json.,none,classification_source=v2-redirect
https://www.ewastekochi.com/locations/kothamangalam/air-conditioner-recycling-kochi,/locations/kothamangalam/air-conditioner-recycling-kochi,www.ewastekochi.com,/locations/kothamangalam/air-conditioner-recycling-kochi,0,0,alt_canonical,alt_canonical,2026-04-19,location-service-matrix,kothamangalam,air-conditioner-recycling-kochi,4,leave_404,,"Thin generated location-service matrix page, 0 clicks, low impressions — matches the site's existing anti-pSEO policy (Phase 2B/2G/2M) of not mass-redirecting this footprint.",low,classification_source=rule
https://www.ewastekochi.com/locations/muvattupuzha/dpdp-act-compliance-kochi,/locations/muvattupuzha/dpdp-act-compliance-kochi,www.ewastekochi.com,/locations/muvattupuzha/dpdp-act-compliance-kochi,0,2,alt_canonical,alt_canonical,2026-04-19,location-service-matrix,muvattupuzha,dpdp-act-compliance-kochi,3,leave_404,,"Thin generated location-service matrix page, 0 clicks, low impressions — matches the site's existing anti-pSEO policy (Phase 2B/2G/2M) of not mass-redirecting this footprint.",low,classification_source=rule
https://www.ewastekochi.com/locations/aluva/mobile-recycling-kochi,/locations/aluva/mobile-recycling-kochi,www.ewastekochi.com,/locations/aluva/mobile-recycling-kochi,0,2,alt_canonical,alt_canonical,2026-04-19,location-service-matrix,aluva,mobile-recycling-kochi,3,leave_404,,"Thin generated location-service matrix page, 0 clicks, low impressions — matches the site's existing anti-pSEO policy (Phase 2B/2G/2M) of not mass-redirecting this footprint.",low,classification_source=rule
https://www.ewastekochi.com/locations/kothamangalam/server-recycling-kochi,/locations/kothamangalam/server-recycling-kochi,www.ewastekochi.com,/locations/kothamangalam/server-recycling-kochi,0,1,alt_canonical,alt_canonical,2026-04-19,location-service-matrix,kothamangalam,server-recycling-kochi,3,redirect_301,(see vercel.json),Already implemented as a redirect in vercel.json.,none,classification_source=v2-redirect
https://www.ewastekochi.com/locations/perumbavoor/certificate-of-destruction-kochi,/locations/perumbavoor/certificate-of-destruction-kochi,www.ewastekochi.com,/locations/perumbavoor/certificate-of-destruction-kochi,0,0,alt_canonical,alt_canonical,2026-04-19,location-service-matrix,perumbavoor,certificate-of-destruction-kochi,4,leave_404,,"Thin generated location-service matrix page, 0 clicks, low impressions — matches the site's existing anti-pSEO policy (Phase 2B/2G/2M) of not mass-redirecting this footprint.",low,classification_source=rule
https://www.ewastekochi.com/locations/thrikkakara/server-recycling-kochi,/locations/thrikkakara/server-recycling-kochi,www.ewastekochi.com,/locations/thrikkakara/server-recycling-kochi,0,1,alt_canonical,alt_canonical,2026-04-19,location-service-matrix,thrikkakara,server-recycling-kochi,3,redirect_301,(see vercel.json),Already implemented as a redirect in vercel.json.,none,classification_source=v2-redirect
https://www.ewastekochi.com/services/data-destruction-kochi,/services/data-destruction-kochi,www.ewastekochi.com,/services/data-destruction-kochi,0,14,alt_canonical|crawled_not_indexed,alt_canonical|crawled_not_indexed,2026-04-19,service-page,,data-destruction-kochi,3,redirect_301,(see vercel.json),Already implemented as a redirect in vercel.json.,none,classification_source=v2-redirect
https://www.ewastekochi.com/locations/kalady/printer-recycling-kochi,/locations/kalady/printer-recycling-kochi,www.ewastekochi.com,/locations/kalady/printer-recycling-kochi,0,0,alt_canonical,alt_canonical,2026-04-19,location-service-matrix,kalady,printer-recycling-kochi,4,leave_404,,"Thin generated location-service matrix page, 0 clicks, low impressions — matches the site's existing anti-pSEO policy (Phase 2B/2G/2M) of not mass-redirecting this footprint.",low,classification_source=rule
https://www.ewastekochi.com/locations/smart-city-kochi/ups-inverter-recycling-kochi,/locations/smart-city-kochi/ups-inverter-recycling-kochi,www.ewastekochi.com,/locations/smart-city-kochi/ups-inverter-recycling-kochi,0,0,alt_canonical,alt_canonical,2026-04-19,location-service-matrix,smart-city-kochi,ups-inverter-recycling-kochi,4,leave_404,,"Thin generated location-service matrix page, 0 clicks, low impressions — matches the site's existing anti-pSEO policy (Phase 2B/2G/2M) of not mass-redirecting this footprint.",low,classification_source=rule
https://www.ewastekochi.com/locations/angamaly/data-destruction-kochi,/locations/angamaly/data-destruction-kochi,www.ewastekochi.com,/locations/angamaly/data-destruction-kochi,0,0,alt_canonical,alt_canonical,2026-04-19,location-service-matrix,angamaly,data-destruction-kochi,4,leave_404,,"Thin generated location-service matrix page, 0 clicks, low impressions — matches the site's existing anti-pSEO policy (Phase 2B/2G/2M) of not mass-redirecting this footprint.",low,classification_source=rule
https://www.ewastekochi.com/locations/thrikkakara/printer-recycling-kochi,/locations/thrikkakara/printer-recycling-kochi,www.ewastekochi.com,/locations/thrikkakara/printer-recycling-kochi,0,0,alt_canonical,alt_canonical,2026-04-19,location-service-matrix,thrikkakara,printer-recycling-kochi,4,leave_404,,"Thin generated location-service matrix page, 0 clicks, low impressions — matches the site's existing anti-pSEO policy (Phase 2B/2G/2M) of not mass-redirecting this footprint.",low,classification_source=rule
https://www.ewastekochi.com/locations/malappuram/server-recycling-kochi,/locations/malappuram/server-recycling-kochi,www.ewastekochi.com,/locations/malappuram/server-recycling-kochi,0,2,alt_canonical,alt_canonical,2026-04-19,location-service-matrix,malappuram,server-recycling-kochi,3,redirect_301,(see vercel.json),Already implemented as a redirect in vercel.json.,none,classification_source=v2-redirect
https://www.ewastekochi.com/locations/kalamassery-hitech-park/printer-recycling-kochi,/locations/kalamassery-hitech-park/printer-recycling-kochi,www.ewastekochi.com,/locations/kalamassery-hitech-park/printer-recycling-kochi,0,1,alt_canonical,alt_canonical,2026-04-19,location-service-matrix,kalamassery-hitech-park,printer-recycling-kochi,3,redirect_301,(see vercel.json),Already implemented as a redirect in vercel.json.,none,classification_source=v2-redirect
https://www.ewastekochi.com/locations/maradu/data-destruction-kochi,/locations/maradu/data-destruction-kochi,www.ewastekochi.com,/locations/maradu/data-destruction-kochi,0,5,alt_canonical,alt_canonical,2026-04-19,location-service-matrix,maradu,data-destruction-kochi,3,redirect_301,(see vercel.json),Already implemented as a redirect in vercel.json.,none,classification_source=v2-redirect
https://www.ewastekochi.com/locations/edappally/network-equipment-disposal-kochi,/locations/edappally/network-equipment-disposal-kochi,www.ewastekochi.com,/locations/edappally/network-equipment-disposal-kochi,0,2,alt_canonical,alt_canonical,2026-04-19,location-service-matrix,edappally,network-equipment-disposal-kochi,3,leave_404,,"Thin generated location-service matrix page, 0 clicks, low impressions — matches the site's existing anti-pSEO policy (Phase 2B/2G/2M) of not mass-redirecting this footprint.",low,classification_source=rule
https://www.ewastekochi.com/locations/fort-kochi/server-recycling-kochi,/locations/fort-kochi/server-recycling-kochi,www.ewastekochi.com,/locations/fort-kochi/server-recycling-kochi,0,0,alt_canonical,alt_canonical,2026-04-19,location-service-matrix,fort-kochi,server-recycling-kochi,4,leave_404,,"Thin generated location-service matrix page, 0 clicks, low impressions — matches the site's existing anti-pSEO policy (Phase 2B/2G/2M) of not mass-redirecting this footprint.",low,classification_source=rule
https://www.ewastekochi.com/locations/kollam/itad-kochi,/locations/kollam/itad-kochi,www.ewastekochi.com,/locations/kollam/itad-kochi,0,0,alt_canonical,alt_canonical,2026-04-19,location-service-matrix,kollam,itad-kochi,4,leave_404,,"Thin generated location-service matrix page, 0 clicks, low impressions — matches the site's existing anti-pSEO policy (Phase 2B/2G/2M) of not mass-redirecting this footprint.",low,classification_source=rule
https://www.ewastekochi.com/locations/palakkad/certificate-of-destruction-kochi,/locations/palakkad/certificate-of-destruction-kochi,www.ewastekochi.com,/locations/palakkad/certificate-of-destruction-kochi,0,0,alt_canonical,alt_canonical,2026-04-19,location-service-matrix,palakkad,certificate-of-destruction-kochi,4,leave_404,,"Thin generated location-service matrix page, 0 clicks, low impressions — matches the site's existing anti-pSEO policy (Phase 2B/2G/2M) of not mass-redirecting this footprint.",low,classification_source=rule
https://www.ewastekochi.com/locations/kottayam/air-conditioner-recycling-kochi,/locations/kottayam/air-conditioner-recycling-kochi,www.ewastekochi.com,/locations/kottayam/air-conditioner-recycling-kochi,0,0,alt_canonical,alt_canonical,2026-04-19,location-service-matrix,kottayam,air-conditioner-recycling-kochi,4,leave_404,,"Thin generated location-service matrix page, 0 clicks, low impressions — matches the site's existing anti-pSEO policy (Phase 2B/2G/2M) of not mass-redirecting this footprint.",low,classification_source=rule
https://www.ewastekochi.com/locations/kollam/e-waste-recycling-kochi,/locations/kollam/e-waste-recycling-kochi,www.ewastekochi.com,/locations/kollam/e-waste-recycling-kochi,0,14,alt_canonical,alt_canonical,2026-04-19,location-service-matrix,kollam,e-waste-recycling-kochi,3,redirect_301,(see vercel.json),Already implemented as a redirect in vercel.json.,none,classification_source=v2-redirect
https://www.ewastekochi.com/locations/kalamassery-hitech-park/certificate-of-destruction-kochi,/locations/kalamassery-hitech-park/certificate-of-destruction-kochi,www.ewastekochi.com,/locations/kalamassery-hitech-park/certificate-of-destruction-kochi,0,0,alt_canonical|crawled_not_indexed,alt_canonical|crawled_not_indexed,2026-04-19,location-service-matrix,kalamassery-hitech-park,certificate-of-destruction-kochi,4,leave_404,,"Thin generated location-service matrix page, 0 clicks, low impressions — matches the site's existing anti-pSEO policy (Phase 2B/2G/2M) of not mass-redirecting this footprint.",low,classification_source=rule
https://www.ewastekochi.com/locations/thiruvananthapuram/printer-recycling-kochi,/locations/thiruvananthapuram/printer-recycling-kochi,www.ewastekochi.com,/locations/thiruvananthapuram/printer-recycling-kochi,0,0,alt_canonical,alt_canonical,2026-04-19,location-service-matrix,thiruvananthapuram,printer-recycling-kochi,4,leave_404,,"Thin generated location-service matrix page, 0 clicks, low impressions — matches the site's existing anti-pSEO policy (Phase 2B/2G/2M) of not mass-redirecting this footprint.",low,classification_source=rule
https://www.ewastekochi.com/locations/kannur/itad-kochi,/locations/kannur/itad-kochi,www.ewastekochi.com,/locations/kannur/itad-kochi,0,5,alt_canonical,alt_canonical,2026-04-19,location-service-matrix,kannur,itad-kochi,3,redirect_301,(see vercel.json),Already implemented as a redirect in vercel.json.,none,classification_source=v2-redirect
https://www.ewastekochi.com/locations/ernakulam-south/server-recycling-kochi,/locations/ernakulam-south/server-recycling-kochi,www.ewastekochi.com,/locations/ernakulam-south/server-recycling-kochi,0,1,alt_canonical,alt_canonical,2026-04-19,location-service-matrix,ernakulam-south,server-recycling-kochi,3,redirect_301,(see vercel.json),Already implemented as a redirect in vercel.json.,none,classification_source=v2-redirect
https://www.ewastekochi.com/locations/smart-city-kochi/dpdp-act-compliance-kochi,/locations/smart-city-kochi/dpdp-act-compliance-kochi,www.ewastekochi.com,/locations/smart-city-kochi/dpdp-act-compliance-kochi,0,0,alt_canonical,alt_canonical,2026-04-19,location-service-matrix,smart-city-kochi,dpdp-act-compliance-kochi,4,leave_404,,"Thin generated location-service matrix page, 0 clicks, low impressions — matches the site's existing anti-pSEO policy (Phase 2B/2G/2M) of not mass-redirecting this footprint.",low,classification_source=rule
https://www.ewastekochi.com/locations/edappally/hard-drive-shredding-kochi,/locations/edappally/hard-drive-shredding-kochi,www.ewastekochi.com,/locations/edappally/hard-drive-shredding-kochi,0,0,alt_canonical,alt_canonical,2026-04-19,location-service-matrix,edappally,hard-drive-shredding-kochi,4,leave_404,,"Thin generated location-service matrix page, 0 clicks, low impressions — matches the site's existing anti-pSEO policy (Phase 2B/2G/2M) of not mass-redirecting this footprint.",low,classification_source=rule
https://www.ewastekochi.com/locations/thrippunithura/network-equipment-disposal-kochi,/locations/thrippunithura/network-equipment-disposal-kochi,www.ewastekochi.com,/locations/thrippunithura/network-equipment-disposal-kochi,0,0,alt_canonical,alt_canonical,2026-04-19,location-service-matrix,thrippunithura,network-equipment-disposal-kochi,4,leave_404,,"Thin generated location-service matrix page, 0 clicks, low impressions — matches the site's existing anti-pSEO policy (Phase 2B/2G/2M) of not mass-redirecting this footprint.",low,classification_source=rule
https://www.ewastekochi.com/locations/fort-kochi/air-conditioner-recycling-kochi,/locations/fort-kochi/air-conditioner-recycling-kochi,www.ewastekochi.com,/locations/fort-kochi/air-conditioner-recycling-kochi,0,2,alt_canonical|crawled_not_indexed,alt_canonical|crawled_not_indexed,2026-04-19,location-service-matrix,fort-kochi,air-conditioner-recycling-kochi,3,leave_404,,"Thin generated location-service matrix page, 0 clicks, low impressions — matches the site's existing anti-pSEO policy (Phase 2B/2G/2M) of not mass-redirecting this footprint.",low,classification_source=rule
https://www.ewastekochi.com/locations/perumbavoor/air-conditioner-recycling-kochi,/locations/perumbavoor/air-conditioner-recycling-kochi,www.ewastekochi.com,/locations/perumbavoor/air-conditioner-recycling-kochi,0,0,alt_canonical,alt_canonical,2026-04-19,location-service-matrix,perumbavoor,air-conditioner-recycling-kochi,4,leave_404,,"Thin generated location-service matrix page, 0 clicks, low impressions — matches the site's existing anti-pSEO policy (Phase 2B/2G/2M) of not mass-redirecting this footprint.",low,classification_source=rule
https://www.ewastekochi.com/locations/palarivattom/network-equipment-disposal-kochi,/locations/palarivattom/network-equipment-disposal-kochi,www.ewastekochi.com,/locations/palarivattom/network-equipment-disposal-kochi,0,0,alt_canonical,alt_canonical,2026-04-19,location-service-matrix,palarivattom,network-equipment-disposal-kochi,4,leave_404,,"Thin generated location-service matrix page, 0 clicks, low impressions — matches the site's existing anti-pSEO policy (Phase 2B/2G/2M) of not mass-redirecting this footprint.",low,classification_source=rule
https://www.ewastekochi.com/locations/kalamassery-hitech-park/dpdp-act-compliance-kochi,/locations/kalamassery-hitech-park/dpdp-act-compliance-kochi,www.ewastekochi.com,/locations/kalamassery-hitech-park/dpdp-act-compliance-kochi,0,0,alt_canonical,alt_canonical,2026-04-19,location-service-matrix,kalamassery-hitech-park,dpdp-act-compliance-kochi,4,leave_404,,"Thin generated location-service matrix page, 0 clicks, low impressions — matches the site's existing anti-pSEO policy (Phase 2B/2G/2M) of not mass-redirecting this footprint.",low,classification_source=rule
https://www.ewastekochi.com/locations/kothamangalam/hard-drive-shredding-kochi,/locations/kothamangalam/hard-drive-shredding-kochi,www.ewastekochi.com,/locations/kothamangalam/hard-drive-shredding-kochi,0,0,alt_canonical,alt_canonical,2026-04-19,location-service-matrix,kothamangalam,hard-drive-shredding-kochi,4,leave_404,,"Thin generated location-service matrix page, 0 clicks, low impressions — matches the site's existing anti-pSEO policy (Phase 2B/2G/2M) of not mass-redirecting this footprint.",low,classification_source=rule
https://www.ewastekochi.com/locations/north-paravur/printer-recycling-kochi,/locations/north-paravur/printer-recycling-kochi,www.ewastekochi.com,/locations/north-paravur/printer-recycling-kochi,0,0,alt_canonical,alt_canonical,2026-04-19,location-service-matrix,north-paravur,printer-recycling-kochi,4,leave_404,,"Thin generated location-service matrix page, 0 clicks, low impressions — matches the site's existing anti-pSEO policy (Phase 2B/2G/2M) of not mass-redirecting this footprint.",low,classification_source=rule
https://www.ewastekochi.com/locations/kakkanad/itad-kochi,/locations/kakkanad/itad-kochi,www.ewastekochi.com,/locations/kakkanad/itad-kochi,0,3,alt_canonical,alt_canonical,2026-04-19,location-service-matrix,kakkanad,itad-kochi,3,redirect_301,(see vercel.json),Already implemented as a redirect in vercel.json.,none,classification_source=v2-redirect
https://www.ewastekochi.com/locations/muvattupuzha/laptop-buyback-kochi,/locations/muvattupuzha/laptop-buyback-kochi,www.ewastekochi.com,/locations/muvattupuzha/laptop-buyback-kochi,0,2,alt_canonical,alt_canonical,2026-04-19,location-service-matrix,muvattupuzha,laptop-buyback-kochi,3,redirect_301,(see vercel.json),Already implemented as a redirect in vercel.json.,none,classification_source=v2-redirect
https://www.ewastekochi.com/locations/kannur/data-destruction-kochi,/locations/kannur/data-destruction-kochi,www.ewastekochi.com,/locations/kannur/data-destruction-kochi,0,1,alt_canonical,alt_canonical,2026-04-18,location-service-matrix,kannur,data-destruction-kochi,3,redirect_301,(see vercel.json),Already implemented as a redirect in vercel.json.,none,classification_source=v2-redirect
https://www.ewastekochi.com/locations/malappuram/printer-recycling-kochi,/locations/malappuram/printer-recycling-kochi,www.ewastekochi.com,/locations/malappuram/printer-recycling-kochi,0,0,alt_canonical,alt_canonical,2026-04-18,location-service-matrix,malappuram,printer-recycling-kochi,4,leave_404,,"Thin generated location-service matrix page, 0 clicks, low impressions — matches the site's existing anti-pSEO policy (Phase 2B/2G/2M) of not mass-redirecting this footprint.",low,classification_source=rule
https://www.ewastekochi.com/locations/thrikkakara/itad-kochi,/locations/thrikkakara/itad-kochi,www.ewastekochi.com,/locations/thrikkakara/itad-kochi,0,0,alt_canonical,alt_canonical,2026-04-18,location-service-matrix,thrikkakara,itad-kochi,4,leave_404,,"Thin generated location-service matrix page, 0 clicks, low impressions — matches the site's existing anti-pSEO policy (Phase 2B/2G/2M) of not mass-redirecting this footprint.",low,classification_source=rule
https://www.ewastekochi.com/locations/fort-kochi/hard-drive-shredding-kochi,/locations/fort-kochi/hard-drive-shredding-kochi,www.ewastekochi.com,/locations/fort-kochi/hard-drive-shredding-kochi,0,3,alt_canonical,alt_canonical,2026-04-18,location-service-matrix,fort-kochi,hard-drive-shredding-kochi,3,redirect_301,(see vercel.json),Already implemented as a redirect in vercel.json.,none,classification_source=v2-redirect
https://www.ewastekochi.com/locations/willingdon-island/corporate-ewaste-kochi,/locations/willingdon-island/corporate-ewaste-kochi,www.ewastekochi.com,/locations/willingdon-island/corporate-ewaste-kochi,0,0,alt_canonical,alt_canonical,2026-04-18,location-service-matrix,willingdon-island,corporate-ewaste-kochi,4,leave_404,,"Thin generated location-service matrix page, 0 clicks, low impressions — matches the site's existing anti-pSEO policy (Phase 2B/2G/2M) of not mass-redirecting this footprint.",low,classification_source=rule
https://www.ewastekochi.com/locations/edappally/laptop-buyback-kochi,/locations/edappally/laptop-buyback-kochi,www.ewastekochi.com,/locations/edappally/laptop-buyback-kochi,0,3,alt_canonical,alt_canonical,2026-04-18,location-service-matrix,edappally,laptop-buyback-kochi,3,redirect_301,(see vercel.json),Already implemented as a redirect in vercel.json.,none,classification_source=v2-redirect
https://www.ewastekochi.com/locations/palarivattom/battery-recycling-kochi,/locations/palarivattom/battery-recycling-kochi,www.ewastekochi.com,/locations/palarivattom/battery-recycling-kochi,0,3,alt_canonical,alt_canonical,2026-04-18,location-service-matrix,palarivattom,battery-recycling-kochi,3,redirect_301,(see vercel.json),Already implemented as a redirect in vercel.json.,none,classification_source=v2-redirect
https://www.ewastekochi.com/locations/maradu/tv-monitor-recycling-kochi,/locations/maradu/tv-monitor-recycling-kochi,www.ewastekochi.com,/locations/maradu/tv-monitor-recycling-kochi,0,1,alt_canonical,alt_canonical,2026-04-18,location-service-matrix,maradu,tv-monitor-recycling-kochi,3,redirect_301,(see vercel.json),Already implemented as a redirect in vercel.json.,none,classification_source=v2-redirect
https://www.ewastekochi.com/locations/thrippunithura/itad-kochi,/locations/thrippunithura/itad-kochi,www.ewastekochi.com,/locations/thrippunithura/itad-kochi,0,3,alt_canonical,alt_canonical,2026-04-18,location-service-matrix,thrippunithura,itad-kochi,3,redirect_301,(see vercel.json),Already implemented as a redirect in vercel.json.,none,classification_source=v2-redirect
https://www.ewastekochi.com/locations/palakkad/itad-kochi,/locations/palakkad/itad-kochi,www.ewastekochi.com,/locations/palakkad/itad-kochi,1,1,alt_canonical,alt_canonical,2026-04-18,location-service-matrix,palakkad,itad-kochi,2,redirect_301,(see vercel.json),Already implemented as a redirect in vercel.json.,none,classification_source=v2-redirect
https://www.ewastekochi.com/locations/kalamassery/corporate-ewaste-kochi,/locations/kalamassery/corporate-ewaste-kochi,www.ewastekochi.com,/locations/kalamassery/corporate-ewaste-kochi,1,12,alt_canonical,alt_canonical,2026-04-18,location-service-matrix,kalamassery,corporate-ewaste-kochi,2,redirect_301,(see vercel.json),Already implemented as a redirect in vercel.json.,none,classification_source=v2-redirect
https://www.ewastekochi.com/locations/north-paravur/laptop-buyback-kochi,/locations/north-paravur/laptop-buyback-kochi,www.ewastekochi.com,/locations/north-paravur/laptop-buyback-kochi,0,1,alt_canonical,alt_canonical,2026-04-18,location-service-matrix,north-paravur,laptop-buyback-kochi,3,redirect_301,(see vercel.json),Already implemented as a redirect in vercel.json.,none,classification_source=v2-redirect
https://www.ewastekochi.com/locations/malappuram/ups-inverter-recycling-kochi,/locations/malappuram/ups-inverter-recycling-kochi,www.ewastekochi.com,/locations/malappuram/ups-inverter-recycling-kochi,0,0,alt_canonical,alt_canonical,2026-04-18,location-service-matrix,malappuram,ups-inverter-recycling-kochi,4,leave_404,,"Thin generated location-service matrix page, 0 clicks, low impressions — matches the site's existing anti-pSEO policy (Phase 2B/2G/2M) of not mass-redirecting this footprint.",low,classification_source=rule
https://www.ewastekochi.com/locations/willingdon-island/battery-recycling-kochi,/locations/willingdon-island/battery-recycling-kochi,www.ewastekochi.com,/locations/willingdon-island/battery-recycling-kochi,0,0,alt_canonical,alt_canonical,2026-04-18,location-service-matrix,willingdon-island,battery-recycling-kochi,4,leave_404,,"Thin generated location-service matrix page, 0 clicks, low impressions — matches the site's existing anti-pSEO policy (Phase 2B/2G/2M) of not mass-redirecting this footprint.",low,classification_source=rule
https://www.ewastekochi.com/locations/kadavanthra/laptop-buyback-kochi,/locations/kadavanthra/laptop-buyback-kochi,www.ewastekochi.com,/locations/kadavanthra/laptop-buyback-kochi,0,1,alt_canonical,alt_canonical,2026-04-18,location-service-matrix,kadavanthra,laptop-buyback-kochi,3,redirect_301,(see vercel.json),Already implemented as a redirect in vercel.json.,none,classification_source=v2-redirect
https://www.ewastekochi.com/locations/willingdon-island/hard-drive-shredding-kochi,/locations/willingdon-island/hard-drive-shredding-kochi,www.ewastekochi.com,/locations/willingdon-island/hard-drive-shredding-kochi,0,0,alt_canonical,alt_canonical,2026-04-18,location-service-matrix,willingdon-island,hard-drive-shredding-kochi,4,leave_404,,"Thin generated location-service matrix page, 0 clicks, low impressions — matches the site's existing anti-pSEO policy (Phase 2B/2G/2M) of not mass-redirecting this footprint.",low,classification_source=rule
https://www.ewastekochi.com/locations/fort-kochi/corporate-ewaste-kochi,/locations/fort-kochi/corporate-ewaste-kochi,www.ewastekochi.com,/locations/fort-kochi/corporate-ewaste-kochi,0,2,alt_canonical,alt_canonical,2026-04-18,location-service-matrix,fort-kochi,corporate-ewaste-kochi,3,leave_404,,"Thin generated location-service matrix page, 0 clicks, low impressions — matches the site's existing anti-pSEO policy (Phase 2B/2G/2M) of not mass-redirecting this footprint.",low,classification_source=rule
https://www.ewastekochi.com/locations/perumbavoor/mobile-recycling-kochi,/locations/perumbavoor/mobile-recycling-kochi,www.ewastekochi.com,/locations/perumbavoor/mobile-recycling-kochi,0,1,alt_canonical,alt_canonical,2026-04-18,location-service-matrix,perumbavoor,mobile-recycling-kochi,3,leave_404,,"Thin generated location-service matrix page, 0 clicks, low impressions — matches the site's existing anti-pSEO policy (Phase 2B/2G/2M) of not mass-redirecting this footprint.",low,classification_source=rule
https://www.ewastekochi.com/blogs/data-destruction/server-drive-sanitization-in-kollam-for-itad-projects,/blogs/data-destruction/server-drive-sanitization-in-kollam-for-itad-projects,www.ewastekochi.com,/blogs/data-destruction/server-drive-sanitization-in-kollam-for-itad-projects,0,3,alt_canonical,alt_canonical,2026-04-18,blogs-taxonomy-legacy,,server-drive-sanitization-in-kollam-for-itad-projects,3,leave_404,,"Legacy generated blog content, no meaningful traffic — do not recreate.",low,classification_source=rule
https://www.ewastekochi.com/locations/thiruvananthapuram/dpdp-act-compliance-kochi,/locations/thiruvananthapuram/dpdp-act-compliance-kochi,www.ewastekochi.com,/locations/thiruvananthapuram/dpdp-act-compliance-kochi,0,1,alt_canonical,alt_canonical,2026-04-18,location-service-matrix,thiruvananthapuram,dpdp-act-compliance-kochi,3,leave_404,,"Thin generated location-service matrix page, 0 clicks, low impressions — matches the site's existing anti-pSEO policy (Phase 2B/2G/2M) of not mass-redirecting this footprint.",low,classification_source=rule
https://www.ewastekochi.com/locations/willingdon-island/e-waste-recycling-kochi,/locations/willingdon-island/e-waste-recycling-kochi,www.ewastekochi.com,/locations/willingdon-island/e-waste-recycling-kochi,0,4,alt_canonical,alt_canonical,2026-04-18,location-service-matrix,willingdon-island,e-waste-recycling-kochi,3,redirect_301,(see vercel.json),Already implemented as a redirect in vercel.json.,none,classification_source=v2-redirect
https://www.ewastekochi.com/locations/ernakulam-south/itad-kochi,/locations/ernakulam-south/itad-kochi,www.ewastekochi.com,/locations/ernakulam-south/itad-kochi,0,18,alt_canonical|crawled_not_indexed,alt_canonical|crawled_not_indexed,2026-04-18,location-service-matrix,ernakulam-south,itad-kochi,3,redirect_301,(see vercel.json),Already implemented as a redirect in vercel.json.,none,classification_source=v2-redirect
https://www.ewastekochi.com/locations/palarivattom/printer-recycling-kochi,/locations/palarivattom/printer-recycling-kochi,www.ewastekochi.com,/locations/palarivattom/printer-recycling-kochi,0,0,alt_canonical,alt_canonical,2026-04-18,location-service-matrix,palarivattom,printer-recycling-kochi,4,leave_404,,"Thin generated location-service matrix page, 0 clicks, low impressions — matches the site's existing anti-pSEO policy (Phase 2B/2G/2M) of not mass-redirecting this footprint.",low,classification_source=rule
https://www.ewastekochi.com/locations/perumbavoor/ups-inverter-recycling-kochi,/locations/perumbavoor/ups-inverter-recycling-kochi,www.ewastekochi.com,/locations/perumbavoor/ups-inverter-recycling-kochi,0,2,alt_canonical,alt_canonical,2026-04-18,location-service-matrix,perumbavoor,ups-inverter-recycling-kochi,3,redirect_301,(see vercel.json),Already implemented as a redirect in vercel.json.,none,classification_source=v2-redirect
https://www.ewastekochi.com/locations/kottayam/mobile-recycling-kochi,/locations/kottayam/mobile-recycling-kochi,www.ewastekochi.com,/locations/kottayam/mobile-recycling-kochi,0,0,alt_canonical|crawled_not_indexed,alt_canonical|crawled_not_indexed,2026-04-18,location-service-matrix,kottayam,mobile-recycling-kochi,4,leave_404,,"Thin generated location-service matrix page, 0 clicks, low impressions — matches the site's existing anti-pSEO policy (Phase 2B/2G/2M) of not mass-redirecting this footprint.",low,classification_source=rule
https://www.ewastekochi.com/services/corporate-ewaste-kochi,/services/corporate-ewaste-kochi,www.ewastekochi.com,/services/corporate-ewaste-kochi,1,11,alt_canonical|crawled_not_indexed,alt_canonical|crawled_not_indexed,2026-04-18,service-page,,corporate-ewaste-kochi,2,redirect_301,/itad/,Clean keyword match to an existing V2 service page (1 clicks / 11 impressions).,low,classification_source=rule
https://www.ewastekochi.com/locations/kakkanad/battery-recycling-kochi,/locations/kakkanad/battery-recycling-kochi,www.ewastekochi.com,/locations/kakkanad/battery-recycling-kochi,0,0,alt_canonical,alt_canonical,2026-04-18,location-service-matrix,kakkanad,battery-recycling-kochi,4,leave_404,,"Thin generated location-service matrix page, 0 clicks, low impressions — matches the site's existing anti-pSEO policy (Phase 2B/2G/2M) of not mass-redirecting this footprint.",low,classification_source=rule
https://www.ewastekochi.com/blogs/data-destruction/why-formatting-is-not-enough-before-disposal-in-kozhikode,/blogs/data-destruction/why-formatting-is-not-enough-before-disposal-in-kozhikode,www.ewastekochi.com,/blogs/data-destruction/why-formatting-is-not-enough-before-disposal-in-kozhikode,0,0,alt_canonical|crawled_not_indexed,alt_canonical|crawled_not_indexed,2026-04-18,blogs-taxonomy-legacy,,why-formatting-is-not-enough-before-disposal-in-kozhikode,4,leave_404,,"Legacy generated blog content, no meaningful traffic — do not recreate.",low,classification_source=rule
https://www.ewastekochi.com/locations/fort-kochi/dpdp-act-compliance-kochi,/locations/fort-kochi/dpdp-act-compliance-kochi,www.ewastekochi.com,/locations/fort-kochi/dpdp-act-compliance-kochi,0,1,alt_canonical,alt_canonical,2026-04-18,location-service-matrix,fort-kochi,dpdp-act-compliance-kochi,3,leave_404,,"Thin generated location-service matrix page, 0 clicks, low impressions — matches the site's existing anti-pSEO policy (Phase 2B/2G/2M) of not mass-redirecting this footprint.",low,classification_source=rule
https://www.ewastekochi.com/blog/dpdp-act-2023-it-disposal-compliance,/blog/dpdp-act-2023-it-disposal-compliance,www.ewastekochi.com,/blog/dpdp-act-2023-it-disposal-compliance,0,8,alt_canonical,alt_canonical,2026-04-18,blog,,dpdp-act-2023-it-disposal-compliance,3,leave_404,,"Legacy generated blog content, no meaningful traffic — do not recreate.",low,classification_source=rule
https://www.ewastekochi.com/locations/maradu/server-recycling-kochi,/locations/maradu/server-recycling-kochi,www.ewastekochi.com,/locations/maradu/server-recycling-kochi,0,3,alt_canonical,alt_canonical,2026-04-17,location-service-matrix,maradu,server-recycling-kochi,3,redirect_301,(see vercel.json),Already implemented as a redirect in vercel.json.,none,classification_source=v2-redirect
https://www.ewastekochi.com/blogs/scrap-electronics/electronics-price-factors-in-kottayam-why-two-loads-get-different-rates,/blogs/scrap-electronics/electronics-price-factors-in-kottayam-why-two-loads-get-different-rates,www.ewastekochi.com,/blogs/scrap-electronics/electronics-price-factors-in-kottayam-why-two-loads-get-different-rates,0,5,alt_canonical,alt_canonical,2026-04-17,blogs-taxonomy-legacy,,electronics-price-factors-in-kottayam-why-two-loads-get-different-rates,3,leave_404,,"Legacy generated blog content, no meaningful traffic — do not recreate.",low,classification_source=rule
https://www.ewastekochi.com/blogs/laptop-disposal/secure-laptop-disposal-in-kottayam-for-teams-handling-client-data,/blogs/laptop-disposal/secure-laptop-disposal-in-kottayam-for-teams-handling-client-data,www.ewastekochi.com,/blogs/laptop-disposal/secure-laptop-disposal-in-kottayam-for-teams-handling-client-data,0,1,alt_canonical|crawled_not_indexed,alt_canonical|crawled_not_indexed,2026-04-17,blogs-taxonomy-legacy,,secure-laptop-disposal-in-kottayam-for-teams-handling-client-data,3,leave_404,,"Legacy generated blog content, no meaningful traffic — do not recreate.",low,classification_source=rule
https://www.ewastekochi.com/blogs/government-rules/school-and-hospital-e-waste-compliance-in-kozhikode,/blogs/government-rules/school-and-hospital-e-waste-compliance-in-kozhikode,www.ewastekochi.com,/blogs/government-rules/school-and-hospital-e-waste-compliance-in-kozhikode,0,5,alt_canonical|crawled_not_indexed,alt_canonical|crawled_not_indexed,2026-04-17,blogs-taxonomy-legacy,,school-and-hospital-e-waste-compliance-in-kozhikode,3,leave_404,,"Legacy generated blog content, no meaningful traffic — do not recreate.",low,classification_source=rule
https://www.ewastekochi.com/locations/infopark-kochi/network-equipment-disposal-kochi,/locations/infopark-kochi/network-equipment-disposal-kochi,www.ewastekochi.com,/locations/infopark-kochi/network-equipment-disposal-kochi,0,2,alt_canonical,alt_canonical,2026-04-17,location-service-matrix,infopark-kochi,network-equipment-disposal-kochi,3,leave_404,,"Thin generated location-service matrix page, 0 clicks, low impressions — matches the site's existing anti-pSEO policy (Phase 2B/2G/2M) of not mass-redirecting this footprint.",low,classification_source=rule
https://www.ewastekochi.com/locations/vyttila/electronics-recycling-near-me,/locations/vyttila/electronics-recycling-near-me,www.ewastekochi.com,/locations/vyttila/electronics-recycling-near-me,0,1,alt_canonical,alt_canonical,2026-04-17,location-service-matrix,vyttila,electronics-recycling-near-me,3,redirect_301,(see vercel.json),Already implemented as a redirect in vercel.json.,none,classification_source=v2-redirect
https://www.ewastekochi.com/locations/north-paravur/sell-electronics-kochi,/locations/north-paravur/sell-electronics-kochi,www.ewastekochi.com,/locations/north-paravur/sell-electronics-kochi,0,4,alt_canonical,alt_canonical,2026-04-17,location-service-matrix,north-paravur,sell-electronics-kochi,3,redirect_301,(see vercel.json),Already implemented as a redirect in vercel.json.,none,classification_source=v2-redirect
https://www.ewastekochi.com/locations/malappuram/sell-old-electronics,/locations/malappuram/sell-old-electronics,www.ewastekochi.com,/locations/malappuram/sell-old-electronics,0,13,alt_canonical|crawled_not_indexed,alt_canonical|crawled_not_indexed,2026-04-17,location-service-matrix,malappuram,sell-old-electronics,3,redirect_301,(see vercel.json),Already implemented as a redirect in vercel.json.,none,classification_source=v2-redirect
https://www.ewastekochi.com/locations/kozhikode/hard-drive-shredding-kochi,/locations/kozhikode/hard-drive-shredding-kochi,www.ewastekochi.com,/locations/kozhikode/hard-drive-shredding-kochi,0,2,alt_canonical,alt_canonical,2026-04-17,location-service-matrix,kozhikode,hard-drive-shredding-kochi,3,redirect_301,(see vercel.json),Already implemented as a redirect in vercel.json.,none,classification_source=v2-redirect
https://www.ewastekochi.com/locations/willingdon-island/data-destruction-kochi,/locations/willingdon-island/data-destruction-kochi,www.ewastekochi.com,/locations/willingdon-island/data-destruction-kochi,0,0,alt_canonical,alt_canonical,2026-04-17,location-service-matrix,willingdon-island,data-destruction-kochi,4,leave_404,,"Thin generated location-service matrix page, 0 clicks, low impressions — matches the site's existing anti-pSEO policy (Phase 2B/2G/2M) of not mass-redirecting this footprint.",low,classification_source=rule
https://www.ewastekochi.com/blogs/data-destruction/certificate-of-destruction-in-kozhikode-what-auditors-expect-to-see,/blogs/data-destruction/certificate-of-destruction-in-kozhikode-what-auditors-expect-to-see,www.ewastekochi.com,/blogs/data-destruction/certificate-of-destruction-in-kozhikode-what-auditors-expect-to-see,0,4,alt_canonical|crawled_not_indexed,alt_canonical|crawled_not_indexed,2026-04-17,blogs-taxonomy-legacy,,certificate-of-destruction-in-kozhikode-what-auditors-expect-to-see,3,leave_404,,"Legacy generated blog content, no meaningful traffic — do not recreate.",low,classification_source=rule
https://www.ewastekochi.com/locations/muvattupuzha/secure-laptop-disposal,/locations/muvattupuzha/secure-laptop-disposal,www.ewastekochi.com,/locations/muvattupuzha/secure-laptop-disposal,0,2,alt_canonical,alt_canonical,2026-04-17,location-service-matrix,muvattupuzha,secure-laptop-disposal,3,leave_404,,"Thin generated location-service matrix page, 0 clicks, low impressions — matches the site's existing anti-pSEO policy (Phase 2B/2G/2M) of not mass-redirecting this footprint.",low,classification_source=rule
https://www.ewastekochi.com/blogs/laptop-disposal/office-laptop-pickup-in-edappally-kochi-for-bulk-asset-refresh-projects,/blogs/laptop-disposal/office-laptop-pickup-in-edappally-kochi-for-bulk-asset-refresh-projects,www.ewastekochi.com,/blogs/laptop-disposal/office-laptop-pickup-in-edappally-kochi-for-bulk-asset-refresh-projects,0,0,alt_canonical|crawled_not_indexed,alt_canonical|crawled_not_indexed,2026-04-17,blogs-taxonomy-legacy,,office-laptop-pickup-in-edappally-kochi-for-bulk-asset-refresh-projects,4,leave_404,,"Legacy generated blog content, no meaningful traffic — do not recreate.",low,classification_source=rule
https://www.ewastekochi.com/blogs/disposal/where-to-dispose-old-laptops-in-vyttila-kochi-free-pickup-guide,/blogs/disposal/where-to-dispose-old-laptops-in-vyttila-kochi-free-pickup-guide,www.ewastekochi.com,/blogs/disposal/where-to-dispose-old-laptops-in-vyttila-kochi-free-pickup-guide,0,8,alt_canonical|crawled_not_indexed,alt_canonical|crawled_not_indexed,2026-04-17,blogs-taxonomy-legacy,,where-to-dispose-old-laptops-in-vyttila-kochi-free-pickup-guide,3,leave_404,,"Legacy generated blog content, no meaningful traffic — do not recreate.",low,classification_source=rule
https://www.ewastekochi.com/locations/kadavanthra/electronic-waste-disposal,/locations/kadavanthra/electronic-waste-disposal,www.ewastekochi.com,/locations/kadavanthra/electronic-waste-disposal,0,7,alt_canonical|crawled_not_indexed,alt_canonical|crawled_not_indexed,2026-04-17,location-service-matrix,kadavanthra,electronic-waste-disposal,3,redirect_301,(see vercel.json),Already implemented as a redirect in vercel.json.,none,classification_source=v2-redirect
https://www.ewastekochi.com/locations/willingdon-island/mobile-recycling-kochi,/locations/willingdon-island/mobile-recycling-kochi,www.ewastekochi.com,/locations/willingdon-island/mobile-recycling-kochi,0,0,alt_canonical|crawled_not_indexed,alt_canonical|crawled_not_indexed,2026-04-17,location-service-matrix,willingdon-island,mobile-recycling-kochi,4,leave_404,,"Thin generated location-service matrix page, 0 clicks, low impressions — matches the site's existing anti-pSEO policy (Phase 2B/2G/2M) of not mass-redirecting this footprint.",low,classification_source=rule
https://www.ewastekochi.com/blogs/laptop-disposal/macbook-buyback-in-infopark-kochi-when-to-resell-vs-recycle,/blogs/laptop-disposal/macbook-buyback-in-infopark-kochi-when-to-resell-vs-recycle,www.ewastekochi.com,/blogs/laptop-disposal/macbook-buyback-in-infopark-kochi-when-to-resell-vs-recycle,0,0,alt_canonical|crawled_not_indexed,alt_canonical|crawled_not_indexed,2026-04-17,blogs-taxonomy-legacy,,macbook-buyback-in-infopark-kochi-when-to-resell-vs-recycle,4,leave_404,,"Legacy generated blog content, no meaningful traffic — do not recreate.",low,classification_source=rule
https://www.ewastekochi.com/locations/kalady/hard-drive-destruction-kochi,/locations/kalady/hard-drive-destruction-kochi,www.ewastekochi.com,/locations/kalady/hard-drive-destruction-kochi,0,0,alt_canonical,alt_canonical,2026-04-17,location-service-matrix,kalady,hard-drive-destruction-kochi,4,leave_404,,"Thin generated location-service matrix page, 0 clicks, low impressions — matches the site's existing anti-pSEO policy (Phase 2B/2G/2M) of not mass-redirecting this footprint.",low,classification_source=rule
https://www.ewastekochi.com/blogs/disposal/where-to-dispose-old-phones-in-edappally-kochi-without-data-risk,/blogs/disposal/where-to-dispose-old-phones-in-edappally-kochi-without-data-risk,www.ewastekochi.com,/blogs/disposal/where-to-dispose-old-phones-in-edappally-kochi-without-data-risk,0,18,alt_canonical|crawled_not_indexed,alt_canonical|crawled_not_indexed,2026-04-17,blogs-taxonomy-legacy,,where-to-dispose-old-phones-in-edappally-kochi-without-data-risk,3,leave_404,,"Legacy generated blog content, no meaningful traffic — do not recreate.",low,classification_source=rule
https://www.ewastekochi.com/locations/kannur/hard-drive-destruction-kochi,/locations/kannur/hard-drive-destruction-kochi,www.ewastekochi.com,/locations/kannur/hard-drive-destruction-kochi,0,7,alt_canonical,alt_canonical,2026-04-17,location-service-matrix,kannur,hard-drive-destruction-kochi,3,redirect_301,(see vercel.json),Already implemented as a redirect in vercel.json.,none,classification_source=v2-redirect
https://www.ewastekochi.com/blogs/laptop-disposal/office-laptop-pickup-in-kottayam-for-bulk-asset-refresh-projects,/blogs/laptop-disposal/office-laptop-pickup-in-kottayam-for-bulk-asset-refresh-projects,www.ewastekochi.com,/blogs/laptop-disposal/office-laptop-pickup-in-kottayam-for-bulk-asset-refresh-projects,0,0,alt_canonical|crawled_not_indexed,alt_canonical|crawled_not_indexed,2026-04-17,blogs-taxonomy-legacy,,office-laptop-pickup-in-kottayam-for-bulk-asset-refresh-projects,4,leave_404,,"Legacy generated blog content, no meaningful traffic — do not recreate.",low,classification_source=rule
https://www.ewastekochi.com/locations/thrippunithura/computer-recycling,/locations/thrippunithura/computer-recycling,www.ewastekochi.com,/locations/thrippunithura/computer-recycling,0,2,alt_canonical|crawled_not_indexed,alt_canonical|crawled_not_indexed,2026-04-17,location-service-matrix,thrippunithura,computer-recycling,3,redirect_301,(see vercel.json),Already implemented as a redirect in vercel.json.,none,classification_source=v2-redirect
https://www.ewastekochi.com/blogs/disposal/how-to-dispose-office-computers-in-thiruvananthapuram-safely,/blogs/disposal/how-to-dispose-office-computers-in-thiruvananthapuram-safely,www.ewastekochi.com,/blogs/disposal/how-to-dispose-office-computers-in-thiruvananthapuram-safely,0,17,alt_canonical|crawled_not_indexed,alt_canonical|crawled_not_indexed,2026-04-17,blogs-taxonomy-legacy,,how-to-dispose-office-computers-in-thiruvananthapuram-safely,3,leave_404,,"Legacy generated blog content, no meaningful traffic — do not recreate.",low,classification_source=rule
https://www.ewastekochi.com/blogs/itad-process/the-ultimate-server-decommissioning-checklist-for-data-centres-in-vyttila-kochi,/blogs/itad-process/the-ultimate-server-decommissioning-checklist-for-data-centres-in-vyttila-kochi,www.ewastekochi.com,/blogs/itad-process/the-ultimate-server-decommissioning-checklist-for-data-centres-in-vyttila-kochi,0,33,alt_canonical|crawled_not_indexed,alt_canonical|crawled_not_indexed,2026-04-17,blogs-taxonomy-legacy,,the-ultimate-server-decommissioning-checklist-for-data-centres-in-vyttila-kochi,2,leave_404,,"Legacy generated blog content, no meaningful traffic — do not recreate.",low,classification_source=rule
https://www.ewastekochi.com/blogs/mobile-recycling/secure-mobile-data-wipe-in-vyttila-kochi-before-buyback-or-recycling,/blogs/mobile-recycling/secure-mobile-data-wipe-in-vyttila-kochi-before-buyback-or-recycling,www.ewastekochi.com,/blogs/mobile-recycling/secure-mobile-data-wipe-in-vyttila-kochi-before-buyback-or-recycling,0,2,alt_canonical,alt_canonical,2026-04-17,blogs-taxonomy-legacy,,secure-mobile-data-wipe-in-vyttila-kochi-before-buyback-or-recycling,3,leave_404,,"Legacy generated blog content, no meaningful traffic — do not recreate.",low,classification_source=rule
https://www.ewastekochi.com/blogs/mobile-recycling/phone-buyback-in-thrippunithura-kochi-best-route-for-fast-local-quotes,/blogs/mobile-recycling/phone-buyback-in-thrippunithura-kochi-best-route-for-fast-local-quotes,www.ewastekochi.com,/blogs/mobile-recycling/phone-buyback-in-thrippunithura-kochi-best-route-for-fast-local-quotes,0,5,alt_canonical|crawled_not_indexed,alt_canonical|crawled_not_indexed,2026-04-17,blogs-taxonomy-legacy,,phone-buyback-in-thrippunithura-kochi-best-route-for-fast-local-quotes,3,leave_404,,"Legacy generated blog content, no meaningful traffic — do not recreate.",low,classification_source=rule
https://www.ewastekochi.com/locations/palarivattom/hard-drive-degaussing-kochi,/locations/palarivattom/hard-drive-degaussing-kochi,www.ewastekochi.com,/locations/palarivattom/hard-drive-degaussing-kochi,0,1,alt_canonical|crawled_not_indexed,alt_canonical|crawled_not_indexed,2026-04-17,location-service-matrix,palarivattom,hard-drive-degaussing-kochi,3,redirect_301,(see vercel.json),Already implemented as a redirect in vercel.json.,none,classification_source=v2-redirect
https://www.ewastekochi.com/blogs/disposal/where-to-dispose-old-laptops-in-infopark-kochi-free-pickup-guide,/blogs/disposal/where-to-dispose-old-laptops-in-infopark-kochi-free-pickup-guide,www.ewastekochi.com,/blogs/disposal/where-to-dispose-old-laptops-in-infopark-kochi-free-pickup-guide,1,11,alt_canonical|crawled_not_indexed,alt_canonical|crawled_not_indexed,2026-04-17,blogs-taxonomy-legacy,,where-to-dispose-old-laptops-in-infopark-kochi-free-pickup-guide,2,manual_review,,"Modest clicks, no exact match — low-priority manual review.",low,classification_source=rule
https://www.ewastekochi.com/blogs/battery-recycling/lead-acid-battery-recycling-in-kottayam-what-businesses-need-to-track,/blogs/battery-recycling/lead-acid-battery-recycling-in-kottayam-what-businesses-need-to-track,www.ewastekochi.com,/blogs/battery-recycling/lead-acid-battery-recycling-in-kottayam-what-businesses-need-to-track,0,10,alt_canonical|crawled_not_indexed,alt_canonical|crawled_not_indexed,2026-04-17,blogs-taxonomy-legacy,,lead-acid-battery-recycling-in-kottayam-what-businesses-need-to-track,3,leave_404,,"Legacy generated blog content, no meaningful traffic — do not recreate.",low,classification_source=rule
https://www.ewastekochi.com/blogs/itad-process/nist-800-88-vs-dod-5220-22-m-which-standard-to-choose-in-vyttila-kochi,/blogs/itad-process/nist-800-88-vs-dod-5220-22-m-which-standard-to-choose-in-vyttila-kochi,www.ewastekochi.com,/blogs/itad-process/nist-800-88-vs-dod-5220-22-m-which-standard-to-choose-in-vyttila-kochi,0,40,alt_canonical|crawled_not_indexed,alt_canonical|crawled_not_indexed,2026-04-17,blogs-taxonomy-legacy,,nist-800-88-vs-dod-5220-22-m-which-standard-to-choose-in-vyttila-kochi,2,leave_404,,"Legacy generated blog content, no meaningful traffic — do not recreate.",low,classification_source=rule
https://www.ewastekochi.com/locations/kakkanad/hard-drive-destruction-kochi,/locations/kakkanad/hard-drive-destruction-kochi,www.ewastekochi.com,/locations/kakkanad/hard-drive-destruction-kochi,0,10,alt_canonical|crawled_not_indexed,alt_canonical|crawled_not_indexed,2026-04-17,location-service-matrix,kakkanad,hard-drive-destruction-kochi,3,redirect_301,(see vercel.json),Already implemented as a redirect in vercel.json.,none,classification_source=v2-redirect
https://www.ewastekochi.com/blogs/environmental-impact/precious-metal-recovery-from-e-waste-in-kottayam,/blogs/environmental-impact/precious-metal-recovery-from-e-waste-in-kottayam,www.ewastekochi.com,/blogs/environmental-impact/precious-metal-recovery-from-e-waste-in-kottayam,0,6,alt_canonical|crawled_not_indexed,alt_canonical|crawled_not_indexed,2026-04-17,blogs-taxonomy-legacy,,precious-metal-recovery-from-e-waste-in-kottayam,3,leave_404,,"Legacy generated blog content, no meaningful traffic — do not recreate.",low,classification_source=rule
https://www.ewastekochi.com/blogs/government-rules/certificate-of-destruction-for-audits-in-thiruvananthapuram,/blogs/government-rules/certificate-of-destruction-for-audits-in-thiruvananthapuram,www.ewastekochi.com,/blogs/government-rules/certificate-of-destruction-for-audits-in-thiruvananthapuram,0,4,alt_canonical|crawled_not_indexed,alt_canonical|crawled_not_indexed,2026-04-17,blogs-taxonomy-legacy,,certificate-of-destruction-for-audits-in-thiruvananthapuram,3,leave_404,,"Legacy generated blog content, no meaningful traffic — do not recreate.",low,classification_source=rule
https://www.ewastekochi.com/locations/kadavanthra/laptop-recycling-near-me,/locations/kadavanthra/laptop-recycling-near-me,www.ewastekochi.com,/locations/kadavanthra/laptop-recycling-near-me,0,0,alt_canonical|crawled_not_indexed,alt_canonical|crawled_not_indexed,2026-04-17,location-service-matrix,kadavanthra,laptop-recycling-near-me,4,leave_404,,"Thin generated location-service matrix page, 0 clicks, low impressions — matches the site's existing anti-pSEO policy (Phase 2B/2G/2M) of not mass-redirecting this footprint.",low,classification_source=rule
https://www.ewastekochi.com/blogs/environmental-impact/circular-economy-and-e-waste-in-kalamassery-kochi-what-recovery-actually-looks-like,/blogs/environmental-impact/circular-economy-and-e-waste-in-kalamassery-kochi-what-recovery-actually-looks-like,www.ewastekochi.com,/blogs/environmental-impact/circular-economy-and-e-waste-in-kalamassery-kochi-what-recovery-actually-looks-like,0,0,alt_canonical|crawled_not_indexed,alt_canonical|crawled_not_indexed,2026-04-17,blogs-taxonomy-legacy,,circular-economy-and-e-waste-in-kalamassery-kochi-what-recovery-actually-looks-like,4,leave_404,,"Legacy generated blog content, no meaningful traffic — do not recreate.",low,classification_source=rule
https://www.ewastekochi.com/blogs/corporate-itad/chain-of-custody-for-itad-in-edappally-kochi-what-good-vendors-prove,/blogs/corporate-itad/chain-of-custody-for-itad-in-edappally-kochi-what-good-vendors-prove,www.ewastekochi.com,/blogs/corporate-itad/chain-of-custody-for-itad-in-edappally-kochi-what-good-vendors-prove,0,0,alt_canonical|crawled_not_indexed,alt_canonical|crawled_not_indexed,2026-04-17,blogs-taxonomy-legacy,,chain-of-custody-for-itad-in-edappally-kochi-what-good-vendors-prove,4,leave_404,,"Legacy generated blog content, no meaningful traffic — do not recreate.",low,classification_source=rule
https://www.ewastekochi.com/locations/smart-city-kochi/hard-drive-destruction-kochi,/locations/smart-city-kochi/hard-drive-destruction-kochi,www.ewastekochi.com,/locations/smart-city-kochi/hard-drive-destruction-kochi,0,3,alt_canonical|crawled_not_indexed,alt_canonical|crawled_not_indexed,2026-04-17,location-service-matrix,smart-city-kochi,hard-drive-destruction-kochi,3,redirect_301,(see vercel.json),Already implemented as a redirect in vercel.json.,none,classification_source=v2-redirect
https://www.ewastekochi.com/blogs/environmental-impact/why-recycle-electronics-in-infopark-kochi-the-local-impact,/blogs/environmental-impact/why-recycle-electronics-in-infopark-kochi-the-local-impact,www.ewastekochi.com,/blogs/environmental-impact/why-recycle-electronics-in-infopark-kochi-the-local-impact,0,4,alt_canonical,alt_canonical,2026-04-17,blogs-taxonomy-legacy,,why-recycle-electronics-in-infopark-kochi-the-local-impact,3,leave_404,,"Legacy generated blog content, no meaningful traffic — do not recreate.",low,classification_source=rule
https://www.ewastekochi.com/blogs/environmental-impact/circular-economy-and-e-waste-in-vyttila-kochi-what-recovery-actually-looks-like,/blogs/environmental-impact/circular-economy-and-e-waste-in-vyttila-kochi-what-recovery-actually-looks-like,www.ewastekochi.com,/blogs/environmental-impact/circular-economy-and-e-waste-in-vyttila-kochi-what-recovery-actually-looks-like,0,1,alt_canonical|crawled_not_indexed,alt_canonical|crawled_not_indexed,2026-04-17,blogs-taxonomy-legacy,,circular-economy-and-e-waste-in-vyttila-kochi-what-recovery-actually-looks-like,3,leave_404,,"Legacy generated blog content, no meaningful traffic — do not recreate.",low,classification_source=rule
https://www.ewastekochi.com/blogs/battery-recycling/phone-battery-recycling-in-thrippunithura-kochi-what-to-do-with-loose-cells,/blogs/battery-recycling/phone-battery-recycling-in-thrippunithura-kochi-what-to-do-with-loose-cells,www.ewastekochi.com,/blogs/battery-recycling/phone-battery-recycling-in-thrippunithura-kochi-what-to-do-with-loose-cells,1,11,alt_canonical|crawled_not_indexed,alt_canonical|crawled_not_indexed,2026-04-17,blogs-taxonomy-legacy,,phone-battery-recycling-in-thrippunithura-kochi-what-to-do-with-loose-cells,2,manual_review,,"Modest clicks, no exact match — low-priority manual review.",low,classification_source=rule
https://www.ewastekochi.com/blogs/disposal/monitor-and-tv-disposal-in-vyttila-kochi-what-to-do-first,/blogs/disposal/monitor-and-tv-disposal-in-vyttila-kochi-what-to-do-first,www.ewastekochi.com,/blogs/disposal/monitor-and-tv-disposal-in-vyttila-kochi-what-to-do-first,0,10,alt_canonical|crawled_not_indexed,alt_canonical|crawled_not_indexed,2026-04-17,blogs-taxonomy-legacy,,monitor-and-tv-disposal-in-vyttila-kochi-what-to-do-first,3,leave_404,,"Legacy generated blog content, no meaningful traffic — do not recreate.",low,classification_source=rule
https://www.ewastekochi.com/blogs/environmental-impact/circular-economy-and-e-waste-in-kollam-what-recovery-actually-looks-like,/blogs/environmental-impact/circular-economy-and-e-waste-in-kollam-what-recovery-actually-looks-like,www.ewastekochi.com,/blogs/environmental-impact/circular-economy-and-e-waste-in-kollam-what-recovery-actually-looks-like,0,0,alt_canonical|crawled_not_indexed,alt_canonical|crawled_not_indexed,2026-04-17,blogs-taxonomy-legacy,,circular-economy-and-e-waste-in-kollam-what-recovery-actually-looks-like,4,leave_404,,"Legacy generated blog content, no meaningful traffic — do not recreate.",low,classification_source=rule
https://www.ewastekochi.com/blogs/battery-recycling/solar-battery-disposal-in-thiruvananthapuram-practical-steps-for-safe-collection,/blogs/battery-recycling/solar-battery-disposal-in-thiruvananthapuram-practical-steps-for-safe-collection,www.ewastekochi.com,/blogs/battery-recycling/solar-battery-disposal-in-thiruvananthapuram-practical-steps-for-safe-collection,0,9,alt_canonical|crawled_not_indexed,alt_canonical|crawled_not_indexed,2026-04-17,blogs-taxonomy-legacy,,solar-battery-disposal-in-thiruvananthapuram-practical-steps-for-safe-collection,3,leave_404,,"Legacy generated blog content, no meaningful traffic — do not recreate.",low,classification_source=rule
https://www.ewastekochi.com/blogs/recycling/battery-recycling-in-kalamassery-kochi-what-needs-separate-handling,/blogs/recycling/battery-recycling-in-kalamassery-kochi-what-needs-separate-handling,www.ewastekochi.com,/blogs/recycling/battery-recycling-in-kalamassery-kochi-what-needs-separate-handling,0,4,alt_canonical|crawled_not_indexed,alt_canonical|crawled_not_indexed,2026-04-17,blogs-taxonomy-legacy,,battery-recycling-in-kalamassery-kochi-what-needs-separate-handling,3,leave_404,,"Legacy generated blog content, no meaningful traffic — do not recreate.",low,classification_source=rule
https://www.ewastekochi.com/blogs/corporate-itad/data-centre-refresh-and-retirement-planning-in-kottayam,/blogs/corporate-itad/data-centre-refresh-and-retirement-planning-in-kottayam,www.ewastekochi.com,/blogs/corporate-itad/data-centre-refresh-and-retirement-planning-in-kottayam,0,2,alt_canonical|crawled_not_indexed,alt_canonical|crawled_not_indexed,2026-04-17,blogs-taxonomy-legacy,,data-centre-refresh-and-retirement-planning-in-kottayam,3,leave_404,,"Legacy generated blog content, no meaningful traffic — do not recreate.",low,classification_source=rule
https://www.ewastekochi.com/blogs/laptop-disposal/macbook-buyback-in-kottayam-when-to-resell-vs-recycle,/blogs/laptop-disposal/macbook-buyback-in-kottayam-when-to-resell-vs-recycle,www.ewastekochi.com,/blogs/laptop-disposal/macbook-buyback-in-kottayam-when-to-resell-vs-recycle,0,2,alt_canonical|crawled_not_indexed,alt_canonical|crawled_not_indexed,2026-04-17,blogs-taxonomy-legacy,,macbook-buyback-in-kottayam-when-to-resell-vs-recycle,3,leave_404,,"Legacy generated blog content, no meaningful traffic — do not recreate.",low,classification_source=rule
https://www.ewastekochi.com/blogs/government-rules/how-disposal-mistakes-create-data-breach-risk-in-kakkanad-kochi,/blogs/government-rules/how-disposal-mistakes-create-data-breach-risk-in-kakkanad-kochi,www.ewastekochi.com,/blogs/government-rules/how-disposal-mistakes-create-data-breach-risk-in-kakkanad-kochi,0,5,alt_canonical|crawled_not_indexed,alt_canonical|crawled_not_indexed,2026-04-17,blogs-taxonomy-legacy,,how-disposal-mistakes-create-data-breach-risk-in-kakkanad-kochi,3,leave_404,,"Legacy generated blog content, no meaningful traffic — do not recreate.",low,classification_source=rule
https://www.ewastekochi.com/blogs/corporate-itad/bank-and-hospital-itad-in-kottayam-documentation-that-actually-matters,/blogs/corporate-itad/bank-and-hospital-itad-in-kottayam-documentation-that-actually-matters,www.ewastekochi.com,/blogs/corporate-itad/bank-and-hospital-itad-in-kottayam-documentation-that-actually-matters,1,10,alt_canonical|crawled_not_indexed,alt_canonical|crawled_not_indexed,2026-04-17,blogs-taxonomy-legacy,,bank-and-hospital-itad-in-kottayam-documentation-that-actually-matters,2,manual_review,,"Modest clicks, no exact match — low-priority manual review.",low,classification_source=rule
https://www.ewastekochi.com/blogs/battery-recycling/how-to-store-batteries-before-pickup-in-thrippunithura-kochi,/blogs/battery-recycling/how-to-store-batteries-before-pickup-in-thrippunithura-kochi,www.ewastekochi.com,/blogs/battery-recycling/how-to-store-batteries-before-pickup-in-thrippunithura-kochi,0,3,alt_canonical|crawled_not_indexed,alt_canonical|crawled_not_indexed,2026-04-17,blogs-taxonomy-legacy,,how-to-store-batteries-before-pickup-in-thrippunithura-kochi,3,leave_404,,"Legacy generated blog content, no meaningful traffic — do not recreate.",low,classification_source=rule
https://www.ewastekochi.com/blogs/environmental-impact/why-recycle-electronics-in-kottayam-the-local-impact,/blogs/environmental-impact/why-recycle-electronics-in-kottayam-the-local-impact,www.ewastekochi.com,/blogs/environmental-impact/why-recycle-electronics-in-kottayam-the-local-impact,0,5,alt_canonical,alt_canonical,2026-04-17,blogs-taxonomy-legacy,,why-recycle-electronics-in-kottayam-the-local-impact,3,leave_404,,"Legacy generated blog content, no meaningful traffic — do not recreate.",low,classification_source=rule
https://www.ewastekochi.com/blogs/corporate-itad/asset-recovery-and-remarketing-in-kakkanad-kochi-how-itad-recovers-budget,/blogs/corporate-itad/asset-recovery-and-remarketing-in-kakkanad-kochi-how-itad-recovers-budget,www.ewastekochi.com,/blogs/corporate-itad/asset-recovery-and-remarketing-in-kakkanad-kochi-how-itad-recovers-budget,0,2,alt_canonical|crawled_not_indexed,alt_canonical|crawled_not_indexed,2026-04-17,blogs-taxonomy-legacy,,asset-recovery-and-remarketing-in-kakkanad-kochi-how-itad-recovers-budget,3,leave_404,,"Legacy generated blog content, no meaningful traffic — do not recreate.",low,classification_source=rule
https://www.ewastekochi.com/blogs/mobile-recycling/residential-phone-drop-off-in-infopark-kochi-what-to-bring-and-what-to-avoid,/blogs/mobile-recycling/residential-phone-drop-off-in-infopark-kochi-what-to-bring-and-what-to-avoid,www.ewastekochi.com,/blogs/mobile-recycling/residential-phone-drop-off-in-infopark-kochi-what-to-bring-and-what-to-avoid,0,2,alt_canonical,alt_canonical,2026-04-17,blogs-taxonomy-legacy,,residential-phone-drop-off-in-infopark-kochi-what-to-bring-and-what-to-avoid,3,leave_404,,"Legacy generated blog content, no meaningful traffic — do not recreate.",low,classification_source=rule
https://www.ewastekochi.com/blogs/environmental-impact/what-happens-when-electronics-reach-landfills-in-kollam,/blogs/environmental-impact/what-happens-when-electronics-reach-landfills-in-kollam,www.ewastekochi.com,/blogs/environmental-impact/what-happens-when-electronics-reach-landfills-in-kollam,0,7,alt_canonical|crawled_not_indexed,alt_canonical|crawled_not_indexed,2026-04-17,blogs-taxonomy-legacy,,what-happens-when-electronics-reach-landfills-in-kollam,3,leave_404,,"Legacy generated blog content, no meaningful traffic — do not recreate.",low,classification_source=rule
https://www.ewastekochi.com/blogs/laptop-disposal/damaged-laptop-recycling-in-thrippunithura-kochi-what-still-has-value,/blogs/laptop-disposal/damaged-laptop-recycling-in-thrippunithura-kochi-what-still-has-value,www.ewastekochi.com,/blogs/laptop-disposal/damaged-laptop-recycling-in-thrippunithura-kochi-what-still-has-value,0,4,alt_canonical|crawled_not_indexed,alt_canonical|crawled_not_indexed,2026-04-17,blogs-taxonomy-legacy,,damaged-laptop-recycling-in-thrippunithura-kochi-what-still-has-value,3,leave_404,,"Legacy generated blog content, no meaningful traffic — do not recreate.",low,classification_source=rule
https://www.ewastekochi.com/blogs/disposal/corporate-e-waste-clearance-checklist-for-edappally-kochi,/blogs/disposal/corporate-e-waste-clearance-checklist-for-edappally-kochi,www.ewastekochi.com,/blogs/disposal/corporate-e-waste-clearance-checklist-for-edappally-kochi,0,4,alt_canonical|crawled_not_indexed,alt_canonical|crawled_not_indexed,2026-04-17,blogs-taxonomy-legacy,,corporate-e-waste-clearance-checklist-for-edappally-kochi,3,leave_404,,"Legacy generated blog content, no meaningful traffic — do not recreate.",low,classification_source=rule
https://www.ewastekochi.com/blogs/government-rules/bulk-consumer-e-waste-obligations-in-thrippunithura-kochi,/blogs/government-rules/bulk-consumer-e-waste-obligations-in-thrippunithura-kochi,www.ewastekochi.com,/blogs/government-rules/bulk-consumer-e-waste-obligations-in-thrippunithura-kochi,0,3,alt_canonical|crawled_not_indexed,alt_canonical|crawled_not_indexed,2026-04-17,blogs-taxonomy-legacy,,bulk-consumer-e-waste-obligations-in-thrippunithura-kochi,3,leave_404,,"Legacy generated blog content, no meaningful traffic — do not recreate.",low,classification_source=rule
https://www.ewastekochi.com/blogs/disposal/corporate-e-waste-clearance-checklist-for-vyttila-kochi,/blogs/disposal/corporate-e-waste-clearance-checklist-for-vyttila-kochi,www.ewastekochi.com,/blogs/disposal/corporate-e-waste-clearance-checklist-for-vyttila-kochi,0,9,alt_canonical,alt_canonical,2026-04-17,blogs-taxonomy-legacy,,corporate-e-waste-clearance-checklist-for-vyttila-kochi,3,leave_404,,"Legacy generated blog content, no meaningful traffic — do not recreate.",low,classification_source=rule
https://www.ewastekochi.com/blogs/environmental-impact/how-e-waste-recycling-reduces-carbon-footprint-in-edappally-kochi,/blogs/environmental-impact/how-e-waste-recycling-reduces-carbon-footprint-in-edappally-kochi,www.ewastekochi.com,/blogs/environmental-impact/how-e-waste-recycling-reduces-carbon-footprint-in-edappally-kochi,0,2,alt_canonical|crawled_not_indexed,alt_canonical|crawled_not_indexed,2026-04-17,blogs-taxonomy-legacy,,how-e-waste-recycling-reduces-carbon-footprint-in-edappally-kochi,3,leave_404,,"Legacy generated blog content, no meaningful traffic — do not recreate.",low,classification_source=rule
https://www.ewastekochi.com/blogs/corporate-itad/startup-office-clear-outs-in-kollam-fast-itad-for-lean-teams,/blogs/corporate-itad/startup-office-clear-outs-in-kollam-fast-itad-for-lean-teams,www.ewastekochi.com,/blogs/corporate-itad/startup-office-clear-outs-in-kollam-fast-itad-for-lean-teams,0,0,alt_canonical|crawled_not_indexed,alt_canonical|crawled_not_indexed,2026-04-17,blogs-taxonomy-legacy,,startup-office-clear-outs-in-kollam-fast-itad-for-lean-teams,4,leave_404,,"Legacy generated blog content, no meaningful traffic — do not recreate.",low,classification_source=rule
https://www.ewastekochi.com/blogs/laptop-disposal/business-laptop-buyback-in-kollam-what-it-teams-should-expect,/blogs/laptop-disposal/business-laptop-buyback-in-kollam-what-it-teams-should-expect,www.ewastekochi.com,/blogs/laptop-disposal/business-laptop-buyback-in-kollam-what-it-teams-should-expect,0,0,alt_canonical|crawled_not_indexed,alt_canonical|crawled_not_indexed,2026-04-17,blogs-taxonomy-legacy,,business-laptop-buyback-in-kollam-what-it-teams-should-expect,4,leave_404,,"Legacy generated blog content, no meaningful traffic — do not recreate.",low,classification_source=rule
https://www.ewastekochi.com/blogs/environmental-impact/school-e-waste-drives-in-kottayam-planning-a-safer-collection-day,/blogs/environmental-impact/school-e-waste-drives-in-kottayam-planning-a-safer-collection-day,www.ewastekochi.com,/blogs/environmental-impact/school-e-waste-drives-in-kottayam-planning-a-safer-collection-day,0,1,alt_canonical|crawled_not_indexed,alt_canonical|crawled_not_indexed,2026-04-17,blogs-taxonomy-legacy,,school-e-waste-drives-in-kottayam-planning-a-safer-collection-day,3,leave_404,,"Legacy generated blog content, no meaningful traffic — do not recreate.",low,classification_source=rule
https://www.ewastekochi.com/blogs/scrap-electronics/network-equipment-scrap-in-edappally-kochi-switches-routers-firewalls,/blogs/scrap-electronics/network-equipment-scrap-in-edappally-kochi-switches-routers-firewalls,www.ewastekochi.com,/blogs/scrap-electronics/network-equipment-scrap-in-edappally-kochi-switches-routers-firewalls,0,17,alt_canonical|crawled_not_indexed,alt_canonical|crawled_not_indexed,2026-04-17,blogs-taxonomy-legacy,,network-equipment-scrap-in-edappally-kochi-switches-routers-firewalls,3,leave_404,,"Legacy generated blog content, no meaningful traffic — do not recreate.",low,classification_source=rule
https://www.ewastekochi.com/blogs/laptop-disposal/macbook-buyback-in-kollam-when-to-resell-vs-recycle,/blogs/laptop-disposal/macbook-buyback-in-kollam-when-to-resell-vs-recycle,www.ewastekochi.com,/blogs/laptop-disposal/macbook-buyback-in-kollam-when-to-resell-vs-recycle,0,1,alt_canonical|crawled_not_indexed,alt_canonical|crawled_not_indexed,2026-04-17,blogs-taxonomy-legacy,,macbook-buyback-in-kollam-when-to-resell-vs-recycle,3,leave_404,,"Legacy generated blog content, no meaningful traffic — do not recreate.",low,classification_source=rule
https://www.ewastekochi.com/blogs/scrap-electronics/server-scrap-buyers-in-thrippunithura-kochi-recovering-more-from-old-racks,/blogs/scrap-electronics/server-scrap-buyers-in-thrippunithura-kochi-recovering-more-from-old-racks,www.ewastekochi.com,/blogs/scrap-electronics/server-scrap-buyers-in-thrippunithura-kochi-recovering-more-from-old-racks,0,12,alt_canonical|crawled_not_indexed,alt_canonical|crawled_not_indexed,2026-04-17,blogs-taxonomy-legacy,,server-scrap-buyers-in-thrippunithura-kochi-recovering-more-from-old-racks,3,leave_404,,"Legacy generated blog content, no meaningful traffic — do not recreate.",low,classification_source=rule
https://www.ewastekochi.com/blogs/environmental-impact/school-e-waste-drives-in-edappally-kochi-planning-a-safer-collection-day,/blogs/environmental-impact/school-e-waste-drives-in-edappally-kochi-planning-a-safer-collection-day,www.ewastekochi.com,/blogs/environmental-impact/school-e-waste-drives-in-edappally-kochi-planning-a-safer-collection-day,0,2,alt_canonical|crawled_not_indexed,alt_canonical|crawled_not_indexed,2026-04-17,blogs-taxonomy-legacy,,school-e-waste-drives-in-edappally-kochi-planning-a-safer-collection-day,3,leave_404,,"Legacy generated blog content, no meaningful traffic — do not recreate.",low,classification_source=rule
https://www.ewastekochi.com/locations/kollam/laptop-buyback-kochi,/locations/kollam/laptop-buyback-kochi,www.ewastekochi.com,/locations/kollam/laptop-buyback-kochi,0,0,alt_canonical,alt_canonical,2026-04-17,location-service-matrix,kollam,laptop-buyback-kochi,4,leave_404,,"Thin generated location-service matrix page, 0 clicks, low impressions — matches the site's existing anti-pSEO policy (Phase 2B/2G/2M) of not mass-redirecting this footprint.",low,classification_source=rule
https://www.ewastekochi.com/locations/angamaly/corporate-ewaste-kochi,/locations/angamaly/corporate-ewaste-kochi,www.ewastekochi.com,/locations/angamaly/corporate-ewaste-kochi,0,2,alt_canonical,alt_canonical,2026-04-17,location-service-matrix,angamaly,corporate-ewaste-kochi,3,leave_404,,"Thin generated location-service matrix page, 0 clicks, low impressions — matches the site's existing anti-pSEO policy (Phase 2B/2G/2M) of not mass-redirecting this footprint.",low,classification_source=rule
https://www.ewastekochi.com/locations/kottayam/ups-inverter-recycling-kochi,/locations/kottayam/ups-inverter-recycling-kochi,www.ewastekochi.com,/locations/kottayam/ups-inverter-recycling-kochi,0,0,alt_canonical,alt_canonical,2026-04-17,location-service-matrix,kottayam,ups-inverter-recycling-kochi,4,leave_404,,"Thin generated location-service matrix page, 0 clicks, low impressions — matches the site's existing anti-pSEO policy (Phase 2B/2G/2M) of not mass-redirecting this footprint.",low,classification_source=rule
https://www.ewastekochi.com/locations/thrissur/server-recycling-kochi,/locations/thrissur/server-recycling-kochi,www.ewastekochi.com,/locations/thrissur/server-recycling-kochi,0,1,alt_canonical,alt_canonical,2026-04-17,location-service-matrix,thrissur,server-recycling-kochi,3,redirect_301,(see vercel.json),Already implemented as a redirect in vercel.json.,none,classification_source=v2-redirect
https://www.ewastekochi.com/locations/kalady/it-asset-inventory-audit,/locations/kalady/it-asset-inventory-audit,www.ewastekochi.com,/locations/kalady/it-asset-inventory-audit,0,0,alt_canonical,alt_canonical,2026-04-17,location-service-matrix,kalady,it-asset-inventory-audit,4,leave_404,,"Thin generated location-service matrix page, 0 clicks, low impressions — matches the site's existing anti-pSEO policy (Phase 2B/2G/2M) of not mass-redirecting this footprint.",low,classification_source=rule
https://www.ewastekochi.com/locations/palarivattom/hard-drive-shredding-kochi,/locations/palarivattom/hard-drive-shredding-kochi,www.ewastekochi.com,/locations/palarivattom/hard-drive-shredding-kochi,0,0,alt_canonical|crawled_not_indexed,alt_canonical|crawled_not_indexed,2026-04-16,location-service-matrix,palarivattom,hard-drive-shredding-kochi,4,leave_404,,"Thin generated location-service matrix page, 0 clicks, low impressions — matches the site's existing anti-pSEO policy (Phase 2B/2G/2M) of not mass-redirecting this footprint.",low,classification_source=rule
https://www.ewastekochi.com/locations/thrissur/printer-recycling-kochi,/locations/thrissur/printer-recycling-kochi,www.ewastekochi.com,/locations/thrissur/printer-recycling-kochi,0,0,alt_canonical|crawled_not_indexed,alt_canonical|crawled_not_indexed,2026-04-16,location-service-matrix,thrissur,printer-recycling-kochi,4,leave_404,,"Thin generated location-service matrix page, 0 clicks, low impressions — matches the site's existing anti-pSEO policy (Phase 2B/2G/2M) of not mass-redirecting this footprint.",low,classification_source=rule
https://www.ewastekochi.com/buyback/laptops/sell-hp-elitebook-932-kochi,/buyback/laptops/sell-hp-elitebook-932-kochi,www.ewastekochi.com,/buyback/laptops/sell-hp-elitebook-932-kochi,0,0,alt_canonical,alt_canonical,2026-03-29,other-legacy-service,,sell-hp-elitebook-932-kochi,4,leave_404,,No meaningful traffic.,low,classification_source=rule
https://www.ewastekochi.com/buyback/laptops/sell-dell-latitude-5472-kochi,/buyback/laptops/sell-dell-latitude-5472-kochi,www.ewastekochi.com,/buyback/laptops/sell-dell-latitude-5472-kochi,0,0,alt_canonical,alt_canonical,2026-03-26,other-legacy-service,,sell-dell-latitude-5472-kochi,4,leave_404,,No meaningful traffic.,low,classification_source=rule
https://www.ewastekochi.com/ml/buyback/laptops/sell-hp-elitebook-882-kochi,/ml/buyback/laptops/sell-hp-elitebook-882-kochi,www.ewastekochi.com,/ml/buyback/laptops/sell-hp-elitebook-882-kochi,0,0,alt_canonical,alt_canonical,2026-03-26,other-legacy-service,,sell-hp-elitebook-882-kochi,4,leave_404,,No meaningful traffic.,low,classification_source=rule
https://www.ewastekochi.com/ml/buyback/laptops/sell-asus-rog-zephyrus-g110-kochi,/ml/buyback/laptops/sell-asus-rog-zephyrus-g110-kochi,www.ewastekochi.com,/ml/buyback/laptops/sell-asus-rog-zephyrus-g110-kochi,0,0,alt_canonical,alt_canonical,2026-03-26,other-legacy-service,,sell-asus-rog-zephyrus-g110-kochi,4,leave_404,,No meaningful traffic.,low,classification_source=rule
https://www.ewastekochi.com/ml/buyback/laptops/sell-thinkpad-t438s-kochi,/ml/buyback/laptops/sell-thinkpad-t438s-kochi,www.ewastekochi.com,/ml/buyback/laptops/sell-thinkpad-t438s-kochi,0,0,alt_canonical,alt_canonical,2026-03-25,other-legacy-service,,sell-thinkpad-t438s-kochi,4,leave_404,,No meaningful traffic.,low,classification_source=rule
https://www.ewastekochi.com/ml/buyback/phones/sell-iphone-7-kochi,/ml/buyback/phones/sell-iphone-7-kochi,www.ewastekochi.com,/ml/buyback/phones/sell-iphone-7-kochi,0,0,alt_canonical,alt_canonical,2026-03-24,other-legacy-service,,sell-iphone-7-kochi,4,leave_404,,No meaningful traffic.,low,classification_source=rule
https://www.ewastekochi.com/blog/recycling/enterprise/trusted-recycling-enterprise-kaloor-8,/blog/recycling/enterprise/trusted-recycling-enterprise-kaloor-8,www.ewastekochi.com,/blog/recycling/enterprise/trusted-recycling-enterprise-kaloor-8,1,30,crawled_not_indexed,crawled_not_indexed,2026-05-17,blog,,trusted-recycling-enterprise-kaloor-8,2,manual_review,,"Modest clicks, no exact match — low-priority manual review.",low,classification_source=rule
https://www.ewastekochi.com/blogs/recycling/battery-recycling-in-vyttila-kochi-what-needs-separate-handling,/blogs/recycling/battery-recycling-in-vyttila-kochi-what-needs-separate-handling,www.ewastekochi.com,/blogs/recycling/battery-recycling-in-vyttila-kochi-what-needs-separate-handling,0,21,crawled_not_indexed,crawled_not_indexed,2026-05-13,blogs-taxonomy-legacy,,battery-recycling-in-vyttila-kochi-what-needs-separate-handling,2,leave_404,,"Legacy generated blog content, no meaningful traffic — do not recreate.",low,classification_source=rule
https://www.ewastekochi.com/blog/e-waste-laws-in-kalamassery-complete-guide-kalamassery-3-3,/blog/e-waste-laws-in-kalamassery-complete-guide-kalamassery-3-3,www.ewastekochi.com,/blog/e-waste-laws-in-kalamassery-complete-guide-kalamassery-3-3,0,2,crawled_not_indexed,crawled_not_indexed,2026-05-12,blog,,e-waste-laws-in-kalamassery-complete-guide-kalamassery-3-3,3,leave_404,,"Legacy generated blog content, no meaningful traffic — do not recreate.",low,classification_source=rule
https://www.ewastekochi.com/itad-services,/itad-services,www.ewastekochi.com,/itad-services,0,1,crawled_not_indexed,crawled_not_indexed,2026-05-12,other-legacy-service,,itad-services,3,leave_404,,No meaningful traffic.,low,classification_source=rule
https://www.ewastekochi.com/blog/e-waste-laws-in-north-paravur-complete-guide-north-paravur,/blog/e-waste-laws-in-north-paravur-complete-guide-north-paravur,www.ewastekochi.com,/blog/e-waste-laws-in-north-paravur-complete-guide-north-paravur,0,2,crawled_not_indexed,crawled_not_indexed,2026-05-12,blog,,e-waste-laws-in-north-paravur-complete-guide-north-paravur,3,leave_404,,"Legacy generated blog content, no meaningful traffic — do not recreate.",low,classification_source=rule
https://www.ewastekochi.com/e-waste-rules-2022-india,/e-waste-rules-2022-india,www.ewastekochi.com,/e-waste-rules-2022-india,1,37,crawled_not_indexed,crawled_not_indexed,2026-05-12,other-legacy-service,,e-waste-rules-2022-india,2,manual_review,,Has real traffic but no confident 1:1 keyword match to an existing V2 page — needs a human call rather than a guessed redirect.,medium,classification_source=rule
https://www.ewastekochi.com/blog/e-waste-collection-prices-in-edappally-2026-edappally,/blog/e-waste-collection-prices-in-edappally-2026-edappally,www.ewastekochi.com,/blog/e-waste-collection-prices-in-edappally-2026-edappally,0,1,crawled_not_indexed,crawled_not_indexed,2026-05-10,blog,,e-waste-collection-prices-in-edappally-2026-edappally,3,leave_404,,"Legacy generated blog content, no meaningful traffic — do not recreate.",low,classification_source=rule
https://www.ewastekochi.com/computer-scrap-dealers-mg-road-kochi,/computer-scrap-dealers-mg-road-kochi,www.ewastekochi.com,/computer-scrap-dealers-mg-road-kochi,0,17,crawled_not_indexed,crawled_not_indexed,2026-05-10,other-legacy-service,,computer-scrap-dealers-mg-road-kochi,3,leave_404,,No meaningful traffic.,low,classification_source=rule
https://www.ewastekochi.com/blog/compliance-guide-for-monitor-recycling-in-aluva-aluva,/blog/compliance-guide-for-monitor-recycling-in-aluva-aluva,www.ewastekochi.com,/blog/compliance-guide-for-monitor-recycling-in-aluva-aluva,0,2,crawled_not_indexed,crawled_not_indexed,2026-05-10,blog,,compliance-guide-for-monitor-recycling-in-aluva-aluva,3,leave_404,,"Legacy generated blog content, no meaningful traffic — do not recreate.",low,classification_source=rule
https://www.ewastekochi.com/blog/best-way-to-printer-recycle-in-vyttila-2026-vyttila-1,/blog/best-way-to-printer-recycle-in-vyttila-2026-vyttila-1,www.ewastekochi.com,/blog/best-way-to-printer-recycle-in-vyttila-2026-vyttila-1,0,0,crawled_not_indexed,crawled_not_indexed,2026-05-10,blog,,best-way-to-printer-recycle-in-vyttila-2026-vyttila-1,4,leave_404,,"Legacy generated blog content, no meaningful traffic — do not recreate.",low,classification_source=rule
https://www.ewastekochi.com/blog/e-waste-collection-during-monsoon-kalamassery,/blog/e-waste-collection-during-monsoon-kalamassery,www.ewastekochi.com,/blog/e-waste-collection-during-monsoon-kalamassery,0,2,crawled_not_indexed,crawled_not_indexed,2026-05-10,blog,,e-waste-collection-during-monsoon-kalamassery,3,leave_404,,"Legacy generated blog content, no meaningful traffic — do not recreate.",low,classification_source=rule
https://www.ewastekochi.com/blog/price-guide-for-data-destruction-aluva,/blog/price-guide-for-data-destruction-aluva,www.ewastekochi.com,/blog/price-guide-for-data-destruction-aluva,0,3,crawled_not_indexed,crawled_not_indexed,2026-05-10,blog,,price-guide-for-data-destruction-aluva,3,leave_404,,"Legacy generated blog content, no meaningful traffic — do not recreate.",low,classification_source=rule
https://www.ewastekochi.com/blog/benefits-ewaste-recycling,/blog/benefits-ewaste-recycling,www.ewastekochi.com,/blog/benefits-ewaste-recycling,0,1,crawled_not_indexed,crawled_not_indexed,2026-05-03,blog,,benefits-ewaste-recycling,3,leave_404,,"Legacy generated blog content, no meaningful traffic — do not recreate.",low,classification_source=rule
https://www.ewastekochi.com/scrap-price,/scrap-price,www.ewastekochi.com,/scrap-price,0,27,crawled_not_indexed,crawled_not_indexed,2026-05-02,other-legacy-service,,scrap-price,2,redirect_301,(see vercel.json),Already implemented as a redirect in vercel.json.,none,classification_source=v2-redirect
https://www.ewastekochi.com/blog/vs-infinix-battery-recycling-in-kochi-kochi,/blog/vs-infinix-battery-recycling-in-kochi-kochi,www.ewastekochi.com,/blog/vs-infinix-battery-recycling-in-kochi-kochi,0,4,crawled_not_indexed,crawled_not_indexed,2026-05-02,blog,,vs-infinix-battery-recycling-in-kochi-kochi,3,leave_404,,"Legacy generated blog content, no meaningful traffic — do not recreate.",low,classification_source=rule
https://www.ewastekochi.com/blog/enterprise-it-asset-disposition-in-ernakulam-ernakulam,/blog/enterprise-it-asset-disposition-in-ernakulam-ernakulam,www.ewastekochi.com,/blog/enterprise-it-asset-disposition-in-ernakulam-ernakulam,0,0,crawled_not_indexed,crawled_not_indexed,2026-05-02,blog,,enterprise-it-asset-disposition-in-ernakulam-ernakulam,4,leave_404,,"Legacy generated blog content, no meaningful traffic — do not recreate.",low,classification_source=rule
https://www.ewastekochi.com/blog/complete-guide-to-laptop-buyback-in-kakkanad-kakkanad,/blog/complete-guide-to-laptop-buyback-in-kakkanad-kakkanad,www.ewastekochi.com,/blog/complete-guide-to-laptop-buyback-in-kakkanad-kakkanad,0,1,crawled_not_indexed,crawled_not_indexed,2026-05-02,blog,,complete-guide-to-laptop-buyback-in-kakkanad-kakkanad,3,leave_404,,"Legacy generated blog content, no meaningful traffic — do not recreate.",low,classification_source=rule
https://www.ewastekochi.com/blog/tag-battery-recycling,/blog/tag-battery-recycling,www.ewastekochi.com,/blog/tag-battery-recycling,0,0,crawled_not_indexed,crawled_not_indexed,2026-05-02,blog,,tag-battery-recycling,4,leave_404,,"Legacy generated blog content, no meaningful traffic — do not recreate.",low,classification_source=rule
https://www.ewastekochi.com/blog/compliance-guide-for-e-waste-collection-in-vyttila-vyttila,/blog/compliance-guide-for-e-waste-collection-in-vyttila-vyttila,www.ewastekochi.com,/blog/compliance-guide-for-e-waste-collection-in-vyttila-vyttila,0,0,crawled_not_indexed,crawled_not_indexed,2026-05-01,blog,,compliance-guide-for-e-waste-collection-in-vyttila-vyttila,4,leave_404,,"Legacy generated blog content, no meaningful traffic — do not recreate.",low,classification_source=rule
https://www.ewastekochi.com/blog/how-much-does-cable-recycling-cost-in-kakkanad-kakkanad,/blog/how-much-does-cable-recycling-cost-in-kakkanad-kakkanad,www.ewastekochi.com,/blog/how-much-does-cable-recycling-cost-in-kakkanad-kakkanad,0,3,crawled_not_indexed,crawled_not_indexed,2026-05-01,blog,,how-much-does-cable-recycling-cost-in-kakkanad-kakkanad,3,leave_404,,"Legacy generated blog content, no meaningful traffic — do not recreate.",low,classification_source=rule
https://www.ewastekochi.com/blog/how-to-battery-recycle-in-angamaly-angamaly-1,/blog/how-to-battery-recycle-in-angamaly-angamaly-1,www.ewastekochi.com,/blog/how-to-battery-recycle-in-angamaly-angamaly-1,0,0,crawled_not_indexed,crawled_not_indexed,2026-05-01,blog,,how-to-battery-recycle-in-angamaly-angamaly-1,4,leave_404,,"Legacy generated blog content, no meaningful traffic — do not recreate.",low,classification_source=rule
https://www.ewastekochi.com/blog/best-battery-recycling-providers-in-north-paravur-comparison-north-paravur,/blog/best-battery-recycling-providers-in-north-paravur-comparison-north-paravur,www.ewastekochi.com,/blog/best-battery-recycling-providers-in-north-paravur-comparison-north-paravur,0,0,crawled_not_indexed,crawled_not_indexed,2026-05-01,blog,,best-battery-recycling-providers-in-north-paravur-comparison-north-paravur,4,leave_404,,"Legacy generated blog content, no meaningful traffic — do not recreate.",low,classification_source=rule
https://www.ewastekochi.com/blog/best-time-for-cable-recycling-in-aluva-aluva,/blog/best-time-for-cable-recycling-in-aluva-aluva,www.ewastekochi.com,/blog/best-time-for-cable-recycling-in-aluva-aluva,0,2,crawled_not_indexed,crawled_not_indexed,2026-05-01,blog,,best-time-for-cable-recycling-in-aluva-aluva,3,leave_404,,"Legacy generated blog content, no meaningful traffic — do not recreate.",low,classification_source=rule
https://www.ewastekochi.com/blog/enterprise-laptop-buyback-in-thrippunithura-thrippunithura-1,/blog/enterprise-laptop-buyback-in-thrippunithura-thrippunithura-1,www.ewastekochi.com,/blog/enterprise-laptop-buyback-in-thrippunithura-thrippunithura-1,0,0,crawled_not_indexed,crawled_not_indexed,2026-05-01,blog,,enterprise-laptop-buyback-in-thrippunithura-thrippunithura-1,4,leave_404,,"Legacy generated blog content, no meaningful traffic — do not recreate.",low,classification_source=rule
https://www.ewastekochi.com/blog/tag-printer-recycling,/blog/tag-printer-recycling,www.ewastekochi.com,/blog/tag-printer-recycling,0,0,crawled_not_indexed,crawled_not_indexed,2026-05-01,blog,,tag-printer-recycling,4,leave_404,,"Legacy generated blog content, no meaningful traffic — do not recreate.",low,classification_source=rule
https://www.ewastekochi.com/blog/phone-buyback-prices-in-kalamassery-2026-kalamassery,/blog/phone-buyback-prices-in-kalamassery-2026-kalamassery,www.ewastekochi.com,/blog/phone-buyback-prices-in-kalamassery-2026-kalamassery,0,0,crawled_not_indexed,crawled_not_indexed,2026-05-01,blog,,phone-buyback-prices-in-kalamassery-2026-kalamassery,4,leave_404,,"Legacy generated blog content, no meaningful traffic — do not recreate.",low,classification_source=rule
https://www.ewastekochi.com/blog/printer-recycling-vs-office-equipment-recycling-in-kakkanad-kakkanad,/blog/printer-recycling-vs-office-equipment-recycling-in-kakkanad-kakkanad,www.ewastekochi.com,/blog/printer-recycling-vs-office-equipment-recycling-in-kakkanad-kakkanad,0,2,crawled_not_indexed,crawled_not_indexed,2026-05-01,blog,,printer-recycling-vs-office-equipment-recycling-in-kakkanad-kakkanad,3,leave_404,,"Legacy generated blog content, no meaningful traffic — do not recreate.",low,classification_source=rule
https://www.ewastekochi.com/blog/economic-benefits-of-data-destruction-in-north-paravur-north-paravur,/blog/economic-benefits-of-data-destruction-in-north-paravur-north-paravur,www.ewastekochi.com,/blog/economic-benefits-of-data-destruction-in-north-paravur-north-paravur,0,0,crawled_not_indexed,crawled_not_indexed,2026-04-29,blog,,economic-benefits-of-data-destruction-in-north-paravur-north-paravur,4,leave_404,,"Legacy generated blog content, no meaningful traffic — do not recreate.",low,classification_source=rule
https://www.ewastekochi.com/blog/complete-guide-to-data-destruction-in-kalamassery-2,/blog/complete-guide-to-data-destruction-in-kalamassery-2,www.ewastekochi.com,/blog/complete-guide-to-data-destruction-in-kalamassery-2,0,0,crawled_not_indexed,crawled_not_indexed,2026-04-29,blog,,complete-guide-to-data-destruction-in-kalamassery-2,4,leave_404,,"Legacy generated blog content, no meaningful traffic — do not recreate.",low,classification_source=rule
https://www.ewastekochi.com/blog/cost-of-data-destruction-in-angamaly,/blog/cost-of-data-destruction-in-angamaly,www.ewastekochi.com,/blog/cost-of-data-destruction-in-angamaly,0,0,crawled_not_indexed,crawled_not_indexed,2026-04-28,blog,,cost-of-data-destruction-in-angamaly,4,leave_404,,"Legacy generated blog content, no meaningful traffic — do not recreate.",low,classification_source=rule
https://www.ewastekochi.com/blog/e-waste-collection-during-spring-in-kochi-kochi,/blog/e-waste-collection-during-spring-in-kochi-kochi,www.ewastekochi.com,/blog/e-waste-collection-during-spring-in-kochi-kochi,0,1,crawled_not_indexed,crawled_not_indexed,2026-04-27,blog,,e-waste-collection-during-spring-in-kochi-kochi,3,leave_404,,"Legacy generated blog content, no meaningful traffic — do not recreate.",low,classification_source=rule
https://www.ewastekochi.com/blog/data-destruction-methods-compared-kochi,/blog/data-destruction-methods-compared-kochi,www.ewastekochi.com,/blog/data-destruction-methods-compared-kochi,0,23,crawled_not_indexed,crawled_not_indexed,2026-04-27,blog,,data-destruction-methods-compared-kochi,2,leave_404,,"Legacy generated blog content, no meaningful traffic — do not recreate.",low,classification_source=rule
https://www.ewastekochi.com/blog,/blog,www.ewastekochi.com,/blog,0,36,crawled_not_indexed|dup_diff_canonical,crawled_not_indexed|dup_diff_canonical,2026-04-22,other-legacy-service,,blog,2,keep_200,,"Already live as a real, built V2 page.",none,classification_source=v2-live
https://www.ewastekochi.com/locations/aluva/sell-electronics-kochi,/locations/aluva/sell-electronics-kochi,www.ewastekochi.com,/locations/aluva/sell-electronics-kochi,0,5,crawled_not_indexed,crawled_not_indexed,2026-04-17,location-service-matrix,aluva,sell-electronics-kochi,3,redirect_301,(see vercel.json),Already implemented as a redirect in vercel.json.,none,classification_source=v2-redirect
https://www.ewastekochi.com/privacy-policy,/privacy-policy,www.ewastekochi.com,/privacy-policy,0,21,crawled_not_indexed,crawled_not_indexed,2026-04-17,other-legacy-service,,privacy-policy,2,leave_404,,No meaningful traffic.,low,classification_source=rule
https://www.ewastekochi.com/blogs/environmental-impact/school-e-waste-drives-in-vyttila-kochi-planning-a-safer-collection-day,/blogs/environmental-impact/school-e-waste-drives-in-vyttila-kochi-planning-a-safer-collection-day,www.ewastekochi.com,/blogs/environmental-impact/school-e-waste-drives-in-vyttila-kochi-planning-a-safer-collection-day,0,3,crawled_not_indexed,crawled_not_indexed,2026-04-17,blogs-taxonomy-legacy,,school-e-waste-drives-in-vyttila-kochi-planning-a-safer-collection-day,3,leave_404,,"Legacy generated blog content, no meaningful traffic — do not recreate.",low,classification_source=rule
https://www.ewastekochi.com/blogs/itad-process/the-ultimate-server-decommissioning-checklist-for-data-centres-in-kalamassery-kochi,/blogs/itad-process/the-ultimate-server-decommissioning-checklist-for-data-centres-in-kalamassery-kochi,www.ewastekochi.com,/blogs/itad-process/the-ultimate-server-decommissioning-checklist-for-data-centres-in-kalamassery-kochi,0,8,crawled_not_indexed,crawled_not_indexed,2026-04-17,blogs-taxonomy-legacy,,the-ultimate-server-decommissioning-checklist-for-data-centres-in-kalamassery-kochi,3,leave_404,,"Legacy generated blog content, no meaningful traffic — do not recreate.",low,classification_source=rule
https://www.ewastekochi.com/blogs/environmental-impact/school-e-waste-drives-in-kalamassery-kochi-planning-a-safer-collection-day,/blogs/environmental-impact/school-e-waste-drives-in-kalamassery-kochi-planning-a-safer-collection-day,www.ewastekochi.com,/blogs/environmental-impact/school-e-waste-drives-in-kalamassery-kochi-planning-a-safer-collection-day,0,1,crawled_not_indexed,crawled_not_indexed,2026-04-17,blogs-taxonomy-legacy,,school-e-waste-drives-in-kalamassery-kochi-planning-a-safer-collection-day,3,leave_404,,"Legacy generated blog content, no meaningful traffic — do not recreate.",low,classification_source=rule
https://www.ewastekochi.com/locations/infopark-kochi/itad-kochi,/locations/infopark-kochi/itad-kochi,www.ewastekochi.com,/locations/infopark-kochi/itad-kochi,0,13,crawled_not_indexed,crawled_not_indexed,2026-04-17,location-service-matrix,infopark-kochi,itad-kochi,3,redirect_301,(see vercel.json),Already implemented as a redirect in vercel.json.,none,classification_source=v2-redirect
https://www.ewastekochi.com/locations/ewaste-682021.html,/locations/ewaste-682021.html,www.ewastekochi.com,/locations/ewaste-682021.html,0,0,crawled_not_indexed,crawled_not_indexed,2026-04-16,location-page,ewaste-682021.html,,4,leave_404,,"Location page, no meaningful traffic.",low,classification_source=rule
https://www.ewastekochi.com/locations/ewaste-682027.html,/locations/ewaste-682027.html,www.ewastekochi.com,/locations/ewaste-682027.html,0,0,crawled_not_indexed,crawled_not_indexed,2026-04-15,location-page,ewaste-682027.html,,4,leave_404,,"Location page, no meaningful traffic.",low,classification_source=rule
https://www.ewastekochi.com/locations/ewaste-willingdon-island.html,/locations/ewaste-willingdon-island.html,www.ewastekochi.com,/locations/ewaste-willingdon-island.html,0,0,crawled_not_indexed,crawled_not_indexed,2026-04-15,location-page,ewaste-willingdon-island.html,,4,leave_404,,"Location page, no meaningful traffic.",low,classification_source=rule
https://www.ewastekochi.com/locations/ewaste-682147.html,/locations/ewaste-682147.html,www.ewastekochi.com,/locations/ewaste-682147.html,0,0,crawled_not_indexed,crawled_not_indexed,2026-04-15,location-page,ewaste-682147.html,,4,leave_404,,"Location page, no meaningful traffic.",low,classification_source=rule
https://www.ewastekochi.com/locations/ewaste-682088.html,/locations/ewaste-682088.html,www.ewastekochi.com,/locations/ewaste-682088.html,0,0,crawled_not_indexed,crawled_not_indexed,2026-04-15,location-page,ewaste-682088.html,,4,leave_404,,"Location page, no meaningful traffic.",low,classification_source=rule
https://www.ewastekochi.com/buyback/laptops/sell-thinkpad-t484s-kochi.html,/buyback/laptops/sell-thinkpad-t484s-kochi.html,www.ewastekochi.com,/buyback/laptops/sell-thinkpad-t484s-kochi.html,0,0,crawled_not_indexed,crawled_not_indexed,2026-04-14,other-legacy-service,,,4,leave_404,,No meaningful traffic.,low,classification_source=rule
https://www.ewastekochi.com/ml/buyback/laptops/sell-dell-latitude-5454-kochi.html,/ml/buyback/laptops/sell-dell-latitude-5454-kochi.html,www.ewastekochi.com,/ml/buyback/laptops/sell-dell-latitude-5454-kochi.html,0,0,crawled_not_indexed,crawled_not_indexed,2026-04-14,other-legacy-service,,,4,leave_404,,No meaningful traffic.,low,classification_source=rule
https://www.ewastekochi.com/ml/buyback/laptops/sell-hp-elitebook-883-kochi.html,/ml/buyback/laptops/sell-hp-elitebook-883-kochi.html,www.ewastekochi.com,/ml/buyback/laptops/sell-hp-elitebook-883-kochi.html,0,0,crawled_not_indexed,crawled_not_indexed,2026-04-13,other-legacy-service,,,4,leave_404,,No meaningful traffic.,low,classification_source=rule
https://www.ewastekochi.com/locations/kalady/itad-kochi,/locations/kalady/itad-kochi,www.ewastekochi.com,/locations/kalady/itad-kochi,0,1,crawled_not_indexed,crawled_not_indexed,2026-04-12,location-service-matrix,kalady,itad-kochi,3,redirect_301,(see vercel.json),Already implemented as a redirect in vercel.json.,none,classification_source=v2-redirect
https://www.ewastekochi.com/locations/kakkanad/laptop-buyback-kochi,/locations/kakkanad/laptop-buyback-kochi,www.ewastekochi.com,/locations/kakkanad/laptop-buyback-kochi,0,0,crawled_not_indexed,crawled_not_indexed,2026-04-12,location-service-matrix,kakkanad,laptop-buyback-kochi,4,leave_404,,"Thin generated location-service matrix page, 0 clicks, low impressions — matches the site's existing anti-pSEO policy (Phase 2B/2G/2M) of not mass-redirecting this footprint.",low,classification_source=rule
https://www.ewastekochi.com/locations/kozhikode/data-destruction-kochi,/locations/kozhikode/data-destruction-kochi,www.ewastekochi.com,/locations/kozhikode/data-destruction-kochi,0,2,crawled_not_indexed,crawled_not_indexed,2026-04-12,location-service-matrix,kozhikode,data-destruction-kochi,3,redirect_301,(see vercel.json),Already implemented as a redirect in vercel.json.,none,classification_source=v2-redirect
https://www.ewastekochi.com/locations/palarivattom/dpdp-act-compliance-kochi,/locations/palarivattom/dpdp-act-compliance-kochi,www.ewastekochi.com,/locations/palarivattom/dpdp-act-compliance-kochi,0,0,crawled_not_indexed,crawled_not_indexed,2026-04-12,location-service-matrix,palarivattom,dpdp-act-compliance-kochi,4,leave_404,,"Thin generated location-service matrix page, 0 clicks, low impressions — matches the site's existing anti-pSEO policy (Phase 2B/2G/2M) of not mass-redirecting this footprint.",low,classification_source=rule
https://www.ewastekochi.com/locations/malappuram/laptop-buyback-kochi,/locations/malappuram/laptop-buyback-kochi,www.ewastekochi.com,/locations/malappuram/laptop-buyback-kochi,0,0,crawled_not_indexed,crawled_not_indexed,2026-04-11,location-service-matrix,malappuram,laptop-buyback-kochi,4,leave_404,,"Thin generated location-service matrix page, 0 clicks, low impressions — matches the site's existing anti-pSEO policy (Phase 2B/2G/2M) of not mass-redirecting this footprint.",low,classification_source=rule
https://www.ewastekochi.com/services/server-recycling-kochi.html,/services/server-recycling-kochi.html,www.ewastekochi.com,/services/server-recycling-kochi.html,0,0,crawled_not_indexed,crawled_not_indexed,2026-04-10,service-page,,,4,leave_404,,No meaningful traffic.,low,classification_source=rule
https://www.ewastekochi.com/about.html,/about.html,www.ewastekochi.com,/about.html,0,9,crawled_not_indexed,crawled_not_indexed,2026-04-10,other-legacy-service,,,3,leave_404,,No meaningful traffic.,low,classification_source=rule
https://www.ewastekochi.com/contact.html,/contact.html,www.ewastekochi.com,/contact.html,0,1,crawled_not_indexed,crawled_not_indexed,2026-04-10,other-legacy-service,,,3,leave_404,,No meaningful traffic.,low,classification_source=rule
https://www.ewastekochi.com/sitemap-index.xml,/sitemap-index.xml,www.ewastekochi.com,/sitemap-index.xml,0,4,crawled_not_indexed,crawled_not_indexed,2026-04-05,other-legacy-service,,,3,leave_404,,No meaningful traffic.,low,classification_source=rule
https://www.ewastekochi.com/buyback/laptops/sell-dell-latitude-7451-kochi.html,/buyback/laptops/sell-dell-latitude-7451-kochi.html,www.ewastekochi.com,/buyback/laptops/sell-dell-latitude-7451-kochi.html,0,0,crawled_not_indexed,crawled_not_indexed,2026-03-27,other-legacy-service,,,4,leave_404,,No meaningful traffic.,low,classification_source=rule
https://www.ewastekochi.com/locations/ewaste-682019.html,/locations/ewaste-682019.html,www.ewastekochi.com,/locations/ewaste-682019.html,0,0,crawled_not_indexed,crawled_not_indexed,2026-03-27,location-page,ewaste-682019.html,,4,leave_404,,"Location page, no meaningful traffic.",low,classification_source=rule
https://www.ewastekochi.com/itad/services/networking-cables-scrap.html,/itad/services/networking-cables-scrap.html,www.ewastekochi.com,/itad/services/networking-cables-scrap.html,0,0,crawled_not_indexed,crawled_not_indexed,2026-03-27,other-legacy-service,,,4,leave_404,,No meaningful traffic.,low,classification_source=rule
https://www.ewastekochi.com/blog/how-to-choose-itad-provider.html,/blog/how-to-choose-itad-provider.html,www.ewastekochi.com,/blog/how-to-choose-itad-provider.html,2,20,crawled_not_indexed,crawled_not_indexed,2026-03-26,blog,,,2,manual_review,,"Modest clicks, no exact match — low-priority manual review.",low,classification_source=rule
https://www.ewastekochi.com/buyback/laptops/sell-dell-latitude-5472-kochi.html,/buyback/laptops/sell-dell-latitude-5472-kochi.html,www.ewastekochi.com,/buyback/laptops/sell-dell-latitude-5472-kochi.html,0,1,crawled_not_indexed,crawled_not_indexed,2026-03-26,other-legacy-service,,,3,leave_404,,No meaningful traffic.,low,classification_source=rule
https://www.ewastekochi.com/locations/ewaste-682001.html,/locations/ewaste-682001.html,www.ewastekochi.com,/locations/ewaste-682001.html,0,1,crawled_not_indexed,crawled_not_indexed,2026-03-26,location-page,ewaste-682001.html,,3,leave_404,,"Location page, no meaningful traffic.",low,classification_source=rule
https://www.ewastekochi.com/locations/ewaste-682024.html,/locations/ewaste-682024.html,www.ewastekochi.com,/locations/ewaste-682024.html,0,1,crawled_not_indexed,crawled_not_indexed,2026-03-26,location-page,ewaste-682024.html,,3,leave_404,,"Location page, no meaningful traffic.",low,classification_source=rule
https://www.ewastekochi.com/locations/ewaste-682075.html,/locations/ewaste-682075.html,www.ewastekochi.com,/locations/ewaste-682075.html,0,1,crawled_not_indexed,crawled_not_indexed,2026-03-26,location-page,ewaste-682075.html,,3,leave_404,,"Location page, no meaningful traffic.",low,classification_source=rule
https://www.ewastekochi.com/locations/ewaste-682002.html,/locations/ewaste-682002.html,www.ewastekochi.com,/locations/ewaste-682002.html,0,3,crawled_not_indexed,crawled_not_indexed,2026-03-25,location-page,ewaste-682002.html,,3,leave_404,,"Location page, no meaningful traffic.",low,classification_source=rule
https://www.ewastekochi.com/locations/ewaste-682057.html,/locations/ewaste-682057.html,www.ewastekochi.com,/locations/ewaste-682057.html,0,0,crawled_not_indexed,crawled_not_indexed,2026-03-25,location-page,ewaste-682057.html,,4,leave_404,,"Location page, no meaningful traffic.",low,classification_source=rule
https://www.ewastekochi.com/locations/ewaste-682033.html,/locations/ewaste-682033.html,www.ewastekochi.com,/locations/ewaste-682033.html,0,0,crawled_not_indexed,crawled_not_indexed,2026-03-25,location-page,ewaste-682033.html,,4,leave_404,,"Location page, no meaningful traffic.",low,classification_source=rule
https://www.ewastekochi.com/privacy-policy.html,/privacy-policy.html,www.ewastekochi.com,/privacy-policy.html,0,7,crawled_not_indexed,crawled_not_indexed,2026-03-24,other-legacy-service,,,3,leave_404,,No meaningful traffic.,low,classification_source=rule
https://www.ewastekochi.com/blog/e-waste-recycling-process-india,/blog/e-waste-recycling-process-india,www.ewastekochi.com,/blog/e-waste-recycling-process-india,0,0,discovered_not_indexed,discovered_not_indexed,1969-12-31,blog,,e-waste-recycling-process-india,4,leave_404,,"Legacy generated blog content, no meaningful traffic — do not recreate.",low,classification_source=rule
https://www.ewastekochi.com/blog/e-waste-rules-india-2024,/blog/e-waste-rules-india-2024,www.ewastekochi.com,/blog/e-waste-rules-india-2024,0,0,discovered_not_indexed,discovered_not_indexed,1969-12-31,blog,,e-waste-rules-india-2024,4,leave_404,,"Legacy generated blog content, no meaningful traffic — do not recreate.",low,classification_source=rule
https://www.ewastekochi.com/blog/sell-old-laptop-kochi-best-price,/blog/sell-old-laptop-kochi-best-price,www.ewastekochi.com,/blog/sell-old-laptop-kochi-best-price,0,0,discovered_not_indexed,discovered_not_indexed,1969-12-31,blog,,sell-old-laptop-kochi-best-price,4,redirect_301,(see vercel.json),Already implemented as a redirect in vercel.json.,none,classification_source=v2-redirect
https://www.ewastekochi.com/e-waste-collection-kochi,/e-waste-collection-kochi,www.ewastekochi.com,/e-waste-collection-kochi,0,0,discovered_not_indexed,discovered_not_indexed,1969-12-31,other-legacy-service,,e-waste-collection-kochi,4,leave_404,,No meaningful traffic.,low,classification_source=rule
https://www.ewastekochi.com/free-e-waste-pickup-kochi,/free-e-waste-pickup-kochi,www.ewastekochi.com,/free-e-waste-pickup-kochi,0,0,discovered_not_indexed,discovered_not_indexed,1969-12-31,other-legacy-service,,free-e-waste-pickup-kochi,4,redirect_301,(see vercel.json),Already implemented as a redirect in vercel.json.,none,classification_source=v2-redirect
https://www.ewastekochi.com/locations/ernakulam,/locations/ernakulam,www.ewastekochi.com,/locations/ernakulam,0,0,discovered_not_indexed,discovered_not_indexed,1969-12-31,location-page,ernakulam,ernakulam,4,redirect_301,(see vercel.json),Already implemented as a redirect in vercel.json.,none,classification_source=v2-redirect
https://www.ewastekochi.com/pricing,/pricing,www.ewastekochi.com,/pricing,0,0,discovered_not_indexed,discovered_not_indexed,1969-12-31,other-legacy-service,,pricing,4,leave_404,,No meaningful traffic.,low,classification_source=rule
https://www.ewastekochi.com/services/it-asset-inventory-audit,/services/it-asset-inventory-audit,www.ewastekochi.com,/services/it-asset-inventory-audit,0,41,discovered_not_indexed,discovered_not_indexed,1969-12-31,service-page,,it-asset-inventory-audit,2,keep_200,,"Already live as a real, built V2 page.",none,classification_source=v2-live
https://www.ewastekochi.com/why-choose-us,/why-choose-us,www.ewastekochi.com,/why-choose-us,0,0,discovered_not_indexed,discovered_not_indexed,1969-12-31,other-legacy-service,,why-choose-us,4,leave_404,,No meaningful traffic.,low,classification_source=rule
https://www.ewastekochi.com/index.html,/index.html,www.ewastekochi.com,/index.html,0,0,noindex,noindex,2026-06-30,html-variant,,,4,leave_404,,Static .html artifact from the old non-Astro build; no traffic.,low,classification_source=rule
https://www.ewastekochi.com/battery-recycling,/battery-recycling,www.ewastekochi.com,/battery-recycling,31,1524,indexed-with-traffic,,,other-legacy-service,,battery-recycling,1,keep_200,,"Already live as a real, built V2 page.",none,classification_source=v2-live
https://www.ewastekochi.com/sell-electronics,/sell-electronics,www.ewastekochi.com,/sell-electronics,17,792,indexed-with-traffic,,,other-legacy-service,,sell-electronics,1,keep_200,,"Already live as a real, built V2 page.",none,classification_source=v2-live
https://www.ewastekochi.com/pickup,/pickup,www.ewastekochi.com,/pickup,14,183,indexed-with-traffic,,,other-legacy-service,,pickup,1,keep_200,,"Already live as a real, built V2 page.",none,classification_source=v2-live
https://www.ewastekochi.com/tv-recycling-kochi,/tv-recycling-kochi,www.ewastekochi.com,/tv-recycling-kochi,10,134,indexed-with-traffic,,,other-legacy-service,,tv-recycling-kochi,1,keep_200,,"Already live as a real, built V2 page.",none,classification_source=v2-live
https://www.ewastekochi.com/blog/free-e-waste-pickup-kochi,/blog/free-e-waste-pickup-kochi,www.ewastekochi.com,/blog/free-e-waste-pickup-kochi,8,137,indexed-with-traffic,,,blog,,free-e-waste-pickup-kochi,1,keep_200,,"Already live as a real, built V2 page.",none,classification_source=v2-live
https://www.ewastekochi.com/data-destruction,/data-destruction,www.ewastekochi.com,/data-destruction,5,191,indexed-with-traffic,,,other-legacy-service,,data-destruction,1,keep_200,,"Already live as a real, built V2 page.",none,classification_source=v2-live
https://www.ewastekochi.com/locations/kaloor,/locations/kaloor,www.ewastekochi.com,/locations/kaloor,5,55,indexed-with-traffic,,,location-page,kaloor,kaloor,2,manual_review,,Location page with some traffic but not a recognized Kochi-metro or far-city target area — verify what this place actually is before deciding.,medium,classification_source=rule
https://www.ewastekochi.com/e-waste-scrap-prices-kochi,/e-waste-scrap-prices-kochi,www.ewastekochi.com,/e-waste-scrap-prices-kochi,3,106,indexed-with-traffic,,,other-legacy-service,,e-waste-scrap-prices-kochi,1,keep_200,,"Already live as a real, built V2 page.",none,classification_source=v2-live
https://www.ewastekochi.com/computer-scrap-buyers-kochi,/computer-scrap-buyers-kochi,www.ewastekochi.com,/computer-scrap-buyers-kochi,3,76,indexed-with-traffic,,,other-legacy-service,,computer-scrap-buyers-kochi,2,keep_200,,"Already live as a real, built V2 page.",none,classification_source=v2-live
https://www.ewastekochi.com/blog/recycling/enterprise/best-recycling-enterprise-kakkanad-9,/blog/recycling/enterprise/best-recycling-enterprise-kakkanad-9,www.ewastekochi.com,/blog/recycling/enterprise/best-recycling-enterprise-kakkanad-9,3,22,indexed-with-traffic,,,blog,,best-recycling-enterprise-kakkanad-9,2,manual_review,,"Modest clicks, no exact match — low-priority manual review.",low,classification_source=rule
https://www.ewastekochi.com/blog/mobile-scrap-price-kochi,/blog/mobile-scrap-price-kochi,www.ewastekochi.com,/blog/mobile-scrap-price-kochi,2,44,indexed-with-traffic,,,blog,,mobile-scrap-price-kochi,2,manual_review,,"Modest clicks, no exact match — low-priority manual review.",low,classification_source=rule
https://www.ewastekochi.com/blog/how-to-choose-itad-provider,/blog/how-to-choose-itad-provider,www.ewastekochi.com,/blog/how-to-choose-itad-provider,2,140,indexed-with-traffic,,,blog,,how-to-choose-itad-provider,1,manual_review,,Meaningful traffic (2 clicks / 140 impressions) on legacy blog content with no exact V2 match — worth a human look for a close-topic redirect or a future rewritten post; do not recreate as-is (mass-generated legacy content).,medium,classification_source=rule
https://www.ewastekochi.com/blog/it-asset-disposal-kochi,/blog/it-asset-disposal-kochi,www.ewastekochi.com,/blog/it-asset-disposal-kochi,1,39,indexed-with-traffic,,,blog,,it-asset-disposal-kochi,2,manual_review,,"Modest clicks, no exact match — low-priority manual review.",low,classification_source=rule
https://www.ewastekochi.com/blog/laptop-scrap-price-kochi,/blog/laptop-scrap-price-kochi,www.ewastekochi.com,/blog/laptop-scrap-price-kochi,1,36,indexed-with-traffic,,,blog,,laptop-scrap-price-kochi,2,manual_review,,"Modest clicks, no exact match — low-priority manual review.",low,classification_source=rule
https://www.ewastekochi.com/blog/e-waste-laws-in-kochi-complete-guide-kochi-1,/blog/e-waste-laws-in-kochi-complete-guide-kochi-1,www.ewastekochi.com,/blog/e-waste-laws-in-kochi-complete-guide-kochi-1,1,28,indexed-with-traffic,,,blog,,e-waste-laws-in-kochi-complete-guide-kochi-1,2,manual_review,,"Modest clicks, no exact match — low-priority manual review.",low,classification_source=rule
https://www.ewastekochi.com/blog/ac-scrap-price-kerala,/blog/ac-scrap-price-kerala,www.ewastekochi.com,/blog/ac-scrap-price-kerala,1,22,indexed-with-traffic,,,blog,,ac-scrap-price-kerala,2,manual_review,,"Modest clicks, no exact match — low-priority manual review.",low,classification_source=rule
https://www.ewastekochi.com/blog/server-scrap-price-kochi,/blog/server-scrap-price-kochi,www.ewastekochi.com,/blog/server-scrap-price-kochi,1,15,indexed-with-traffic,,,blog,,server-scrap-price-kochi,2,manual_review,,"Modest clicks, no exact match — low-priority manual review.",low,classification_source=rule
https://www.ewastekochi.com/blog/best-scrap-dealers-kochi-electronics,/blog/best-scrap-dealers-kochi-electronics,www.ewastekochi.com,/blog/best-scrap-dealers-kochi-electronics,1,5,indexed-with-traffic,,,blog,,best-scrap-dealers-kochi-electronics,2,manual_review,,"Modest clicks, no exact match — low-priority manual review.",low,classification_source=rule
https://www.ewastekochi.com/blog/e-waste-management-it-companies,/blog/e-waste-management-it-companies,www.ewastekochi.com,/blog/e-waste-management-it-companies,1,3,indexed-with-traffic,,,blog,,e-waste-management-it-companies,2,manual_review,,"Modest clicks, no exact match — low-priority manual review.",low,classification_source=rule
https://www.ewastekochi.com/blog/bulk-e-waste-disposal-kochi,/blog/bulk-e-waste-disposal-kochi,www.ewastekochi.com,/blog/bulk-e-waste-disposal-kochi,1,3,indexed-with-traffic,,,blog,,bulk-e-waste-disposal-kochi,2,manual_review,,"Modest clicks, no exact match — low-priority manual review.",low,classification_source=rule
https://www.ewastekochi.com/locations/kollam/tv-monitor-recycling-kochi,/locations/kollam/tv-monitor-recycling-kochi,www.ewastekochi.com,/locations/kollam/tv-monitor-recycling-kochi,1,2,indexed-with-traffic,,,location-service-matrix,kollam,tv-monitor-recycling-kochi,2,redirect_301,(see vercel.json),Already implemented as a redirect in vercel.json.,none,classification_source=v2-redirect
https://www.ewastekochi.com/blog/e-waste-collection-near-me-kochi,/blog/e-waste-collection-near-me-kochi,www.ewastekochi.com,/blog/e-waste-collection-near-me-kochi,1,2,indexed-with-traffic,,,blog,,e-waste-collection-near-me-kochi,2,manual_review,,"Modest clicks, no exact match — low-priority manual review.",low,classification_source=rule
https://www.ewastekochi.com/locations/thrissur/battery-recycling-kochi,/locations/thrissur/battery-recycling-kochi,www.ewastekochi.com,/locations/thrissur/battery-recycling-kochi,0,65,indexed-with-traffic,,,location-service-matrix,thrissur,battery-recycling-kochi,2,redirect_301,(see vercel.json),Already implemented as a redirect in vercel.json.,none,classification_source=v2-redirect
https://www.ewastekochi.com/blog/how-destroy-hard-disk-data,/blog/how-destroy-hard-disk-data,www.ewastekochi.com,/blog/how-destroy-hard-disk-data,0,46,indexed-with-traffic,,,blog,,how-destroy-hard-disk-data,2,leave_404,,"Legacy generated blog content, no meaningful traffic — do not recreate.",low,classification_source=rule
https://www.ewastekochi.com/blog/electronic-waste-disposal-kerala,/blog/electronic-waste-disposal-kerala,www.ewastekochi.com,/blog/electronic-waste-disposal-kerala,0,33,indexed-with-traffic,,,blog,,electronic-waste-disposal-kerala,2,leave_404,,"Legacy generated blog content, no meaningful traffic — do not recreate.",low,classification_source=rule
https://www.ewastekochi.com/locations/v2/e-waste-edappally.html,/locations/v2/e-waste-edappally.html,www.ewastekochi.com,/locations/v2/e-waste-edappally.html,0,26,indexed-with-traffic,,,location-service-matrix,v2,,2,leave_404,,"Thin generated location-service matrix page, 0 clicks, low impressions — matches the site's existing anti-pSEO policy (Phase 2B/2G/2M) of not mass-redirecting this footprint.",low,classification_source=rule
https://www.ewastekochi.com/locations/malappuram/battery-recycling-kochi,/locations/malappuram/battery-recycling-kochi,www.ewastekochi.com,/locations/malappuram/battery-recycling-kochi,0,25,indexed-with-traffic,,,location-service-matrix,malappuram,battery-recycling-kochi,2,redirect_301,(see vercel.json),Already implemented as a redirect in vercel.json.,none,classification_source=v2-redirect
https://www.ewastekochi.com/blog/recycling/enterprise/fast-recycling-enterprise-mg-road-6,/blog/recycling/enterprise/fast-recycling-enterprise-mg-road-6,www.ewastekochi.com,/blog/recycling/enterprise/fast-recycling-enterprise-mg-road-6,0,23,indexed-with-traffic,,,blog,,fast-recycling-enterprise-mg-road-6,2,leave_404,,"Legacy generated blog content, no meaningful traffic — do not recreate.",low,classification_source=rule
https://www.ewastekochi.com/blog/secure-data-destruction-kochi,/blog/secure-data-destruction-kochi,www.ewastekochi.com,/blog/secure-data-destruction-kochi,0,22,indexed-with-traffic,,,blog,,secure-data-destruction-kochi,2,leave_404,,"Legacy generated blog content, no meaningful traffic — do not recreate.",low,classification_source=rule
https://www.ewastekochi.com/buyback/laptops/sell-thinkpad-t458p-kochi,/buyback/laptops/sell-thinkpad-t458p-kochi,www.ewastekochi.com,/buyback/laptops/sell-thinkpad-t458p-kochi,0,22,indexed-with-traffic,,,other-legacy-service,,sell-thinkpad-t458p-kochi,2,redirect_301,/sell-electronics/,Clean keyword match to an existing V2 service page (0 clicks / 22 impressions).,low,classification_source=rule
https://www.ewastekochi.com/comparisons/cashify-vs-ewastekochi.html,/comparisons/cashify-vs-ewastekochi.html,www.ewastekochi.com,/comparisons/cashify-vs-ewastekochi.html,0,22,indexed-with-traffic,,,other-legacy-service,,,2,leave_404,,No meaningful traffic.,low,classification_source=rule
https://www.ewastekochi.com/blog/corporate-ewaste-compliance-90-day-checklist,/blog/corporate-ewaste-compliance-90-day-checklist,www.ewastekochi.com,/blog/corporate-ewaste-compliance-90-day-checklist,0,20,indexed-with-traffic,,,blog,,corporate-ewaste-compliance-90-day-checklist,2,leave_404,,"Legacy generated blog content, no meaningful traffic — do not recreate.",low,classification_source=rule
https://www.ewastekochi.com/nist-data-destruction-kerala,/nist-data-destruction-kerala,www.ewastekochi.com,/nist-data-destruction-kerala,0,20,indexed-with-traffic,,,other-legacy-service,,nist-data-destruction-kerala,2,redirect_301,/data-destruction/,Clean keyword match to an existing V2 service page (0 clicks / 20 impressions).,low,classification_source=rule
https://www.ewastekochi.com/server-recycling-kochi,/server-recycling-kochi,www.ewastekochi.com,/server-recycling-kochi,0,20,indexed-with-traffic,,,other-legacy-service,,server-recycling-kochi,2,keep_200,,"Already live as a real, built V2 page.",none,classification_source=v2-live
https://www.ewastekochi.com/blog/best-e-waste-recycling-kochi,/blog/best-e-waste-recycling-kochi,www.ewastekochi.com,/blog/best-e-waste-recycling-kochi,0,19,indexed-with-traffic,,,blog,,best-e-waste-recycling-kochi,3,leave_404,,"Legacy generated blog content, no meaningful traffic — do not recreate.",low,classification_source=rule
https://www.ewastekochi.com/industries/schools-education-ewaste.html,/industries/schools-education-ewaste.html,www.ewastekochi.com,/industries/schools-education-ewaste.html,0,19,indexed-with-traffic,,,legacy-html,,,3,leave_404,,"Legacy /industries/*.html concept page, no traffic, no equivalent in V2 IA.",low,classification_source=rule
https://www.ewastekochi.com/compliance/certificate-verification.html,/compliance/certificate-verification.html,www.ewastekochi.com,/compliance/certificate-verification.html,0,18,indexed-with-traffic,,,other-legacy-service,,,3,leave_404,,No meaningful traffic.,low,classification_source=rule
https://www.ewastekochi.com/data-destruction-services-kochi,/data-destruction-services-kochi,www.ewastekochi.com,/data-destruction-services-kochi,0,16,indexed-with-traffic,,,other-legacy-service,,data-destruction-services-kochi,3,redirect_301,(see vercel.json),Already implemented as a redirect in vercel.json.,none,classification_source=v2-redirect
https://www.ewastekochi.com/hard-drive-shredding,/hard-drive-shredding,www.ewastekochi.com,/hard-drive-shredding,0,15,indexed-with-traffic,,,other-legacy-service,,hard-drive-shredding,3,keep_200,,"Already live as a real, built V2 page.",none,classification_source=v2-live
https://www.ewastekochi.com/industries/it-companies-infopark.html,/industries/it-companies-infopark.html,www.ewastekochi.com,/industries/it-companies-infopark.html,0,14,indexed-with-traffic,,,legacy-html,,,3,leave_404,,"Legacy /industries/*.html concept page, no traffic, no equivalent in V2 IA.",low,classification_source=rule
https://www.ewastekochi.com/blog/itad/enterprise/best-itad-enterprise-panampilly-nagar-188,/blog/itad/enterprise/best-itad-enterprise-panampilly-nagar-188,www.ewastekochi.com,/blog/itad/enterprise/best-itad-enterprise-panampilly-nagar-188,0,13,indexed-with-traffic,,,blog,,best-itad-enterprise-panampilly-nagar-188,3,leave_404,,"Legacy generated blog content, no meaningful traffic — do not recreate.",low,classification_source=rule
https://www.ewastekochi.com/blog/how-to-e-waste-collection-in-kochi,/blog/how-to-e-waste-collection-in-kochi,www.ewastekochi.com,/blog/how-to-e-waste-collection-in-kochi,0,12,indexed-with-traffic,,,blog,,how-to-e-waste-collection-in-kochi,3,leave_404,,"Legacy generated blog content, no meaningful traffic — do not recreate.",low,classification_source=rule
https://www.ewastekochi.com/e-waste-recycling,/e-waste-recycling,www.ewastekochi.com,/e-waste-recycling,0,11,indexed-with-traffic,,,other-legacy-service,,e-waste-recycling,3,redirect_301,(see vercel.json),Already implemented as a redirect in vercel.json.,none,classification_source=v2-redirect
https://www.ewastekochi.com/blog/kspcb-regulations-for-e-waste-collection-in-kalamassery-kalamassery,/blog/kspcb-regulations-for-e-waste-collection-in-kalamassery-kalamassery,www.ewastekochi.com,/blog/kspcb-regulations-for-e-waste-collection-in-kalamassery-kalamassery,0,10,indexed-with-traffic,,,blog,,kspcb-regulations-for-e-waste-collection-in-kalamassery-kalamassery,3,leave_404,,"Legacy generated blog content, no meaningful traffic — do not recreate.",low,classification_source=rule
https://www.ewastekochi.com/locations/ewaste-682024,/locations/ewaste-682024,www.ewastekochi.com,/locations/ewaste-682024,0,10,indexed-with-traffic,,,location-page,ewaste-682024,ewaste-682024,3,leave_404,,"Location page, no meaningful traffic.",low,classification_source=rule
https://www.ewastekochi.com/blog/nist-800-88-data-wiping,/blog/nist-800-88-data-wiping,www.ewastekochi.com,/blog/nist-800-88-data-wiping,0,9,indexed-with-traffic,,,blog,,nist-800-88-data-wiping,3,leave_404,,"Legacy generated blog content, no meaningful traffic — do not recreate.",low,classification_source=rule
https://www.ewastekochi.com/locations/ewaste-682079,/locations/ewaste-682079,www.ewastekochi.com,/locations/ewaste-682079,0,9,indexed-with-traffic,,,location-page,ewaste-682079,ewaste-682079,3,leave_404,,"Location page, no meaningful traffic.",low,classification_source=rule
https://www.ewastekochi.com/ml/services,/ml/services,www.ewastekochi.com,/ml/services,0,9,indexed-with-traffic,,,other-legacy-service,,services,3,leave_404,,No meaningful traffic.,low,classification_source=rule
https://www.ewastekochi.com/blog/free-laptop-recycling-kochi,/blog/free-laptop-recycling-kochi,www.ewastekochi.com,/blog/free-laptop-recycling-kochi,0,8,indexed-with-traffic,,,blog,,free-laptop-recycling-kochi,3,leave_404,,"Legacy generated blog content, no meaningful traffic — do not recreate.",low,classification_source=rule
https://www.ewastekochi.com/blog/server-scrap-value-india,/blog/server-scrap-value-india,www.ewastekochi.com,/blog/server-scrap-value-india,0,8,indexed-with-traffic,,,blog,,server-scrap-value-india,3,leave_404,,"Legacy generated blog content, no meaningful traffic — do not recreate.",low,classification_source=rule
https://www.ewastekochi.com/locations/thrippunithura/free-ewaste-pickup-kochi,/locations/thrippunithura/free-ewaste-pickup-kochi,www.ewastekochi.com,/locations/thrippunithura/free-ewaste-pickup-kochi,0,7,indexed-with-traffic,,,location-service-matrix,thrippunithura,free-ewaste-pickup-kochi,3,redirect_301,(see vercel.json),Already implemented as a redirect in vercel.json.,none,classification_source=v2-redirect
https://www.ewastekochi.com/blog/itad/enterprise/affordable-itad-enterprise-tripunithura-115,/blog/itad/enterprise/affordable-itad-enterprise-tripunithura-115,www.ewastekochi.com,/blog/itad/enterprise/affordable-itad-enterprise-tripunithura-115,0,7,indexed-with-traffic,,,blog,,affordable-itad-enterprise-tripunithura-115,3,leave_404,,"Legacy generated blog content, no meaningful traffic — do not recreate.",low,classification_source=rule
https://www.ewastekochi.com/blog/why-data-destruction-important-businesses,/blog/why-data-destruction-important-businesses,www.ewastekochi.com,/blog/why-data-destruction-important-businesses,0,7,indexed-with-traffic,,,blog,,why-data-destruction-important-businesses,3,leave_404,,"Legacy generated blog content, no meaningful traffic — do not recreate.",low,classification_source=rule
https://www.ewastekochi.com/buyback/laptops/sell-dell-latitude-5419-kochi.html,/buyback/laptops/sell-dell-latitude-5419-kochi.html,www.ewastekochi.com,/buyback/laptops/sell-dell-latitude-5419-kochi.html,0,6,indexed-with-traffic,,,other-legacy-service,,,3,leave_404,,No meaningful traffic.,low,classification_source=rule
https://www.ewastekochi.com/blog/itad/enterprise/safe-itad-enterprise-calicut-88,/blog/itad/enterprise/safe-itad-enterprise-calicut-88,www.ewastekochi.com,/blog/itad/enterprise/safe-itad-enterprise-calicut-88,0,6,indexed-with-traffic,,,blog,,safe-itad-enterprise-calicut-88,3,leave_404,,"Legacy generated blog content, no meaningful traffic — do not recreate.",low,classification_source=rule
https://www.ewastekochi.com/blog/itad/enterprise/verified-itad-enterprise-infopark-151,/blog/itad/enterprise/verified-itad-enterprise-infopark-151,www.ewastekochi.com,/blog/itad/enterprise/verified-itad-enterprise-infopark-151,0,6,indexed-with-traffic,,,blog,,verified-itad-enterprise-infopark-151,3,leave_404,,"Legacy generated blog content, no meaningful traffic — do not recreate.",low,classification_source=rule
https://www.ewastekochi.com/locations/fort-kochi/e-waste-recycling-kochi,/locations/fort-kochi/e-waste-recycling-kochi,www.ewastekochi.com,/locations/fort-kochi/e-waste-recycling-kochi,0,6,indexed-with-traffic,,,location-service-matrix,fort-kochi,e-waste-recycling-kochi,3,redirect_301,(see vercel.json),Already implemented as a redirect in vercel.json.,none,classification_source=v2-redirect
https://www.ewastekochi.com/blog/itad/enterprise/iso-certified-itad-enterprise-calicut-113,/blog/itad/enterprise/iso-certified-itad-enterprise-calicut-113,www.ewastekochi.com,/blog/itad/enterprise/iso-certified-itad-enterprise-calicut-113,0,6,indexed-with-traffic,,,blog,,iso-certified-itad-enterprise-calicut-113,3,leave_404,,"Legacy generated blog content, no meaningful traffic — do not recreate.",low,classification_source=rule
https://www.ewastekochi.com/blog/economic-benefits-of-data-destruction-in-ernakulam-ernakulam,/blog/economic-benefits-of-data-destruction-in-ernakulam-ernakulam,www.ewastekochi.com,/blog/economic-benefits-of-data-destruction-in-ernakulam-ernakulam,0,5,indexed-with-traffic,,,blog,,economic-benefits-of-data-destruction-in-ernakulam-ernakulam,3,leave_404,,"Legacy generated blog content, no meaningful traffic — do not recreate.",low,classification_source=rule
https://www.ewastekochi.com/blog/old-tv-disposal-kochi,/blog/old-tv-disposal-kochi,www.ewastekochi.com,/blog/old-tv-disposal-kochi,0,5,indexed-with-traffic,,,blog,,old-tv-disposal-kochi,3,leave_404,,"Legacy generated blog content, no meaningful traffic — do not recreate.",low,classification_source=rule
https://www.ewastekochi.com/blog/corporate-e-waste-collection-solutions-in-vyttila-vyttila,/blog/corporate-e-waste-collection-solutions-in-vyttila-vyttila,www.ewastekochi.com,/blog/corporate-e-waste-collection-solutions-in-vyttila-vyttila,0,5,indexed-with-traffic,,,blog,,corporate-e-waste-collection-solutions-in-vyttila-vyttila,3,leave_404,,"Legacy generated blog content, no meaningful traffic — do not recreate.",low,classification_source=rule
https://www.ewastekochi.com/buyback/laptops/sell-macbook-pro-m3-max-kochi,/buyback/laptops/sell-macbook-pro-m3-max-kochi,www.ewastekochi.com,/buyback/laptops/sell-macbook-pro-m3-max-kochi,0,4,indexed-with-traffic,,,other-legacy-service,,sell-macbook-pro-m3-max-kochi,3,leave_404,,No meaningful traffic.,low,classification_source=rule
https://www.ewastekochi.com/locations/kottayam/corporate-ewaste-kochi,/locations/kottayam/corporate-ewaste-kochi,www.ewastekochi.com,/locations/kottayam/corporate-ewaste-kochi,0,4,indexed-with-traffic,,,location-service-matrix,kottayam,corporate-ewaste-kochi,3,leave_404,,"Thin generated location-service matrix page, 0 clicks, low impressions — matches the site's existing anti-pSEO policy (Phase 2B/2G/2M) of not mass-redirecting this footprint.",low,classification_source=rule
https://www.ewastekochi.com/blog/sell-old-laptop-kochi,/blog/sell-old-laptop-kochi,www.ewastekochi.com,/blog/sell-old-laptop-kochi,0,4,indexed-with-traffic,,,blog,,sell-old-laptop-kochi,3,keep_200,,"Already live as a real, built V2 page.",none,classification_source=v2-live
https://www.ewastekochi.com/blog/itad/enterprise/professional-itad-enterprise-thevara-3,/blog/itad/enterprise/professional-itad-enterprise-thevara-3,www.ewastekochi.com,/blog/itad/enterprise/professional-itad-enterprise-thevara-3,0,4,indexed-with-traffic,,,blog,,professional-itad-enterprise-thevara-3,3,leave_404,,"Legacy generated blog content, no meaningful traffic — do not recreate.",low,classification_source=rule
https://www.ewastekochi.com/blog/itad/enterprise/verified-itad-enterprise-trivandrum-165,/blog/itad/enterprise/verified-itad-enterprise-trivandrum-165,www.ewastekochi.com,/blog/itad/enterprise/verified-itad-enterprise-trivandrum-165,0,4,indexed-with-traffic,,,blog,,verified-itad-enterprise-trivandrum-165,3,leave_404,,"Legacy generated blog content, no meaningful traffic — do not recreate.",low,classification_source=rule
https://www.ewastekochi.com/blog/battery-recycling-during-monsoon-kochi,/blog/battery-recycling-during-monsoon-kochi,www.ewastekochi.com,/blog/battery-recycling-during-monsoon-kochi,0,3,indexed-with-traffic,,,blog,,battery-recycling-during-monsoon-kochi,3,leave_404,,"Legacy generated blog content, no meaningful traffic — do not recreate.",low,classification_source=rule
https://www.ewastekochi.com/blog/legal-requirements-for-it-asset-disposition-in-ernakulam-ernakulam,/blog/legal-requirements-for-it-asset-disposition-in-ernakulam-ernakulam,www.ewastekochi.com,/blog/legal-requirements-for-it-asset-disposition-in-ernakulam-ernakulam,0,3,indexed-with-traffic,,,blog,,legal-requirements-for-it-asset-disposition-in-ernakulam-ernakulam,3,leave_404,,"Legacy generated blog content, no meaningful traffic — do not recreate.",low,classification_source=rule
https://www.ewastekochi.com/locations/kollam/mobile-recycling-kochi,/locations/kollam/mobile-recycling-kochi,www.ewastekochi.com,/locations/kollam/mobile-recycling-kochi,0,3,indexed-with-traffic,,,location-service-matrix,kollam,mobile-recycling-kochi,3,leave_404,,"Thin generated location-service matrix page, 0 clicks, low impressions — matches the site's existing anti-pSEO policy (Phase 2B/2G/2M) of not mass-redirecting this footprint.",low,classification_source=rule
https://www.ewastekochi.com/locations/kottayam/battery-recycling-kochi,/locations/kottayam/battery-recycling-kochi,www.ewastekochi.com,/locations/kottayam/battery-recycling-kochi,0,3,indexed-with-traffic,,,location-service-matrix,kottayam,battery-recycling-kochi,3,redirect_301,(see vercel.json),Already implemented as a redirect in vercel.json.,none,classification_source=v2-redirect
https://www.ewastekochi.com/blog/itad/enterprise/government-approved-itad-enterprise-trivandrum-94,/blog/itad/enterprise/government-approved-itad-enterprise-trivandrum-94,www.ewastekochi.com,/blog/itad/enterprise/government-approved-itad-enterprise-trivandrum-94,0,3,indexed-with-traffic,,,blog,,government-approved-itad-enterprise-trivandrum-94,3,leave_404,,"Legacy generated blog content, no meaningful traffic — do not recreate.",low,classification_source=rule
https://www.ewastekochi.com/blog/environmental-impact-of-server-recycling-in-angamaly-angamaly,/blog/environmental-impact-of-server-recycling-in-angamaly-angamaly,www.ewastekochi.com,/blog/environmental-impact-of-server-recycling-in-angamaly-angamaly,0,3,indexed-with-traffic,,,blog,,environmental-impact-of-server-recycling-in-angamaly-angamaly,3,leave_404,,"Legacy generated blog content, no meaningful traffic — do not recreate.",low,classification_source=rule
https://www.ewastekochi.com/locations/ewaste-682207,/locations/ewaste-682207,www.ewastekochi.com,/locations/ewaste-682207,0,3,indexed-with-traffic,,,location-page,ewaste-682207,ewaste-682207,3,leave_404,,"Location page, no meaningful traffic.",low,classification_source=rule
https://www.ewastekochi.com/locations/smart-city-kochi/free-ewaste-pickup-kochi,/locations/smart-city-kochi/free-ewaste-pickup-kochi,www.ewastekochi.com,/locations/smart-city-kochi/free-ewaste-pickup-kochi,0,3,indexed-with-traffic,,,location-service-matrix,smart-city-kochi,free-ewaste-pickup-kochi,3,redirect_301,(see vercel.json),Already implemented as a redirect in vercel.json.,none,classification_source=v2-redirect
https://www.ewastekochi.com/blog/computer-scrap-dealers-kochi,/blog/computer-scrap-dealers-kochi,www.ewastekochi.com,/blog/computer-scrap-dealers-kochi,0,3,indexed-with-traffic,,,blog,,computer-scrap-dealers-kochi,3,leave_404,,"Legacy generated blog content, no meaningful traffic — do not recreate.",low,classification_source=rule
https://www.ewastekochi.com/blog/cost-of-data-destruction-in-edappally-2,/blog/cost-of-data-destruction-in-edappally-2,www.ewastekochi.com,/blog/cost-of-data-destruction-in-edappally-2,0,3,indexed-with-traffic,,,blog,,cost-of-data-destruction-in-edappally-2,3,leave_404,,"Legacy generated blog content, no meaningful traffic — do not recreate.",low,classification_source=rule
https://www.ewastekochi.com/blog/printer-recycling-price-guide-for-north-paravur-north-paravur,/blog/printer-recycling-price-guide-for-north-paravur-north-paravur,www.ewastekochi.com,/blog/printer-recycling-price-guide-for-north-paravur-north-paravur,0,3,indexed-with-traffic,,,blog,,printer-recycling-price-guide-for-north-paravur-north-paravur,3,leave_404,,"Legacy generated blog content, no meaningful traffic — do not recreate.",low,classification_source=rule
https://www.ewastekochi.com/locations/kothamangalam/itad-kochi,/locations/kothamangalam/itad-kochi,www.ewastekochi.com,/locations/kothamangalam/itad-kochi,0,3,indexed-with-traffic,,,location-service-matrix,kothamangalam,itad-kochi,3,redirect_301,(see vercel.json),Already implemented as a redirect in vercel.json.,none,classification_source=v2-redirect
https://www.ewastekochi.com/locations/perumbavoor/itad-kochi,/locations/perumbavoor/itad-kochi,www.ewastekochi.com,/locations/perumbavoor/itad-kochi,0,3,indexed-with-traffic,,,location-service-matrix,perumbavoor,itad-kochi,3,redirect_301,(see vercel.json),Already implemented as a redirect in vercel.json.,none,classification_source=v2-redirect
https://www.ewastekochi.com/locations/kollam/certificate-of-destruction-kochi,/locations/kollam/certificate-of-destruction-kochi,www.ewastekochi.com,/locations/kollam/certificate-of-destruction-kochi,0,2,indexed-with-traffic,,,location-service-matrix,kollam,certificate-of-destruction-kochi,3,redirect_301,(see vercel.json),Already implemented as a redirect in vercel.json.,none,classification_source=v2-redirect
https://www.ewastekochi.com/blog/printer-recycling-kochi,/blog/printer-recycling-kochi,www.ewastekochi.com,/blog/printer-recycling-kochi,0,2,indexed-with-traffic,,,blog,,printer-recycling-kochi,3,leave_404,,"Legacy generated blog content, no meaningful traffic — do not recreate.",low,classification_source=rule
https://www.ewastekochi.com/locations/edappally/printer-recycling-kochi,/locations/edappally/printer-recycling-kochi,www.ewastekochi.com,/locations/edappally/printer-recycling-kochi,0,2,indexed-with-traffic,,,location-service-matrix,edappally,printer-recycling-kochi,3,leave_404,,"Thin generated location-service matrix page, 0 clicks, low impressions — matches the site's existing anti-pSEO policy (Phase 2B/2G/2M) of not mass-redirecting this footprint.",low,classification_source=rule
https://www.ewastekochi.com/locations/palakkad/laptop-buyback-kochi,/locations/palakkad/laptop-buyback-kochi,www.ewastekochi.com,/locations/palakkad/laptop-buyback-kochi,0,2,indexed-with-traffic,,,location-service-matrix,palakkad,laptop-buyback-kochi,3,redirect_301,(see vercel.json),Already implemented as a redirect in vercel.json.,none,classification_source=v2-redirect
https://www.ewastekochi.com/blog/corporate-data-destruction-services,/blog/corporate-data-destruction-services,www.ewastekochi.com,/blog/corporate-data-destruction-services,0,2,indexed-with-traffic,,,blog,,corporate-data-destruction-services,3,leave_404,,"Legacy generated blog content, no meaningful traffic — do not recreate.",low,classification_source=rule
https://www.ewastekochi.com/locations/kalady/server-recycling-kochi,/locations/kalady/server-recycling-kochi,www.ewastekochi.com,/locations/kalady/server-recycling-kochi,0,2,indexed-with-traffic,,,location-service-matrix,kalady,server-recycling-kochi,3,redirect_301,(see vercel.json),Already implemented as a redirect in vercel.json.,none,classification_source=v2-redirect
https://www.ewastekochi.com/blog/office-computer-recycling-kerala,/blog/office-computer-recycling-kerala,www.ewastekochi.com,/blog/office-computer-recycling-kerala,0,2,indexed-with-traffic,,,blog,,office-computer-recycling-kerala,3,leave_404,,"Legacy generated blog content, no meaningful traffic — do not recreate.",low,classification_source=rule
https://www.ewastekochi.com/services/ups-inverter-recycling-kochi,/services/ups-inverter-recycling-kochi,www.ewastekochi.com,/services/ups-inverter-recycling-kochi,0,2,indexed-with-traffic,,,service-page,,ups-inverter-recycling-kochi,3,leave_404,,No meaningful traffic.,low,classification_source=rule
https://www.ewastekochi.com/blog/e-waste-collection-problems-kalamassery,/blog/e-waste-collection-problems-kalamassery,www.ewastekochi.com,/blog/e-waste-collection-problems-kalamassery,0,2,indexed-with-traffic,,,blog,,e-waste-collection-problems-kalamassery,3,leave_404,,"Legacy generated blog content, no meaningful traffic — do not recreate.",low,classification_source=rule
https://www.ewastekochi.com/locations/edappally/battery-recycling-kochi,/locations/edappally/battery-recycling-kochi,www.ewastekochi.com,/locations/edappally/battery-recycling-kochi,0,2,indexed-with-traffic,,,location-service-matrix,edappally,battery-recycling-kochi,3,redirect_301,(see vercel.json),Already implemented as a redirect in vercel.json.,none,classification_source=v2-redirect
https://www.ewastekochi.com/blog/itad/enterprise/government-approved-itad-enterprise-cheranallur-24,/blog/itad/enterprise/government-approved-itad-enterprise-cheranallur-24,www.ewastekochi.com,/blog/itad/enterprise/government-approved-itad-enterprise-cheranallur-24,0,2,indexed-with-traffic,,,blog,,government-approved-itad-enterprise-cheranallur-24,3,leave_404,,"Legacy generated blog content, no meaningful traffic — do not recreate.",low,classification_source=rule
https://www.ewastekochi.com/locations/kottayam/printer-recycling-kochi,/locations/kottayam/printer-recycling-kochi,www.ewastekochi.com,/locations/kottayam/printer-recycling-kochi,0,2,indexed-with-traffic,,,location-service-matrix,kottayam,printer-recycling-kochi,3,leave_404,,"Thin generated location-service matrix page, 0 clicks, low impressions — matches the site's existing anti-pSEO policy (Phase 2B/2G/2M) of not mass-redirecting this footprint.",low,classification_source=rule
https://www.ewastekochi.com/blog/affordable-it-asset-disposition-in-kalamassery-complete-pricing-kalamassery,/blog/affordable-it-asset-disposition-in-kalamassery-complete-pricing-kalamassery,www.ewastekochi.com,/blog/affordable-it-asset-disposition-in-kalamassery-complete-pricing-kalamassery,0,2,indexed-with-traffic,,,blog,,affordable-it-asset-disposition-in-kalamassery-complete-pricing-kalamassery,3,leave_404,,"Legacy generated blog content, no meaningful traffic — do not recreate.",low,classification_source=rule
https://www.ewastekochi.com/blog/seasonal-cable-recycling-guide-for-aluva-aluva,/blog/seasonal-cable-recycling-guide-for-aluva-aluva,www.ewastekochi.com,/blog/seasonal-cable-recycling-guide-for-aluva-aluva,0,2,indexed-with-traffic,,,blog,,seasonal-cable-recycling-guide-for-aluva-aluva,3,leave_404,,"Legacy generated blog content, no meaningful traffic — do not recreate.",low,classification_source=rule
https://www.ewastekochi.com/privacy,/privacy,www.ewastekochi.com,/privacy,0,2,indexed-with-traffic,,,other-legacy-service,,privacy,3,keep_200,,"Already live as a real, built V2 page.",none,classification_source=v2-live
https://www.ewastekochi.com/blog/itad/enterprise/top-itad-enterprise-mg-road-11,/blog/itad/enterprise/top-itad-enterprise-mg-road-11,www.ewastekochi.com,/blog/itad/enterprise/top-itad-enterprise-mg-road-11,0,2,indexed-with-traffic,,,blog,,top-itad-enterprise-mg-road-11,3,leave_404,,"Legacy generated blog content, no meaningful traffic — do not recreate.",low,classification_source=rule
https://www.ewastekochi.com/locations/kothamangalam/network-equipment-disposal-kochi,/locations/kothamangalam/network-equipment-disposal-kochi,www.ewastekochi.com,/locations/kothamangalam/network-equipment-disposal-kochi,0,2,indexed-with-traffic,,,location-service-matrix,kothamangalam,network-equipment-disposal-kochi,3,leave_404,,"Thin generated location-service matrix page, 0 clicks, low impressions — matches the site's existing anti-pSEO policy (Phase 2B/2G/2M) of not mass-redirecting this footprint.",low,classification_source=rule
https://www.ewastekochi.com/locations/ernakulam-south/certificate-of-destruction-kochi,/locations/ernakulam-south/certificate-of-destruction-kochi,www.ewastekochi.com,/locations/ernakulam-south/certificate-of-destruction-kochi,0,2,indexed-with-traffic,,,location-service-matrix,ernakulam-south,certificate-of-destruction-kochi,3,redirect_301,(see vercel.json),Already implemented as a redirect in vercel.json.,none,classification_source=v2-redirect
https://www.ewastekochi.com/locations/kadavanthra/ups-inverter-recycling-kochi,/locations/kadavanthra/ups-inverter-recycling-kochi,www.ewastekochi.com,/locations/kadavanthra/ups-inverter-recycling-kochi,0,1,indexed-with-traffic,,,location-service-matrix,kadavanthra,ups-inverter-recycling-kochi,3,redirect_301,(see vercel.json),Already implemented as a redirect in vercel.json.,none,classification_source=v2-redirect
https://www.ewastekochi.com/blog/legal-requirements-for-it-asset-disposition-vyttila,/blog/legal-requirements-for-it-asset-disposition-vyttila,www.ewastekochi.com,/blog/legal-requirements-for-it-asset-disposition-vyttila,0,1,indexed-with-traffic,,,blog,,legal-requirements-for-it-asset-disposition-vyttila,3,leave_404,,"Legacy generated blog content, no meaningful traffic — do not recreate.",low,classification_source=rule
https://www.ewastekochi.com/blog/recycling-electronics-helps-kerala,/blog/recycling-electronics-helps-kerala,www.ewastekochi.com,/blog/recycling-electronics-helps-kerala,0,1,indexed-with-traffic,,,blog,,recycling-electronics-helps-kerala,3,leave_404,,"Legacy generated blog content, no meaningful traffic — do not recreate.",low,classification_source=rule
https://www.ewastekochi.com/buyback/laptops/sell-hp-elitebook-879-kochi,/buyback/laptops/sell-hp-elitebook-879-kochi,www.ewastekochi.com,/buyback/laptops/sell-hp-elitebook-879-kochi,0,1,indexed-with-traffic,,,other-legacy-service,,sell-hp-elitebook-879-kochi,3,leave_404,,No meaningful traffic.,low,classification_source=rule
https://www.ewastekochi.com/locations/ewaste-682085,/locations/ewaste-682085,www.ewastekochi.com,/locations/ewaste-682085,0,1,indexed-with-traffic,,,location-page,ewaste-682085,ewaste-682085,3,leave_404,,"Location page, no meaningful traffic.",low,classification_source=rule
https://www.ewastekochi.com/locations/kalady/battery-recycling-kochi,/locations/kalady/battery-recycling-kochi,www.ewastekochi.com,/locations/kalady/battery-recycling-kochi,0,1,indexed-with-traffic,,,location-service-matrix,kalady,battery-recycling-kochi,3,redirect_301,(see vercel.json),Already implemented as a redirect in vercel.json.,none,classification_source=v2-redirect
https://www.ewastekochi.com/blog/what-is-ewaste,/blog/what-is-ewaste,www.ewastekochi.com,/blog/what-is-ewaste,0,1,indexed-with-traffic,,,blog,,what-is-ewaste,3,keep_200,,"Already live as a real, built V2 page.",none,classification_source=v2-live
https://www.ewastekochi.com/locations/ewaste-682146.html,/locations/ewaste-682146.html,www.ewastekochi.com,/locations/ewaste-682146.html,0,1,indexed-with-traffic,,,location-page,ewaste-682146.html,,3,leave_404,,"Location page, no meaningful traffic.",low,classification_source=rule
https://www.ewastekochi.com/locations/infopark-kochi/battery-recycling-kochi,/locations/infopark-kochi/battery-recycling-kochi,www.ewastekochi.com,/locations/infopark-kochi/battery-recycling-kochi,0,1,indexed-with-traffic,,,location-service-matrix,infopark-kochi,battery-recycling-kochi,3,redirect_301,(see vercel.json),Already implemented as a redirect in vercel.json.,none,classification_source=v2-redirect
https://www.ewastekochi.com/locations/willingdon-island/server-recycling-kochi,/locations/willingdon-island/server-recycling-kochi,www.ewastekochi.com,/locations/willingdon-island/server-recycling-kochi,0,1,indexed-with-traffic,,,location-service-matrix,willingdon-island,server-recycling-kochi,3,redirect_301,(see vercel.json),Already implemented as a redirect in vercel.json.,none,classification_source=v2-redirect
https://www.ewastekochi.com/blog/e-waste-collection-prices-in-angamaly-2026-angamaly,/blog/e-waste-collection-prices-in-angamaly-2026-angamaly,www.ewastekochi.com,/blog/e-waste-collection-prices-in-angamaly-2026-angamaly,0,1,indexed-with-traffic,,,blog,,e-waste-collection-prices-in-angamaly-2026-angamaly,3,leave_404,,"Legacy generated blog content, no meaningful traffic — do not recreate.",low,classification_source=rule
https://www.ewastekochi.com/locations/kottayam/itad-kochi,/locations/kottayam/itad-kochi,www.ewastekochi.com,/locations/kottayam/itad-kochi,0,1,indexed-with-traffic,,,location-service-matrix,kottayam,itad-kochi,3,redirect_301,(see vercel.json),Already implemented as a redirect in vercel.json.,none,classification_source=v2-redirect
https://www.ewastekochi.com/itad-kochi,/itad-kochi,www.ewastekochi.com,/itad-kochi,0,1,indexed-with-traffic,,,other-legacy-service,,itad-kochi,3,leave_404,,No meaningful traffic.,low,classification_source=rule
https://www.ewastekochi.com/locations/thrikkakara/hard-drive-shredding-kochi,/locations/thrikkakara/hard-drive-shredding-kochi,www.ewastekochi.com,/locations/thrikkakara/hard-drive-shredding-kochi,0,1,indexed-with-traffic,,,location-service-matrix,thrikkakara,hard-drive-shredding-kochi,3,redirect_301,(see vercel.json),Already implemented as a redirect in vercel.json.,none,classification_source=v2-redirect
https://www.ewastekochi.com/locations/thrippunithura/ups-inverter-recycling-kochi,/locations/thrippunithura/ups-inverter-recycling-kochi,www.ewastekochi.com,/locations/thrippunithura/ups-inverter-recycling-kochi,0,1,indexed-with-traffic,,,location-service-matrix,thrippunithura,ups-inverter-recycling-kochi,3,redirect_301,(see vercel.json),Already implemented as a redirect in vercel.json.,none,classification_source=v2-redirect
https://www.ewastekochi.com/buyback/laptops/sell-hp-elitebook-872-kochi.html,/buyback/laptops/sell-hp-elitebook-872-kochi.html,www.ewastekochi.com,/buyback/laptops/sell-hp-elitebook-872-kochi.html,0,1,indexed-with-traffic,,,other-legacy-service,,,3,leave_404,,No meaningful traffic.,low,classification_source=rule
https://www.ewastekochi.com/industries/banks-financial-data-destruction.html,/industries/banks-financial-data-destruction.html,www.ewastekochi.com,/industries/banks-financial-data-destruction.html,0,1,indexed-with-traffic,,,legacy-html,,,3,leave_404,,"Legacy /industries/*.html concept page, no traffic, no equivalent in V2 IA.",low,classification_source=rule
https://www.ewastekochi.com/locations/north-paravur/battery-recycling-kochi,/locations/north-paravur/battery-recycling-kochi,www.ewastekochi.com,/locations/north-paravur/battery-recycling-kochi,0,1,indexed-with-traffic,,,location-service-matrix,north-paravur,battery-recycling-kochi,3,redirect_301,(see vercel.json),Already implemented as a redirect in vercel.json.,none,classification_source=v2-redirect
https://www.ewastekochi.com/locations/vyttila/mobile-recycling-kochi,/locations/vyttila/mobile-recycling-kochi,www.ewastekochi.com,/locations/vyttila/mobile-recycling-kochi,0,1,indexed-with-traffic,,,location-service-matrix,vyttila,mobile-recycling-kochi,3,leave_404,,"Thin generated location-service matrix page, 0 clicks, low impressions — matches the site's existing anti-pSEO policy (Phase 2B/2G/2M) of not mass-redirecting this footprint.",low,classification_source=rule
https://www.ewastekochi.com/blog/environmental-impact-ewaste,/blog/environmental-impact-ewaste,www.ewastekochi.com,/blog/environmental-impact-ewaste,0,1,indexed-with-traffic,,,blog,,environmental-impact-ewaste,3,leave_404,,"Legacy generated blog content, no meaningful traffic — do not recreate.",low,classification_source=rule
https://www.ewastekochi.com/blog/where-sell-ewaste-near-me,/blog/where-sell-ewaste-near-me,www.ewastekochi.com,/blog/where-sell-ewaste-near-me,0,1,indexed-with-traffic,,,blog,,where-sell-ewaste-near-me,3,leave_404,,"Legacy generated blog content, no meaningful traffic — do not recreate.",low,classification_source=rule
https://www.ewastekochi.com/blog/why-companies-destroy-data,/blog/why-companies-destroy-data,www.ewastekochi.com,/blog/why-companies-destroy-data,0,1,indexed-with-traffic,,,blog,,why-companies-destroy-data,3,leave_404,,"Legacy generated blog content, no meaningful traffic — do not recreate.",low,classification_source=rule
https://www.ewastekochi.com/locations/perumbavoor/network-equipment-disposal-kochi,/locations/perumbavoor/network-equipment-disposal-kochi,www.ewastekochi.com,/locations/perumbavoor/network-equipment-disposal-kochi,0,1,indexed-with-traffic,,,location-service-matrix,perumbavoor,network-equipment-disposal-kochi,3,leave_404,,"Thin generated location-service matrix page, 0 clicks, low impressions — matches the site's existing anti-pSEO policy (Phase 2B/2G/2M) of not mass-redirecting this footprint.",low,classification_source=rule
https://www.ewastekochi.com/blog/hdd-vs-ssd-destruction,/blog/hdd-vs-ssd-destruction,www.ewastekochi.com,/blog/hdd-vs-ssd-destruction,0,1,indexed-with-traffic,,,blog,,hdd-vs-ssd-destruction,3,leave_404,,"Legacy generated blog content, no meaningful traffic — do not recreate.",low,classification_source=rule
https://www.ewastekochi.com/blog/e-waste-laws-in-ernakulam-complete-guide-ernakulam-1,/blog/e-waste-laws-in-ernakulam-complete-guide-ernakulam-1,www.ewastekochi.com,/blog/e-waste-laws-in-ernakulam-complete-guide-ernakulam-1,0,1,indexed-with-traffic,,,blog,,e-waste-laws-in-ernakulam-complete-guide-ernakulam-1,3,leave_404,,"Legacy generated blog content, no meaningful traffic — do not recreate.",low,classification_source=rule
https://www.ewastekochi.com/blog/service-cable-recycling,/blog/service-cable-recycling,www.ewastekochi.com,/blog/service-cable-recycling,0,1,indexed-with-traffic,,,blog,,service-cable-recycling,3,leave_404,,"Legacy generated blog content, no meaningful traffic — do not recreate.",low,classification_source=rule
https://www.ewastekochi.com/locations/kalamassery/certificate-of-destruction-kochi,/locations/kalamassery/certificate-of-destruction-kochi,www.ewastekochi.com,/locations/kalamassery/certificate-of-destruction-kochi,0,1,indexed-with-traffic,,,location-service-matrix,kalamassery,certificate-of-destruction-kochi,3,redirect_301,(see vercel.json),Already implemented as a redirect in vercel.json.,none,classification_source=v2-redirect
https://www.ewastekochi.com/locations/kollam/server-recycling-kochi,/locations/kollam/server-recycling-kochi,www.ewastekochi.com,/locations/kollam/server-recycling-kochi,0,1,indexed-with-traffic,,,location-service-matrix,kollam,server-recycling-kochi,3,redirect_301,(see vercel.json),Already implemented as a redirect in vercel.json.,none,classification_source=v2-redirect
https://www.ewastekochi.com/locations/edappally/itad-kochi,/locations/edappally/itad-kochi,www.ewastekochi.com,/locations/edappally/itad-kochi,0,1,indexed-with-traffic,,,location-service-matrix,edappally,itad-kochi,3,redirect_301,(see vercel.json),Already implemented as a redirect in vercel.json.,none,classification_source=v2-redirect
https://www.ewastekochi.com/locations/thrissur/certificate-of-destruction-kochi,/locations/thrissur/certificate-of-destruction-kochi,www.ewastekochi.com,/locations/thrissur/certificate-of-destruction-kochi,0,1,indexed-with-traffic,,,location-service-matrix,thrissur,certificate-of-destruction-kochi,3,redirect_301,(see vercel.json),Already implemented as a redirect in vercel.json.,none,classification_source=v2-redirect
https://www.ewastekochi.com/locations/ewaste-682079.html,/locations/ewaste-682079.html,www.ewastekochi.com,/locations/ewaste-682079.html,0,1,indexed-with-traffic,,,location-page,ewaste-682079.html,,3,leave_404,,"Location page, no meaningful traffic.",low,classification_source=rule
