url,normalized_url,host,path,clicks,impressions,last_crawled,indexed_status,current_v2_status,page_type,location,service_intent,content_quality_risk,claim_risk,traffic_tier,upgrade_action,target_url,canonical_url,noindex_required,build_required,redirect_required,reason,priority,notes
https://www.ewastekochi.com/blogs/recycling/laptop-recycling-in-kalamassery-kochi-reuse-buyback-or-scrap,/blogs/recycling/laptop-recycling-in-kalamassery-kochi-reuse-buyback-or-scrap,www.ewastekochi.com,/blogs/recycling/laptop-recycling-in-kalamassery-kochi-reuse-buyback-or-scrap,0,10,2026-06-25,404,missing_not_built,blogs-taxonomy-legacy,,laptop-recycling-in-kalamassery-kochi-reuse-buyback-or-scrap,high,low,P4,leave_404,,,false,false,false,Indexed legacy/generated URL has no meaningful traffic signal; do not recreate old pSEO risk.,low,classification_source=rule;confirmed_indexed_2026-07-10
https://www.ewastekochi.com/locations/edappally/certificate-of-destruction-kochi,/locations/edappally/certificate-of-destruction-kochi,www.ewastekochi.com,/locations/edappally/certificate-of-destruction-kochi,0,1,2026-04-25,404|alt_canonical,redirect_configured,location-service-matrix,edappally,certificate-of-destruction-kochi,high,high,P3,redirect_301,https://www.ewastekochi.com/data-destruction-certificate-sample/,https://www.ewastekochi.com/data-destruction-certificate-sample/,false,false,true,Indexed legacy URL has a relevant one-hop 301 target in vercel.json; do not rebuild as a thin page.,low,classification_source=v2-redirect;confirmed_indexed_2026-07-10
https://www.ewastekochi.com/locations/thrikkakara/data-destruction-kochi,/locations/thrikkakara/data-destruction-kochi,www.ewastekochi.com,/locations/thrikkakara/data-destruction-kochi,0,6,2026-04-17,404,redirect_configured,location-service-matrix,thrikkakara,data-destruction-kochi,high,medium,P3,redirect_301,https://www.ewastekochi.com/data-destruction/,https://www.ewastekochi.com/data-destruction/,false,false,true,Indexed legacy URL has a relevant one-hop 301 target in vercel.json; do not rebuild as a thin page.,low,classification_source=v2-redirect;confirmed_indexed_2026-07-10
https://www.ewastekochi.com/marketplace,/marketplace,www.ewastekochi.com,/marketplace,66,2247,2026-06-29,redirect,built_200,other-legacy-service,,marketplace,high,low,P0,upgrade_existing_200,https://www.ewastekochi.com/marketplace/,https://www.ewastekochi.com/marketplace/,false,false,false,Indexed URL maps to an existing V2 200 page; page retained and reviewed for safe SEO/content/schema.,critical,classification_source=v2-live;confirmed_indexed_2026-07-10
https://www.ewastekochi.com/locations/aluva/certificate-of-destruction-kochi,/locations/aluva/certificate-of-destruction-kochi,www.ewastekochi.com,/locations/aluva/certificate-of-destruction-kochi,0,0,2026-06-26,redirect,missing_not_built,location-service-matrix,aluva,certificate-of-destruction-kochi,high,high,P3,leave_404,,,false,false,false,Indexed legacy/generated URL has no meaningful traffic signal; do not recreate old pSEO risk.,low,classification_source=rule;confirmed_indexed_2026-07-10
https://www.ewastekochi.com/services,/services,www.ewastekochi.com,/services,0,29,2026-06-23,redirect,built_200,other-legacy-service,,services,high,low,P4,upgrade_existing_200,https://www.ewastekochi.com/services/,https://www.ewastekochi.com/services/,false,false,false,Indexed URL maps to an existing V2 200 page; page retained and reviewed for safe SEO/content/schema.,low,classification_source=v2-live;confirmed_indexed_2026-07-10
https://www.ewastekochi.com/locations,/locations,www.ewastekochi.com,/locations,2,63,2026-06-23,redirect,built_200,other-legacy-service,,locations,high,low,P1,upgrade_existing_200,https://www.ewastekochi.com/locations/,https://www.ewastekochi.com/locations/,false,false,false,Indexed URL maps to an existing V2 200 page; page retained and reviewed for safe SEO/content/schema.,high,classification_source=v2-live;confirmed_indexed_2026-07-10
https://www.ewastekochi.com/locations/thrissur,/locations/thrissur,www.ewastekochi.com,/locations/thrissur,8,271,2026-06-17,redirect,built_200,location-page,thrissur,thrissur,low,low,P1,build_safe_200,https://www.ewastekochi.com/locations/thrissur/,https://www.ewastekochi.com/locations/thrissur/,false,true,false,Indexed location URL is business-relevant; protected with a safe feasibility-focused 200 page.,high,classification_source=rule;confirmed_indexed_2026-07-10;built_2026-07-15
https://www.ewastekochi.com/locations/kozhikode/e-waste-recycling-kochi,/locations/kozhikode/e-waste-recycling-kochi,www.ewastekochi.com,/locations/kozhikode/e-waste-recycling-kochi,1,26,2026-06-15,redirect,redirect_configured,location-service-matrix,kozhikode,e-waste-recycling-kochi,high,medium,P1,redirect_301,https://www.ewastekochi.com/recycling/,https://www.ewastekochi.com/recycling/,false,false,true,Indexed legacy URL has a relevant one-hop 301 target in vercel.json; do not rebuild as a thin page.,high,classification_source=v2-redirect;confirmed_indexed_2026-07-10
https://www.ewastekochi.com/locations/fort-kochi,/locations/fort-kochi,www.ewastekochi.com,/locations/fort-kochi,3,38,2026-06-14,redirect,built_200,location-page,fort-kochi,fort-kochi,low,low,P1,build_safe_200,https://www.ewastekochi.com/locations/fort-kochi/,https://www.ewastekochi.com/locations/fort-kochi/,false,true,false,Indexed location URL is business-relevant; protected with a safe feasibility-focused 200 page.,high,classification_source=rule;confirmed_indexed_2026-07-10
https://www.ewastekochi.com/locations/thrippunithura/laptop-buyback-kochi,/locations/thrippunithura/laptop-buyback-kochi,www.ewastekochi.com,/locations/thrippunithura/laptop-buyback-kochi,0,0,2026-06-12,redirect,missing_not_built,location-service-matrix,thrippunithura,laptop-buyback-kochi,high,medium,P3,leave_404,,,false,false,false,Indexed legacy/generated URL has no meaningful traffic signal; do not recreate old pSEO risk.,low,classification_source=rule;confirmed_indexed_2026-07-10
https://www.ewastekochi.com/contact,/contact,www.ewastekochi.com,/contact,10,310,2026-06-12,redirect|crawled_not_indexed,built_200,other-legacy-service,,contact,high,low,P0,upgrade_existing_200,https://www.ewastekochi.com/contact/,https://www.ewastekochi.com/contact/,false,false,false,Indexed URL maps to an existing V2 200 page; page retained and reviewed for safe SEO/content/schema.,critical,classification_source=v2-live;confirmed_indexed_2026-07-10
https://www.ewastekochi.com/locations/kalady/old-computer-disposal,/locations/kalady/old-computer-disposal,www.ewastekochi.com,/locations/kalady/old-computer-disposal,0,1,2026-06-10,redirect,missing_not_built,location-service-matrix,kalady,old-computer-disposal,high,medium,P3,leave_404,,,false,false,false,Indexed legacy/generated URL has no meaningful traffic signal; do not recreate old pSEO risk.,low,classification_source=rule;confirmed_indexed_2026-07-10
https://www.ewastekochi.com/locations/thiruvananthapuram,/locations/thiruvananthapuram,www.ewastekochi.com,/locations/thiruvananthapuram,15,768,2026-06-10,redirect|dup_diff_canonical,built_200,location-page,thiruvananthapuram,thiruvananthapuram,low,low,P0,build_safe_200,https://www.ewastekochi.com/locations/thiruvananthapuram/,https://www.ewastekochi.com/locations/thiruvananthapuram/,false,true,false,Indexed location URL is business-relevant; protected with a safe feasibility-focused 200 page.,critical,classification_source=rule;confirmed_indexed_2026-07-10;built_2026-07-15
https://www.ewastekochi.com/itad,/itad,www.ewastekochi.com,/itad,2,162,2026-06-10,redirect,built_200,other-legacy-service,,itad,high,low,P1,upgrade_existing_200,https://www.ewastekochi.com/itad/,https://www.ewastekochi.com/itad/,false,false,false,Indexed URL maps to an existing V2 200 page; page retained and reviewed for safe SEO/content/schema.,high,classification_source=v2-live;confirmed_indexed_2026-07-10
https://www.ewastekochi.com/recycling,/recycling,www.ewastekochi.com,/recycling,72,3571,2026-06-09,redirect,built_200,other-legacy-service,,recycling,high,low,P0,upgrade_existing_200,https://www.ewastekochi.com/recycling/,https://www.ewastekochi.com/recycling/,false,false,false,Indexed URL maps to an existing V2 200 page; page retained and reviewed for safe SEO/content/schema.,critical,classification_source=v2-live;confirmed_indexed_2026-07-10
https://www.ewastekochi.com/locations/kottayam,/locations/kottayam,www.ewastekochi.com,/locations/kottayam,30,394,2026-06-09,redirect,built_200,location-page,kottayam,kottayam,low,low,P0,build_safe_200,https://www.ewastekochi.com/locations/kottayam/,https://www.ewastekochi.com/locations/kottayam/,false,true,false,Indexed location URL is business-relevant; protected with a safe feasibility-focused 200 page.,critical,classification_source=rule;confirmed_indexed_2026-07-10;built_2026-07-15
https://www.ewastekochi.com/locations/vyttila,/locations/vyttila,www.ewastekochi.com,/locations/vyttila,0,77,2026-06-09,redirect,built_200,location-page,vyttila,vyttila,medium,low,P2,build_safe_200,https://www.ewastekochi.com/locations/vyttila/,https://www.ewastekochi.com/locations/vyttila/,false,true,false,Indexed location URL is business-relevant; protected with a safe feasibility-focused 200 page.,medium,classification_source=rule;confirmed_indexed_2026-07-10
https://www.ewastekochi.com/locations/kakkanad,/locations/kakkanad,www.ewastekochi.com,/locations/kakkanad,34,793,2026-06-08,redirect,built_200,location-page,kakkanad,kakkanad,low,low,P0,upgrade_existing_200,https://www.ewastekochi.com/locations/kakkanad/,https://www.ewastekochi.com/locations/kakkanad/,false,false,false,Indexed URL maps to an existing V2 200 page; page retained and reviewed for safe SEO/content/schema.,critical,classification_source=v2-live;confirmed_indexed_2026-07-10
https://www.ewastekochi.com/about,/about,www.ewastekochi.com,/about,6,152,2026-06-08,redirect,built_200,other-legacy-service,,about,high,low,P1,upgrade_existing_200,https://www.ewastekochi.com/about/,https://www.ewastekochi.com/about/,false,false,false,Indexed URL maps to an existing V2 200 page; page retained and reviewed for safe SEO/content/schema.,high,classification_source=v2-live;confirmed_indexed_2026-07-10
https://www.ewastekochi.com/locations/muvattupuzha,/locations/muvattupuzha,www.ewastekochi.com,/locations/muvattupuzha,1,60,2026-06-06,redirect,built_200,location-page,muvattupuzha,muvattupuzha,low,low,P1,build_safe_200,https://www.ewastekochi.com/locations/muvattupuzha/,https://www.ewastekochi.com/locations/muvattupuzha/,false,true,false,Indexed location URL is business-relevant; protected with a safe feasibility-focused 200 page.,high,classification_source=rule;confirmed_indexed_2026-07-10
https://www.ewastekochi.com/locations/aluva,/locations/aluva,www.ewastekochi.com,/locations/aluva,17,293,2026-06-06,redirect,built_200,location-page,aluva,aluva,low,low,P0,upgrade_existing_200,https://www.ewastekochi.com/locations/aluva/,https://www.ewastekochi.com/locations/aluva/,false,false,false,Indexed URL maps to an existing V2 200 page; page retained and reviewed for safe SEO/content/schema.,critical,classification_source=v2-live;confirmed_indexed_2026-07-10
https://www.ewastekochi.com/faq,/faq,www.ewastekochi.com,/faq,11,324,2026-06-06,redirect|alt_canonical,built_200,other-legacy-service,,faq,high,low,P0,upgrade_existing_200,https://www.ewastekochi.com/faq/,https://www.ewastekochi.com/faq/,false,false,false,Indexed URL maps to an existing V2 200 page; page retained and reviewed for safe SEO/content/schema.,critical,classification_source=v2-live;confirmed_indexed_2026-07-10
https://www.ewastekochi.com/locations/thrissur/it-asset-inventory-audit,/locations/thrissur/it-asset-inventory-audit,www.ewastekochi.com,/locations/thrissur/it-asset-inventory-audit,0,1,2026-06-06,redirect,redirect_configured,location-service-matrix,thrissur,it-asset-inventory-audit,high,medium,P3,redirect_301,https://www.ewastekochi.com/services/it-asset-inventory-audit/,https://www.ewastekochi.com/services/it-asset-inventory-audit/,false,false,true,Indexed legacy URL has a relevant one-hop 301 target in vercel.json; do not rebuild as a thin page.,low,classification_source=v2-redirect;confirmed_indexed_2026-07-10
https://www.ewastekochi.com/locations/kozhikode,/locations/kozhikode,www.ewastekochi.com,/locations/kozhikode,22,1022,2026-06-04,redirect,built_200,location-page,kozhikode,kozhikode,low,low,P0,build_safe_200,https://www.ewastekochi.com/locations/kozhikode/,https://www.ewastekochi.com/locations/kozhikode/,false,true,false,Indexed location URL is business-relevant; protected with a safe feasibility-focused 200 page.,critical,classification_source=rule;confirmed_indexed_2026-07-10;built_2026-07-15
https://www.ewastekochi.com/locations/kalamassery-hitech-park,/locations/kalamassery-hitech-park,www.ewastekochi.com,/locations/kalamassery-hitech-park,0,43,2026-06-01,redirect,redirect_configured,location-page,kalamassery-hitech-park,kalamassery-hitech-park,medium,low,P2,redirect_301,https://www.ewastekochi.com/locations/kalamassery/,https://www.ewastekochi.com/locations/kalamassery/,false,false,true,Indexed legacy URL has a relevant one-hop 301 target in vercel.json; do not rebuild as a thin page.,medium,classification_source=v2-redirect;confirmed_indexed_2026-07-10
https://www.ewastekochi.com/locations/ernakulam-south,/locations/ernakulam-south,www.ewastekochi.com,/locations/ernakulam-south,7,442,2026-05-31,redirect,built_200,location-page,ernakulam-south,ernakulam-south,low,low,P1,upgrade_existing_200,https://www.ewastekochi.com/locations/ernakulam-south/,https://www.ewastekochi.com/locations/ernakulam-south/,false,false,false,Indexed URL maps to an existing V2 200 page; page retained and reviewed for safe SEO/content/schema.,high,classification_source=v2-live;confirmed_indexed_2026-07-10
https://www.ewastekochi.com/locations/smart-city-kochi,/locations/smart-city-kochi,www.ewastekochi.com,/locations/smart-city-kochi,2,36,2026-05-31,redirect,built_200,location-page,smart-city-kochi,smart-city-kochi,low,low,P1,build_safe_200,https://www.ewastekochi.com/locations/smart-city-kochi/,https://www.ewastekochi.com/locations/smart-city-kochi/,false,true,false,Indexed location URL is business-relevant; protected with a safe feasibility-focused 200 page.,high,classification_source=rule;confirmed_indexed_2026-07-10
https://www.ewastekochi.com/locations/north-paravur,/locations/north-paravur,www.ewastekochi.com,/locations/north-paravur,3,46,2026-05-31,redirect,built_200,location-page,north-paravur,north-paravur,low,low,P1,build_safe_200,https://www.ewastekochi.com/locations/north-paravur/,https://www.ewastekochi.com/locations/north-paravur/,false,true,false,Indexed location URL is business-relevant; protected with a safe feasibility-focused 200 page.,high,classification_source=rule;confirmed_indexed_2026-07-10
https://www.ewastekochi.com/locations/palarivattom,/locations/palarivattom,www.ewastekochi.com,/locations/palarivattom,3,107,2026-05-29,redirect,built_200,location-page,palarivattom,palarivattom,low,low,P1,build_safe_200,https://www.ewastekochi.com/locations/palarivattom/,https://www.ewastekochi.com/locations/palarivattom/,false,true,false,Indexed location URL is business-relevant; protected with a safe feasibility-focused 200 page.,high,classification_source=rule;confirmed_indexed_2026-07-10
https://www.ewastekochi.com/locations/perumbavoor,/locations/perumbavoor,www.ewastekochi.com,/locations/perumbavoor,3,36,2026-05-29,redirect,built_200,location-page,perumbavoor,perumbavoor,low,low,P1,build_safe_200,https://www.ewastekochi.com/locations/perumbavoor/,https://www.ewastekochi.com/locations/perumbavoor/,false,true,false,Indexed location URL is business-relevant; protected with a safe feasibility-focused 200 page.,high,classification_source=rule;confirmed_indexed_2026-07-10
https://www.ewastekochi.com/locations/kalamassery,/locations/kalamassery,www.ewastekochi.com,/locations/kalamassery,3,145,2026-05-29,redirect,built_200,location-page,kalamassery,kalamassery,low,low,P1,upgrade_existing_200,https://www.ewastekochi.com/locations/kalamassery/,https://www.ewastekochi.com/locations/kalamassery/,false,false,false,Indexed URL maps to an existing V2 200 page; page retained and reviewed for safe SEO/content/schema.,high,classification_source=v2-live;confirmed_indexed_2026-07-10
https://www.ewastekochi.com/locations/malappuram,/locations/malappuram,www.ewastekochi.com,/locations/malappuram,7,313,2026-05-29,redirect,built_200,location-page,malappuram,malappuram,low,low,P1,build_safe_200,https://www.ewastekochi.com/locations/malappuram/,https://www.ewastekochi.com/locations/malappuram/,false,true,false,Indexed location URL is business-relevant; protected with a safe feasibility-focused 200 page.,high,classification_source=rule;confirmed_indexed_2026-07-10;built_2026-07-15
https://www.ewastekochi.com/locations/willingdon-island,/locations/willingdon-island,www.ewastekochi.com,/locations/willingdon-island,0,25,2026-05-28,redirect,built_200,location-page,willingdon-island,willingdon-island,medium,low,P2,build_safe_200,https://www.ewastekochi.com/locations/willingdon-island/,https://www.ewastekochi.com/locations/willingdon-island/,false,true,false,Indexed location URL is business-relevant; protected with a safe feasibility-focused 200 page.,medium,classification_source=rule;confirmed_indexed_2026-07-10
https://www.ewastekochi.com/locations/maradu/hard-drive-shredding-kochi,/locations/maradu/hard-drive-shredding-kochi,www.ewastekochi.com,/locations/maradu/hard-drive-shredding-kochi,0,4,2026-05-28,redirect,redirect_configured,location-service-matrix,maradu,hard-drive-shredding-kochi,high,medium,P3,redirect_301,https://www.ewastekochi.com/hard-drive-shredding/,https://www.ewastekochi.com/hard-drive-shredding/,false,false,true,Indexed legacy URL has a relevant one-hop 301 target in vercel.json; do not rebuild as a thin page.,low,classification_source=v2-redirect;confirmed_indexed_2026-07-10
https://www.ewastekochi.com/locations/edappally,/locations/edappally,www.ewastekochi.com,/locations/edappally,4,244,2026-05-28,redirect,built_200,location-page,edappally,edappally,low,low,P1,upgrade_existing_200,https://www.ewastekochi.com/locations/edappally/,https://www.ewastekochi.com/locations/edappally/,false,false,false,Indexed URL maps to an existing V2 200 page; page retained and reviewed for safe SEO/content/schema.,high,classification_source=v2-live;confirmed_indexed_2026-07-10
https://www.ewastekochi.com/services/electronics-recycling-near-me,/services/electronics-recycling-near-me,www.ewastekochi.com,/services/electronics-recycling-near-me,42,3258,2026-05-27,redirect,built_200,service-page,,electronics-recycling-near-me,low,low,P0,upgrade_existing_200,https://www.ewastekochi.com/services/electronics-recycling-near-me/,https://www.ewastekochi.com/services/electronics-recycling-near-me/,false,false,false,Indexed URL maps to an existing V2 200 page; page retained and reviewed for safe SEO/content/schema.,critical,classification_source=v2-live;confirmed_indexed_2026-07-10
https://www.ewastekochi.com/locations/thrippunithura,/locations/thrippunithura,www.ewastekochi.com,/locations/thrippunithura,4,150,2026-05-27,redirect,built_200,location-page,thrippunithura,thrippunithura,low,low,P1,build_safe_200,https://www.ewastekochi.com/locations/thrippunithura/,https://www.ewastekochi.com/locations/thrippunithura/,false,true,false,Indexed location URL is business-relevant; protected with a safe feasibility-focused 200 page.,high,classification_source=rule;confirmed_indexed_2026-07-10
https://www.ewastekochi.com/locations/kakkanad/dpdp-act-compliance-kochi,/locations/kakkanad/dpdp-act-compliance-kochi,www.ewastekochi.com,/locations/kakkanad/dpdp-act-compliance-kochi,0,1,2026-05-27,redirect,redirect_configured,location-service-matrix,kakkanad,dpdp-act-compliance-kochi,high,medium,P3,redirect_301,https://www.ewastekochi.com/locations/kakkanad/,https://www.ewastekochi.com/locations/kakkanad/,false,false,true,Indexed legacy URL has a relevant one-hop 301 target in vercel.json; do not rebuild as a thin page.,low,classification_source=v2-redirect;confirmed_indexed_2026-07-10
https://www.ewastekochi.com/locations/maradu/air-conditioner-recycling-kochi,/locations/maradu/air-conditioner-recycling-kochi,www.ewastekochi.com,/locations/maradu/air-conditioner-recycling-kochi,0,0,2026-05-18,redirect,missing_not_built,location-service-matrix,maradu,air-conditioner-recycling-kochi,high,medium,P3,leave_404,,,false,false,false,Indexed legacy/generated URL has no meaningful traffic signal; do not recreate old pSEO risk.,low,classification_source=rule;confirmed_indexed_2026-07-10
https://www.ewastekochi.com/locations/angamaly,/locations/angamaly,www.ewastekochi.com,/locations/angamaly,6,134,2026-05-16,redirect,built_200,location-page,angamaly,angamaly,low,low,P1,build_safe_200,https://www.ewastekochi.com/locations/angamaly/,https://www.ewastekochi.com/locations/angamaly/,false,true,false,Indexed location URL is business-relevant; protected with a safe feasibility-focused 200 page.,high,classification_source=rule;confirmed_indexed_2026-07-10
https://www.ewastekochi.com/terms,/terms,www.ewastekochi.com,/terms,0,3,2026-05-15,redirect,built_200,other-legacy-service,,terms,high,low,P4,upgrade_existing_200,https://www.ewastekochi.com/terms/,https://www.ewastekochi.com/terms/,false,false,false,Indexed URL maps to an existing V2 200 page; page retained and reviewed for safe SEO/content/schema.,low,classification_source=v2-live;confirmed_indexed_2026-07-10
https://www.ewastekochi.com/locations/kadavanthra,/locations/kadavanthra,www.ewastekochi.com,/locations/kadavanthra,10,426,2026-05-12,redirect,built_200,location-page,kadavanthra,kadavanthra,low,low,P0,upgrade_existing_200,https://www.ewastekochi.com/locations/kadavanthra/,https://www.ewastekochi.com/locations/kadavanthra/,false,false,false,Indexed URL maps to an existing V2 200 page; page retained and reviewed for safe SEO/content/schema.,critical,classification_source=v2-live;confirmed_indexed_2026-07-10
https://www.ewastekochi.com/ml/services/tv-monitor-recycling-kochi,/ml/services/tv-monitor-recycling-kochi,www.ewastekochi.com,/ml/services/tv-monitor-recycling-kochi,9,137,2026-05-11,redirect,redirect_configured,other-legacy-service,,tv-monitor-recycling-kochi,high,low,P1,redirect_301,https://www.ewastekochi.com/tv-recycling-kochi/,https://www.ewastekochi.com/tv-recycling-kochi/,false,false,true,Indexed legacy URL has a relevant one-hop 301 target in vercel.json; do not rebuild as a thin page.,high,classification_source=rule;confirmed_indexed_2026-07-10;implemented_in_vercel.json_2026-07-15
https://www.ewastekochi.com/locations/infopark-kochi,/locations/infopark-kochi,www.ewastekochi.com,/locations/infopark-kochi,6,145,2026-04-22,redirect,built_200,location-page,infopark-kochi,infopark-kochi,low,low,P1,upgrade_existing_200,https://www.ewastekochi.com/locations/infopark-kochi/,https://www.ewastekochi.com/locations/infopark-kochi/,false,false,false,Indexed URL maps to an existing V2 200 page; page retained and reviewed for safe SEO/content/schema.,high,classification_source=v2-live;confirmed_indexed_2026-07-10
https://www.ewastekochi.com/locations/thrikkakara,/locations/thrikkakara,www.ewastekochi.com,/locations/thrikkakara,1,54,2026-04-22,redirect|alt_canonical,built_200,location-page,thrikkakara,thrikkakara,low,low,P1,build_safe_200,https://www.ewastekochi.com/locations/thrikkakara/,https://www.ewastekochi.com/locations/thrikkakara/,false,true,false,Indexed location URL is business-relevant; protected with a safe feasibility-focused 200 page.,high,classification_source=rule;confirmed_indexed_2026-07-10
https://www.ewastekochi.com/locations/kannur,/locations/kannur,www.ewastekochi.com,/locations/kannur,14,249,2026-04-20,redirect,built_200,location-page,kannur,kannur,low,low,P0,build_safe_200,https://www.ewastekochi.com/locations/kannur/,https://www.ewastekochi.com/locations/kannur/,false,true,false,Indexed location URL is business-relevant; protected with a safe feasibility-focused 200 page.,critical,classification_source=rule;confirmed_indexed_2026-07-10;built_2026-07-15
https://www.ewastekochi.com/locations/kakkanad/hard-drive-degaussing-kochi,/locations/kakkanad/hard-drive-degaussing-kochi,www.ewastekochi.com,/locations/kakkanad/hard-drive-degaussing-kochi,0,0,2026-04-20,redirect|alt_canonical,missing_not_built,location-service-matrix,kakkanad,hard-drive-degaussing-kochi,high,medium,P3,leave_404,,,false,false,false,Indexed legacy/generated URL has no meaningful traffic signal; do not recreate old pSEO risk.,low,classification_source=rule;confirmed_indexed_2026-07-10
https://www.ewastekochi.com/locations/kothamangalam,/locations/kothamangalam,www.ewastekochi.com,/locations/kothamangalam,2,47,2026-04-19,redirect,built_200,location-page,kothamangalam,kothamangalam,low,low,P1,build_safe_200,https://www.ewastekochi.com/locations/kothamangalam/,https://www.ewastekochi.com/locations/kothamangalam/,false,true,false,Indexed location URL is business-relevant; protected with a safe feasibility-focused 200 page.,high,classification_source=rule;confirmed_indexed_2026-07-10
https://www.ewastekochi.com/locations/palakkad,/locations/palakkad,www.ewastekochi.com,/locations/palakkad,19,225,2026-04-19,redirect,built_200,location-page,palakkad,palakkad,low,low,P0,build_safe_200,https://www.ewastekochi.com/locations/palakkad/,https://www.ewastekochi.com/locations/palakkad/,false,true,false,Indexed location URL is business-relevant; protected with a safe feasibility-focused 200 page.,critical,classification_source=rule;confirmed_indexed_2026-07-10;built_2026-07-15
https://www.ewastekochi.com/locations/kollam,/locations/kollam,www.ewastekochi.com,/locations/kollam,19,313,2026-04-18,redirect,built_200,location-page,kollam,kollam,low,low,P0,build_safe_200,https://www.ewastekochi.com/locations/kollam/,https://www.ewastekochi.com/locations/kollam/,false,true,false,Indexed location URL is business-relevant; protected with a safe feasibility-focused 200 page.,critical,classification_source=rule;confirmed_indexed_2026-07-10;built_2026-07-15
https://www.ewastekochi.com/locations/maradu,/locations/maradu,www.ewastekochi.com,/locations/maradu,1,23,2026-04-18,redirect,built_200,location-page,maradu,maradu,low,low,P1,build_safe_200,https://www.ewastekochi.com/locations/maradu/,https://www.ewastekochi.com/locations/maradu/,false,true,false,Indexed location URL is business-relevant; protected with a safe feasibility-focused 200 page.,high,classification_source=rule;confirmed_indexed_2026-07-10
https://www.ewastekochi.com/locations/kalady,/locations/kalady,www.ewastekochi.com,/locations/kalady,0,32,2026-04-17,redirect,built_200,location-page,kalady,kalady,medium,low,P2,build_safe_200,https://www.ewastekochi.com/locations/kalady/,https://www.ewastekochi.com/locations/kalady/,false,true,false,Indexed location URL is business-relevant; protected with a safe feasibility-focused 200 page.,medium,classification_source=rule;confirmed_indexed_2026-07-10
https://www.ewastekochi.com/buyback/laptops/sell-hp-elitebook-939-kochi.html,/buyback/laptops/sell-hp-elitebook-939-kochi.html,www.ewastekochi.com,/buyback/laptops/sell-hp-elitebook-939-kochi.html,0,12,2026-04-17,redirect,missing_not_built,other-legacy-service,,,high,low,P4,leave_404,https://www.ewastekochi.com/sell-electronics/,https://www.ewastekochi.com/sell-electronics/,false,false,false,Legacy per-SKU buyback URL has no traffic signal; do not rebuild model-specific quote spam.,low,classification_source=rule;confirmed_indexed_2026-07-10
https://www.ewastekochi.com/locations/kozhikode/server-recycling-kochi,/locations/kozhikode/server-recycling-kochi,www.ewastekochi.com,/locations/kozhikode/server-recycling-kochi,0,1,2026-04-17,redirect|alt_canonical,redirect_configured,location-service-matrix,kozhikode,server-recycling-kochi,high,medium,P3,redirect_301,https://www.ewastekochi.com/server-recycling-kochi/,https://www.ewastekochi.com/server-recycling-kochi/,false,false,true,Indexed legacy URL has a relevant one-hop 301 target in vercel.json; do not rebuild as a thin page.,low,classification_source=v2-redirect;confirmed_indexed_2026-07-10
https://www.ewastekochi.com/locations/thrissur/corporate-ewaste-kochi,/locations/thrissur/corporate-ewaste-kochi,www.ewastekochi.com,/locations/thrissur/corporate-ewaste-kochi,0,4,2026-04-13,redirect|alt_canonical,missing_not_built,location-service-matrix,thrissur,corporate-ewaste-kochi,high,medium,P3,leave_404,,,false,false,false,Indexed legacy/generated URL has no meaningful traffic signal; do not recreate old pSEO risk.,low,classification_source=rule;confirmed_indexed_2026-07-10
https://www.ewastekochi.com/locations/perumbavoor/tv-monitor-recycling-kochi,/locations/perumbavoor/tv-monitor-recycling-kochi,www.ewastekochi.com,/locations/perumbavoor/tv-monitor-recycling-kochi,0,1,2026-04-13,redirect|alt_canonical,redirect_configured,location-service-matrix,perumbavoor,tv-monitor-recycling-kochi,high,medium,P3,redirect_301,https://www.ewastekochi.com/tv-recycling-kochi/,https://www.ewastekochi.com/tv-recycling-kochi/,false,false,true,Indexed legacy URL has a relevant one-hop 301 target in vercel.json; do not rebuild as a thin page.,low,classification_source=v2-redirect;confirmed_indexed_2026-07-10
https://www.ewastekochi.com/locations/muvattupuzha/network-equipment-disposal-kochi,/locations/muvattupuzha/network-equipment-disposal-kochi,www.ewastekochi.com,/locations/muvattupuzha/network-equipment-disposal-kochi,0,0,2026-04-11,redirect|alt_canonical,missing_not_built,location-service-matrix,muvattupuzha,network-equipment-disposal-kochi,high,medium,P3,leave_404,,,false,false,false,Indexed legacy/generated URL has no meaningful traffic signal; do not recreate old pSEO risk.,low,classification_source=rule;confirmed_indexed_2026-07-10
https://blog.ewastekochi.com/contact,blog.ewastekochi.com/contact,blog.ewastekochi.com,blog.ewastekochi.com/contact,0,0,2026-06-01,alt_canonical,external_subdomain_indexed,subdomain-blog,,contact,medium,medium,P4,manual_review,,,false,false,false,Indexed blog subdomain URL has no current traffic; track separately and decide subdomain strategy later.,medium,classification_source=rule;confirmed_indexed_2026-07-10
https://www.ewastekochi.com/blogs/recycling/computer-recycling-in-thrippunithura-kochi-for-homes-and-offices,/blogs/recycling/computer-recycling-in-thrippunithura-kochi-for-homes-and-offices,www.ewastekochi.com,/blogs/recycling/computer-recycling-in-thrippunithura-kochi-for-homes-and-offices,0,19,2026-05-12,alt_canonical|crawled_not_indexed,missing_not_built,blogs-taxonomy-legacy,,computer-recycling-in-thrippunithura-kochi-for-homes-and-offices,high,low,P4,leave_404,,,false,false,false,Indexed legacy/generated URL has no meaningful traffic signal; do not recreate old pSEO risk.,low,classification_source=rule;confirmed_indexed_2026-07-10
https://www.ewastekochi.com/blogs/data-destruction/server-drive-sanitization-in-edappally-kochi-for-itad-projects,/blogs/data-destruction/server-drive-sanitization-in-edappally-kochi-for-itad-projects,www.ewastekochi.com,/blogs/data-destruction/server-drive-sanitization-in-edappally-kochi-for-itad-projects,0,7,2026-05-12,alt_canonical,missing_not_built,blogs-taxonomy-legacy,,server-drive-sanitization-in-edappally-kochi-for-itad-projects,high,low,P4,leave_404,,,false,false,false,Indexed legacy/generated URL has no meaningful traffic signal; do not recreate old pSEO risk.,low,classification_source=rule;confirmed_indexed_2026-07-10
https://www.ewastekochi.com/locations/palakkad/hard-drive-degaussing-kochi,/locations/palakkad/hard-drive-degaussing-kochi,www.ewastekochi.com,/locations/palakkad/hard-drive-degaussing-kochi,0,1,2026-04-21,alt_canonical,redirect_configured,location-service-matrix,palakkad,hard-drive-degaussing-kochi,high,medium,P3,redirect_301,https://www.ewastekochi.com/services/hard-drive-degaussing-kochi/,https://www.ewastekochi.com/services/hard-drive-degaussing-kochi/,false,false,true,Indexed legacy URL has a relevant one-hop 301 target in vercel.json; do not rebuild as a thin page.,low,classification_source=v2-redirect;confirmed_indexed_2026-07-10
https://www.ewastekochi.com/locations/palakkad/secure-laptop-disposal,/locations/palakkad/secure-laptop-disposal,www.ewastekochi.com,/locations/palakkad/secure-laptop-disposal,0,1,2026-04-21,alt_canonical,missing_not_built,location-service-matrix,palakkad,secure-laptop-disposal,high,medium,P3,leave_404,,,false,false,false,Indexed legacy/generated URL has no meaningful traffic signal; do not recreate old pSEO risk.,low,classification_source=rule;confirmed_indexed_2026-07-10
https://www.ewastekochi.com/locations/vyttila/printer-recycling-kochi,/locations/vyttila/printer-recycling-kochi,www.ewastekochi.com,/locations/vyttila/printer-recycling-kochi,1,2,2026-04-20,alt_canonical,redirect_configured,location-service-matrix,vyttila,printer-recycling-kochi,high,medium,P1,redirect_301,https://www.ewastekochi.com/recycling/,https://www.ewastekochi.com/recycling/,false,false,true,Indexed legacy URL has a relevant one-hop 301 target in vercel.json; do not rebuild as a thin page.,high,classification_source=v2-redirect;confirmed_indexed_2026-07-10
https://www.ewastekochi.com/locations/kozhikode/secure-computer-recycling,/locations/kozhikode/secure-computer-recycling,www.ewastekochi.com,/locations/kozhikode/secure-computer-recycling,0,9,2026-04-20,alt_canonical,missing_not_built,location-service-matrix,kozhikode,secure-computer-recycling,high,medium,P3,leave_404,,,false,false,false,Indexed legacy/generated URL has no meaningful traffic signal; do not recreate old pSEO risk.,low,classification_source=rule;confirmed_indexed_2026-07-10
https://www.ewastekochi.com/locations/palakkad/hard-drive-destruction-kochi,/locations/palakkad/hard-drive-destruction-kochi,www.ewastekochi.com,/locations/palakkad/hard-drive-destruction-kochi,0,6,2026-04-20,alt_canonical,redirect_configured,location-service-matrix,palakkad,hard-drive-destruction-kochi,high,medium,P3,redirect_301,https://www.ewastekochi.com/data-destruction/,https://www.ewastekochi.com/data-destruction/,false,false,true,Indexed legacy URL has a relevant one-hop 301 target in vercel.json; do not rebuild as a thin page.,low,classification_source=v2-redirect;confirmed_indexed_2026-07-10
https://www.ewastekochi.com/locations/aluva/printer-recycling-kochi,/locations/aluva/printer-recycling-kochi,www.ewastekochi.com,/locations/aluva/printer-recycling-kochi,0,1,2026-04-20,alt_canonical,missing_not_built,location-service-matrix,aluva,printer-recycling-kochi,high,medium,P3,leave_404,,,false,false,false,Indexed legacy/generated URL has no meaningful traffic signal; do not recreate old pSEO risk.,low,classification_source=rule;confirmed_indexed_2026-07-10
https://www.ewastekochi.com/locations/kozhikode/laptop-recycling-near-me,/locations/kozhikode/laptop-recycling-near-me,www.ewastekochi.com,/locations/kozhikode/laptop-recycling-near-me,0,3,2026-04-20,alt_canonical,redirect_configured,location-service-matrix,kozhikode,laptop-recycling-near-me,high,medium,P3,redirect_301,https://www.ewastekochi.com/services/electronics-recycling-near-me/,https://www.ewastekochi.com/services/electronics-recycling-near-me/,false,false,true,Indexed legacy URL has a relevant one-hop 301 target in vercel.json; do not rebuild as a thin page.,low,classification_source=v2-redirect;confirmed_indexed_2026-07-10
https://www.ewastekochi.com/locations/kalamassery/itad-kochi,/locations/kalamassery/itad-kochi,www.ewastekochi.com,/locations/kalamassery/itad-kochi,0,0,2026-04-20,alt_canonical,missing_not_built,location-service-matrix,kalamassery,itad-kochi,high,medium,P3,leave_404,,,false,false,false,Indexed legacy/generated URL has no meaningful traffic signal; do not recreate old pSEO risk.,low,classification_source=rule;confirmed_indexed_2026-07-10
https://www.ewastekochi.com/locations/kozhikode/hard-drive-degaussing-kochi,/locations/kozhikode/hard-drive-degaussing-kochi,www.ewastekochi.com,/locations/kozhikode/hard-drive-degaussing-kochi,0,1,2026-04-20,alt_canonical,redirect_configured,location-service-matrix,kozhikode,hard-drive-degaussing-kochi,high,medium,P3,redirect_301,https://www.ewastekochi.com/services/hard-drive-degaussing-kochi/,https://www.ewastekochi.com/services/hard-drive-degaussing-kochi/,false,false,true,Indexed legacy URL has a relevant one-hop 301 target in vercel.json; do not rebuild as a thin page.,low,classification_source=v2-redirect;confirmed_indexed_2026-07-10
https://www.ewastekochi.com/locations/muvattupuzha/server-recycling-kochi,/locations/muvattupuzha/server-recycling-kochi,www.ewastekochi.com,/locations/muvattupuzha/server-recycling-kochi,0,3,2026-04-20,alt_canonical,redirect_configured,location-service-matrix,muvattupuzha,server-recycling-kochi,high,medium,P3,redirect_301,https://www.ewastekochi.com/server-recycling-kochi/,https://www.ewastekochi.com/server-recycling-kochi/,false,false,true,Indexed legacy URL has a relevant one-hop 301 target in vercel.json; do not rebuild as a thin page.,low,classification_source=v2-redirect;confirmed_indexed_2026-07-10
https://www.ewastekochi.com/locations/kozhikode/secure-laptop-disposal,/locations/kozhikode/secure-laptop-disposal,www.ewastekochi.com,/locations/kozhikode/secure-laptop-disposal,0,1,2026-04-20,alt_canonical,missing_not_built,location-service-matrix,kozhikode,secure-laptop-disposal,high,medium,P3,leave_404,,,false,false,false,Indexed legacy/generated URL has no meaningful traffic signal; do not recreate old pSEO risk.,low,classification_source=rule;confirmed_indexed_2026-07-10
https://www.ewastekochi.com/locations/maradu/dpdp-act-compliance-kochi,/locations/maradu/dpdp-act-compliance-kochi,www.ewastekochi.com,/locations/maradu/dpdp-act-compliance-kochi,0,0,2026-04-19,alt_canonical,missing_not_built,location-service-matrix,maradu,dpdp-act-compliance-kochi,high,medium,P3,leave_404,,,false,false,false,Indexed legacy/generated URL has no meaningful traffic signal; do not recreate old pSEO risk.,low,classification_source=rule;confirmed_indexed_2026-07-10
https://www.ewastekochi.com/locations/smart-city-kochi/corporate-ewaste-kochi,/locations/smart-city-kochi/corporate-ewaste-kochi,www.ewastekochi.com,/locations/smart-city-kochi/corporate-ewaste-kochi,0,2,2026-04-19,alt_canonical,missing_not_built,location-service-matrix,smart-city-kochi,corporate-ewaste-kochi,high,medium,P3,leave_404,,,false,false,false,Indexed legacy/generated URL has no meaningful traffic signal; do not recreate old pSEO risk.,low,classification_source=rule;confirmed_indexed_2026-07-10
https://www.ewastekochi.com/locations/muvattupuzha/battery-recycling-kochi,/locations/muvattupuzha/battery-recycling-kochi,www.ewastekochi.com,/locations/muvattupuzha/battery-recycling-kochi,0,2,2026-04-19,alt_canonical,redirect_configured,location-service-matrix,muvattupuzha,battery-recycling-kochi,high,medium,P3,redirect_301,https://www.ewastekochi.com/battery-recycling/,https://www.ewastekochi.com/battery-recycling/,false,false,true,Indexed legacy URL has a relevant one-hop 301 target in vercel.json; do not rebuild as a thin page.,low,classification_source=v2-redirect;confirmed_indexed_2026-07-10
https://www.ewastekochi.com/locations/thrissur/dpdp-act-compliance-kochi,/locations/thrissur/dpdp-act-compliance-kochi,www.ewastekochi.com,/locations/thrissur/dpdp-act-compliance-kochi,0,0,2026-04-19,alt_canonical,missing_not_built,location-service-matrix,thrissur,dpdp-act-compliance-kochi,high,medium,P3,leave_404,,,false,false,false,Indexed legacy/generated URL has no meaningful traffic signal; do not recreate old pSEO risk.,low,classification_source=rule;confirmed_indexed_2026-07-10
https://www.ewastekochi.com/locations/willingdon-island/tv-monitor-recycling-kochi,/locations/willingdon-island/tv-monitor-recycling-kochi,www.ewastekochi.com,/locations/willingdon-island/tv-monitor-recycling-kochi,1,2,2026-04-19,alt_canonical,redirect_configured,location-service-matrix,willingdon-island,tv-monitor-recycling-kochi,high,medium,P1,redirect_301,https://www.ewastekochi.com/tv-recycling-kochi/,https://www.ewastekochi.com/tv-recycling-kochi/,false,false,true,Indexed legacy URL has a relevant one-hop 301 target in vercel.json; do not rebuild as a thin page.,high,classification_source=v2-redirect;confirmed_indexed_2026-07-10
https://www.ewastekochi.com/locations/kannur/server-recycling-kochi,/locations/kannur/server-recycling-kochi,www.ewastekochi.com,/locations/kannur/server-recycling-kochi,0,0,2026-04-19,alt_canonical,missing_not_built,location-service-matrix,kannur,server-recycling-kochi,high,medium,P3,leave_404,,,false,false,false,Indexed legacy/generated URL has no meaningful traffic signal; do not recreate old pSEO risk.,low,classification_source=rule;confirmed_indexed_2026-07-10
https://www.ewastekochi.com/locations/muvattupuzha/itad-kochi,/locations/muvattupuzha/itad-kochi,www.ewastekochi.com,/locations/muvattupuzha/itad-kochi,0,0,2026-04-19,alt_canonical,missing_not_built,location-service-matrix,muvattupuzha,itad-kochi,high,medium,P3,leave_404,,,false,false,false,Indexed legacy/generated URL has no meaningful traffic signal; do not recreate old pSEO risk.,low,classification_source=rule;confirmed_indexed_2026-07-10
https://www.ewastekochi.com/locations/malappuram/air-conditioner-recycling-kochi,/locations/malappuram/air-conditioner-recycling-kochi,www.ewastekochi.com,/locations/malappuram/air-conditioner-recycling-kochi,0,1,2026-04-19,alt_canonical,missing_not_built,location-service-matrix,malappuram,air-conditioner-recycling-kochi,high,medium,P3,leave_404,,,false,false,false,Indexed legacy/generated URL has no meaningful traffic signal; do not recreate old pSEO risk.,low,classification_source=rule;confirmed_indexed_2026-07-10
https://www.ewastekochi.com/locations/muvattupuzha/data-destruction-kochi,/locations/muvattupuzha/data-destruction-kochi,www.ewastekochi.com,/locations/muvattupuzha/data-destruction-kochi,0,1,2026-04-19,alt_canonical,redirect_configured,location-service-matrix,muvattupuzha,data-destruction-kochi,high,medium,P3,redirect_301,https://www.ewastekochi.com/data-destruction/,https://www.ewastekochi.com/data-destruction/,false,false,true,Indexed legacy URL has a relevant one-hop 301 target in vercel.json; do not rebuild as a thin page.,low,classification_source=v2-redirect;confirmed_indexed_2026-07-10
https://www.ewastekochi.com/locations/palakkad/secure-computer-recycling,/locations/palakkad/secure-computer-recycling,www.ewastekochi.com,/locations/palakkad/secure-computer-recycling,0,8,2026-04-19,alt_canonical,missing_not_built,location-service-matrix,palakkad,secure-computer-recycling,high,medium,P3,leave_404,,,false,false,false,Indexed legacy/generated URL has no meaningful traffic signal; do not recreate old pSEO risk.,low,classification_source=rule;confirmed_indexed_2026-07-10
https://www.ewastekochi.com/locations/kalady/certificate-of-destruction-kochi,/locations/kalady/certificate-of-destruction-kochi,www.ewastekochi.com,/locations/kalady/certificate-of-destruction-kochi,0,0,2026-04-19,alt_canonical,missing_not_built,location-service-matrix,kalady,certificate-of-destruction-kochi,high,high,P3,leave_404,,,false,false,false,Indexed legacy/generated URL has no meaningful traffic signal; do not recreate old pSEO risk.,low,classification_source=rule;confirmed_indexed_2026-07-10
https://www.ewastekochi.com/locations/palakkad/it-asset-inventory-audit,/locations/palakkad/it-asset-inventory-audit,www.ewastekochi.com,/locations/palakkad/it-asset-inventory-audit,0,0,2026-04-19,alt_canonical,missing_not_built,location-service-matrix,palakkad,it-asset-inventory-audit,high,medium,P3,leave_404,,,false,false,false,Indexed legacy/generated URL has no meaningful traffic signal; do not recreate old pSEO risk.,low,classification_source=rule;confirmed_indexed_2026-07-10
https://www.ewastekochi.com/locations/kadavanthra/certificate-of-destruction-kochi,/locations/kadavanthra/certificate-of-destruction-kochi,www.ewastekochi.com,/locations/kadavanthra/certificate-of-destruction-kochi,0,0,2026-04-19,alt_canonical,missing_not_built,location-service-matrix,kadavanthra,certificate-of-destruction-kochi,high,high,P3,leave_404,,,false,false,false,Indexed legacy/generated URL has no meaningful traffic signal; do not recreate old pSEO risk.,low,classification_source=rule;confirmed_indexed_2026-07-10
https://www.ewastekochi.com/locations/palakkad/laptop-recycling-near-me,/locations/palakkad/laptop-recycling-near-me,www.ewastekochi.com,/locations/palakkad/laptop-recycling-near-me,0,1,2026-04-19,alt_canonical,redirect_configured,location-service-matrix,palakkad,laptop-recycling-near-me,high,medium,P3,redirect_301,https://www.ewastekochi.com/services/electronics-recycling-near-me/,https://www.ewastekochi.com/services/electronics-recycling-near-me/,false,false,true,Indexed legacy URL has a relevant one-hop 301 target in vercel.json; do not rebuild as a thin page.,low,classification_source=v2-redirect;confirmed_indexed_2026-07-10
https://www.ewastekochi.com/locations/palarivattom/mobile-recycling-kochi,/locations/palarivattom/mobile-recycling-kochi,www.ewastekochi.com,/locations/palarivattom/mobile-recycling-kochi,0,1,2026-04-19,alt_canonical,missing_not_built,location-service-matrix,palarivattom,mobile-recycling-kochi,high,medium,P3,leave_404,,,false,false,false,Indexed legacy/generated URL has no meaningful traffic signal; do not recreate old pSEO risk.,low,classification_source=rule;confirmed_indexed_2026-07-10
https://www.ewastekochi.com/locations/palakkad/air-conditioner-recycling-kochi,/locations/palakkad/air-conditioner-recycling-kochi,www.ewastekochi.com,/locations/palakkad/air-conditioner-recycling-kochi,0,1,2026-04-19,alt_canonical,missing_not_built,location-service-matrix,palakkad,air-conditioner-recycling-kochi,high,medium,P3,leave_404,,,false,false,false,Indexed legacy/generated URL has no meaningful traffic signal; do not recreate old pSEO risk.,low,classification_source=rule;confirmed_indexed_2026-07-10
https://www.ewastekochi.com/locations/palakkad/corporate-ewaste-kochi,/locations/palakkad/corporate-ewaste-kochi,www.ewastekochi.com,/locations/palakkad/corporate-ewaste-kochi,0,1,2026-04-19,alt_canonical,missing_not_built,location-service-matrix,palakkad,corporate-ewaste-kochi,high,medium,P3,leave_404,,,false,false,false,Indexed legacy/generated URL has no meaningful traffic signal; do not recreate old pSEO risk.,low,classification_source=rule;confirmed_indexed_2026-07-10
https://www.ewastekochi.com/locations/palakkad/tv-monitor-recycling-kochi,/locations/palakkad/tv-monitor-recycling-kochi,www.ewastekochi.com,/locations/palakkad/tv-monitor-recycling-kochi,0,1,2026-04-19,alt_canonical,redirect_configured,location-service-matrix,palakkad,tv-monitor-recycling-kochi,high,medium,P3,redirect_301,https://www.ewastekochi.com/tv-recycling-kochi/,https://www.ewastekochi.com/tv-recycling-kochi/,false,false,true,Indexed legacy URL has a relevant one-hop 301 target in vercel.json; do not rebuild as a thin page.,low,classification_source=v2-redirect;confirmed_indexed_2026-07-10
https://www.ewastekochi.com/locations/palakkad/free-ewaste-pickup-kochi,/locations/palakkad/free-ewaste-pickup-kochi,www.ewastekochi.com,/locations/palakkad/free-ewaste-pickup-kochi,0,3,2026-04-19,alt_canonical,redirect_configured,location-service-matrix,palakkad,free-ewaste-pickup-kochi,high,medium,P3,redirect_301,https://www.ewastekochi.com/pickup/,https://www.ewastekochi.com/pickup/,false,false,true,Indexed legacy URL has a relevant one-hop 301 target in vercel.json; do not rebuild as a thin page.,low,classification_source=v2-redirect;confirmed_indexed_2026-07-10
https://www.ewastekochi.com/locations/aluva/hard-drive-shredding-kochi,/locations/aluva/hard-drive-shredding-kochi,www.ewastekochi.com,/locations/aluva/hard-drive-shredding-kochi,0,0,2026-04-19,alt_canonical,missing_not_built,location-service-matrix,aluva,hard-drive-shredding-kochi,high,medium,P3,leave_404,,,false,false,false,Indexed legacy/generated URL has no meaningful traffic signal; do not recreate old pSEO risk.,low,classification_source=rule;confirmed_indexed_2026-07-10
https://www.ewastekochi.com/locations/fort-kochi/laptop-buyback-kochi,/locations/fort-kochi/laptop-buyback-kochi,www.ewastekochi.com,/locations/fort-kochi/laptop-buyback-kochi,0,0,2026-04-19,alt_canonical,missing_not_built,location-service-matrix,fort-kochi,laptop-buyback-kochi,high,medium,P3,leave_404,,,false,false,false,Indexed legacy/generated URL has no meaningful traffic signal; do not recreate old pSEO risk.,low,classification_source=rule;confirmed_indexed_2026-07-10
https://www.ewastekochi.com/locations/thrikkakara/network-equipment-disposal-kochi,/locations/thrikkakara/network-equipment-disposal-kochi,www.ewastekochi.com,/locations/thrikkakara/network-equipment-disposal-kochi,0,0,2026-04-19,alt_canonical,missing_not_built,location-service-matrix,thrikkakara,network-equipment-disposal-kochi,high,medium,P3,leave_404,,,false,false,false,Indexed legacy/generated URL has no meaningful traffic signal; do not recreate old pSEO risk.,low,classification_source=rule;confirmed_indexed_2026-07-10
https://www.ewastekochi.com/locations/kottayam/laptop-buyback-kochi,/locations/kottayam/laptop-buyback-kochi,www.ewastekochi.com,/locations/kottayam/laptop-buyback-kochi,0,2,2026-04-19,alt_canonical,redirect_configured,location-service-matrix,kottayam,laptop-buyback-kochi,high,medium,P3,redirect_301,https://www.ewastekochi.com/sell-electronics/,https://www.ewastekochi.com/sell-electronics/,false,false,true,Indexed legacy URL has a relevant one-hop 301 target in vercel.json; do not rebuild as a thin page.,low,classification_source=v2-redirect;confirmed_indexed_2026-07-10
https://www.ewastekochi.com/locations/kalady/network-equipment-disposal-kochi,/locations/kalady/network-equipment-disposal-kochi,www.ewastekochi.com,/locations/kalady/network-equipment-disposal-kochi,0,0,2026-04-19,alt_canonical,missing_not_built,location-service-matrix,kalady,network-equipment-disposal-kochi,high,medium,P3,leave_404,,,false,false,false,Indexed legacy/generated URL has no meaningful traffic signal; do not recreate old pSEO risk.,low,classification_source=rule;confirmed_indexed_2026-07-10
https://www.ewastekochi.com/locations/thrippunithura/server-recycling-kochi,/locations/thrippunithura/server-recycling-kochi,www.ewastekochi.com,/locations/thrippunithura/server-recycling-kochi,0,2,2026-04-19,alt_canonical,redirect_configured,location-service-matrix,thrippunithura,server-recycling-kochi,high,medium,P3,redirect_301,https://www.ewastekochi.com/server-recycling-kochi/,https://www.ewastekochi.com/server-recycling-kochi/,false,false,true,Indexed legacy URL has a relevant one-hop 301 target in vercel.json; do not rebuild as a thin page.,low,classification_source=v2-redirect;confirmed_indexed_2026-07-10
https://www.ewastekochi.com/locations/fort-kochi/certificate-of-destruction-kochi,/locations/fort-kochi/certificate-of-destruction-kochi,www.ewastekochi.com,/locations/fort-kochi/certificate-of-destruction-kochi,0,0,2026-04-19,alt_canonical,missing_not_built,location-service-matrix,fort-kochi,certificate-of-destruction-kochi,high,high,P3,leave_404,,,false,false,false,Indexed legacy/generated URL has no meaningful traffic signal; do not recreate old pSEO risk.,low,classification_source=rule;confirmed_indexed_2026-07-10
https://www.ewastekochi.com/locations/palarivattom/tv-monitor-recycling-kochi,/locations/palarivattom/tv-monitor-recycling-kochi,www.ewastekochi.com,/locations/palarivattom/tv-monitor-recycling-kochi,0,0,2026-04-19,alt_canonical,missing_not_built,location-service-matrix,palarivattom,tv-monitor-recycling-kochi,high,medium,P3,leave_404,,,false,false,false,Indexed legacy/generated URL has no meaningful traffic signal; do not recreate old pSEO risk.,low,classification_source=rule;confirmed_indexed_2026-07-10
https://www.ewastekochi.com/locations/palakkad/server-recycling-kochi,/locations/palakkad/server-recycling-kochi,www.ewastekochi.com,/locations/palakkad/server-recycling-kochi,0,0,2026-04-19,alt_canonical,missing_not_built,location-service-matrix,palakkad,server-recycling-kochi,high,medium,P3,leave_404,,,false,false,false,Indexed legacy/generated URL has no meaningful traffic signal; do not recreate old pSEO risk.,low,classification_source=rule;confirmed_indexed_2026-07-10
https://www.ewastekochi.com/locations/kothamangalam/printer-recycling-kochi,/locations/kothamangalam/printer-recycling-kochi,www.ewastekochi.com,/locations/kothamangalam/printer-recycling-kochi,0,0,2026-04-19,alt_canonical,missing_not_built,location-service-matrix,kothamangalam,printer-recycling-kochi,high,medium,P3,leave_404,,,false,false,false,Indexed legacy/generated URL has no meaningful traffic signal; do not recreate old pSEO risk.,low,classification_source=rule;confirmed_indexed_2026-07-10
https://www.ewastekochi.com/locations/vyttila/laptop-buyback-kochi,/locations/vyttila/laptop-buyback-kochi,www.ewastekochi.com,/locations/vyttila/laptop-buyback-kochi,0,2,2026-04-19,alt_canonical,redirect_configured,location-service-matrix,vyttila,laptop-buyback-kochi,high,medium,P3,redirect_301,https://www.ewastekochi.com/sell-electronics/,https://www.ewastekochi.com/sell-electronics/,false,false,true,Indexed legacy URL has a relevant one-hop 301 target in vercel.json; do not rebuild as a thin page.,low,classification_source=v2-redirect;confirmed_indexed_2026-07-10
https://www.ewastekochi.com/locations/kalamassery/printer-recycling-kochi,/locations/kalamassery/printer-recycling-kochi,www.ewastekochi.com,/locations/kalamassery/printer-recycling-kochi,0,0,2026-04-19,alt_canonical,missing_not_built,location-service-matrix,kalamassery,printer-recycling-kochi,high,medium,P3,leave_404,,,false,false,false,Indexed legacy/generated URL has no meaningful traffic signal; do not recreate old pSEO risk.,low,classification_source=rule;confirmed_indexed_2026-07-10
https://www.ewastekochi.com/locations/willingdon-island/network-equipment-disposal-kochi,/locations/willingdon-island/network-equipment-disposal-kochi,www.ewastekochi.com,/locations/willingdon-island/network-equipment-disposal-kochi,0,0,2026-04-19,alt_canonical,missing_not_built,location-service-matrix,willingdon-island,network-equipment-disposal-kochi,high,medium,P3,leave_404,,,false,false,false,Indexed legacy/generated URL has no meaningful traffic signal; do not recreate old pSEO risk.,low,classification_source=rule;confirmed_indexed_2026-07-10
https://www.ewastekochi.com/locations/kalamassery/mobile-recycling-kochi,/locations/kalamassery/mobile-recycling-kochi,www.ewastekochi.com,/locations/kalamassery/mobile-recycling-kochi,0,1,2026-04-19,alt_canonical,redirect_configured,location-service-matrix,kalamassery,mobile-recycling-kochi,high,medium,P3,redirect_301,https://www.ewastekochi.com/locations/kalamassery/,https://www.ewastekochi.com/locations/kalamassery/,false,false,true,Indexed legacy URL has a relevant one-hop 301 target in vercel.json; do not rebuild as a thin page.,low,classification_source=v2-redirect;confirmed_indexed_2026-07-10
https://www.ewastekochi.com/locations/angamaly/certificate-of-destruction-kochi,/locations/angamaly/certificate-of-destruction-kochi,www.ewastekochi.com,/locations/angamaly/certificate-of-destruction-kochi,0,0,2026-04-19,alt_canonical,missing_not_built,location-service-matrix,angamaly,certificate-of-destruction-kochi,high,high,P3,leave_404,,,false,false,false,Indexed legacy/generated URL has no meaningful traffic signal; do not recreate old pSEO risk.,low,classification_source=rule;confirmed_indexed_2026-07-10
https://www.ewastekochi.com/locations/angamaly/mobile-recycling-kochi,/locations/angamaly/mobile-recycling-kochi,www.ewastekochi.com,/locations/angamaly/mobile-recycling-kochi,0,2,2026-04-19,alt_canonical,missing_not_built,location-service-matrix,angamaly,mobile-recycling-kochi,high,medium,P3,leave_404,,,false,false,false,Indexed legacy/generated URL has no meaningful traffic signal; do not recreate old pSEO risk.,low,classification_source=rule;confirmed_indexed_2026-07-10
https://www.ewastekochi.com/locations/fort-kochi/printer-recycling-kochi,/locations/fort-kochi/printer-recycling-kochi,www.ewastekochi.com,/locations/fort-kochi/printer-recycling-kochi,0,2,2026-04-19,alt_canonical,missing_not_built,location-service-matrix,fort-kochi,printer-recycling-kochi,high,medium,P3,leave_404,,,false,false,false,Indexed legacy/generated URL has no meaningful traffic signal; do not recreate old pSEO risk.,low,classification_source=rule;confirmed_indexed_2026-07-10
https://www.ewastekochi.com/locations/thiruvananthapuram/certificate-of-destruction-kochi,/locations/thiruvananthapuram/certificate-of-destruction-kochi,www.ewastekochi.com,/locations/thiruvananthapuram/certificate-of-destruction-kochi,0,3,2026-04-19,alt_canonical,redirect_configured,location-service-matrix,thiruvananthapuram,certificate-of-destruction-kochi,high,high,P3,redirect_301,https://www.ewastekochi.com/data-destruction-certificate-sample/,https://www.ewastekochi.com/data-destruction-certificate-sample/,false,false,true,Indexed legacy URL has a relevant one-hop 301 target in vercel.json; do not rebuild as a thin page.,low,classification_source=v2-redirect;confirmed_indexed_2026-07-10
https://www.ewastekochi.com/locations/kannur/printer-recycling-kochi,/locations/kannur/printer-recycling-kochi,www.ewastekochi.com,/locations/kannur/printer-recycling-kochi,0,2,2026-04-19,alt_canonical,missing_not_built,location-service-matrix,kannur,printer-recycling-kochi,high,medium,P3,leave_404,,,false,false,false,Indexed legacy/generated URL has no meaningful traffic signal; do not recreate old pSEO risk.,low,classification_source=rule;confirmed_indexed_2026-07-10
https://www.ewastekochi.com/locations/kollam/dpdp-act-compliance-kochi,/locations/kollam/dpdp-act-compliance-kochi,www.ewastekochi.com,/locations/kollam/dpdp-act-compliance-kochi,0,0,2026-04-19,alt_canonical,missing_not_built,location-service-matrix,kollam,dpdp-act-compliance-kochi,high,medium,P3,leave_404,,,false,false,false,Indexed legacy/generated URL has no meaningful traffic signal; do not recreate old pSEO risk.,low,classification_source=rule;confirmed_indexed_2026-07-10
https://www.ewastekochi.com/locations/thrissur/hard-drive-shredding-kochi,/locations/thrissur/hard-drive-shredding-kochi,www.ewastekochi.com,/locations/thrissur/hard-drive-shredding-kochi,0,1,2026-04-19,alt_canonical,redirect_configured,location-service-matrix,thrissur,hard-drive-shredding-kochi,high,medium,P3,redirect_301,https://www.ewastekochi.com/hard-drive-shredding/,https://www.ewastekochi.com/hard-drive-shredding/,false,false,true,Indexed legacy URL has a relevant one-hop 301 target in vercel.json; do not rebuild as a thin page.,low,classification_source=v2-redirect;confirmed_indexed_2026-07-10
https://www.ewastekochi.com/locations/vyttila/itad-kochi,/locations/vyttila/itad-kochi,www.ewastekochi.com,/locations/vyttila/itad-kochi,0,0,2026-04-19,alt_canonical,missing_not_built,location-service-matrix,vyttila,itad-kochi,high,medium,P3,leave_404,,,false,false,false,Indexed legacy/generated URL has no meaningful traffic signal; do not recreate old pSEO risk.,low,classification_source=rule;confirmed_indexed_2026-07-10
https://www.ewastekochi.com/locations/kakkanad/printer-recycling-kochi,/locations/kakkanad/printer-recycling-kochi,www.ewastekochi.com,/locations/kakkanad/printer-recycling-kochi,0,1,2026-04-19,alt_canonical,redirect_configured,location-service-matrix,kakkanad,printer-recycling-kochi,high,medium,P3,redirect_301,https://www.ewastekochi.com/locations/kakkanad/,https://www.ewastekochi.com/locations/kakkanad/,false,false,true,Indexed legacy URL has a relevant one-hop 301 target in vercel.json; do not rebuild as a thin page.,low,classification_source=v2-redirect;confirmed_indexed_2026-07-10
https://www.ewastekochi.com/locations/kannur/hard-drive-shredding-kochi,/locations/kannur/hard-drive-shredding-kochi,www.ewastekochi.com,/locations/kannur/hard-drive-shredding-kochi,0,1,2026-04-19,alt_canonical,redirect_configured,location-service-matrix,kannur,hard-drive-shredding-kochi,high,medium,P3,redirect_301,https://www.ewastekochi.com/hard-drive-shredding/,https://www.ewastekochi.com/hard-drive-shredding/,false,false,true,Indexed legacy URL has a relevant one-hop 301 target in vercel.json; do not rebuild as a thin page.,low,classification_source=v2-redirect;confirmed_indexed_2026-07-10
https://www.ewastekochi.com/locations/kalamassery/air-conditioner-recycling-kochi,/locations/kalamassery/air-conditioner-recycling-kochi,www.ewastekochi.com,/locations/kalamassery/air-conditioner-recycling-kochi,0,0,2026-04-19,alt_canonical,missing_not_built,location-service-matrix,kalamassery,air-conditioner-recycling-kochi,high,medium,P3,leave_404,,,false,false,false,Indexed legacy/generated URL has no meaningful traffic signal; do not recreate old pSEO risk.,low,classification_source=rule;confirmed_indexed_2026-07-10
https://www.ewastekochi.com/locations/infopark-kochi/e-waste-recycling-kochi,/locations/infopark-kochi/e-waste-recycling-kochi,www.ewastekochi.com,/locations/infopark-kochi/e-waste-recycling-kochi,0,10,2026-04-19,alt_canonical,redirect_configured,location-service-matrix,infopark-kochi,e-waste-recycling-kochi,high,medium,P3,redirect_301,https://www.ewastekochi.com/recycling/,https://www.ewastekochi.com/recycling/,false,false,true,Indexed legacy URL has a relevant one-hop 301 target in vercel.json; do not rebuild as a thin page.,low,classification_source=v2-redirect;confirmed_indexed_2026-07-10
https://www.ewastekochi.com/locations/kakkanad/network-equipment-disposal-kochi,/locations/kakkanad/network-equipment-disposal-kochi,www.ewastekochi.com,/locations/kakkanad/network-equipment-disposal-kochi,0,4,2026-04-19,alt_canonical,redirect_configured,location-service-matrix,kakkanad,network-equipment-disposal-kochi,high,medium,P3,redirect_301,https://www.ewastekochi.com/locations/kakkanad/,https://www.ewastekochi.com/locations/kakkanad/,false,false,true,Indexed legacy URL has a relevant one-hop 301 target in vercel.json; do not rebuild as a thin page.,low,classification_source=v2-redirect;confirmed_indexed_2026-07-10
https://www.ewastekochi.com/locations/willingdon-island/itad-kochi,/locations/willingdon-island/itad-kochi,www.ewastekochi.com,/locations/willingdon-island/itad-kochi,0,0,2026-04-19,alt_canonical,missing_not_built,location-service-matrix,willingdon-island,itad-kochi,high,medium,P3,leave_404,,,false,false,false,Indexed legacy/generated URL has no meaningful traffic signal; do not recreate old pSEO risk.,low,classification_source=rule;confirmed_indexed_2026-07-10
https://www.ewastekochi.com/locations/maradu/network-equipment-disposal-kochi,/locations/maradu/network-equipment-disposal-kochi,www.ewastekochi.com,/locations/maradu/network-equipment-disposal-kochi,0,2,2026-04-19,alt_canonical,missing_not_built,location-service-matrix,maradu,network-equipment-disposal-kochi,high,medium,P3,leave_404,,,false,false,false,Indexed legacy/generated URL has no meaningful traffic signal; do not recreate old pSEO risk.,low,classification_source=rule;confirmed_indexed_2026-07-10
https://www.ewastekochi.com/locations/thrippunithura/certificate-of-destruction-kochi,/locations/thrippunithura/certificate-of-destruction-kochi,www.ewastekochi.com,/locations/thrippunithura/certificate-of-destruction-kochi,0,0,2026-04-19,alt_canonical,missing_not_built,location-service-matrix,thrippunithura,certificate-of-destruction-kochi,high,high,P3,leave_404,,,false,false,false,Indexed legacy/generated URL has no meaningful traffic signal; do not recreate old pSEO risk.,low,classification_source=rule;confirmed_indexed_2026-07-10
https://www.ewastekochi.com/locations/maradu/certificate-of-destruction-kochi,/locations/maradu/certificate-of-destruction-kochi,www.ewastekochi.com,/locations/maradu/certificate-of-destruction-kochi,0,0,2026-04-19,alt_canonical,missing_not_built,location-service-matrix,maradu,certificate-of-destruction-kochi,high,high,P3,leave_404,,,false,false,false,Indexed legacy/generated URL has no meaningful traffic signal; do not recreate old pSEO risk.,low,classification_source=rule;confirmed_indexed_2026-07-10
https://www.ewastekochi.com/locations/kothamangalam/dpdp-act-compliance-kochi,/locations/kothamangalam/dpdp-act-compliance-kochi,www.ewastekochi.com,/locations/kothamangalam/dpdp-act-compliance-kochi,0,0,2026-04-19,alt_canonical,missing_not_built,location-service-matrix,kothamangalam,dpdp-act-compliance-kochi,high,medium,P3,leave_404,,,false,false,false,Indexed legacy/generated URL has no meaningful traffic signal; do not recreate old pSEO risk.,low,classification_source=rule;confirmed_indexed_2026-07-10
https://www.ewastekochi.com/locations/fort-kochi/network-equipment-disposal-kochi,/locations/fort-kochi/network-equipment-disposal-kochi,www.ewastekochi.com,/locations/fort-kochi/network-equipment-disposal-kochi,0,0,2026-04-19,alt_canonical,missing_not_built,location-service-matrix,fort-kochi,network-equipment-disposal-kochi,high,medium,P3,leave_404,,,false,false,false,Indexed legacy/generated URL has no meaningful traffic signal; do not recreate old pSEO risk.,low,classification_source=rule;confirmed_indexed_2026-07-10
https://www.ewastekochi.com/locations/kannur/corporate-ewaste-kochi,/locations/kannur/corporate-ewaste-kochi,www.ewastekochi.com,/locations/kannur/corporate-ewaste-kochi,0,1,2026-04-19,alt_canonical,missing_not_built,location-service-matrix,kannur,corporate-ewaste-kochi,high,medium,P3,leave_404,,,false,false,false,Indexed legacy/generated URL has no meaningful traffic signal; do not recreate old pSEO risk.,low,classification_source=rule;confirmed_indexed_2026-07-10
https://www.ewastekochi.com/locations/kollam/ups-inverter-recycling-kochi,/locations/kollam/ups-inverter-recycling-kochi,www.ewastekochi.com,/locations/kollam/ups-inverter-recycling-kochi,0,0,2026-04-19,alt_canonical,missing_not_built,location-service-matrix,kollam,ups-inverter-recycling-kochi,high,medium,P3,leave_404,,,false,false,false,Indexed legacy/generated URL has no meaningful traffic signal; do not recreate old pSEO risk.,low,classification_source=rule;confirmed_indexed_2026-07-10
https://www.ewastekochi.com/locations/smart-city-kochi/server-recycling-kochi,/locations/smart-city-kochi/server-recycling-kochi,www.ewastekochi.com,/locations/smart-city-kochi/server-recycling-kochi,0,0,2026-04-19,alt_canonical,missing_not_built,location-service-matrix,smart-city-kochi,server-recycling-kochi,high,medium,P3,leave_404,,,false,false,false,Indexed legacy/generated URL has no meaningful traffic signal; do not recreate old pSEO risk.,low,classification_source=rule;confirmed_indexed_2026-07-10
https://www.ewastekochi.com/locations/palarivattom/itad-kochi,/locations/palarivattom/itad-kochi,www.ewastekochi.com,/locations/palarivattom/itad-kochi,0,1,2026-04-19,alt_canonical,redirect_configured,location-service-matrix,palarivattom,itad-kochi,high,medium,P3,redirect_301,https://www.ewastekochi.com/itad/,https://www.ewastekochi.com/itad/,false,false,true,Indexed legacy URL has a relevant one-hop 301 target in vercel.json; do not rebuild as a thin page.,low,classification_source=v2-redirect;confirmed_indexed_2026-07-10
https://www.ewastekochi.com/locations/kadavanthra/network-equipment-disposal-kochi,/locations/kadavanthra/network-equipment-disposal-kochi,www.ewastekochi.com,/locations/kadavanthra/network-equipment-disposal-kochi,0,0,2026-04-19,alt_canonical,missing_not_built,location-service-matrix,kadavanthra,network-equipment-disposal-kochi,high,medium,P3,leave_404,,,false,false,false,Indexed legacy/generated URL has no meaningful traffic signal; do not recreate old pSEO risk.,low,classification_source=rule;confirmed_indexed_2026-07-10
https://www.ewastekochi.com/locations/kalamassery-hitech-park/laptop-buyback-kochi,/locations/kalamassery-hitech-park/laptop-buyback-kochi,www.ewastekochi.com,/locations/kalamassery-hitech-park/laptop-buyback-kochi,0,0,2026-04-19,alt_canonical,missing_not_built,location-service-matrix,kalamassery-hitech-park,laptop-buyback-kochi,high,medium,P3,leave_404,,,false,false,false,Indexed legacy/generated URL has no meaningful traffic signal; do not recreate old pSEO risk.,low,classification_source=rule;confirmed_indexed_2026-07-10
https://www.ewastekochi.com/locations/kottayam/dpdp-act-compliance-kochi,/locations/kottayam/dpdp-act-compliance-kochi,www.ewastekochi.com,/locations/kottayam/dpdp-act-compliance-kochi,0,3,2026-04-19,alt_canonical,missing_not_built,location-service-matrix,kottayam,dpdp-act-compliance-kochi,high,medium,P3,leave_404,,,false,false,false,Indexed legacy/generated URL has no meaningful traffic signal; do not recreate old pSEO risk.,low,classification_source=rule;confirmed_indexed_2026-07-10
https://www.ewastekochi.com/locations/willingdon-island/ups-inverter-recycling-kochi,/locations/willingdon-island/ups-inverter-recycling-kochi,www.ewastekochi.com,/locations/willingdon-island/ups-inverter-recycling-kochi,0,2,2026-04-19,alt_canonical,redirect_configured,location-service-matrix,willingdon-island,ups-inverter-recycling-kochi,high,medium,P3,redirect_301,https://www.ewastekochi.com/battery-recycling/,https://www.ewastekochi.com/battery-recycling/,false,false,true,Indexed legacy URL has a relevant one-hop 301 target in vercel.json; do not rebuild as a thin page.,low,classification_source=v2-redirect;confirmed_indexed_2026-07-10
https://www.ewastekochi.com/locations/kottayam/hard-drive-shredding-kochi,/locations/kottayam/hard-drive-shredding-kochi,www.ewastekochi.com,/locations/kottayam/hard-drive-shredding-kochi,0,1,2026-04-19,alt_canonical,redirect_configured,location-service-matrix,kottayam,hard-drive-shredding-kochi,high,medium,P3,redirect_301,https://www.ewastekochi.com/hard-drive-shredding/,https://www.ewastekochi.com/hard-drive-shredding/,false,false,true,Indexed legacy URL has a relevant one-hop 301 target in vercel.json; do not rebuild as a thin page.,low,classification_source=v2-redirect;confirmed_indexed_2026-07-10
https://www.ewastekochi.com/locations/kozhikode/laptop-buyback-kochi,/locations/kozhikode/laptop-buyback-kochi,www.ewastekochi.com,/locations/kozhikode/laptop-buyback-kochi,0,2,2026-04-19,alt_canonical,redirect_configured,location-service-matrix,kozhikode,laptop-buyback-kochi,high,medium,P3,redirect_301,https://www.ewastekochi.com/sell-electronics/,https://www.ewastekochi.com/sell-electronics/,false,false,true,Indexed legacy URL has a relevant one-hop 301 target in vercel.json; do not rebuild as a thin page.,low,classification_source=v2-redirect;confirmed_indexed_2026-07-10
https://www.ewastekochi.com/locations/malappuram/data-destruction-kochi,/locations/malappuram/data-destruction-kochi,www.ewastekochi.com,/locations/malappuram/data-destruction-kochi,0,4,2026-04-19,alt_canonical,redirect_configured,location-service-matrix,malappuram,data-destruction-kochi,high,medium,P3,redirect_301,https://www.ewastekochi.com/data-destruction/,https://www.ewastekochi.com/data-destruction/,false,false,true,Indexed legacy URL has a relevant one-hop 301 target in vercel.json; do not rebuild as a thin page.,low,classification_source=v2-redirect;confirmed_indexed_2026-07-10
https://www.ewastekochi.com/locations/kollam/data-destruction-kochi,/locations/kollam/data-destruction-kochi,www.ewastekochi.com,/locations/kollam/data-destruction-kochi,0,0,2026-04-19,alt_canonical,missing_not_built,location-service-matrix,kollam,data-destruction-kochi,high,medium,P3,leave_404,,,false,false,false,Indexed legacy/generated URL has no meaningful traffic signal; do not recreate old pSEO risk.,low,classification_source=rule;confirmed_indexed_2026-07-10
https://www.ewastekochi.com/locations/ernakulam-south/network-equipment-disposal-kochi,/locations/ernakulam-south/network-equipment-disposal-kochi,www.ewastekochi.com,/locations/ernakulam-south/network-equipment-disposal-kochi,0,5,2026-04-19,alt_canonical,redirect_configured,location-service-matrix,ernakulam-south,network-equipment-disposal-kochi,high,medium,P3,redirect_301,https://www.ewastekochi.com/locations/ernakulam-south/,https://www.ewastekochi.com/locations/ernakulam-south/,false,false,true,Indexed legacy URL has a relevant one-hop 301 target in vercel.json; do not rebuild as a thin page.,low,classification_source=v2-redirect;confirmed_indexed_2026-07-10
https://www.ewastekochi.com/locations/vyttila/battery-recycling-kochi,/locations/vyttila/battery-recycling-kochi,www.ewastekochi.com,/locations/vyttila/battery-recycling-kochi,0,1,2026-04-19,alt_canonical,redirect_configured,location-service-matrix,vyttila,battery-recycling-kochi,high,medium,P3,redirect_301,https://www.ewastekochi.com/battery-recycling/,https://www.ewastekochi.com/battery-recycling/,false,false,true,Indexed legacy URL has a relevant one-hop 301 target in vercel.json; do not rebuild as a thin page.,low,classification_source=v2-redirect;confirmed_indexed_2026-07-10
https://www.ewastekochi.com/locations/perumbavoor/hard-drive-shredding-kochi,/locations/perumbavoor/hard-drive-shredding-kochi,www.ewastekochi.com,/locations/perumbavoor/hard-drive-shredding-kochi,0,0,2026-04-19,alt_canonical,missing_not_built,location-service-matrix,perumbavoor,hard-drive-shredding-kochi,high,medium,P3,leave_404,,,false,false,false,Indexed legacy/generated URL has no meaningful traffic signal; do not recreate old pSEO risk.,low,classification_source=rule;confirmed_indexed_2026-07-10
https://www.ewastekochi.com/locations/kannur/dpdp-act-compliance-kochi,/locations/kannur/dpdp-act-compliance-kochi,www.ewastekochi.com,/locations/kannur/dpdp-act-compliance-kochi,0,0,2026-04-19,alt_canonical,missing_not_built,location-service-matrix,kannur,dpdp-act-compliance-kochi,high,medium,P3,leave_404,,,false,false,false,Indexed legacy/generated URL has no meaningful traffic signal; do not recreate old pSEO risk.,low,classification_source=rule;confirmed_indexed_2026-07-10
https://www.ewastekochi.com/locations/thrikkakara/dpdp-act-compliance-kochi,/locations/thrikkakara/dpdp-act-compliance-kochi,www.ewastekochi.com,/locations/thrikkakara/dpdp-act-compliance-kochi,0,0,2026-04-19,alt_canonical,missing_not_built,location-service-matrix,thrikkakara,dpdp-act-compliance-kochi,high,medium,P3,leave_404,,,false,false,false,Indexed legacy/generated URL has no meaningful traffic signal; do not recreate old pSEO risk.,low,classification_source=rule;confirmed_indexed_2026-07-10
https://www.ewastekochi.com/locations/kalady/dpdp-act-compliance-kochi,/locations/kalady/dpdp-act-compliance-kochi,www.ewastekochi.com,/locations/kalady/dpdp-act-compliance-kochi,0,0,2026-04-19,alt_canonical,missing_not_built,location-service-matrix,kalady,dpdp-act-compliance-kochi,high,medium,P3,leave_404,,,false,false,false,Indexed legacy/generated URL has no meaningful traffic signal; do not recreate old pSEO risk.,low,classification_source=rule;confirmed_indexed_2026-07-10
https://www.ewastekochi.com/locations/kozhikode/network-equipment-disposal-kochi,/locations/kozhikode/network-equipment-disposal-kochi,www.ewastekochi.com,/locations/kozhikode/network-equipment-disposal-kochi,0,0,2026-04-19,alt_canonical,missing_not_built,location-service-matrix,kozhikode,network-equipment-disposal-kochi,high,medium,P3,leave_404,,,false,false,false,Indexed legacy/generated URL has no meaningful traffic signal; do not recreate old pSEO risk.,low,classification_source=rule;confirmed_indexed_2026-07-10
https://www.ewastekochi.com/locations/maradu/battery-recycling-kochi,/locations/maradu/battery-recycling-kochi,www.ewastekochi.com,/locations/maradu/battery-recycling-kochi,0,0,2026-04-19,alt_canonical,missing_not_built,location-service-matrix,maradu,battery-recycling-kochi,high,medium,P3,leave_404,,,false,false,false,Indexed legacy/generated URL has no meaningful traffic signal; do not recreate old pSEO risk.,low,classification_source=rule;confirmed_indexed_2026-07-10
https://www.ewastekochi.com/locations/perumbavoor/dpdp-act-compliance-kochi,/locations/perumbavoor/dpdp-act-compliance-kochi,www.ewastekochi.com,/locations/perumbavoor/dpdp-act-compliance-kochi,0,0,2026-04-19,alt_canonical,missing_not_built,location-service-matrix,perumbavoor,dpdp-act-compliance-kochi,high,medium,P3,leave_404,,,false,false,false,Indexed legacy/generated URL has no meaningful traffic signal; do not recreate old pSEO risk.,low,classification_source=rule;confirmed_indexed_2026-07-10
https://www.ewastekochi.com/locations/malappuram/itad-kochi,/locations/malappuram/itad-kochi,www.ewastekochi.com,/locations/malappuram/itad-kochi,0,2,2026-04-19,alt_canonical,redirect_configured,location-service-matrix,malappuram,itad-kochi,high,medium,P3,redirect_301,https://www.ewastekochi.com/itad/,https://www.ewastekochi.com/itad/,false,false,true,Indexed legacy URL has a relevant one-hop 301 target in vercel.json; do not rebuild as a thin page.,low,classification_source=v2-redirect;confirmed_indexed_2026-07-10
https://www.ewastekochi.com/locations/kakkanad/hard-drive-shredding-kochi,/locations/kakkanad/hard-drive-shredding-kochi,www.ewastekochi.com,/locations/kakkanad/hard-drive-shredding-kochi,0,7,2026-04-19,alt_canonical,redirect_configured,location-service-matrix,kakkanad,hard-drive-shredding-kochi,high,medium,P3,redirect_301,https://www.ewastekochi.com/locations/kakkanad/,https://www.ewastekochi.com/locations/kakkanad/,false,false,true,Indexed legacy URL has a relevant one-hop 301 target in vercel.json; do not rebuild as a thin page.,low,classification_source=v2-redirect;confirmed_indexed_2026-07-10
https://www.ewastekochi.com/locations/infopark-kochi/mobile-recycling-kochi,/locations/infopark-kochi/mobile-recycling-kochi,www.ewastekochi.com,/locations/infopark-kochi/mobile-recycling-kochi,0,1,2026-04-19,alt_canonical,missing_not_built,location-service-matrix,infopark-kochi,mobile-recycling-kochi,high,medium,P3,leave_404,,,false,false,false,Indexed legacy/generated URL has no meaningful traffic signal; do not recreate old pSEO risk.,low,classification_source=rule;confirmed_indexed_2026-07-10
https://www.ewastekochi.com/locations/perumbavoor/server-recycling-kochi,/locations/perumbavoor/server-recycling-kochi,www.ewastekochi.com,/locations/perumbavoor/server-recycling-kochi,0,1,2026-04-19,alt_canonical,redirect_configured,location-service-matrix,perumbavoor,server-recycling-kochi,high,medium,P3,redirect_301,https://www.ewastekochi.com/server-recycling-kochi/,https://www.ewastekochi.com/server-recycling-kochi/,false,false,true,Indexed legacy URL has a relevant one-hop 301 target in vercel.json; do not rebuild as a thin page.,low,classification_source=v2-redirect;confirmed_indexed_2026-07-10
https://www.ewastekochi.com/locations/muvattupuzha/dpdp-act-compliance-kochi,/locations/muvattupuzha/dpdp-act-compliance-kochi,www.ewastekochi.com,/locations/muvattupuzha/dpdp-act-compliance-kochi,0,2,2026-04-19,alt_canonical,missing_not_built,location-service-matrix,muvattupuzha,dpdp-act-compliance-kochi,high,medium,P3,leave_404,,,false,false,false,Indexed legacy/generated URL has no meaningful traffic signal; do not recreate old pSEO risk.,low,classification_source=rule;confirmed_indexed_2026-07-10
https://www.ewastekochi.com/locations/aluva/mobile-recycling-kochi,/locations/aluva/mobile-recycling-kochi,www.ewastekochi.com,/locations/aluva/mobile-recycling-kochi,0,2,2026-04-19,alt_canonical,missing_not_built,location-service-matrix,aluva,mobile-recycling-kochi,high,medium,P3,leave_404,,,false,false,false,Indexed legacy/generated URL has no meaningful traffic signal; do not recreate old pSEO risk.,low,classification_source=rule;confirmed_indexed_2026-07-10
https://www.ewastekochi.com/locations/kothamangalam/server-recycling-kochi,/locations/kothamangalam/server-recycling-kochi,www.ewastekochi.com,/locations/kothamangalam/server-recycling-kochi,0,1,2026-04-19,alt_canonical,redirect_configured,location-service-matrix,kothamangalam,server-recycling-kochi,high,medium,P3,redirect_301,https://www.ewastekochi.com/server-recycling-kochi/,https://www.ewastekochi.com/server-recycling-kochi/,false,false,true,Indexed legacy URL has a relevant one-hop 301 target in vercel.json; do not rebuild as a thin page.,low,classification_source=v2-redirect;confirmed_indexed_2026-07-10
https://www.ewastekochi.com/locations/perumbavoor/certificate-of-destruction-kochi,/locations/perumbavoor/certificate-of-destruction-kochi,www.ewastekochi.com,/locations/perumbavoor/certificate-of-destruction-kochi,0,0,2026-04-19,alt_canonical,missing_not_built,location-service-matrix,perumbavoor,certificate-of-destruction-kochi,high,high,P3,leave_404,,,false,false,false,Indexed legacy/generated URL has no meaningful traffic signal; do not recreate old pSEO risk.,low,classification_source=rule;confirmed_indexed_2026-07-10
https://www.ewastekochi.com/locations/thrikkakara/server-recycling-kochi,/locations/thrikkakara/server-recycling-kochi,www.ewastekochi.com,/locations/thrikkakara/server-recycling-kochi,0,1,2026-04-19,alt_canonical,redirect_configured,location-service-matrix,thrikkakara,server-recycling-kochi,high,medium,P3,redirect_301,https://www.ewastekochi.com/server-recycling-kochi/,https://www.ewastekochi.com/server-recycling-kochi/,false,false,true,Indexed legacy URL has a relevant one-hop 301 target in vercel.json; do not rebuild as a thin page.,low,classification_source=v2-redirect;confirmed_indexed_2026-07-10
https://www.ewastekochi.com/locations/smart-city-kochi/ups-inverter-recycling-kochi,/locations/smart-city-kochi/ups-inverter-recycling-kochi,www.ewastekochi.com,/locations/smart-city-kochi/ups-inverter-recycling-kochi,0,0,2026-04-19,alt_canonical,missing_not_built,location-service-matrix,smart-city-kochi,ups-inverter-recycling-kochi,high,medium,P3,leave_404,,,false,false,false,Indexed legacy/generated URL has no meaningful traffic signal; do not recreate old pSEO risk.,low,classification_source=rule;confirmed_indexed_2026-07-10
https://www.ewastekochi.com/locations/angamaly/data-destruction-kochi,/locations/angamaly/data-destruction-kochi,www.ewastekochi.com,/locations/angamaly/data-destruction-kochi,0,0,2026-04-19,alt_canonical,missing_not_built,location-service-matrix,angamaly,data-destruction-kochi,high,medium,P3,leave_404,,,false,false,false,Indexed legacy/generated URL has no meaningful traffic signal; do not recreate old pSEO risk.,low,classification_source=rule;confirmed_indexed_2026-07-10
https://www.ewastekochi.com/locations/thrikkakara/printer-recycling-kochi,/locations/thrikkakara/printer-recycling-kochi,www.ewastekochi.com,/locations/thrikkakara/printer-recycling-kochi,0,0,2026-04-19,alt_canonical,missing_not_built,location-service-matrix,thrikkakara,printer-recycling-kochi,high,medium,P3,leave_404,,,false,false,false,Indexed legacy/generated URL has no meaningful traffic signal; do not recreate old pSEO risk.,low,classification_source=rule;confirmed_indexed_2026-07-10
https://www.ewastekochi.com/locations/malappuram/server-recycling-kochi,/locations/malappuram/server-recycling-kochi,www.ewastekochi.com,/locations/malappuram/server-recycling-kochi,0,2,2026-04-19,alt_canonical,redirect_configured,location-service-matrix,malappuram,server-recycling-kochi,high,medium,P3,redirect_301,https://www.ewastekochi.com/server-recycling-kochi/,https://www.ewastekochi.com/server-recycling-kochi/,false,false,true,Indexed legacy URL has a relevant one-hop 301 target in vercel.json; do not rebuild as a thin page.,low,classification_source=v2-redirect;confirmed_indexed_2026-07-10
https://www.ewastekochi.com/locations/maradu/data-destruction-kochi,/locations/maradu/data-destruction-kochi,www.ewastekochi.com,/locations/maradu/data-destruction-kochi,0,5,2026-04-19,alt_canonical,redirect_configured,location-service-matrix,maradu,data-destruction-kochi,high,medium,P3,redirect_301,https://www.ewastekochi.com/data-destruction/,https://www.ewastekochi.com/data-destruction/,false,false,true,Indexed legacy URL has a relevant one-hop 301 target in vercel.json; do not rebuild as a thin page.,low,classification_source=v2-redirect;confirmed_indexed_2026-07-10
https://www.ewastekochi.com/locations/edappally/network-equipment-disposal-kochi,/locations/edappally/network-equipment-disposal-kochi,www.ewastekochi.com,/locations/edappally/network-equipment-disposal-kochi,0,2,2026-04-19,alt_canonical,missing_not_built,location-service-matrix,edappally,network-equipment-disposal-kochi,high,medium,P3,leave_404,,,false,false,false,Indexed legacy/generated URL has no meaningful traffic signal; do not recreate old pSEO risk.,low,classification_source=rule;confirmed_indexed_2026-07-10
https://www.ewastekochi.com/locations/fort-kochi/server-recycling-kochi,/locations/fort-kochi/server-recycling-kochi,www.ewastekochi.com,/locations/fort-kochi/server-recycling-kochi,0,0,2026-04-19,alt_canonical,missing_not_built,location-service-matrix,fort-kochi,server-recycling-kochi,high,medium,P3,leave_404,,,false,false,false,Indexed legacy/generated URL has no meaningful traffic signal; do not recreate old pSEO risk.,low,classification_source=rule;confirmed_indexed_2026-07-10
https://www.ewastekochi.com/locations/kollam/itad-kochi,/locations/kollam/itad-kochi,www.ewastekochi.com,/locations/kollam/itad-kochi,0,0,2026-04-19,alt_canonical,missing_not_built,location-service-matrix,kollam,itad-kochi,high,medium,P3,leave_404,,,false,false,false,Indexed legacy/generated URL has no meaningful traffic signal; do not recreate old pSEO risk.,low,classification_source=rule;confirmed_indexed_2026-07-10
https://www.ewastekochi.com/locations/palakkad/certificate-of-destruction-kochi,/locations/palakkad/certificate-of-destruction-kochi,www.ewastekochi.com,/locations/palakkad/certificate-of-destruction-kochi,0,0,2026-04-19,alt_canonical,missing_not_built,location-service-matrix,palakkad,certificate-of-destruction-kochi,high,high,P3,leave_404,,,false,false,false,Indexed legacy/generated URL has no meaningful traffic signal; do not recreate old pSEO risk.,low,classification_source=rule;confirmed_indexed_2026-07-10
https://www.ewastekochi.com/locations/kottayam/air-conditioner-recycling-kochi,/locations/kottayam/air-conditioner-recycling-kochi,www.ewastekochi.com,/locations/kottayam/air-conditioner-recycling-kochi,0,0,2026-04-19,alt_canonical,missing_not_built,location-service-matrix,kottayam,air-conditioner-recycling-kochi,high,medium,P3,leave_404,,,false,false,false,Indexed legacy/generated URL has no meaningful traffic signal; do not recreate old pSEO risk.,low,classification_source=rule;confirmed_indexed_2026-07-10
https://www.ewastekochi.com/locations/thiruvananthapuram/printer-recycling-kochi,/locations/thiruvananthapuram/printer-recycling-kochi,www.ewastekochi.com,/locations/thiruvananthapuram/printer-recycling-kochi,0,0,2026-04-19,alt_canonical,missing_not_built,location-service-matrix,thiruvananthapuram,printer-recycling-kochi,high,medium,P3,leave_404,,,false,false,false,Indexed legacy/generated URL has no meaningful traffic signal; do not recreate old pSEO risk.,low,classification_source=rule;confirmed_indexed_2026-07-10
https://www.ewastekochi.com/locations/kannur/itad-kochi,/locations/kannur/itad-kochi,www.ewastekochi.com,/locations/kannur/itad-kochi,0,5,2026-04-19,alt_canonical,redirect_configured,location-service-matrix,kannur,itad-kochi,high,medium,P3,redirect_301,https://www.ewastekochi.com/itad/,https://www.ewastekochi.com/itad/,false,false,true,Indexed legacy URL has a relevant one-hop 301 target in vercel.json; do not rebuild as a thin page.,low,classification_source=v2-redirect;confirmed_indexed_2026-07-10
https://www.ewastekochi.com/locations/ernakulam-south/server-recycling-kochi,/locations/ernakulam-south/server-recycling-kochi,www.ewastekochi.com,/locations/ernakulam-south/server-recycling-kochi,0,1,2026-04-19,alt_canonical,redirect_configured,location-service-matrix,ernakulam-south,server-recycling-kochi,high,medium,P3,redirect_301,https://www.ewastekochi.com/locations/ernakulam-south/,https://www.ewastekochi.com/locations/ernakulam-south/,false,false,true,Indexed legacy URL has a relevant one-hop 301 target in vercel.json; do not rebuild as a thin page.,low,classification_source=v2-redirect;confirmed_indexed_2026-07-10
https://www.ewastekochi.com/locations/smart-city-kochi/dpdp-act-compliance-kochi,/locations/smart-city-kochi/dpdp-act-compliance-kochi,www.ewastekochi.com,/locations/smart-city-kochi/dpdp-act-compliance-kochi,0,0,2026-04-19,alt_canonical,missing_not_built,location-service-matrix,smart-city-kochi,dpdp-act-compliance-kochi,high,medium,P3,leave_404,,,false,false,false,Indexed legacy/generated URL has no meaningful traffic signal; do not recreate old pSEO risk.,low,classification_source=rule;confirmed_indexed_2026-07-10
https://www.ewastekochi.com/locations/edappally/hard-drive-shredding-kochi,/locations/edappally/hard-drive-shredding-kochi,www.ewastekochi.com,/locations/edappally/hard-drive-shredding-kochi,0,0,2026-04-19,alt_canonical,missing_not_built,location-service-matrix,edappally,hard-drive-shredding-kochi,high,medium,P3,leave_404,,,false,false,false,Indexed legacy/generated URL has no meaningful traffic signal; do not recreate old pSEO risk.,low,classification_source=rule;confirmed_indexed_2026-07-10
https://www.ewastekochi.com/locations/thrippunithura/network-equipment-disposal-kochi,/locations/thrippunithura/network-equipment-disposal-kochi,www.ewastekochi.com,/locations/thrippunithura/network-equipment-disposal-kochi,0,0,2026-04-19,alt_canonical,missing_not_built,location-service-matrix,thrippunithura,network-equipment-disposal-kochi,high,medium,P3,leave_404,,,false,false,false,Indexed legacy/generated URL has no meaningful traffic signal; do not recreate old pSEO risk.,low,classification_source=rule;confirmed_indexed_2026-07-10
https://www.ewastekochi.com/locations/perumbavoor/air-conditioner-recycling-kochi,/locations/perumbavoor/air-conditioner-recycling-kochi,www.ewastekochi.com,/locations/perumbavoor/air-conditioner-recycling-kochi,0,0,2026-04-19,alt_canonical,missing_not_built,location-service-matrix,perumbavoor,air-conditioner-recycling-kochi,high,medium,P3,leave_404,,,false,false,false,Indexed legacy/generated URL has no meaningful traffic signal; do not recreate old pSEO risk.,low,classification_source=rule;confirmed_indexed_2026-07-10
https://www.ewastekochi.com/locations/kothamangalam/hard-drive-shredding-kochi,/locations/kothamangalam/hard-drive-shredding-kochi,www.ewastekochi.com,/locations/kothamangalam/hard-drive-shredding-kochi,0,0,2026-04-19,alt_canonical,missing_not_built,location-service-matrix,kothamangalam,hard-drive-shredding-kochi,high,medium,P3,leave_404,,,false,false,false,Indexed legacy/generated URL has no meaningful traffic signal; do not recreate old pSEO risk.,low,classification_source=rule;confirmed_indexed_2026-07-10
https://www.ewastekochi.com/locations/north-paravur/printer-recycling-kochi,/locations/north-paravur/printer-recycling-kochi,www.ewastekochi.com,/locations/north-paravur/printer-recycling-kochi,0,0,2026-04-19,alt_canonical,missing_not_built,location-service-matrix,north-paravur,printer-recycling-kochi,high,medium,P3,leave_404,,,false,false,false,Indexed legacy/generated URL has no meaningful traffic signal; do not recreate old pSEO risk.,low,classification_source=rule;confirmed_indexed_2026-07-10
https://www.ewastekochi.com/locations/muvattupuzha/laptop-buyback-kochi,/locations/muvattupuzha/laptop-buyback-kochi,www.ewastekochi.com,/locations/muvattupuzha/laptop-buyback-kochi,0,2,2026-04-19,alt_canonical,redirect_configured,location-service-matrix,muvattupuzha,laptop-buyback-kochi,high,medium,P3,redirect_301,https://www.ewastekochi.com/sell-electronics/,https://www.ewastekochi.com/sell-electronics/,false,false,true,Indexed legacy URL has a relevant one-hop 301 target in vercel.json; do not rebuild as a thin page.,low,classification_source=v2-redirect;confirmed_indexed_2026-07-10
https://www.ewastekochi.com/locations/malappuram/printer-recycling-kochi,/locations/malappuram/printer-recycling-kochi,www.ewastekochi.com,/locations/malappuram/printer-recycling-kochi,0,0,2026-04-18,alt_canonical,missing_not_built,location-service-matrix,malappuram,printer-recycling-kochi,high,medium,P3,leave_404,,,false,false,false,Indexed legacy/generated URL has no meaningful traffic signal; do not recreate old pSEO risk.,low,classification_source=rule;confirmed_indexed_2026-07-10
https://www.ewastekochi.com/locations/thrikkakara/itad-kochi,/locations/thrikkakara/itad-kochi,www.ewastekochi.com,/locations/thrikkakara/itad-kochi,0,0,2026-04-18,alt_canonical,missing_not_built,location-service-matrix,thrikkakara,itad-kochi,high,medium,P3,leave_404,,,false,false,false,Indexed legacy/generated URL has no meaningful traffic signal; do not recreate old pSEO risk.,low,classification_source=rule;confirmed_indexed_2026-07-10
https://www.ewastekochi.com/locations/fort-kochi/hard-drive-shredding-kochi,/locations/fort-kochi/hard-drive-shredding-kochi,www.ewastekochi.com,/locations/fort-kochi/hard-drive-shredding-kochi,0,3,2026-04-18,alt_canonical,redirect_configured,location-service-matrix,fort-kochi,hard-drive-shredding-kochi,high,medium,P3,redirect_301,https://www.ewastekochi.com/hard-drive-shredding/,https://www.ewastekochi.com/hard-drive-shredding/,false,false,true,Indexed legacy URL has a relevant one-hop 301 target in vercel.json; do not rebuild as a thin page.,low,classification_source=v2-redirect;confirmed_indexed_2026-07-10
https://www.ewastekochi.com/locations/willingdon-island/corporate-ewaste-kochi,/locations/willingdon-island/corporate-ewaste-kochi,www.ewastekochi.com,/locations/willingdon-island/corporate-ewaste-kochi,0,0,2026-04-18,alt_canonical,missing_not_built,location-service-matrix,willingdon-island,corporate-ewaste-kochi,high,medium,P3,leave_404,,,false,false,false,Indexed legacy/generated URL has no meaningful traffic signal; do not recreate old pSEO risk.,low,classification_source=rule;confirmed_indexed_2026-07-10
https://www.ewastekochi.com/locations/edappally/laptop-buyback-kochi,/locations/edappally/laptop-buyback-kochi,www.ewastekochi.com,/locations/edappally/laptop-buyback-kochi,0,3,2026-04-18,alt_canonical,redirect_configured,location-service-matrix,edappally,laptop-buyback-kochi,high,medium,P3,redirect_301,https://www.ewastekochi.com/sell-electronics/,https://www.ewastekochi.com/sell-electronics/,false,false,true,Indexed legacy URL has a relevant one-hop 301 target in vercel.json; do not rebuild as a thin page.,low,classification_source=v2-redirect;confirmed_indexed_2026-07-10
https://www.ewastekochi.com/locations/palarivattom/battery-recycling-kochi,/locations/palarivattom/battery-recycling-kochi,www.ewastekochi.com,/locations/palarivattom/battery-recycling-kochi,0,3,2026-04-18,alt_canonical,redirect_configured,location-service-matrix,palarivattom,battery-recycling-kochi,high,medium,P3,redirect_301,https://www.ewastekochi.com/battery-recycling/,https://www.ewastekochi.com/battery-recycling/,false,false,true,Indexed legacy URL has a relevant one-hop 301 target in vercel.json; do not rebuild as a thin page.,low,classification_source=v2-redirect;confirmed_indexed_2026-07-10
https://www.ewastekochi.com/locations/maradu/tv-monitor-recycling-kochi,/locations/maradu/tv-monitor-recycling-kochi,www.ewastekochi.com,/locations/maradu/tv-monitor-recycling-kochi,0,1,2026-04-18,alt_canonical,redirect_configured,location-service-matrix,maradu,tv-monitor-recycling-kochi,high,medium,P3,redirect_301,https://www.ewastekochi.com/tv-recycling-kochi/,https://www.ewastekochi.com/tv-recycling-kochi/,false,false,true,Indexed legacy URL has a relevant one-hop 301 target in vercel.json; do not rebuild as a thin page.,low,classification_source=v2-redirect;confirmed_indexed_2026-07-10
https://www.ewastekochi.com/locations/thrippunithura/itad-kochi,/locations/thrippunithura/itad-kochi,www.ewastekochi.com,/locations/thrippunithura/itad-kochi,0,3,2026-04-18,alt_canonical,redirect_configured,location-service-matrix,thrippunithura,itad-kochi,high,medium,P3,redirect_301,https://www.ewastekochi.com/itad/,https://www.ewastekochi.com/itad/,false,false,true,Indexed legacy URL has a relevant one-hop 301 target in vercel.json; do not rebuild as a thin page.,low,classification_source=v2-redirect;confirmed_indexed_2026-07-10
https://www.ewastekochi.com/locations/palakkad/itad-kochi,/locations/palakkad/itad-kochi,www.ewastekochi.com,/locations/palakkad/itad-kochi,1,1,2026-04-18,alt_canonical,redirect_configured,location-service-matrix,palakkad,itad-kochi,high,medium,P1,redirect_301,https://www.ewastekochi.com/itad/,https://www.ewastekochi.com/itad/,false,false,true,Indexed legacy URL has a relevant one-hop 301 target in vercel.json; do not rebuild as a thin page.,high,classification_source=v2-redirect;confirmed_indexed_2026-07-10
https://www.ewastekochi.com/locations/kalamassery/corporate-ewaste-kochi,/locations/kalamassery/corporate-ewaste-kochi,www.ewastekochi.com,/locations/kalamassery/corporate-ewaste-kochi,1,12,2026-04-18,alt_canonical,redirect_configured,location-service-matrix,kalamassery,corporate-ewaste-kochi,high,medium,P1,redirect_301,https://www.ewastekochi.com/locations/kalamassery/,https://www.ewastekochi.com/locations/kalamassery/,false,false,true,Indexed legacy URL has a relevant one-hop 301 target in vercel.json; do not rebuild as a thin page.,high,classification_source=v2-redirect;confirmed_indexed_2026-07-10
https://www.ewastekochi.com/locations/north-paravur/laptop-buyback-kochi,/locations/north-paravur/laptop-buyback-kochi,www.ewastekochi.com,/locations/north-paravur/laptop-buyback-kochi,0,1,2026-04-18,alt_canonical,redirect_configured,location-service-matrix,north-paravur,laptop-buyback-kochi,high,medium,P3,redirect_301,https://www.ewastekochi.com/sell-electronics/,https://www.ewastekochi.com/sell-electronics/,false,false,true,Indexed legacy URL has a relevant one-hop 301 target in vercel.json; do not rebuild as a thin page.,low,classification_source=v2-redirect;confirmed_indexed_2026-07-10
https://www.ewastekochi.com/locations/malappuram/ups-inverter-recycling-kochi,/locations/malappuram/ups-inverter-recycling-kochi,www.ewastekochi.com,/locations/malappuram/ups-inverter-recycling-kochi,0,0,2026-04-18,alt_canonical,missing_not_built,location-service-matrix,malappuram,ups-inverter-recycling-kochi,high,medium,P3,leave_404,,,false,false,false,Indexed legacy/generated URL has no meaningful traffic signal; do not recreate old pSEO risk.,low,classification_source=rule;confirmed_indexed_2026-07-10
https://www.ewastekochi.com/locations/willingdon-island/battery-recycling-kochi,/locations/willingdon-island/battery-recycling-kochi,www.ewastekochi.com,/locations/willingdon-island/battery-recycling-kochi,0,0,2026-04-18,alt_canonical,missing_not_built,location-service-matrix,willingdon-island,battery-recycling-kochi,high,medium,P3,leave_404,,,false,false,false,Indexed legacy/generated URL has no meaningful traffic signal; do not recreate old pSEO risk.,low,classification_source=rule;confirmed_indexed_2026-07-10
https://www.ewastekochi.com/locations/kadavanthra/laptop-buyback-kochi,/locations/kadavanthra/laptop-buyback-kochi,www.ewastekochi.com,/locations/kadavanthra/laptop-buyback-kochi,0,1,2026-04-18,alt_canonical,redirect_configured,location-service-matrix,kadavanthra,laptop-buyback-kochi,high,medium,P3,redirect_301,https://www.ewastekochi.com/sell-electronics/,https://www.ewastekochi.com/sell-electronics/,false,false,true,Indexed legacy URL has a relevant one-hop 301 target in vercel.json; do not rebuild as a thin page.,low,classification_source=v2-redirect;confirmed_indexed_2026-07-10
https://www.ewastekochi.com/locations/willingdon-island/hard-drive-shredding-kochi,/locations/willingdon-island/hard-drive-shredding-kochi,www.ewastekochi.com,/locations/willingdon-island/hard-drive-shredding-kochi,0,0,2026-04-18,alt_canonical,missing_not_built,location-service-matrix,willingdon-island,hard-drive-shredding-kochi,high,medium,P3,leave_404,,,false,false,false,Indexed legacy/generated URL has no meaningful traffic signal; do not recreate old pSEO risk.,low,classification_source=rule;confirmed_indexed_2026-07-10
https://www.ewastekochi.com/locations/perumbavoor/mobile-recycling-kochi,/locations/perumbavoor/mobile-recycling-kochi,www.ewastekochi.com,/locations/perumbavoor/mobile-recycling-kochi,0,1,2026-04-18,alt_canonical,missing_not_built,location-service-matrix,perumbavoor,mobile-recycling-kochi,high,medium,P3,leave_404,,,false,false,false,Indexed legacy/generated URL has no meaningful traffic signal; do not recreate old pSEO risk.,low,classification_source=rule;confirmed_indexed_2026-07-10
https://www.ewastekochi.com/locations/thiruvananthapuram/dpdp-act-compliance-kochi,/locations/thiruvananthapuram/dpdp-act-compliance-kochi,www.ewastekochi.com,/locations/thiruvananthapuram/dpdp-act-compliance-kochi,0,1,2026-04-18,alt_canonical,missing_not_built,location-service-matrix,thiruvananthapuram,dpdp-act-compliance-kochi,high,medium,P3,leave_404,,,false,false,false,Indexed legacy/generated URL has no meaningful traffic signal; do not recreate old pSEO risk.,low,classification_source=rule;confirmed_indexed_2026-07-10
https://www.ewastekochi.com/locations/palarivattom/printer-recycling-kochi,/locations/palarivattom/printer-recycling-kochi,www.ewastekochi.com,/locations/palarivattom/printer-recycling-kochi,0,0,2026-04-18,alt_canonical,missing_not_built,location-service-matrix,palarivattom,printer-recycling-kochi,high,medium,P3,leave_404,,,false,false,false,Indexed legacy/generated URL has no meaningful traffic signal; do not recreate old pSEO risk.,low,classification_source=rule;confirmed_indexed_2026-07-10
https://www.ewastekochi.com/locations/perumbavoor/ups-inverter-recycling-kochi,/locations/perumbavoor/ups-inverter-recycling-kochi,www.ewastekochi.com,/locations/perumbavoor/ups-inverter-recycling-kochi,0,2,2026-04-18,alt_canonical,redirect_configured,location-service-matrix,perumbavoor,ups-inverter-recycling-kochi,high,medium,P3,redirect_301,https://www.ewastekochi.com/battery-recycling/,https://www.ewastekochi.com/battery-recycling/,false,false,true,Indexed legacy URL has a relevant one-hop 301 target in vercel.json; do not rebuild as a thin page.,low,classification_source=v2-redirect;confirmed_indexed_2026-07-10
https://www.ewastekochi.com/locations/kakkanad/battery-recycling-kochi,/locations/kakkanad/battery-recycling-kochi,www.ewastekochi.com,/locations/kakkanad/battery-recycling-kochi,0,0,2026-04-18,alt_canonical,missing_not_built,location-service-matrix,kakkanad,battery-recycling-kochi,high,medium,P3,leave_404,,,false,false,false,Indexed legacy/generated URL has no meaningful traffic signal; do not recreate old pSEO risk.,low,classification_source=rule;confirmed_indexed_2026-07-10
https://www.ewastekochi.com/blog/dpdp-act-2023-it-disposal-compliance,/blog/dpdp-act-2023-it-disposal-compliance,www.ewastekochi.com,/blog/dpdp-act-2023-it-disposal-compliance,0,8,2026-04-18,alt_canonical,missing_not_built,blog,,dpdp-act-2023-it-disposal-compliance,high,low,P4,leave_404,,,false,false,false,Indexed legacy/generated URL has no meaningful traffic signal; do not recreate old pSEO risk.,low,classification_source=rule;confirmed_indexed_2026-07-10
https://www.ewastekochi.com/locations/maradu/server-recycling-kochi,/locations/maradu/server-recycling-kochi,www.ewastekochi.com,/locations/maradu/server-recycling-kochi,0,3,2026-04-17,alt_canonical,redirect_configured,location-service-matrix,maradu,server-recycling-kochi,high,medium,P3,redirect_301,https://www.ewastekochi.com/server-recycling-kochi/,https://www.ewastekochi.com/server-recycling-kochi/,false,false,true,Indexed legacy URL has a relevant one-hop 301 target in vercel.json; do not rebuild as a thin page.,low,classification_source=v2-redirect;confirmed_indexed_2026-07-10
https://www.ewastekochi.com/locations/infopark-kochi/network-equipment-disposal-kochi,/locations/infopark-kochi/network-equipment-disposal-kochi,www.ewastekochi.com,/locations/infopark-kochi/network-equipment-disposal-kochi,0,2,2026-04-17,alt_canonical,missing_not_built,location-service-matrix,infopark-kochi,network-equipment-disposal-kochi,high,medium,P3,leave_404,,,false,false,false,Indexed legacy/generated URL has no meaningful traffic signal; do not recreate old pSEO risk.,low,classification_source=rule;confirmed_indexed_2026-07-10
https://www.ewastekochi.com/locations/vyttila/electronics-recycling-near-me,/locations/vyttila/electronics-recycling-near-me,www.ewastekochi.com,/locations/vyttila/electronics-recycling-near-me,0,1,2026-04-17,alt_canonical,redirect_configured,location-service-matrix,vyttila,electronics-recycling-near-me,high,medium,P3,redirect_301,https://www.ewastekochi.com/services/electronics-recycling-near-me/,https://www.ewastekochi.com/services/electronics-recycling-near-me/,false,false,true,Indexed legacy URL has a relevant one-hop 301 target in vercel.json; do not rebuild as a thin page.,low,classification_source=v2-redirect;confirmed_indexed_2026-07-10
https://www.ewastekochi.com/locations/north-paravur/sell-electronics-kochi,/locations/north-paravur/sell-electronics-kochi,www.ewastekochi.com,/locations/north-paravur/sell-electronics-kochi,0,4,2026-04-17,alt_canonical,redirect_configured,location-service-matrix,north-paravur,sell-electronics-kochi,high,medium,P3,redirect_301,https://www.ewastekochi.com/sell-electronics/,https://www.ewastekochi.com/sell-electronics/,false,false,true,Indexed legacy URL has a relevant one-hop 301 target in vercel.json; do not rebuild as a thin page.,low,classification_source=v2-redirect;confirmed_indexed_2026-07-10
https://www.ewastekochi.com/locations/kozhikode/hard-drive-shredding-kochi,/locations/kozhikode/hard-drive-shredding-kochi,www.ewastekochi.com,/locations/kozhikode/hard-drive-shredding-kochi,0,2,2026-04-17,alt_canonical,redirect_configured,location-service-matrix,kozhikode,hard-drive-shredding-kochi,high,medium,P3,redirect_301,https://www.ewastekochi.com/hard-drive-shredding/,https://www.ewastekochi.com/hard-drive-shredding/,false,false,true,Indexed legacy URL has a relevant one-hop 301 target in vercel.json; do not rebuild as a thin page.,low,classification_source=v2-redirect;confirmed_indexed_2026-07-10
https://www.ewastekochi.com/locations/willingdon-island/data-destruction-kochi,/locations/willingdon-island/data-destruction-kochi,www.ewastekochi.com,/locations/willingdon-island/data-destruction-kochi,0,0,2026-04-17,alt_canonical,missing_not_built,location-service-matrix,willingdon-island,data-destruction-kochi,high,medium,P3,leave_404,,,false,false,false,Indexed legacy/generated URL has no meaningful traffic signal; do not recreate old pSEO risk.,low,classification_source=rule;confirmed_indexed_2026-07-10
https://www.ewastekochi.com/locations/muvattupuzha/secure-laptop-disposal,/locations/muvattupuzha/secure-laptop-disposal,www.ewastekochi.com,/locations/muvattupuzha/secure-laptop-disposal,0,2,2026-04-17,alt_canonical,missing_not_built,location-service-matrix,muvattupuzha,secure-laptop-disposal,high,medium,P3,leave_404,,,false,false,false,Indexed legacy/generated URL has no meaningful traffic signal; do not recreate old pSEO risk.,low,classification_source=rule;confirmed_indexed_2026-07-10
https://www.ewastekochi.com/locations/kalady/hard-drive-destruction-kochi,/locations/kalady/hard-drive-destruction-kochi,www.ewastekochi.com,/locations/kalady/hard-drive-destruction-kochi,0,0,2026-04-17,alt_canonical,missing_not_built,location-service-matrix,kalady,hard-drive-destruction-kochi,high,medium,P3,leave_404,,,false,false,false,Indexed legacy/generated URL has no meaningful traffic signal; do not recreate old pSEO risk.,low,classification_source=rule;confirmed_indexed_2026-07-10
https://www.ewastekochi.com/locations/kannur/hard-drive-destruction-kochi,/locations/kannur/hard-drive-destruction-kochi,www.ewastekochi.com,/locations/kannur/hard-drive-destruction-kochi,0,7,2026-04-17,alt_canonical,redirect_configured,location-service-matrix,kannur,hard-drive-destruction-kochi,high,medium,P3,redirect_301,https://www.ewastekochi.com/data-destruction/,https://www.ewastekochi.com/data-destruction/,false,false,true,Indexed legacy URL has a relevant one-hop 301 target in vercel.json; do not rebuild as a thin page.,low,classification_source=v2-redirect;confirmed_indexed_2026-07-10
https://www.ewastekochi.com/blogs/environmental-impact/why-recycle-electronics-in-infopark-kochi-the-local-impact,/blogs/environmental-impact/why-recycle-electronics-in-infopark-kochi-the-local-impact,www.ewastekochi.com,/blogs/environmental-impact/why-recycle-electronics-in-infopark-kochi-the-local-impact,0,4,2026-04-17,alt_canonical,missing_not_built,blogs-taxonomy-legacy,,why-recycle-electronics-in-infopark-kochi-the-local-impact,high,low,P4,leave_404,,,false,false,false,Indexed legacy/generated URL has no meaningful traffic signal; do not recreate old pSEO risk.,low,classification_source=rule;confirmed_indexed_2026-07-10
https://www.ewastekochi.com/locations/kollam/laptop-buyback-kochi,/locations/kollam/laptop-buyback-kochi,www.ewastekochi.com,/locations/kollam/laptop-buyback-kochi,0,0,2026-04-17,alt_canonical,missing_not_built,location-service-matrix,kollam,laptop-buyback-kochi,high,medium,P3,leave_404,,,false,false,false,Indexed legacy/generated URL has no meaningful traffic signal; do not recreate old pSEO risk.,low,classification_source=rule;confirmed_indexed_2026-07-10
https://www.ewastekochi.com/locations/angamaly/corporate-ewaste-kochi,/locations/angamaly/corporate-ewaste-kochi,www.ewastekochi.com,/locations/angamaly/corporate-ewaste-kochi,0,2,2026-04-17,alt_canonical,missing_not_built,location-service-matrix,angamaly,corporate-ewaste-kochi,high,medium,P3,leave_404,,,false,false,false,Indexed legacy/generated URL has no meaningful traffic signal; do not recreate old pSEO risk.,low,classification_source=rule;confirmed_indexed_2026-07-10
https://www.ewastekochi.com/locations/kottayam/ups-inverter-recycling-kochi,/locations/kottayam/ups-inverter-recycling-kochi,www.ewastekochi.com,/locations/kottayam/ups-inverter-recycling-kochi,0,0,2026-04-17,alt_canonical,missing_not_built,location-service-matrix,kottayam,ups-inverter-recycling-kochi,high,medium,P3,leave_404,,,false,false,false,Indexed legacy/generated URL has no meaningful traffic signal; do not recreate old pSEO risk.,low,classification_source=rule;confirmed_indexed_2026-07-10
https://www.ewastekochi.com/locations/thrissur/server-recycling-kochi,/locations/thrissur/server-recycling-kochi,www.ewastekochi.com,/locations/thrissur/server-recycling-kochi,0,1,2026-04-17,alt_canonical,redirect_configured,location-service-matrix,thrissur,server-recycling-kochi,high,medium,P3,redirect_301,https://www.ewastekochi.com/server-recycling-kochi/,https://www.ewastekochi.com/server-recycling-kochi/,false,false,true,Indexed legacy URL has a relevant one-hop 301 target in vercel.json; do not rebuild as a thin page.,low,classification_source=v2-redirect;confirmed_indexed_2026-07-10
https://www.ewastekochi.com/locations/kalady/it-asset-inventory-audit,/locations/kalady/it-asset-inventory-audit,www.ewastekochi.com,/locations/kalady/it-asset-inventory-audit,0,0,2026-04-17,alt_canonical,missing_not_built,location-service-matrix,kalady,it-asset-inventory-audit,high,medium,P3,leave_404,,,false,false,false,Indexed legacy/generated URL has no meaningful traffic signal; do not recreate old pSEO risk.,low,classification_source=rule;confirmed_indexed_2026-07-10
https://www.ewastekochi.com/blogs/recycling/battery-recycling-in-vyttila-kochi-what-needs-separate-handling,/blogs/recycling/battery-recycling-in-vyttila-kochi-what-needs-separate-handling,www.ewastekochi.com,/blogs/recycling/battery-recycling-in-vyttila-kochi-what-needs-separate-handling,0,21,2026-05-13,crawled_not_indexed,missing_not_built,blogs-taxonomy-legacy,,battery-recycling-in-vyttila-kochi-what-needs-separate-handling,high,low,P4,leave_404,,,false,false,false,Indexed legacy/generated URL has no meaningful traffic signal; do not recreate old pSEO risk.,low,classification_source=rule;confirmed_indexed_2026-07-10
https://www.ewastekochi.com/privacy-policy,/privacy-policy,www.ewastekochi.com,/privacy-policy,0,21,2026-04-17,crawled_not_indexed,missing_not_built,other-legacy-service,,privacy-policy,high,low,P4,leave_404,,,false,false,false,Indexed legacy/generated URL has no meaningful traffic signal; do not recreate old pSEO risk.,low,classification_source=rule;confirmed_indexed_2026-07-10
https://www.ewastekochi.com/blogs/environmental-impact/school-e-waste-drives-in-vyttila-kochi-planning-a-safer-collection-day,/blogs/environmental-impact/school-e-waste-drives-in-vyttila-kochi-planning-a-safer-collection-day,www.ewastekochi.com,/blogs/environmental-impact/school-e-waste-drives-in-vyttila-kochi-planning-a-safer-collection-day,0,3,2026-04-17,crawled_not_indexed,missing_not_built,blogs-taxonomy-legacy,,school-e-waste-drives-in-vyttila-kochi-planning-a-safer-collection-day,high,low,P4,leave_404,,,false,false,false,Indexed legacy/generated URL has no meaningful traffic signal; do not recreate old pSEO risk.,low,classification_source=rule;confirmed_indexed_2026-07-10
https://www.ewastekochi.com/blogs/itad-process/the-ultimate-server-decommissioning-checklist-for-data-centres-in-kalamassery-kochi,/blogs/itad-process/the-ultimate-server-decommissioning-checklist-for-data-centres-in-kalamassery-kochi,www.ewastekochi.com,/blogs/itad-process/the-ultimate-server-decommissioning-checklist-for-data-centres-in-kalamassery-kochi,0,8,2026-04-17,crawled_not_indexed,missing_not_built,blogs-taxonomy-legacy,,the-ultimate-server-decommissioning-checklist-for-data-centres-in-kalamassery-kochi,high,low,P4,leave_404,,,false,false,false,Indexed legacy/generated URL has no meaningful traffic signal; do not recreate old pSEO risk.,low,classification_source=rule;confirmed_indexed_2026-07-10
https://www.ewastekochi.com/blogs/environmental-impact/school-e-waste-drives-in-kalamassery-kochi-planning-a-safer-collection-day,/blogs/environmental-impact/school-e-waste-drives-in-kalamassery-kochi-planning-a-safer-collection-day,www.ewastekochi.com,/blogs/environmental-impact/school-e-waste-drives-in-kalamassery-kochi-planning-a-safer-collection-day,0,1,2026-04-17,crawled_not_indexed,missing_not_built,blogs-taxonomy-legacy,,school-e-waste-drives-in-kalamassery-kochi-planning-a-safer-collection-day,high,low,P4,leave_404,,,false,false,false,Indexed legacy/generated URL has no meaningful traffic signal; do not recreate old pSEO risk.,low,classification_source=rule;confirmed_indexed_2026-07-10
https://www.ewastekochi.com/locations/infopark-kochi/itad-kochi,/locations/infopark-kochi/itad-kochi,www.ewastekochi.com,/locations/infopark-kochi/itad-kochi,0,13,2026-04-17,crawled_not_indexed,redirect_configured,location-service-matrix,infopark-kochi,itad-kochi,high,medium,P3,redirect_301,https://www.ewastekochi.com/itad/,https://www.ewastekochi.com/itad/,false,false,true,Indexed legacy URL has a relevant one-hop 301 target in vercel.json; do not rebuild as a thin page.,low,classification_source=v2-redirect;confirmed_indexed_2026-07-10
https://www.ewastekochi.com/battery-recycling,/battery-recycling,www.ewastekochi.com,/battery-recycling,31,1524,,indexed-with-traffic,built_200,other-legacy-service,,battery-recycling,high,low,P0,upgrade_existing_200,https://www.ewastekochi.com/battery-recycling/,https://www.ewastekochi.com/battery-recycling/,false,false,false,Indexed URL maps to an existing V2 200 page; page retained and reviewed for safe SEO/content/schema.,critical,classification_source=v2-live;confirmed_indexed_2026-07-10
https://www.ewastekochi.com/sell-electronics,/sell-electronics,www.ewastekochi.com,/sell-electronics,17,792,,indexed-with-traffic,built_200,other-legacy-service,,sell-electronics,high,low,P0,upgrade_existing_200,https://www.ewastekochi.com/sell-electronics/,https://www.ewastekochi.com/sell-electronics/,false,false,false,Indexed URL maps to an existing V2 200 page; page retained and reviewed for safe SEO/content/schema.,critical,classification_source=v2-live;confirmed_indexed_2026-07-10
https://www.ewastekochi.com/pickup,/pickup,www.ewastekochi.com,/pickup,14,183,,indexed-with-traffic,built_200,other-legacy-service,,pickup,high,low,P0,upgrade_existing_200,https://www.ewastekochi.com/pickup/,https://www.ewastekochi.com/pickup/,false,false,false,Indexed URL maps to an existing V2 200 page; page retained and reviewed for safe SEO/content/schema.,critical,classification_source=v2-live;confirmed_indexed_2026-07-10
https://www.ewastekochi.com/tv-recycling-kochi,/tv-recycling-kochi,www.ewastekochi.com,/tv-recycling-kochi,10,134,,indexed-with-traffic,built_200,other-legacy-service,,tv-recycling-kochi,high,low,P0,upgrade_existing_200,https://www.ewastekochi.com/tv-recycling-kochi/,https://www.ewastekochi.com/tv-recycling-kochi/,false,false,false,Indexed URL maps to an existing V2 200 page; page retained and reviewed for safe SEO/content/schema.,critical,classification_source=v2-live;confirmed_indexed_2026-07-10
https://www.ewastekochi.com/blog/free-e-waste-pickup-kochi,/blog/free-e-waste-pickup-kochi,www.ewastekochi.com,/blog/free-e-waste-pickup-kochi,8,137,,indexed-with-traffic,built_200,blog,,free-e-waste-pickup-kochi,high,low,P1,upgrade_existing_200,https://www.ewastekochi.com/blog/free-e-waste-pickup-kochi/,https://www.ewastekochi.com/blog/free-e-waste-pickup-kochi/,false,false,false,Indexed URL maps to an existing V2 200 page; page retained and reviewed for safe SEO/content/schema.,high,classification_source=v2-live;confirmed_indexed_2026-07-10
https://www.ewastekochi.com/data-destruction,/data-destruction,www.ewastekochi.com,/data-destruction,5,191,,indexed-with-traffic,built_200,other-legacy-service,,data-destruction,high,low,P1,upgrade_existing_200,https://www.ewastekochi.com/data-destruction/,https://www.ewastekochi.com/data-destruction/,false,false,false,Indexed URL maps to an existing V2 200 page; page retained and reviewed for safe SEO/content/schema.,high,classification_source=v2-live;confirmed_indexed_2026-07-10
https://www.ewastekochi.com/locations/kaloor,/locations/kaloor,www.ewastekochi.com,/locations/kaloor,5,55,,indexed-with-traffic,built_200,location-page,kaloor,kaloor,low,low,P1,build_safe_200,https://www.ewastekochi.com/locations/kaloor/,https://www.ewastekochi.com/locations/kaloor/,false,true,false,Indexed location URL is business-relevant; protected with a safe feasibility-focused 200 page.,high,classification_source=rule;confirmed_indexed_2026-07-10
https://www.ewastekochi.com/e-waste-scrap-prices-kochi,/e-waste-scrap-prices-kochi,www.ewastekochi.com,/e-waste-scrap-prices-kochi,3,106,,indexed-with-traffic,built_200,other-legacy-service,,e-waste-scrap-prices-kochi,high,low,P1,upgrade_existing_200,https://www.ewastekochi.com/e-waste-scrap-prices-kochi/,https://www.ewastekochi.com/e-waste-scrap-prices-kochi/,false,false,false,Indexed URL maps to an existing V2 200 page; page retained and reviewed for safe SEO/content/schema.,high,classification_source=v2-live;confirmed_indexed_2026-07-10
https://www.ewastekochi.com/computer-scrap-buyers-kochi,/computer-scrap-buyers-kochi,www.ewastekochi.com,/computer-scrap-buyers-kochi,3,76,,indexed-with-traffic,built_200,other-legacy-service,,computer-scrap-buyers-kochi,high,low,P1,upgrade_existing_200,https://www.ewastekochi.com/computer-scrap-buyers-kochi/,https://www.ewastekochi.com/computer-scrap-buyers-kochi/,false,false,false,Indexed URL maps to an existing V2 200 page; page retained and reviewed for safe SEO/content/schema.,high,classification_source=v2-live;confirmed_indexed_2026-07-10
https://www.ewastekochi.com/blog/recycling/enterprise/best-recycling-enterprise-kakkanad-9,/blog/recycling/enterprise/best-recycling-enterprise-kakkanad-9,www.ewastekochi.com,/blog/recycling/enterprise/best-recycling-enterprise-kakkanad-9,3,22,,indexed-with-traffic,missing_not_built,blog,,best-recycling-enterprise-kakkanad-9,high,low,P1,manual_review,,,false,false,false,Indexed URL has clicks or 100+ impressions but is not a current V2 page; requires human decision before cutover.,high,classification_source=rule;confirmed_indexed_2026-07-10
https://www.ewastekochi.com/blog/mobile-scrap-price-kochi,/blog/mobile-scrap-price-kochi,www.ewastekochi.com,/blog/mobile-scrap-price-kochi,2,44,,indexed-with-traffic,missing_not_built,blog,,mobile-scrap-price-kochi,high,low,P1,manual_review,,,false,false,false,Indexed URL has clicks or 100+ impressions but is not a current V2 page; requires human decision before cutover.,high,classification_source=rule;confirmed_indexed_2026-07-10
https://www.ewastekochi.com/blog/how-to-choose-itad-provider,/blog/how-to-choose-itad-provider,www.ewastekochi.com,/blog/how-to-choose-itad-provider,2,140,,indexed-with-traffic,missing_not_built,blog,,how-to-choose-itad-provider,high,low,P1,manual_review,,,false,false,false,Indexed URL has clicks or 100+ impressions but is not a current V2 page; requires human decision before cutover.,high,classification_source=rule;confirmed_indexed_2026-07-10
https://www.ewastekochi.com/blog/it-asset-disposal-kochi,/blog/it-asset-disposal-kochi,www.ewastekochi.com,/blog/it-asset-disposal-kochi,1,39,,indexed-with-traffic,missing_not_built,blog,,it-asset-disposal-kochi,high,low,P1,manual_review,,,false,false,false,Indexed URL has clicks or 100+ impressions but is not a current V2 page; requires human decision before cutover.,high,classification_source=rule;confirmed_indexed_2026-07-10
https://www.ewastekochi.com/blog/laptop-scrap-price-kochi,/blog/laptop-scrap-price-kochi,www.ewastekochi.com,/blog/laptop-scrap-price-kochi,1,36,,indexed-with-traffic,missing_not_built,blog,,laptop-scrap-price-kochi,high,low,P1,manual_review,,,false,false,false,Indexed URL has clicks or 100+ impressions but is not a current V2 page; requires human decision before cutover.,high,classification_source=rule;confirmed_indexed_2026-07-10
https://www.ewastekochi.com/blog/ac-scrap-price-kerala,/blog/ac-scrap-price-kerala,www.ewastekochi.com,/blog/ac-scrap-price-kerala,1,22,,indexed-with-traffic,missing_not_built,blog,,ac-scrap-price-kerala,high,low,P1,manual_review,,,false,false,false,Indexed URL has clicks or 100+ impressions but is not a current V2 page; requires human decision before cutover.,high,classification_source=rule;confirmed_indexed_2026-07-10
https://www.ewastekochi.com/blog/server-scrap-price-kochi,/blog/server-scrap-price-kochi,www.ewastekochi.com,/blog/server-scrap-price-kochi,1,15,,indexed-with-traffic,missing_not_built,blog,,server-scrap-price-kochi,high,low,P1,manual_review,,,false,false,false,Indexed URL has clicks or 100+ impressions but is not a current V2 page; requires human decision before cutover.,high,classification_source=rule;confirmed_indexed_2026-07-10
https://www.ewastekochi.com/blog/best-scrap-dealers-kochi-electronics,/blog/best-scrap-dealers-kochi-electronics,www.ewastekochi.com,/blog/best-scrap-dealers-kochi-electronics,1,5,,indexed-with-traffic,missing_not_built,blog,,best-scrap-dealers-kochi-electronics,high,low,P1,manual_review,,,false,false,false,Indexed URL has clicks or 100+ impressions but is not a current V2 page; requires human decision before cutover.,high,classification_source=rule;confirmed_indexed_2026-07-10
https://www.ewastekochi.com/blog/e-waste-management-it-companies,/blog/e-waste-management-it-companies,www.ewastekochi.com,/blog/e-waste-management-it-companies,1,3,,indexed-with-traffic,missing_not_built,blog,,e-waste-management-it-companies,high,low,P1,manual_review,,,false,false,false,Indexed URL has clicks or 100+ impressions but is not a current V2 page; requires human decision before cutover.,high,classification_source=rule;confirmed_indexed_2026-07-10
https://www.ewastekochi.com/blog/bulk-e-waste-disposal-kochi,/blog/bulk-e-waste-disposal-kochi,www.ewastekochi.com,/blog/bulk-e-waste-disposal-kochi,1,3,,indexed-with-traffic,missing_not_built,blog,,bulk-e-waste-disposal-kochi,high,low,P1,manual_review,,,false,false,false,Indexed URL has clicks or 100+ impressions but is not a current V2 page; requires human decision before cutover.,high,classification_source=rule;confirmed_indexed_2026-07-10
https://www.ewastekochi.com/locations/kollam/tv-monitor-recycling-kochi,/locations/kollam/tv-monitor-recycling-kochi,www.ewastekochi.com,/locations/kollam/tv-monitor-recycling-kochi,1,2,,indexed-with-traffic,redirect_configured,location-service-matrix,kollam,tv-monitor-recycling-kochi,high,medium,P1,redirect_301,https://www.ewastekochi.com/tv-recycling-kochi/,https://www.ewastekochi.com/tv-recycling-kochi/,false,false,true,Indexed legacy URL has a relevant one-hop 301 target in vercel.json; do not rebuild as a thin page.,high,classification_source=v2-redirect;confirmed_indexed_2026-07-10
https://www.ewastekochi.com/blog/e-waste-collection-near-me-kochi,/blog/e-waste-collection-near-me-kochi,www.ewastekochi.com,/blog/e-waste-collection-near-me-kochi,1,2,,indexed-with-traffic,missing_not_built,blog,,e-waste-collection-near-me-kochi,high,low,P1,manual_review,,,false,false,false,Indexed URL has clicks or 100+ impressions but is not a current V2 page; requires human decision before cutover.,high,classification_source=rule;confirmed_indexed_2026-07-10
https://www.ewastekochi.com/locations/thrissur/battery-recycling-kochi,/locations/thrissur/battery-recycling-kochi,www.ewastekochi.com,/locations/thrissur/battery-recycling-kochi,0,65,,indexed-with-traffic,redirect_configured,location-service-matrix,thrissur,battery-recycling-kochi,high,medium,P3,redirect_301,https://www.ewastekochi.com/battery-recycling/,https://www.ewastekochi.com/battery-recycling/,false,false,true,Indexed legacy URL has a relevant one-hop 301 target in vercel.json; do not rebuild as a thin page.,low,classification_source=v2-redirect;confirmed_indexed_2026-07-10
https://www.ewastekochi.com/blog/how-destroy-hard-disk-data,/blog/how-destroy-hard-disk-data,www.ewastekochi.com,/blog/how-destroy-hard-disk-data,0,46,,indexed-with-traffic,missing_not_built,blog,,how-destroy-hard-disk-data,high,low,P4,leave_404,,,false,false,false,Indexed legacy/generated URL has no meaningful traffic signal; do not recreate old pSEO risk.,low,classification_source=rule;confirmed_indexed_2026-07-10
https://www.ewastekochi.com/blog/electronic-waste-disposal-kerala,/blog/electronic-waste-disposal-kerala,www.ewastekochi.com,/blog/electronic-waste-disposal-kerala,0,33,,indexed-with-traffic,missing_not_built,blog,,electronic-waste-disposal-kerala,high,low,P4,leave_404,,,false,false,false,Indexed legacy/generated URL has no meaningful traffic signal; do not recreate old pSEO risk.,low,classification_source=rule;confirmed_indexed_2026-07-10
https://www.ewastekochi.com/blog/recycling/enterprise/fast-recycling-enterprise-mg-road-6,/blog/recycling/enterprise/fast-recycling-enterprise-mg-road-6,www.ewastekochi.com,/blog/recycling/enterprise/fast-recycling-enterprise-mg-road-6,0,23,,indexed-with-traffic,missing_not_built,blog,,fast-recycling-enterprise-mg-road-6,high,low,P4,leave_404,,,false,false,false,Indexed legacy/generated URL has no meaningful traffic signal; do not recreate old pSEO risk.,low,classification_source=rule;confirmed_indexed_2026-07-10
https://www.ewastekochi.com/blog/secure-data-destruction-kochi,/blog/secure-data-destruction-kochi,www.ewastekochi.com,/blog/secure-data-destruction-kochi,0,22,,indexed-with-traffic,missing_not_built,blog,,secure-data-destruction-kochi,high,low,P4,leave_404,,,false,false,false,Indexed legacy/generated URL has no meaningful traffic signal; do not recreate old pSEO risk.,low,classification_source=rule;confirmed_indexed_2026-07-10
https://www.ewastekochi.com/buyback/laptops/sell-thinkpad-t458p-kochi,/buyback/laptops/sell-thinkpad-t458p-kochi,www.ewastekochi.com,/buyback/laptops/sell-thinkpad-t458p-kochi,0,22,,indexed-with-traffic,redirect_configured,other-legacy-service,,sell-thinkpad-t458p-kochi,high,low,P4,redirect_301,https://www.ewastekochi.com/sell-electronics/,https://www.ewastekochi.com/sell-electronics/,false,false,true,Indexed legacy URL has a relevant one-hop 301 target in vercel.json; do not rebuild as a thin page.,low,classification_source=rule;confirmed_indexed_2026-07-10;implemented_in_vercel.json_2026-07-15
https://www.ewastekochi.com/nist-data-destruction-kerala,/nist-data-destruction-kerala,www.ewastekochi.com,/nist-data-destruction-kerala,0,20,,indexed-with-traffic,redirect_configured,other-legacy-service,,nist-data-destruction-kerala,high,low,P4,redirect_301,https://www.ewastekochi.com/data-destruction/,https://www.ewastekochi.com/data-destruction/,false,false,true,Indexed legacy URL has a relevant one-hop 301 target in vercel.json; do not rebuild as a thin page.,low,classification_source=rule;confirmed_indexed_2026-07-10;implemented_in_vercel.json_2026-07-15
https://www.ewastekochi.com/server-recycling-kochi,/server-recycling-kochi,www.ewastekochi.com,/server-recycling-kochi,0,20,,indexed-with-traffic,built_200,other-legacy-service,,server-recycling-kochi,high,low,P4,upgrade_existing_200,https://www.ewastekochi.com/server-recycling-kochi/,https://www.ewastekochi.com/server-recycling-kochi/,false,false,false,Indexed URL maps to an existing V2 200 page; page retained and reviewed for safe SEO/content/schema.,low,classification_source=v2-live;confirmed_indexed_2026-07-10
https://www.ewastekochi.com/blog/best-e-waste-recycling-kochi,/blog/best-e-waste-recycling-kochi,www.ewastekochi.com,/blog/best-e-waste-recycling-kochi,0,19,,indexed-with-traffic,missing_not_built,blog,,best-e-waste-recycling-kochi,high,low,P4,leave_404,,,false,false,false,Indexed legacy/generated URL has no meaningful traffic signal; do not recreate old pSEO risk.,low,classification_source=rule;confirmed_indexed_2026-07-10
https://www.ewastekochi.com/data-destruction-services-kochi,/data-destruction-services-kochi,www.ewastekochi.com,/data-destruction-services-kochi,0,16,,indexed-with-traffic,redirect_configured,other-legacy-service,,data-destruction-services-kochi,high,low,P4,redirect_301,https://www.ewastekochi.com/data-destruction/,https://www.ewastekochi.com/data-destruction/,false,false,true,Indexed legacy URL has a relevant one-hop 301 target in vercel.json; do not rebuild as a thin page.,low,classification_source=v2-redirect;confirmed_indexed_2026-07-10
https://www.ewastekochi.com/hard-drive-shredding,/hard-drive-shredding,www.ewastekochi.com,/hard-drive-shredding,0,15,,indexed-with-traffic,built_200,other-legacy-service,,hard-drive-shredding,high,low,P4,upgrade_existing_200,https://www.ewastekochi.com/hard-drive-shredding/,https://www.ewastekochi.com/hard-drive-shredding/,false,false,false,Indexed URL maps to an existing V2 200 page; page retained and reviewed for safe SEO/content/schema.,low,classification_source=v2-live;confirmed_indexed_2026-07-10
https://www.ewastekochi.com/blog/itad/enterprise/best-itad-enterprise-panampilly-nagar-188,/blog/itad/enterprise/best-itad-enterprise-panampilly-nagar-188,www.ewastekochi.com,/blog/itad/enterprise/best-itad-enterprise-panampilly-nagar-188,0,13,,indexed-with-traffic,missing_not_built,blog,,best-itad-enterprise-panampilly-nagar-188,high,low,P4,leave_404,,,false,false,false,Indexed legacy/generated URL has no meaningful traffic signal; do not recreate old pSEO risk.,low,classification_source=rule;confirmed_indexed_2026-07-10
https://www.ewastekochi.com/e-waste-recycling,/e-waste-recycling,www.ewastekochi.com,/e-waste-recycling,0,11,,indexed-with-traffic,redirect_configured,other-legacy-service,,e-waste-recycling,high,low,P4,redirect_301,https://www.ewastekochi.com/recycling/,https://www.ewastekochi.com/recycling/,false,false,true,Indexed legacy URL has a relevant one-hop 301 target in vercel.json; do not rebuild as a thin page.,low,classification_source=v2-redirect;confirmed_indexed_2026-07-10
https://www.ewastekochi.com/blog/nist-800-88-data-wiping,/blog/nist-800-88-data-wiping,www.ewastekochi.com,/blog/nist-800-88-data-wiping,0,9,,indexed-with-traffic,missing_not_built,blog,,nist-800-88-data-wiping,high,low,P4,leave_404,,,false,false,false,Indexed legacy/generated URL has no meaningful traffic signal; do not recreate old pSEO risk.,low,classification_source=rule;confirmed_indexed_2026-07-10
https://www.ewastekochi.com/locations/ewaste-682079,/locations/ewaste-682079,www.ewastekochi.com,/locations/ewaste-682079,0,9,,indexed-with-traffic,missing_not_built,location-page,ewaste-682079,ewaste-682079,medium,low,P2,leave_404,,,false,false,false,Indexed legacy/generated URL has no meaningful traffic signal; do not recreate old pSEO risk.,medium,classification_source=rule;confirmed_indexed_2026-07-10
https://www.ewastekochi.com/ml/services,/ml/services,www.ewastekochi.com,/ml/services,0,9,,indexed-with-traffic,missing_not_built,other-legacy-service,,services,high,low,P4,leave_404,,,false,false,false,Indexed legacy/generated URL has no meaningful traffic signal; do not recreate old pSEO risk.,low,classification_source=rule;confirmed_indexed_2026-07-10
https://www.ewastekochi.com/blog/free-laptop-recycling-kochi,/blog/free-laptop-recycling-kochi,www.ewastekochi.com,/blog/free-laptop-recycling-kochi,0,8,,indexed-with-traffic,missing_not_built,blog,,free-laptop-recycling-kochi,high,low,P4,leave_404,,,false,false,false,Indexed legacy/generated URL has no meaningful traffic signal; do not recreate old pSEO risk.,low,classification_source=rule;confirmed_indexed_2026-07-10
https://www.ewastekochi.com/blog/server-scrap-value-india,/blog/server-scrap-value-india,www.ewastekochi.com,/blog/server-scrap-value-india,0,8,,indexed-with-traffic,missing_not_built,blog,,server-scrap-value-india,high,low,P4,leave_404,,,false,false,false,Indexed legacy/generated URL has no meaningful traffic signal; do not recreate old pSEO risk.,low,classification_source=rule;confirmed_indexed_2026-07-10
https://www.ewastekochi.com/locations/thrippunithura/free-ewaste-pickup-kochi,/locations/thrippunithura/free-ewaste-pickup-kochi,www.ewastekochi.com,/locations/thrippunithura/free-ewaste-pickup-kochi,0,7,,indexed-with-traffic,redirect_configured,location-service-matrix,thrippunithura,free-ewaste-pickup-kochi,high,medium,P3,redirect_301,https://www.ewastekochi.com/pickup/,https://www.ewastekochi.com/pickup/,false,false,true,Indexed legacy URL has a relevant one-hop 301 target in vercel.json; do not rebuild as a thin page.,low,classification_source=v2-redirect;confirmed_indexed_2026-07-10
https://www.ewastekochi.com/blog/itad/enterprise/affordable-itad-enterprise-tripunithura-115,/blog/itad/enterprise/affordable-itad-enterprise-tripunithura-115,www.ewastekochi.com,/blog/itad/enterprise/affordable-itad-enterprise-tripunithura-115,0,7,,indexed-with-traffic,missing_not_built,blog,,affordable-itad-enterprise-tripunithura-115,high,low,P4,leave_404,,,false,false,false,Indexed legacy/generated URL has no meaningful traffic signal; do not recreate old pSEO risk.,low,classification_source=rule;confirmed_indexed_2026-07-10
https://www.ewastekochi.com/blog/why-data-destruction-important-businesses,/blog/why-data-destruction-important-businesses,www.ewastekochi.com,/blog/why-data-destruction-important-businesses,0,7,,indexed-with-traffic,missing_not_built,blog,,why-data-destruction-important-businesses,high,low,P4,leave_404,,,false,false,false,Indexed legacy/generated URL has no meaningful traffic signal; do not recreate old pSEO risk.,low,classification_source=rule;confirmed_indexed_2026-07-10
https://www.ewastekochi.com/blog/itad/enterprise/safe-itad-enterprise-calicut-88,/blog/itad/enterprise/safe-itad-enterprise-calicut-88,www.ewastekochi.com,/blog/itad/enterprise/safe-itad-enterprise-calicut-88,0,6,,indexed-with-traffic,missing_not_built,blog,,safe-itad-enterprise-calicut-88,high,low,P4,leave_404,,,false,false,false,Indexed legacy/generated URL has no meaningful traffic signal; do not recreate old pSEO risk.,low,classification_source=rule;confirmed_indexed_2026-07-10
https://www.ewastekochi.com/blog/itad/enterprise/verified-itad-enterprise-infopark-151,/blog/itad/enterprise/verified-itad-enterprise-infopark-151,www.ewastekochi.com,/blog/itad/enterprise/verified-itad-enterprise-infopark-151,0,6,,indexed-with-traffic,missing_not_built,blog,,verified-itad-enterprise-infopark-151,high,low,P4,leave_404,,,false,false,false,Indexed legacy/generated URL has no meaningful traffic signal; do not recreate old pSEO risk.,low,classification_source=rule;confirmed_indexed_2026-07-10
https://www.ewastekochi.com/locations/fort-kochi/e-waste-recycling-kochi,/locations/fort-kochi/e-waste-recycling-kochi,www.ewastekochi.com,/locations/fort-kochi/e-waste-recycling-kochi,0,6,,indexed-with-traffic,redirect_configured,location-service-matrix,fort-kochi,e-waste-recycling-kochi,high,medium,P3,redirect_301,https://www.ewastekochi.com/recycling/,https://www.ewastekochi.com/recycling/,false,false,true,Indexed legacy URL has a relevant one-hop 301 target in vercel.json; do not rebuild as a thin page.,low,classification_source=v2-redirect;confirmed_indexed_2026-07-10
https://www.ewastekochi.com/blog/itad/enterprise/iso-certified-itad-enterprise-calicut-113,/blog/itad/enterprise/iso-certified-itad-enterprise-calicut-113,www.ewastekochi.com,/blog/itad/enterprise/iso-certified-itad-enterprise-calicut-113,0,6,,indexed-with-traffic,missing_not_built,blog,,iso-certified-itad-enterprise-calicut-113,high,high,P4,leave_404,,,false,false,false,Indexed legacy/generated URL has no meaningful traffic signal; do not recreate old pSEO risk.,low,classification_source=rule;confirmed_indexed_2026-07-10
https://www.ewastekochi.com/blog/economic-benefits-of-data-destruction-in-ernakulam-ernakulam,/blog/economic-benefits-of-data-destruction-in-ernakulam-ernakulam,www.ewastekochi.com,/blog/economic-benefits-of-data-destruction-in-ernakulam-ernakulam,0,5,,indexed-with-traffic,missing_not_built,blog,,economic-benefits-of-data-destruction-in-ernakulam-ernakulam,high,low,P4,leave_404,,,false,false,false,Indexed legacy/generated URL has no meaningful traffic signal; do not recreate old pSEO risk.,low,classification_source=rule;confirmed_indexed_2026-07-10
https://www.ewastekochi.com/blog/old-tv-disposal-kochi,/blog/old-tv-disposal-kochi,www.ewastekochi.com,/blog/old-tv-disposal-kochi,0,5,,indexed-with-traffic,missing_not_built,blog,,old-tv-disposal-kochi,high,low,P4,leave_404,,,false,false,false,Indexed legacy/generated URL has no meaningful traffic signal; do not recreate old pSEO risk.,low,classification_source=rule;confirmed_indexed_2026-07-10
https://www.ewastekochi.com/locations/kottayam/corporate-ewaste-kochi,/locations/kottayam/corporate-ewaste-kochi,www.ewastekochi.com,/locations/kottayam/corporate-ewaste-kochi,0,4,,indexed-with-traffic,missing_not_built,location-service-matrix,kottayam,corporate-ewaste-kochi,high,medium,P3,leave_404,,,false,false,false,Indexed legacy/generated URL has no meaningful traffic signal; do not recreate old pSEO risk.,low,classification_source=rule;confirmed_indexed_2026-07-10
https://www.ewastekochi.com/blog/sell-old-laptop-kochi,/blog/sell-old-laptop-kochi,www.ewastekochi.com,/blog/sell-old-laptop-kochi,0,4,,indexed-with-traffic,built_200,blog,,sell-old-laptop-kochi,high,low,P4,upgrade_existing_200,https://www.ewastekochi.com/blog/sell-old-laptop-kochi/,https://www.ewastekochi.com/blog/sell-old-laptop-kochi/,false,false,false,Indexed URL maps to an existing V2 200 page; page retained and reviewed for safe SEO/content/schema.,low,classification_source=v2-live;confirmed_indexed_2026-07-10
https://www.ewastekochi.com/blog/itad/enterprise/professional-itad-enterprise-thevara-3,/blog/itad/enterprise/professional-itad-enterprise-thevara-3,www.ewastekochi.com,/blog/itad/enterprise/professional-itad-enterprise-thevara-3,0,4,,indexed-with-traffic,missing_not_built,blog,,professional-itad-enterprise-thevara-3,high,low,P4,leave_404,,,false,false,false,Indexed legacy/generated URL has no meaningful traffic signal; do not recreate old pSEO risk.,low,classification_source=rule;confirmed_indexed_2026-07-10
https://www.ewastekochi.com/blog/itad/enterprise/verified-itad-enterprise-trivandrum-165,/blog/itad/enterprise/verified-itad-enterprise-trivandrum-165,www.ewastekochi.com,/blog/itad/enterprise/verified-itad-enterprise-trivandrum-165,0,4,,indexed-with-traffic,missing_not_built,blog,,verified-itad-enterprise-trivandrum-165,high,low,P4,leave_404,,,false,false,false,Indexed legacy/generated URL has no meaningful traffic signal; do not recreate old pSEO risk.,low,classification_source=rule;confirmed_indexed_2026-07-10
https://www.ewastekochi.com/blog/battery-recycling-during-monsoon-kochi,/blog/battery-recycling-during-monsoon-kochi,www.ewastekochi.com,/blog/battery-recycling-during-monsoon-kochi,0,3,,indexed-with-traffic,missing_not_built,blog,,battery-recycling-during-monsoon-kochi,high,low,P4,leave_404,,,false,false,false,Indexed legacy/generated URL has no meaningful traffic signal; do not recreate old pSEO risk.,low,classification_source=rule;confirmed_indexed_2026-07-10
https://www.ewastekochi.com/blog/legal-requirements-for-it-asset-disposition-in-ernakulam-ernakulam,/blog/legal-requirements-for-it-asset-disposition-in-ernakulam-ernakulam,www.ewastekochi.com,/blog/legal-requirements-for-it-asset-disposition-in-ernakulam-ernakulam,0,3,,indexed-with-traffic,missing_not_built,blog,,legal-requirements-for-it-asset-disposition-in-ernakulam-ernakulam,high,low,P4,leave_404,,,false,false,false,Indexed legacy/generated URL has no meaningful traffic signal; do not recreate old pSEO risk.,low,classification_source=rule;confirmed_indexed_2026-07-10
https://www.ewastekochi.com/blog/itad/enterprise/government-approved-itad-enterprise-trivandrum-94,/blog/itad/enterprise/government-approved-itad-enterprise-trivandrum-94,www.ewastekochi.com,/blog/itad/enterprise/government-approved-itad-enterprise-trivandrum-94,0,3,,indexed-with-traffic,missing_not_built,blog,,government-approved-itad-enterprise-trivandrum-94,high,high,P4,leave_404,,,false,false,false,Indexed legacy/generated URL has no meaningful traffic signal; do not recreate old pSEO risk.,low,classification_source=rule;confirmed_indexed_2026-07-10
https://www.ewastekochi.com/blog/computer-scrap-dealers-kochi,/blog/computer-scrap-dealers-kochi,www.ewastekochi.com,/blog/computer-scrap-dealers-kochi,0,3,,indexed-with-traffic,missing_not_built,blog,,computer-scrap-dealers-kochi,high,low,P4,leave_404,,,false,false,false,Indexed legacy/generated URL has no meaningful traffic signal; do not recreate old pSEO risk.,low,classification_source=rule;confirmed_indexed_2026-07-10
https://www.ewastekochi.com/blog/cost-of-data-destruction-in-edappally-2,/blog/cost-of-data-destruction-in-edappally-2,www.ewastekochi.com,/blog/cost-of-data-destruction-in-edappally-2,0,3,,indexed-with-traffic,missing_not_built,blog,,cost-of-data-destruction-in-edappally-2,high,low,P4,leave_404,,,false,false,false,Indexed legacy/generated URL has no meaningful traffic signal; do not recreate old pSEO risk.,low,classification_source=rule;confirmed_indexed_2026-07-10
https://www.ewastekochi.com/locations/kothamangalam/itad-kochi,/locations/kothamangalam/itad-kochi,www.ewastekochi.com,/locations/kothamangalam/itad-kochi,0,3,,indexed-with-traffic,redirect_configured,location-service-matrix,kothamangalam,itad-kochi,high,medium,P3,redirect_301,https://www.ewastekochi.com/itad/,https://www.ewastekochi.com/itad/,false,false,true,Indexed legacy URL has a relevant one-hop 301 target in vercel.json; do not rebuild as a thin page.,low,classification_source=v2-redirect;confirmed_indexed_2026-07-10
https://www.ewastekochi.com/locations/perumbavoor/itad-kochi,/locations/perumbavoor/itad-kochi,www.ewastekochi.com,/locations/perumbavoor/itad-kochi,0,3,,indexed-with-traffic,redirect_configured,location-service-matrix,perumbavoor,itad-kochi,high,medium,P3,redirect_301,https://www.ewastekochi.com/itad/,https://www.ewastekochi.com/itad/,false,false,true,Indexed legacy URL has a relevant one-hop 301 target in vercel.json; do not rebuild as a thin page.,low,classification_source=v2-redirect;confirmed_indexed_2026-07-10
https://www.ewastekochi.com/locations/kollam/certificate-of-destruction-kochi,/locations/kollam/certificate-of-destruction-kochi,www.ewastekochi.com,/locations/kollam/certificate-of-destruction-kochi,0,2,,indexed-with-traffic,redirect_configured,location-service-matrix,kollam,certificate-of-destruction-kochi,high,high,P3,redirect_301,https://www.ewastekochi.com/data-destruction-certificate-sample/,https://www.ewastekochi.com/data-destruction-certificate-sample/,false,false,true,Indexed legacy URL has a relevant one-hop 301 target in vercel.json; do not rebuild as a thin page.,low,classification_source=v2-redirect;confirmed_indexed_2026-07-10
https://www.ewastekochi.com/blog/printer-recycling-kochi,/blog/printer-recycling-kochi,www.ewastekochi.com,/blog/printer-recycling-kochi,0,2,,indexed-with-traffic,missing_not_built,blog,,printer-recycling-kochi,high,low,P4,leave_404,,,false,false,false,Indexed legacy/generated URL has no meaningful traffic signal; do not recreate old pSEO risk.,low,classification_source=rule;confirmed_indexed_2026-07-10
https://www.ewastekochi.com/locations/edappally/printer-recycling-kochi,/locations/edappally/printer-recycling-kochi,www.ewastekochi.com,/locations/edappally/printer-recycling-kochi,0,2,,indexed-with-traffic,missing_not_built,location-service-matrix,edappally,printer-recycling-kochi,high,medium,P3,leave_404,,,false,false,false,Indexed legacy/generated URL has no meaningful traffic signal; do not recreate old pSEO risk.,low,classification_source=rule;confirmed_indexed_2026-07-10
https://www.ewastekochi.com/blog/corporate-data-destruction-services,/blog/corporate-data-destruction-services,www.ewastekochi.com,/blog/corporate-data-destruction-services,0,2,,indexed-with-traffic,missing_not_built,blog,,corporate-data-destruction-services,high,low,P4,leave_404,,,false,false,false,Indexed legacy/generated URL has no meaningful traffic signal; do not recreate old pSEO risk.,low,classification_source=rule;confirmed_indexed_2026-07-10
https://www.ewastekochi.com/locations/kalady/server-recycling-kochi,/locations/kalady/server-recycling-kochi,www.ewastekochi.com,/locations/kalady/server-recycling-kochi,0,2,,indexed-with-traffic,redirect_configured,location-service-matrix,kalady,server-recycling-kochi,high,medium,P3,redirect_301,https://www.ewastekochi.com/server-recycling-kochi/,https://www.ewastekochi.com/server-recycling-kochi/,false,false,true,Indexed legacy URL has a relevant one-hop 301 target in vercel.json; do not rebuild as a thin page.,low,classification_source=v2-redirect;confirmed_indexed_2026-07-10
https://www.ewastekochi.com/blog/office-computer-recycling-kerala,/blog/office-computer-recycling-kerala,www.ewastekochi.com,/blog/office-computer-recycling-kerala,0,2,,indexed-with-traffic,missing_not_built,blog,,office-computer-recycling-kerala,high,low,P4,leave_404,,,false,false,false,Indexed legacy/generated URL has no meaningful traffic signal; do not recreate old pSEO risk.,low,classification_source=rule;confirmed_indexed_2026-07-10
https://www.ewastekochi.com/services/ups-inverter-recycling-kochi,/services/ups-inverter-recycling-kochi,www.ewastekochi.com,/services/ups-inverter-recycling-kochi,0,2,,indexed-with-traffic,missing_not_built,service-page,,ups-inverter-recycling-kochi,low,low,P2,leave_404,,,false,false,false,Indexed legacy/generated URL has no meaningful traffic signal; do not recreate old pSEO risk.,medium,classification_source=rule;confirmed_indexed_2026-07-10
https://www.ewastekochi.com/blog/e-waste-collection-problems-kalamassery,/blog/e-waste-collection-problems-kalamassery,www.ewastekochi.com,/blog/e-waste-collection-problems-kalamassery,0,2,,indexed-with-traffic,missing_not_built,blog,,e-waste-collection-problems-kalamassery,high,low,P4,leave_404,,,false,false,false,Indexed legacy/generated URL has no meaningful traffic signal; do not recreate old pSEO risk.,low,classification_source=rule;confirmed_indexed_2026-07-10
https://www.ewastekochi.com/blog/itad/enterprise/government-approved-itad-enterprise-cheranallur-24,/blog/itad/enterprise/government-approved-itad-enterprise-cheranallur-24,www.ewastekochi.com,/blog/itad/enterprise/government-approved-itad-enterprise-cheranallur-24,0,2,,indexed-with-traffic,missing_not_built,blog,,government-approved-itad-enterprise-cheranallur-24,high,high,P4,leave_404,,,false,false,false,Indexed legacy/generated URL has no meaningful traffic signal; do not recreate old pSEO risk.,low,classification_source=rule;confirmed_indexed_2026-07-10
https://www.ewastekochi.com/locations/kottayam/printer-recycling-kochi,/locations/kottayam/printer-recycling-kochi,www.ewastekochi.com,/locations/kottayam/printer-recycling-kochi,0,2,,indexed-with-traffic,missing_not_built,location-service-matrix,kottayam,printer-recycling-kochi,high,medium,P3,leave_404,,,false,false,false,Indexed legacy/generated URL has no meaningful traffic signal; do not recreate old pSEO risk.,low,classification_source=rule;confirmed_indexed_2026-07-10
https://www.ewastekochi.com/privacy,/privacy,www.ewastekochi.com,/privacy,0,2,,indexed-with-traffic,built_200,other-legacy-service,,privacy,high,low,P4,upgrade_existing_200,https://www.ewastekochi.com/privacy/,https://www.ewastekochi.com/privacy/,false,false,false,Indexed URL maps to an existing V2 200 page; page retained and reviewed for safe SEO/content/schema.,low,classification_source=v2-live;confirmed_indexed_2026-07-10
https://www.ewastekochi.com/blog/itad/enterprise/top-itad-enterprise-mg-road-11,/blog/itad/enterprise/top-itad-enterprise-mg-road-11,www.ewastekochi.com,/blog/itad/enterprise/top-itad-enterprise-mg-road-11,0,2,,indexed-with-traffic,missing_not_built,blog,,top-itad-enterprise-mg-road-11,high,low,P4,leave_404,,,false,false,false,Indexed legacy/generated URL has no meaningful traffic signal; do not recreate old pSEO risk.,low,classification_source=rule;confirmed_indexed_2026-07-10
https://www.ewastekochi.com/locations/kothamangalam/network-equipment-disposal-kochi,/locations/kothamangalam/network-equipment-disposal-kochi,www.ewastekochi.com,/locations/kothamangalam/network-equipment-disposal-kochi,0,2,,indexed-with-traffic,missing_not_built,location-service-matrix,kothamangalam,network-equipment-disposal-kochi,high,medium,P3,leave_404,,,false,false,false,Indexed legacy/generated URL has no meaningful traffic signal; do not recreate old pSEO risk.,low,classification_source=rule;confirmed_indexed_2026-07-10
https://www.ewastekochi.com/locations/kadavanthra/ups-inverter-recycling-kochi,/locations/kadavanthra/ups-inverter-recycling-kochi,www.ewastekochi.com,/locations/kadavanthra/ups-inverter-recycling-kochi,0,1,,indexed-with-traffic,redirect_configured,location-service-matrix,kadavanthra,ups-inverter-recycling-kochi,high,medium,P3,redirect_301,https://www.ewastekochi.com/battery-recycling/,https://www.ewastekochi.com/battery-recycling/,false,false,true,Indexed legacy URL has a relevant one-hop 301 target in vercel.json; do not rebuild as a thin page.,low,classification_source=v2-redirect;confirmed_indexed_2026-07-10
https://www.ewastekochi.com/blog/recycling-electronics-helps-kerala,/blog/recycling-electronics-helps-kerala,www.ewastekochi.com,/blog/recycling-electronics-helps-kerala,0,1,,indexed-with-traffic,missing_not_built,blog,,recycling-electronics-helps-kerala,high,low,P4,leave_404,,,false,false,false,Indexed legacy/generated URL has no meaningful traffic signal; do not recreate old pSEO risk.,low,classification_source=rule;confirmed_indexed_2026-07-10
https://www.ewastekochi.com/locations/kalady/battery-recycling-kochi,/locations/kalady/battery-recycling-kochi,www.ewastekochi.com,/locations/kalady/battery-recycling-kochi,0,1,,indexed-with-traffic,redirect_configured,location-service-matrix,kalady,battery-recycling-kochi,high,medium,P3,redirect_301,https://www.ewastekochi.com/battery-recycling/,https://www.ewastekochi.com/battery-recycling/,false,false,true,Indexed legacy URL has a relevant one-hop 301 target in vercel.json; do not rebuild as a thin page.,low,classification_source=v2-redirect;confirmed_indexed_2026-07-10
https://www.ewastekochi.com/blog/what-is-ewaste,/blog/what-is-ewaste,www.ewastekochi.com,/blog/what-is-ewaste,0,1,,indexed-with-traffic,built_200,blog,,what-is-ewaste,high,low,P4,upgrade_existing_200,https://www.ewastekochi.com/blog/what-is-ewaste/,https://www.ewastekochi.com/blog/what-is-ewaste/,false,false,false,Indexed URL maps to an existing V2 200 page; page retained and reviewed for safe SEO/content/schema.,low,classification_source=v2-live;confirmed_indexed_2026-07-10
https://www.ewastekochi.com/locations/infopark-kochi/battery-recycling-kochi,/locations/infopark-kochi/battery-recycling-kochi,www.ewastekochi.com,/locations/infopark-kochi/battery-recycling-kochi,0,1,,indexed-with-traffic,redirect_configured,location-service-matrix,infopark-kochi,battery-recycling-kochi,high,medium,P3,redirect_301,https://www.ewastekochi.com/battery-recycling/,https://www.ewastekochi.com/battery-recycling/,false,false,true,Indexed legacy URL has a relevant one-hop 301 target in vercel.json; do not rebuild as a thin page.,low,classification_source=v2-redirect;confirmed_indexed_2026-07-10
https://www.ewastekochi.com/locations/willingdon-island/server-recycling-kochi,/locations/willingdon-island/server-recycling-kochi,www.ewastekochi.com,/locations/willingdon-island/server-recycling-kochi,0,1,,indexed-with-traffic,redirect_configured,location-service-matrix,willingdon-island,server-recycling-kochi,high,medium,P3,redirect_301,https://www.ewastekochi.com/server-recycling-kochi/,https://www.ewastekochi.com/server-recycling-kochi/,false,false,true,Indexed legacy URL has a relevant one-hop 301 target in vercel.json; do not rebuild as a thin page.,low,classification_source=v2-redirect;confirmed_indexed_2026-07-10
https://www.ewastekochi.com/locations/kottayam/itad-kochi,/locations/kottayam/itad-kochi,www.ewastekochi.com,/locations/kottayam/itad-kochi,0,1,,indexed-with-traffic,redirect_configured,location-service-matrix,kottayam,itad-kochi,high,medium,P3,redirect_301,https://www.ewastekochi.com/itad/,https://www.ewastekochi.com/itad/,false,false,true,Indexed legacy URL has a relevant one-hop 301 target in vercel.json; do not rebuild as a thin page.,low,classification_source=v2-redirect;confirmed_indexed_2026-07-10
https://www.ewastekochi.com/locations/thrikkakara/hard-drive-shredding-kochi,/locations/thrikkakara/hard-drive-shredding-kochi,www.ewastekochi.com,/locations/thrikkakara/hard-drive-shredding-kochi,0,1,,indexed-with-traffic,redirect_configured,location-service-matrix,thrikkakara,hard-drive-shredding-kochi,high,medium,P3,redirect_301,https://www.ewastekochi.com/hard-drive-shredding/,https://www.ewastekochi.com/hard-drive-shredding/,false,false,true,Indexed legacy URL has a relevant one-hop 301 target in vercel.json; do not rebuild as a thin page.,low,classification_source=v2-redirect;confirmed_indexed_2026-07-10
https://www.ewastekochi.com/locations/thrippunithura/ups-inverter-recycling-kochi,/locations/thrippunithura/ups-inverter-recycling-kochi,www.ewastekochi.com,/locations/thrippunithura/ups-inverter-recycling-kochi,0,1,,indexed-with-traffic,redirect_configured,location-service-matrix,thrippunithura,ups-inverter-recycling-kochi,high,medium,P3,redirect_301,https://www.ewastekochi.com/battery-recycling/,https://www.ewastekochi.com/battery-recycling/,false,false,true,Indexed legacy URL has a relevant one-hop 301 target in vercel.json; do not rebuild as a thin page.,low,classification_source=v2-redirect;confirmed_indexed_2026-07-10
https://www.ewastekochi.com/locations/north-paravur/battery-recycling-kochi,/locations/north-paravur/battery-recycling-kochi,www.ewastekochi.com,/locations/north-paravur/battery-recycling-kochi,0,1,,indexed-with-traffic,redirect_configured,location-service-matrix,north-paravur,battery-recycling-kochi,high,medium,P3,redirect_301,https://www.ewastekochi.com/battery-recycling/,https://www.ewastekochi.com/battery-recycling/,false,false,true,Indexed legacy URL has a relevant one-hop 301 target in vercel.json; do not rebuild as a thin page.,low,classification_source=v2-redirect;confirmed_indexed_2026-07-10
https://www.ewastekochi.com/locations/vyttila/mobile-recycling-kochi,/locations/vyttila/mobile-recycling-kochi,www.ewastekochi.com,/locations/vyttila/mobile-recycling-kochi,0,1,,indexed-with-traffic,missing_not_built,location-service-matrix,vyttila,mobile-recycling-kochi,high,medium,P3,leave_404,,,false,false,false,Indexed legacy/generated URL has no meaningful traffic signal; do not recreate old pSEO risk.,low,classification_source=rule;confirmed_indexed_2026-07-10
https://www.ewastekochi.com/blog/environmental-impact-ewaste,/blog/environmental-impact-ewaste,www.ewastekochi.com,/blog/environmental-impact-ewaste,0,1,,indexed-with-traffic,missing_not_built,blog,,environmental-impact-ewaste,high,low,P4,leave_404,,,false,false,false,Indexed legacy/generated URL has no meaningful traffic signal; do not recreate old pSEO risk.,low,classification_source=rule;confirmed_indexed_2026-07-10
https://www.ewastekochi.com/blog/where-sell-ewaste-near-me,/blog/where-sell-ewaste-near-me,www.ewastekochi.com,/blog/where-sell-ewaste-near-me,0,1,,indexed-with-traffic,missing_not_built,blog,,where-sell-ewaste-near-me,high,low,P4,leave_404,,,false,false,false,Indexed legacy/generated URL has no meaningful traffic signal; do not recreate old pSEO risk.,low,classification_source=rule;confirmed_indexed_2026-07-10
https://www.ewastekochi.com/blog/why-companies-destroy-data,/blog/why-companies-destroy-data,www.ewastekochi.com,/blog/why-companies-destroy-data,0,1,,indexed-with-traffic,missing_not_built,blog,,why-companies-destroy-data,high,low,P4,leave_404,,,false,false,false,Indexed legacy/generated URL has no meaningful traffic signal; do not recreate old pSEO risk.,low,classification_source=rule;confirmed_indexed_2026-07-10
https://www.ewastekochi.com/blog/hdd-vs-ssd-destruction,/blog/hdd-vs-ssd-destruction,www.ewastekochi.com,/blog/hdd-vs-ssd-destruction,0,1,,indexed-with-traffic,missing_not_built,blog,,hdd-vs-ssd-destruction,high,low,P4,leave_404,,,false,false,false,Indexed legacy/generated URL has no meaningful traffic signal; do not recreate old pSEO risk.,low,classification_source=rule;confirmed_indexed_2026-07-10
https://www.ewastekochi.com/locations/kalamassery/certificate-of-destruction-kochi,/locations/kalamassery/certificate-of-destruction-kochi,www.ewastekochi.com,/locations/kalamassery/certificate-of-destruction-kochi,0,1,,indexed-with-traffic,redirect_configured,location-service-matrix,kalamassery,certificate-of-destruction-kochi,high,high,P3,redirect_301,https://www.ewastekochi.com/locations/kalamassery/,https://www.ewastekochi.com/locations/kalamassery/,false,false,true,Indexed legacy URL has a relevant one-hop 301 target in vercel.json; do not rebuild as a thin page.,low,classification_source=v2-redirect;confirmed_indexed_2026-07-10
https://www.ewastekochi.com/locations/kollam/server-recycling-kochi,/locations/kollam/server-recycling-kochi,www.ewastekochi.com,/locations/kollam/server-recycling-kochi,0,1,,indexed-with-traffic,redirect_configured,location-service-matrix,kollam,server-recycling-kochi,high,medium,P3,redirect_301,https://www.ewastekochi.com/server-recycling-kochi/,https://www.ewastekochi.com/server-recycling-kochi/,false,false,true,Indexed legacy URL has a relevant one-hop 301 target in vercel.json; do not rebuild as a thin page.,low,classification_source=v2-redirect;confirmed_indexed_2026-07-10
https://www.ewastekochi.com/locations/edappally/itad-kochi,/locations/edappally/itad-kochi,www.ewastekochi.com,/locations/edappally/itad-kochi,0,1,,indexed-with-traffic,redirect_configured,location-service-matrix,edappally,itad-kochi,high,medium,P3,redirect_301,https://www.ewastekochi.com/itad/,https://www.ewastekochi.com/itad/,false,false,true,Indexed legacy URL has a relevant one-hop 301 target in vercel.json; do not rebuild as a thin page.,low,classification_source=v2-redirect;confirmed_indexed_2026-07-10
https://www.ewastekochi.com/locations/thrissur/certificate-of-destruction-kochi,/locations/thrissur/certificate-of-destruction-kochi,www.ewastekochi.com,/locations/thrissur/certificate-of-destruction-kochi,0,1,,indexed-with-traffic,redirect_configured,location-service-matrix,thrissur,certificate-of-destruction-kochi,high,high,P3,redirect_301,https://www.ewastekochi.com/data-destruction-certificate-sample/,https://www.ewastekochi.com/data-destruction-certificate-sample/,false,false,true,Indexed legacy URL has a relevant one-hop 301 target in vercel.json; do not rebuild as a thin page.,low,classification_source=v2-redirect;confirmed_indexed_2026-07-10
https://blog.ewastekochi.com/corporate-ewaste-disposal-kochi,blog.ewastekochi.com/corporate-ewaste-disposal-kochi,blog.ewastekochi.com,blog.ewastekochi.com/corporate-ewaste-disposal-kochi,0,0,"Jul 3, 2026",indexed,external_subdomain_indexed,subdomain-blog,,corporate-ewaste-disposal-kochi,medium,medium,P4,manual_review,,,false,false,false,Indexed blog subdomain URL has no current traffic; track separately and decide subdomain strategy later.,medium,classification_source=indexed-pages-crosscheck-2026-07-10
https://blog.ewastekochi.com/e-waste-recycling-aluva,blog.ewastekochi.com/e-waste-recycling-aluva,blog.ewastekochi.com,blog.ewastekochi.com/e-waste-recycling-aluva,0,0,"Jul 3, 2026",indexed,external_subdomain_indexed,subdomain-blog,,e-waste-recycling-aluva,medium,medium,P4,manual_review,,,false,false,false,Indexed blog subdomain URL has no current traffic; track separately and decide subdomain strategy later.,medium,classification_source=indexed-pages-crosscheck-2026-07-10
https://blog.ewastekochi.com/e-waste-recycling-edappally,blog.ewastekochi.com/e-waste-recycling-edappally,blog.ewastekochi.com,blog.ewastekochi.com/e-waste-recycling-edappally,0,0,"Jul 3, 2026",indexed,external_subdomain_indexed,subdomain-blog,,e-waste-recycling-edappally,medium,medium,P4,manual_review,,,false,false,false,Indexed blog subdomain URL has no current traffic; track separately and decide subdomain strategy later.,medium,classification_source=indexed-pages-crosscheck-2026-07-10
https://blog.ewastekochi.com/ewaste-business-startup-cost-calculator,blog.ewastekochi.com/ewaste-business-startup-cost-calculator,blog.ewastekochi.com,blog.ewastekochi.com/ewaste-business-startup-cost-calculator,0,0,"Jul 3, 2026",indexed,external_subdomain_indexed,subdomain-blog,,ewaste-business-startup-cost-calculator,medium,medium,P4,manual_review,,,false,false,false,Indexed blog subdomain URL has no current traffic; track separately and decide subdomain strategy later.,medium,classification_source=indexed-pages-crosscheck-2026-07-10
https://blog.ewastekochi.com/electronics-scrap-price-checklist,blog.ewastekochi.com/electronics-scrap-price-checklist,blog.ewastekochi.com,blog.ewastekochi.com/electronics-scrap-price-checklist,0,0,"Jul 3, 2026",indexed,external_subdomain_indexed,subdomain-blog,,electronics-scrap-price-checklist,medium,medium,P4,manual_review,,,false,false,false,Indexed blog subdomain URL has no current traffic; track separately and decide subdomain strategy later.,medium,classification_source=indexed-pages-crosscheck-2026-07-10
https://blog.ewastekochi.com/hard-drive-destruction-certificate-template,blog.ewastekochi.com/hard-drive-destruction-certificate-template,blog.ewastekochi.com,blog.ewastekochi.com/hard-drive-destruction-certificate-template,0,0,"Jul 3, 2026",indexed,external_subdomain_indexed,subdomain-blog,,hard-drive-destruction-certificate-template,medium,medium,P4,manual_review,,,false,false,false,Indexed blog subdomain URL has no current traffic; track separately and decide subdomain strategy later.,medium,classification_source=indexed-pages-crosscheck-2026-07-10
https://blog.ewastekochi.com/pillars/green-e-waste-disposal-methods,blog.ewastekochi.com/pillars/green-e-waste-disposal-methods,blog.ewastekochi.com,blog.ewastekochi.com/pillars/green-e-waste-disposal-methods,0,0,"Jul 3, 2026",indexed,external_subdomain_indexed,subdomain-blog,,green-e-waste-disposal-methods,medium,medium,P4,manual_review,,,false,false,false,Indexed blog subdomain URL has no current traffic; track separately and decide subdomain strategy later.,medium,classification_source=indexed-pages-crosscheck-2026-07-10
https://blog.ewastekochi.com/pillars/bulk-e-waste,blog.ewastekochi.com/pillars/bulk-e-waste,blog.ewastekochi.com,blog.ewastekochi.com/pillars/bulk-e-waste,0,0,"Jul 2, 2026",indexed,external_subdomain_indexed,subdomain-blog,,bulk-e-waste,medium,medium,P4,manual_review,,,false,false,false,Indexed blog subdomain URL has no current traffic; track separately and decide subdomain strategy later.,medium,classification_source=indexed-pages-crosscheck-2026-07-10
https://blog.ewastekochi.com/pillars/e-waste-collection,blog.ewastekochi.com/pillars/e-waste-collection,blog.ewastekochi.com,blog.ewastekochi.com/pillars/e-waste-collection,0,0,"Jul 2, 2026",indexed,external_subdomain_indexed,subdomain-blog,,e-waste-collection,medium,medium,P4,manual_review,,,false,false,false,Indexed blog subdomain URL has no current traffic; track separately and decide subdomain strategy later.,medium,classification_source=indexed-pages-crosscheck-2026-07-10
https://blog.ewastekochi.com/ups-battery-recycling-kochi,blog.ewastekochi.com/ups-battery-recycling-kochi,blog.ewastekochi.com,blog.ewastekochi.com/ups-battery-recycling-kochi,0,0,"Jul 2, 2026",indexed,external_subdomain_indexed,subdomain-blog,,ups-battery-recycling-kochi,medium,medium,P4,manual_review,,,false,false,false,Indexed blog subdomain URL has no current traffic; track separately and decide subdomain strategy later.,medium,classification_source=indexed-pages-crosscheck-2026-07-10
https://blog.ewastekochi.com/pillars/e-waste-recycling,blog.ewastekochi.com/pillars/e-waste-recycling,blog.ewastekochi.com,blog.ewastekochi.com/pillars/e-waste-recycling,0,0,"Jul 2, 2026",indexed,external_subdomain_indexed,subdomain-blog,,e-waste-recycling,medium,medium,P4,manual_review,,,false,false,false,Indexed blog subdomain URL has no current traffic; track separately and decide subdomain strategy later.,medium,classification_source=indexed-pages-crosscheck-2026-07-10
https://blog.ewastekochi.com/pillars/data-destruction,blog.ewastekochi.com/pillars/data-destruction,blog.ewastekochi.com,blog.ewastekochi.com/pillars/data-destruction,0,0,"Jul 2, 2026",indexed,external_subdomain_indexed,subdomain-blog,,data-destruction,medium,medium,P4,manual_review,,,false,false,false,Indexed blog subdomain URL has no current traffic; track separately and decide subdomain strategy later.,medium,classification_source=indexed-pages-crosscheck-2026-07-10
https://blog.ewastekochi.com/laptop-recycling-kochi,blog.ewastekochi.com/laptop-recycling-kochi,blog.ewastekochi.com,blog.ewastekochi.com/laptop-recycling-kochi,0,0,"Jul 2, 2026",indexed,external_subdomain_indexed,subdomain-blog,,laptop-recycling-kochi,medium,medium,P4,manual_review,,,false,false,false,Indexed blog subdomain URL has no current traffic; track separately and decide subdomain strategy later.,medium,classification_source=indexed-pages-crosscheck-2026-07-10
https://blog.ewastekochi.com/e-waste-collection-near-me,blog.ewastekochi.com/e-waste-collection-near-me,blog.ewastekochi.com,blog.ewastekochi.com/e-waste-collection-near-me,0,0,"Jul 2, 2026",indexed,external_subdomain_indexed,subdomain-blog,,e-waste-collection-near-me,medium,medium,P4,manual_review,,,false,false,false,Indexed blog subdomain URL has no current traffic; track separately and decide subdomain strategy later.,medium,classification_source=indexed-pages-crosscheck-2026-07-10
https://blog.ewastekochi.com/pillars/laptop-disposal,blog.ewastekochi.com/pillars/laptop-disposal,blog.ewastekochi.com,blog.ewastekochi.com/pillars/laptop-disposal,0,0,"Jul 2, 2026",indexed,external_subdomain_indexed,subdomain-blog,,laptop-disposal,medium,medium,P4,manual_review,,,false,false,false,Indexed blog subdomain URL has no current traffic; track separately and decide subdomain strategy later.,medium,classification_source=indexed-pages-crosscheck-2026-07-10
https://blog.ewastekochi.com/pillars/how-to-choose-an-e-waste-recycler,blog.ewastekochi.com/pillars/how-to-choose-an-e-waste-recycler,blog.ewastekochi.com,blog.ewastekochi.com/pillars/how-to-choose-an-e-waste-recycler,0,0,"Jul 2, 2026",indexed,external_subdomain_indexed,subdomain-blog,,how-to-choose-an-e-waste-recycler,medium,medium,P4,manual_review,,,false,false,false,Indexed blog subdomain URL has no current traffic; track separately and decide subdomain strategy later.,medium,classification_source=indexed-pages-crosscheck-2026-07-10
https://blog.ewastekochi.com/mobile-phone-recycling-kochi,blog.ewastekochi.com/mobile-phone-recycling-kochi,blog.ewastekochi.com,blog.ewastekochi.com/mobile-phone-recycling-kochi,0,0,"Jul 2, 2026",indexed,external_subdomain_indexed,subdomain-blog,,mobile-phone-recycling-kochi,medium,medium,P4,manual_review,,,false,false,false,Indexed blog subdomain URL has no current traffic; track separately and decide subdomain strategy later.,medium,classification_source=indexed-pages-crosscheck-2026-07-10
https://blog.ewastekochi.com/e-waste-recycling-cost-calculator,blog.ewastekochi.com/e-waste-recycling-cost-calculator,blog.ewastekochi.com,blog.ewastekochi.com/e-waste-recycling-cost-calculator,0,0,"Jul 2, 2026",indexed,external_subdomain_indexed,subdomain-blog,,e-waste-recycling-cost-calculator,medium,medium,P4,manual_review,,,false,false,false,Indexed blog subdomain URL has no current traffic; track separately and decide subdomain strategy later.,medium,classification_source=indexed-pages-crosscheck-2026-07-10
https://blog.ewastekochi.com/e-waste-recycling-kakkanad,blog.ewastekochi.com/e-waste-recycling-kakkanad,blog.ewastekochi.com,blog.ewastekochi.com/e-waste-recycling-kakkanad,0,0,"Jul 2, 2026",indexed,external_subdomain_indexed,subdomain-blog,,e-waste-recycling-kakkanad,medium,medium,P4,manual_review,,,false,false,false,Indexed blog subdomain URL has no current traffic; track separately and decide subdomain strategy later.,medium,classification_source=indexed-pages-crosscheck-2026-07-10
https://blog.ewastekochi.com/data-security-disposal-checklist,blog.ewastekochi.com/data-security-disposal-checklist,blog.ewastekochi.com,blog.ewastekochi.com/data-security-disposal-checklist,0,0,"Jul 2, 2026",indexed,external_subdomain_indexed,subdomain-blog,,data-security-disposal-checklist,medium,medium,P4,manual_review,,,false,false,false,Indexed blog subdomain URL has no current traffic; track separately and decide subdomain strategy later.,medium,classification_source=indexed-pages-crosscheck-2026-07-10
https://blog.ewastekochi.com/it-asset-disposal-kochi,blog.ewastekochi.com/it-asset-disposal-kochi,blog.ewastekochi.com,blog.ewastekochi.com/it-asset-disposal-kochi,0,0,"Jul 2, 2026",indexed,external_subdomain_indexed,subdomain-blog,,it-asset-disposal-kochi,medium,medium,P4,manual_review,,,false,false,false,Indexed blog subdomain URL has no current traffic; track separately and decide subdomain strategy later.,medium,classification_source=indexed-pages-crosscheck-2026-07-10
https://blog.ewastekochi.com/pillars/it-asset-disposal,blog.ewastekochi.com/pillars/it-asset-disposal,blog.ewastekochi.com,blog.ewastekochi.com/pillars/it-asset-disposal,0,0,"Jul 2, 2026",indexed,external_subdomain_indexed,subdomain-blog,,it-asset-disposal,medium,medium,P4,manual_review,,,false,false,false,Indexed blog subdomain URL has no current traffic; track separately and decide subdomain strategy later.,medium,classification_source=indexed-pages-crosscheck-2026-07-10
https://blog.ewastekochi.com/e-waste-recycling-fort-kochi,blog.ewastekochi.com/e-waste-recycling-fort-kochi,blog.ewastekochi.com,blog.ewastekochi.com/e-waste-recycling-fort-kochi,0,0,"Jul 2, 2026",indexed,external_subdomain_indexed,subdomain-blog,,e-waste-recycling-fort-kochi,medium,medium,P4,manual_review,,,false,false,false,Indexed blog subdomain URL has no current traffic; track separately and decide subdomain strategy later.,medium,classification_source=indexed-pages-crosscheck-2026-07-10
https://blog.ewastekochi.com/inverter-battery-recycling-kochi,blog.ewastekochi.com/inverter-battery-recycling-kochi,blog.ewastekochi.com,blog.ewastekochi.com/inverter-battery-recycling-kochi,0,0,"Jul 2, 2026",indexed,external_subdomain_indexed,subdomain-blog,,inverter-battery-recycling-kochi,medium,medium,P4,manual_review,,,false,false,false,Indexed blog subdomain URL has no current traffic; track separately and decide subdomain strategy later.,medium,classification_source=indexed-pages-crosscheck-2026-07-10
https://blog.ewastekochi.com/e-waste-recycling-thrippunithura,blog.ewastekochi.com/e-waste-recycling-thrippunithura,blog.ewastekochi.com,blog.ewastekochi.com/e-waste-recycling-thrippunithura,0,0,"Jul 2, 2026",indexed,external_subdomain_indexed,subdomain-blog,,e-waste-recycling-thrippunithura,medium,medium,P4,manual_review,,,false,false,false,Indexed blog subdomain URL has no current traffic; track separately and decide subdomain strategy later.,medium,classification_source=indexed-pages-crosscheck-2026-07-10
https://blog.ewastekochi.com/where-to-recycle-batteries,blog.ewastekochi.com/where-to-recycle-batteries,blog.ewastekochi.com,blog.ewastekochi.com/where-to-recycle-batteries,0,0,"Jul 2, 2026",indexed,external_subdomain_indexed,subdomain-blog,,where-to-recycle-batteries,medium,medium,P4,manual_review,,,false,false,false,Indexed blog subdomain URL has no current traffic; track separately and decide subdomain strategy later.,medium,classification_source=indexed-pages-crosscheck-2026-07-10
https://blog.ewastekochi.com/pillars/electronics-waste-management-strategies,blog.ewastekochi.com/pillars/electronics-waste-management-strategies,blog.ewastekochi.com,blog.ewastekochi.com/pillars/electronics-waste-management-strategies,0,0,"Jul 2, 2026",indexed,external_subdomain_indexed,subdomain-blog,,electronics-waste-management-strategies,medium,medium,P4,manual_review,,,false,false,false,Indexed blog subdomain URL has no current traffic; track separately and decide subdomain strategy later.,medium,classification_source=indexed-pages-crosscheck-2026-07-10
https://blog.ewastekochi.com/pillars/e-waste-recycling-process,blog.ewastekochi.com/pillars/e-waste-recycling-process,blog.ewastekochi.com,blog.ewastekochi.com/pillars/e-waste-recycling-process,0,0,"Jul 2, 2026",indexed,external_subdomain_indexed,subdomain-blog,,e-waste-recycling-process,medium,medium,P4,manual_review,,,false,false,false,Indexed blog subdomain URL has no current traffic; track separately and decide subdomain strategy later.,medium,classification_source=indexed-pages-crosscheck-2026-07-10
https://blog.ewastekochi.com/pillars/e-waste-data-security,blog.ewastekochi.com/pillars/e-waste-data-security,blog.ewastekochi.com,blog.ewastekochi.com/pillars/e-waste-data-security,0,0,"Jul 2, 2026",indexed,external_subdomain_indexed,subdomain-blog,,e-waste-data-security,medium,medium,P4,manual_review,,,false,false,false,Indexed blog subdomain URL has no current traffic; track separately and decide subdomain strategy later.,medium,classification_source=indexed-pages-crosscheck-2026-07-10
https://blog.ewastekochi.com/hard-drive-shredding-kochi,blog.ewastekochi.com/hard-drive-shredding-kochi,blog.ewastekochi.com,blog.ewastekochi.com/hard-drive-shredding-kochi,0,0,"Jul 2, 2026",indexed,external_subdomain_indexed,subdomain-blog,,hard-drive-shredding-kochi,medium,medium,P4,manual_review,,,false,false,false,Indexed blog subdomain URL has no current traffic; track separately and decide subdomain strategy later.,medium,classification_source=indexed-pages-crosscheck-2026-07-10
https://blog.ewastekochi.com/battery-disposal-safety-checklist,blog.ewastekochi.com/battery-disposal-safety-checklist,blog.ewastekochi.com,blog.ewastekochi.com/battery-disposal-safety-checklist,0,0,"Jul 2, 2026",indexed,external_subdomain_indexed,subdomain-blog,,battery-disposal-safety-checklist,medium,medium,P4,manual_review,,,false,false,false,Indexed blog subdomain URL has no current traffic; track separately and decide subdomain strategy later.,medium,classification_source=indexed-pages-crosscheck-2026-07-10
https://blog.ewastekochi.com/school-ewaste-drive-checklist,blog.ewastekochi.com/school-ewaste-drive-checklist,blog.ewastekochi.com,blog.ewastekochi.com/school-ewaste-drive-checklist,0,0,"Jul 2, 2026",indexed,external_subdomain_indexed,subdomain-blog,,school-ewaste-drive-checklist,medium,medium,P4,manual_review,,,false,false,false,Indexed blog subdomain URL has no current traffic; track separately and decide subdomain strategy later.,medium,classification_source=indexed-pages-crosscheck-2026-07-10
https://blog.ewastekochi.com/pillars/safe-e-waste-handling-storage,blog.ewastekochi.com/pillars/safe-e-waste-handling-storage,blog.ewastekochi.com,blog.ewastekochi.com/pillars/safe-e-waste-handling-storage,0,0,"Jul 2, 2026",indexed,external_subdomain_indexed,subdomain-blog,,safe-e-waste-handling-storage,medium,medium,P4,manual_review,,,false,false,false,Indexed blog subdomain URL has no current traffic; track separately and decide subdomain strategy later.,medium,classification_source=indexed-pages-crosscheck-2026-07-10
https://blog.ewastekochi.com/safe-ewaste-storage-checklist,blog.ewastekochi.com/safe-ewaste-storage-checklist,blog.ewastekochi.com,blog.ewastekochi.com/safe-ewaste-storage-checklist,0,0,"Jul 2, 2026",indexed,external_subdomain_indexed,subdomain-blog,,safe-ewaste-storage-checklist,medium,medium,P4,manual_review,,,false,false,false,Indexed blog subdomain URL has no current traffic; track separately and decide subdomain strategy later.,medium,classification_source=indexed-pages-crosscheck-2026-07-10
https://blog.ewastekochi.com/ewaste-health-risk-checklist,blog.ewastekochi.com/ewaste-health-risk-checklist,blog.ewastekochi.com,blog.ewastekochi.com/ewaste-health-risk-checklist,0,0,"Jul 2, 2026",indexed,external_subdomain_indexed,subdomain-blog,,ewaste-health-risk-checklist,medium,medium,P4,manual_review,,,false,false,false,Indexed blog subdomain URL has no current traffic; track separately and decide subdomain strategy later.,medium,classification_source=indexed-pages-crosscheck-2026-07-10
https://blog.ewastekochi.com/laptop-data-wipe-checklist,blog.ewastekochi.com/laptop-data-wipe-checklist,blog.ewastekochi.com,blog.ewastekochi.com/laptop-data-wipe-checklist,0,0,"Jul 2, 2026",indexed,external_subdomain_indexed,subdomain-blog,,laptop-data-wipe-checklist,medium,medium,P4,manual_review,,,false,false,false,Indexed blog subdomain URL has no current traffic; track separately and decide subdomain strategy later.,medium,classification_source=indexed-pages-crosscheck-2026-07-10
https://blog.ewastekochi.com/epr-compliance-checklist-india,blog.ewastekochi.com/epr-compliance-checklist-india,blog.ewastekochi.com,blog.ewastekochi.com/epr-compliance-checklist-india,0,0,"Jul 2, 2026",indexed,external_subdomain_indexed,subdomain-blog,,epr-compliance-checklist-india,medium,medium,P4,manual_review,,,false,false,false,Indexed blog subdomain URL has no current traffic; track separately and decide subdomain strategy later.,medium,classification_source=indexed-pages-crosscheck-2026-07-10
https://blog.ewastekochi.com/esg-ewaste-reporting-template,blog.ewastekochi.com/esg-ewaste-reporting-template,blog.ewastekochi.com,blog.ewastekochi.com/esg-ewaste-reporting-template,0,0,"Jul 2, 2026",indexed,external_subdomain_indexed,subdomain-blog,,esg-ewaste-reporting-template,medium,medium,P4,manual_review,,,false,false,false,Indexed blog subdomain URL has no current traffic; track separately and decide subdomain strategy later.,medium,classification_source=indexed-pages-crosscheck-2026-07-10
https://blog.ewastekochi.com/e-waste-recycling-kalamassery,blog.ewastekochi.com/e-waste-recycling-kalamassery,blog.ewastekochi.com,blog.ewastekochi.com/e-waste-recycling-kalamassery,0,0,"Jul 2, 2026",indexed,external_subdomain_indexed,subdomain-blog,,e-waste-recycling-kalamassery,medium,medium,P4,manual_review,,,false,false,false,Indexed blog subdomain URL has no current traffic; track separately and decide subdomain strategy later.,medium,classification_source=indexed-pages-crosscheck-2026-07-10
https://blog.ewastekochi.com/recycling-equipment-buyer-guide,blog.ewastekochi.com/recycling-equipment-buyer-guide,blog.ewastekochi.com,blog.ewastekochi.com/recycling-equipment-buyer-guide,0,0,"Jul 2, 2026",indexed,external_subdomain_indexed,subdomain-blog,,recycling-equipment-buyer-guide,medium,medium,P4,manual_review,,,false,false,false,Indexed blog subdomain URL has no current traffic; track separately and decide subdomain strategy later.,medium,classification_source=indexed-pages-crosscheck-2026-07-10
https://blog.ewastekochi.com/,blog.ewastekochi.com/,blog.ewastekochi.com,blog.ewastekochi.com/,0,0,"Jul 2, 2026",indexed,external_subdomain_indexed,subdomain-blog,,,medium,medium,P4,manual_review,,,false,false,false,Indexed blog subdomain URL has no current traffic; track separately and decide subdomain strategy later.,medium,classification_source=indexed-pages-crosscheck-2026-07-10
https://blog.ewastekochi.com/pillars/e-waste-legislation-compliance-india,blog.ewastekochi.com/pillars/e-waste-legislation-compliance-india,blog.ewastekochi.com,blog.ewastekochi.com/pillars/e-waste-legislation-compliance-india,0,0,"Jul 2, 2026",indexed,external_subdomain_indexed,subdomain-blog,,e-waste-legislation-compliance-india,medium,medium,P4,manual_review,,,false,false,false,Indexed blog subdomain URL has no current traffic; track separately and decide subdomain strategy later.,medium,classification_source=indexed-pages-crosscheck-2026-07-10
https://blog.ewastekochi.com/pillars/e-waste-regulations,blog.ewastekochi.com/pillars/e-waste-regulations,blog.ewastekochi.com,blog.ewastekochi.com/pillars/e-waste-regulations,0,0,"Jul 2, 2026",indexed,external_subdomain_indexed,subdomain-blog,,e-waste-regulations,medium,medium,P4,manual_review,,,false,false,false,Indexed blog subdomain URL has no current traffic; track separately and decide subdomain strategy later.,medium,classification_source=indexed-pages-crosscheck-2026-07-10
https://blog.ewastekochi.com/old-electronic-buyers-near-me,blog.ewastekochi.com/old-electronic-buyers-near-me,blog.ewastekochi.com,blog.ewastekochi.com/old-electronic-buyers-near-me,0,0,"Jul 2, 2026",indexed,external_subdomain_indexed,subdomain-blog,,old-electronic-buyers-near-me,medium,medium,P4,manual_review,,,false,false,false,Indexed blog subdomain URL has no current traffic; track separately and decide subdomain strategy later.,medium,classification_source=indexed-pages-crosscheck-2026-07-10
https://blog.ewastekochi.com/zero-landfill-ewaste-checklist,blog.ewastekochi.com/zero-landfill-ewaste-checklist,blog.ewastekochi.com,blog.ewastekochi.com/zero-landfill-ewaste-checklist,0,0,"Jul 2, 2026",indexed,external_subdomain_indexed,subdomain-blog,,zero-landfill-ewaste-checklist,medium,medium,P4,manual_review,,,false,false,false,Indexed blog subdomain URL has no current traffic; track separately and decide subdomain strategy later.,medium,classification_source=indexed-pages-crosscheck-2026-07-10
https://blog.ewastekochi.com/e-waste-pickup-checklist-kochi,blog.ewastekochi.com/e-waste-pickup-checklist-kochi,blog.ewastekochi.com,blog.ewastekochi.com/e-waste-pickup-checklist-kochi,0,0,"Jul 2, 2026",indexed,external_subdomain_indexed,subdomain-blog,,e-waste-pickup-checklist-kochi,medium,medium,P4,manual_review,,,false,false,false,Indexed blog subdomain URL has no current traffic; track separately and decide subdomain strategy later.,medium,classification_source=indexed-pages-crosscheck-2026-07-10
https://blog.ewastekochi.com/pillars/e-waste-environment-health-impact,blog.ewastekochi.com/pillars/e-waste-environment-health-impact,blog.ewastekochi.com,blog.ewastekochi.com/pillars/e-waste-environment-health-impact,0,0,"Jul 2, 2026",indexed,external_subdomain_indexed,subdomain-blog,,e-waste-environment-health-impact,medium,medium,P4,manual_review,,,false,false,false,Indexed blog subdomain URL has no current traffic; track separately and decide subdomain strategy later.,medium,classification_source=indexed-pages-crosscheck-2026-07-10
https://blog.ewastekochi.com/e-waste-recycling-vyttila,blog.ewastekochi.com/e-waste-recycling-vyttila,blog.ewastekochi.com,blog.ewastekochi.com/e-waste-recycling-vyttila,0,0,"Jul 2, 2026",indexed,external_subdomain_indexed,subdomain-blog,,e-waste-recycling-vyttila,medium,medium,P4,manual_review,,,false,false,false,Indexed blog subdomain URL has no current traffic; track separately and decide subdomain strategy later.,medium,classification_source=indexed-pages-crosscheck-2026-07-10
https://blog.ewastekochi.com/e-waste-rules-2022-compliance-checklist,blog.ewastekochi.com/e-waste-rules-2022-compliance-checklist,blog.ewastekochi.com,blog.ewastekochi.com/e-waste-rules-2022-compliance-checklist,0,0,"Jul 2, 2026",indexed,external_subdomain_indexed,subdomain-blog,,e-waste-rules-2022-compliance-checklist,medium,medium,P4,manual_review,,,false,false,false,Indexed blog subdomain URL has no current traffic; track separately and decide subdomain strategy later.,medium,classification_source=indexed-pages-crosscheck-2026-07-10
https://blog.ewastekochi.com/pillars/battery-recycling,blog.ewastekochi.com/pillars/battery-recycling,blog.ewastekochi.com,blog.ewastekochi.com/pillars/battery-recycling,0,0,"Jul 2, 2026",indexed,external_subdomain_indexed,subdomain-blog,,battery-recycling,medium,medium,P4,manual_review,,,false,false,false,Indexed blog subdomain URL has no current traffic; track separately and decide subdomain strategy later.,medium,classification_source=indexed-pages-crosscheck-2026-07-10
https://blog.ewastekochi.com/e-waste-recycler-audit-checklist,blog.ewastekochi.com/e-waste-recycler-audit-checklist,blog.ewastekochi.com,blog.ewastekochi.com/e-waste-recycler-audit-checklist,0,0,"Jul 2, 2026",indexed,external_subdomain_indexed,subdomain-blog,,e-waste-recycler-audit-checklist,medium,medium,P4,manual_review,,,false,false,false,Indexed blog subdomain URL has no current traffic; track separately and decide subdomain strategy later.,medium,classification_source=indexed-pages-crosscheck-2026-07-10
https://blog.ewastekochi.com/tv-recycling-kochi,blog.ewastekochi.com/tv-recycling-kochi,blog.ewastekochi.com,blog.ewastekochi.com/tv-recycling-kochi,0,0,"Jul 2, 2026",indexed,external_subdomain_indexed,subdomain-blog,,tv-recycling-kochi,medium,medium,P4,manual_review,,,false,false,false,Indexed blog subdomain URL has no current traffic; track separately and decide subdomain strategy later.,medium,classification_source=indexed-pages-crosscheck-2026-07-10
https://www.ewastekochi.com/blog/electronic-waste-collection-near-me-kochi/,/blog/electronic-waste-collection-near-me-kochi,www.ewastekochi.com,/blog/electronic-waste-collection-near-me-kochi,0,0,"Jun 10, 2026",indexed,missing_not_built,blog,,electronic-waste-collection-near-me-kochi,high,low,P4,leave_404,,,false,false,false,Indexed legacy/generated URL has no meaningful traffic signal; do not recreate old pSEO risk.,low,classification_source=indexed-pages-crosscheck-2026-07-10
https://www.ewastekochi.com/blog/battery-disposal-india/,/blog/battery-disposal-india,www.ewastekochi.com,/blog/battery-disposal-india,0,0,"Jun 10, 2026",indexed,missing_not_built,blog,,battery-disposal-india,high,low,P4,leave_404,,,false,false,false,Indexed legacy/generated URL has no meaningful traffic signal; do not recreate old pSEO risk.,low,classification_source=indexed-pages-crosscheck-2026-07-10
https://www.ewastekochi.com/blog/economic-benefits-of-e-waste-collection-in-kalamassery-kalamassery/,/blog/economic-benefits-of-e-waste-collection-in-kalamassery-kalamassery,www.ewastekochi.com,/blog/economic-benefits-of-e-waste-collection-in-kalamassery-kalamassery,0,0,"May 12, 2026",indexed,missing_not_built,blog,,economic-benefits-of-e-waste-collection-in-kalamassery-kalamassery,high,low,P4,leave_404,,,false,false,false,Indexed legacy/generated URL has no meaningful traffic signal; do not recreate old pSEO risk.,low,classification_source=indexed-pages-crosscheck-2026-07-10
https://www.ewastekochi.com/blog/enterprise-monitor-recycling-in-angamaly-angamaly/,/blog/enterprise-monitor-recycling-in-angamaly-angamaly,www.ewastekochi.com,/blog/enterprise-monitor-recycling-in-angamaly-angamaly,0,0,"May 12, 2026",indexed,missing_not_built,blog,,enterprise-monitor-recycling-in-angamaly-angamaly,high,low,P4,leave_404,,,false,false,false,Indexed legacy/generated URL has no meaningful traffic signal; do not recreate old pSEO risk.,low,classification_source=indexed-pages-crosscheck-2026-07-10
https://www.ewastekochi.com/blog/printer-recycling-problems-in-north-paravur-solutions-north-paravur/,/blog/printer-recycling-problems-in-north-paravur-solutions-north-paravur,www.ewastekochi.com,/blog/printer-recycling-problems-in-north-paravur-solutions-north-paravur,0,0,"May 12, 2026",indexed,missing_not_built,blog,,printer-recycling-problems-in-north-paravur-solutions-north-paravur,high,low,P4,leave_404,,,false,false,false,Indexed legacy/generated URL has no meaningful traffic signal; do not recreate old pSEO risk.,low,classification_source=indexed-pages-crosscheck-2026-07-10
https://www.ewastekochi.com/blog/service-phone-buyback/,/blog/service-phone-buyback,www.ewastekochi.com,/blog/service-phone-buyback,0,0,"May 2, 2026",indexed,missing_not_built,blog,,service-phone-buyback,high,low,P4,leave_404,,,false,false,false,Indexed legacy/generated URL has no meaningful traffic signal; do not recreate old pSEO risk.,low,classification_source=indexed-pages-crosscheck-2026-07-10
https://www.ewastekochi.com/blog/topic-business/,/blog/topic-business,www.ewastekochi.com,/blog/topic-business,0,0,"May 1, 2026",indexed,missing_not_built,blog,,topic-business,high,low,P4,leave_404,,,false,false,false,Indexed legacy/generated URL has no meaningful traffic signal; do not recreate old pSEO risk.,low,classification_source=indexed-pages-crosscheck-2026-07-10
https://ewastekochi.com/locations/kannur/ups-inverter-recycling-kochi/,/locations/kannur/ups-inverter-recycling-kochi,www.ewastekochi.com,/locations/kannur/ups-inverter-recycling-kochi,0,0,"Apr 19, 2026",indexed,missing_not_built,location-service-matrix,kannur,ups-inverter-recycling-kochi,high,medium,P3,leave_404,,,false,false,false,Indexed legacy/generated URL has no meaningful traffic signal; do not recreate old pSEO risk.,low,classification_source=indexed-pages-crosscheck-2026-07-10
https://ewastekochi.com/locations/north-paravur/certificate-of-destruction-kochi/,/locations/north-paravur/certificate-of-destruction-kochi,www.ewastekochi.com,/locations/north-paravur/certificate-of-destruction-kochi,0,0,"Apr 19, 2026",indexed,missing_not_built,location-service-matrix,north-paravur,certificate-of-destruction-kochi,high,high,P3,leave_404,,,false,false,false,Indexed legacy/generated URL has no meaningful traffic signal; do not recreate old pSEO risk.,low,classification_source=indexed-pages-crosscheck-2026-07-10
https://ewastekochi.com/locations/north-paravur/itad-kochi/,/locations/north-paravur/itad-kochi,www.ewastekochi.com,/locations/north-paravur/itad-kochi,0,0,"Apr 19, 2026",indexed,missing_not_built,location-service-matrix,north-paravur,itad-kochi,high,medium,P3,leave_404,,,false,false,false,Indexed legacy/generated URL has no meaningful traffic signal; do not recreate old pSEO risk.,low,classification_source=indexed-pages-crosscheck-2026-07-10
https://ewastekochi.com/locations/kottayam/server-recycling-kochi/,/locations/kottayam/server-recycling-kochi,www.ewastekochi.com,/locations/kottayam/server-recycling-kochi,0,0,"Apr 14, 2026",indexed,missing_not_built,location-service-matrix,kottayam,server-recycling-kochi,high,medium,P3,leave_404,,,false,false,false,Indexed legacy/generated URL has no meaningful traffic signal; do not recreate old pSEO risk.,low,classification_source=indexed-pages-crosscheck-2026-07-10
https://ewastekochi.com/locations/perumbavoor/data-destruction-kochi/,/locations/perumbavoor/data-destruction-kochi,www.ewastekochi.com,/locations/perumbavoor/data-destruction-kochi,0,0,"Apr 13, 2026",indexed,missing_not_built,location-service-matrix,perumbavoor,data-destruction-kochi,high,medium,P3,leave_404,,,false,false,false,Indexed legacy/generated URL has no meaningful traffic signal; do not recreate old pSEO risk.,low,classification_source=indexed-pages-crosscheck-2026-07-10
https://ewastekochi.com/locations/thiruvananthapuram/network-equipment-disposal-kochi/,/locations/thiruvananthapuram/network-equipment-disposal-kochi,www.ewastekochi.com,/locations/thiruvananthapuram/network-equipment-disposal-kochi,0,0,"Apr 13, 2026",indexed,missing_not_built,location-service-matrix,thiruvananthapuram,network-equipment-disposal-kochi,high,medium,P3,leave_404,,,false,false,false,Indexed legacy/generated URL has no meaningful traffic signal; do not recreate old pSEO risk.,low,classification_source=indexed-pages-crosscheck-2026-07-10
https://ewastekochi.com/locations/kozhikode/ups-inverter-recycling-kochi/,/locations/kozhikode/ups-inverter-recycling-kochi,www.ewastekochi.com,/locations/kozhikode/ups-inverter-recycling-kochi,0,0,"Apr 13, 2026",indexed,missing_not_built,location-service-matrix,kozhikode,ups-inverter-recycling-kochi,high,medium,P3,leave_404,,,false,false,false,Indexed legacy/generated URL has no meaningful traffic signal; do not recreate old pSEO risk.,low,classification_source=indexed-pages-crosscheck-2026-07-10
https://ewastekochi.com/locations/muvattupuzha/air-conditioner-recycling-kochi/,/locations/muvattupuzha/air-conditioner-recycling-kochi,www.ewastekochi.com,/locations/muvattupuzha/air-conditioner-recycling-kochi,0,0,"Apr 13, 2026",indexed,missing_not_built,location-service-matrix,muvattupuzha,air-conditioner-recycling-kochi,high,medium,P3,leave_404,,,false,false,false,Indexed legacy/generated URL has no meaningful traffic signal; do not recreate old pSEO risk.,low,classification_source=indexed-pages-crosscheck-2026-07-10
https://ewastekochi.com/locations/kozhikode/certificate-of-destruction-kochi/,/locations/kozhikode/certificate-of-destruction-kochi,www.ewastekochi.com,/locations/kozhikode/certificate-of-destruction-kochi,0,0,"Apr 13, 2026",indexed,missing_not_built,location-service-matrix,kozhikode,certificate-of-destruction-kochi,high,high,P3,leave_404,,,false,false,false,Indexed legacy/generated URL has no meaningful traffic signal; do not recreate old pSEO risk.,low,classification_source=indexed-pages-crosscheck-2026-07-10
https://ewastekochi.com/locations/kottayam/certificate-of-destruction-kochi/,/locations/kottayam/certificate-of-destruction-kochi,www.ewastekochi.com,/locations/kottayam/certificate-of-destruction-kochi,0,0,"Apr 13, 2026",indexed,missing_not_built,location-service-matrix,kottayam,certificate-of-destruction-kochi,high,high,P3,leave_404,,,false,false,false,Indexed legacy/generated URL has no meaningful traffic signal; do not recreate old pSEO risk.,low,classification_source=indexed-pages-crosscheck-2026-07-10
https://ewastekochi.com/locations/kothamangalam/laptop-buyback-kochi/,/locations/kothamangalam/laptop-buyback-kochi,www.ewastekochi.com,/locations/kothamangalam/laptop-buyback-kochi,0,0,"Apr 13, 2026",indexed,missing_not_built,location-service-matrix,kothamangalam,laptop-buyback-kochi,high,medium,P3,leave_404,,,false,false,false,Indexed legacy/generated URL has no meaningful traffic signal; do not recreate old pSEO risk.,low,classification_source=indexed-pages-crosscheck-2026-07-10
https://ewastekochi.com/locations/angamaly/laptop-buyback-kochi/,/locations/angamaly/laptop-buyback-kochi,www.ewastekochi.com,/locations/angamaly/laptop-buyback-kochi,0,0,"Apr 13, 2026",indexed,missing_not_built,location-service-matrix,angamaly,laptop-buyback-kochi,high,medium,P3,leave_404,,,false,false,false,Indexed legacy/generated URL has no meaningful traffic signal; do not recreate old pSEO risk.,low,classification_source=indexed-pages-crosscheck-2026-07-10
https://ewastekochi.com/locations/smart-city-kochi/printer-recycling-kochi/,/locations/smart-city-kochi/printer-recycling-kochi,www.ewastekochi.com,/locations/smart-city-kochi/printer-recycling-kochi,0,0,"Apr 13, 2026",indexed,missing_not_built,location-service-matrix,smart-city-kochi,printer-recycling-kochi,high,medium,P3,leave_404,,,false,false,false,Indexed legacy/generated URL has no meaningful traffic signal; do not recreate old pSEO risk.,low,classification_source=indexed-pages-crosscheck-2026-07-10
https://ewastekochi.com/locations/kalamassery-hitech-park/hard-drive-shredding-kochi/,/locations/kalamassery-hitech-park/hard-drive-shredding-kochi,www.ewastekochi.com,/locations/kalamassery-hitech-park/hard-drive-shredding-kochi,0,0,"Apr 13, 2026",indexed,missing_not_built,location-service-matrix,kalamassery-hitech-park,hard-drive-shredding-kochi,high,medium,P3,leave_404,,,false,false,false,Indexed legacy/generated URL has no meaningful traffic signal; do not recreate old pSEO risk.,low,classification_source=indexed-pages-crosscheck-2026-07-10
https://ewastekochi.com/locations/palakkad/data-destruction-kochi/,/locations/palakkad/data-destruction-kochi,www.ewastekochi.com,/locations/palakkad/data-destruction-kochi,0,0,"Apr 13, 2026",indexed,missing_not_built,location-service-matrix,palakkad,data-destruction-kochi,high,medium,P3,leave_404,,,false,false,false,Indexed legacy/generated URL has no meaningful traffic signal; do not recreate old pSEO risk.,low,classification_source=indexed-pages-crosscheck-2026-07-10
https://ewastekochi.com/locations/thrissur/network-equipment-disposal-kochi/,/locations/thrissur/network-equipment-disposal-kochi,www.ewastekochi.com,/locations/thrissur/network-equipment-disposal-kochi,0,0,"Apr 13, 2026",indexed,missing_not_built,location-service-matrix,thrissur,network-equipment-disposal-kochi,high,medium,P3,leave_404,,,false,false,false,Indexed legacy/generated URL has no meaningful traffic signal; do not recreate old pSEO risk.,low,classification_source=indexed-pages-crosscheck-2026-07-10
https://ewastekochi.com/locations/kalamassery-hitech-park/ups-inverter-recycling-kochi/,/locations/kalamassery-hitech-park/ups-inverter-recycling-kochi,www.ewastekochi.com,/locations/kalamassery-hitech-park/ups-inverter-recycling-kochi,0,0,"Apr 13, 2026",indexed,missing_not_built,location-service-matrix,kalamassery-hitech-park,ups-inverter-recycling-kochi,high,medium,P3,leave_404,,,false,false,false,Indexed legacy/generated URL has no meaningful traffic signal; do not recreate old pSEO risk.,low,classification_source=indexed-pages-crosscheck-2026-07-10
https://ewastekochi.com/locations/aluva/dpdp-act-compliance-kochi/,/locations/aluva/dpdp-act-compliance-kochi,www.ewastekochi.com,/locations/aluva/dpdp-act-compliance-kochi,0,0,"Apr 13, 2026",indexed,missing_not_built,location-service-matrix,aluva,dpdp-act-compliance-kochi,high,medium,P3,leave_404,,,false,false,false,Indexed legacy/generated URL has no meaningful traffic signal; do not recreate old pSEO risk.,low,classification_source=indexed-pages-crosscheck-2026-07-10
https://ewastekochi.com/locations/kalamassery/network-equipment-disposal-kochi/,/locations/kalamassery/network-equipment-disposal-kochi,www.ewastekochi.com,/locations/kalamassery/network-equipment-disposal-kochi,0,0,"Apr 13, 2026",indexed,missing_not_built,location-service-matrix,kalamassery,network-equipment-disposal-kochi,high,medium,P3,leave_404,,,false,false,false,Indexed legacy/generated URL has no meaningful traffic signal; do not recreate old pSEO risk.,low,classification_source=indexed-pages-crosscheck-2026-07-10
https://ewastekochi.com/locations/angamaly/hard-drive-shredding-kochi/,/locations/angamaly/hard-drive-shredding-kochi,www.ewastekochi.com,/locations/angamaly/hard-drive-shredding-kochi,0,0,"Apr 13, 2026",indexed,missing_not_built,location-service-matrix,angamaly,hard-drive-shredding-kochi,high,medium,P3,leave_404,,,false,false,false,Indexed legacy/generated URL has no meaningful traffic signal; do not recreate old pSEO risk.,low,classification_source=indexed-pages-crosscheck-2026-07-10
https://ewastekochi.com/locations/kottayam/network-equipment-disposal-kochi/,/locations/kottayam/network-equipment-disposal-kochi,www.ewastekochi.com,/locations/kottayam/network-equipment-disposal-kochi,0,0,"Apr 13, 2026",indexed,missing_not_built,location-service-matrix,kottayam,network-equipment-disposal-kochi,high,medium,P3,leave_404,,,false,false,false,Indexed legacy/generated URL has no meaningful traffic signal; do not recreate old pSEO risk.,low,classification_source=indexed-pages-crosscheck-2026-07-10
https://ewastekochi.com/locations/kalamassery/dpdp-act-compliance-kochi/,/locations/kalamassery/dpdp-act-compliance-kochi,www.ewastekochi.com,/locations/kalamassery/dpdp-act-compliance-kochi,0,0,"Apr 13, 2026",indexed,missing_not_built,location-service-matrix,kalamassery,dpdp-act-compliance-kochi,high,medium,P3,leave_404,,,false,false,false,Indexed legacy/generated URL has no meaningful traffic signal; do not recreate old pSEO risk.,low,classification_source=indexed-pages-crosscheck-2026-07-10
https://ewastekochi.com/locations/north-paravur/data-destruction-kochi/,/locations/north-paravur/data-destruction-kochi,www.ewastekochi.com,/locations/north-paravur/data-destruction-kochi,0,0,"Apr 13, 2026",indexed,missing_not_built,location-service-matrix,north-paravur,data-destruction-kochi,high,medium,P3,leave_404,,,false,false,false,Indexed legacy/generated URL has no meaningful traffic signal; do not recreate old pSEO risk.,low,classification_source=indexed-pages-crosscheck-2026-07-10
https://ewastekochi.com/locations/malappuram/corporate-ewaste-kochi/,/locations/malappuram/corporate-ewaste-kochi,www.ewastekochi.com,/locations/malappuram/corporate-ewaste-kochi,0,0,"Apr 13, 2026",indexed,missing_not_built,location-service-matrix,malappuram,corporate-ewaste-kochi,high,medium,P3,leave_404,,,false,false,false,Indexed legacy/generated URL has no meaningful traffic signal; do not recreate old pSEO risk.,low,classification_source=indexed-pages-crosscheck-2026-07-10
https://ewastekochi.com/locations/thrikkakara/ups-inverter-recycling-kochi/,/locations/thrikkakara/ups-inverter-recycling-kochi,www.ewastekochi.com,/locations/thrikkakara/ups-inverter-recycling-kochi,0,0,"Apr 13, 2026",indexed,missing_not_built,location-service-matrix,thrikkakara,ups-inverter-recycling-kochi,high,medium,P3,leave_404,,,false,false,false,Indexed legacy/generated URL has no meaningful traffic signal; do not recreate old pSEO risk.,low,classification_source=indexed-pages-crosscheck-2026-07-10
https://ewastekochi.com/locations/angamaly/tv-monitor-recycling-kochi/,/locations/angamaly/tv-monitor-recycling-kochi,www.ewastekochi.com,/locations/angamaly/tv-monitor-recycling-kochi,0,0,"Apr 13, 2026",indexed,missing_not_built,location-service-matrix,angamaly,tv-monitor-recycling-kochi,high,medium,P3,leave_404,,,false,false,false,Indexed legacy/generated URL has no meaningful traffic signal; do not recreate old pSEO risk.,low,classification_source=indexed-pages-crosscheck-2026-07-10
https://ewastekochi.com/locations/thrippunithura/printer-recycling-kochi/,/locations/thrippunithura/printer-recycling-kochi,www.ewastekochi.com,/locations/thrippunithura/printer-recycling-kochi,0,0,"Apr 13, 2026",indexed,missing_not_built,location-service-matrix,thrippunithura,printer-recycling-kochi,high,medium,P3,leave_404,,,false,false,false,Indexed legacy/generated URL has no meaningful traffic signal; do not recreate old pSEO risk.,low,classification_source=indexed-pages-crosscheck-2026-07-10
https://ewastekochi.com/locations/willingdon-island/air-conditioner-recycling-kochi/,/locations/willingdon-island/air-conditioner-recycling-kochi,www.ewastekochi.com,/locations/willingdon-island/air-conditioner-recycling-kochi,0,0,"Apr 13, 2026",indexed,missing_not_built,location-service-matrix,willingdon-island,air-conditioner-recycling-kochi,high,medium,P3,leave_404,,,false,false,false,Indexed legacy/generated URL has no meaningful traffic signal; do not recreate old pSEO risk.,low,classification_source=indexed-pages-crosscheck-2026-07-10
https://ewastekochi.com/locations/infopark-kochi/tv-monitor-recycling-kochi/,/locations/infopark-kochi/tv-monitor-recycling-kochi,www.ewastekochi.com,/locations/infopark-kochi/tv-monitor-recycling-kochi,0,0,"Apr 13, 2026",indexed,missing_not_built,location-service-matrix,infopark-kochi,tv-monitor-recycling-kochi,high,medium,P3,leave_404,,,false,false,false,Indexed legacy/generated URL has no meaningful traffic signal; do not recreate old pSEO risk.,low,classification_source=indexed-pages-crosscheck-2026-07-10
https://ewastekochi.com/locations/north-paravur/corporate-ewaste-kochi/,/locations/north-paravur/corporate-ewaste-kochi,www.ewastekochi.com,/locations/north-paravur/corporate-ewaste-kochi,0,0,"Apr 13, 2026",indexed,missing_not_built,location-service-matrix,north-paravur,corporate-ewaste-kochi,high,medium,P3,leave_404,,,false,false,false,Indexed legacy/generated URL has no meaningful traffic signal; do not recreate old pSEO risk.,low,classification_source=indexed-pages-crosscheck-2026-07-10
https://ewastekochi.com/locations/vyttila/network-equipment-disposal-kochi/,/locations/vyttila/network-equipment-disposal-kochi,www.ewastekochi.com,/locations/vyttila/network-equipment-disposal-kochi,0,0,"Apr 13, 2026",indexed,missing_not_built,location-service-matrix,vyttila,network-equipment-disposal-kochi,high,medium,P3,leave_404,,,false,false,false,Indexed legacy/generated URL has no meaningful traffic signal; do not recreate old pSEO risk.,low,classification_source=indexed-pages-crosscheck-2026-07-10
https://ewastekochi.com/locations/kozhikode/air-conditioner-recycling-kochi/,/locations/kozhikode/air-conditioner-recycling-kochi,www.ewastekochi.com,/locations/kozhikode/air-conditioner-recycling-kochi,0,0,"Apr 12, 2026",indexed,missing_not_built,location-service-matrix,kozhikode,air-conditioner-recycling-kochi,high,medium,P3,leave_404,,,false,false,false,Indexed legacy/generated URL has no meaningful traffic signal; do not recreate old pSEO risk.,low,classification_source=indexed-pages-crosscheck-2026-07-10
https://ewastekochi.com/locations/thrippunithura/dpdp-act-compliance-kochi/,/locations/thrippunithura/dpdp-act-compliance-kochi,www.ewastekochi.com,/locations/thrippunithura/dpdp-act-compliance-kochi,0,0,"Apr 12, 2026",indexed,missing_not_built,location-service-matrix,thrippunithura,dpdp-act-compliance-kochi,high,medium,P3,leave_404,,,false,false,false,Indexed legacy/generated URL has no meaningful traffic signal; do not recreate old pSEO risk.,low,classification_source=indexed-pages-crosscheck-2026-07-10
https://ewastekochi.com/locations/muvattupuzha/printer-recycling-kochi/,/locations/muvattupuzha/printer-recycling-kochi,www.ewastekochi.com,/locations/muvattupuzha/printer-recycling-kochi,0,0,"Apr 12, 2026",indexed,missing_not_built,location-service-matrix,muvattupuzha,printer-recycling-kochi,high,medium,P3,leave_404,,,false,false,false,Indexed legacy/generated URL has no meaningful traffic signal; do not recreate old pSEO risk.,low,classification_source=indexed-pages-crosscheck-2026-07-10
https://ewastekochi.com/locations/kalamassery-hitech-park/network-equipment-disposal-kochi/,/locations/kalamassery-hitech-park/network-equipment-disposal-kochi,www.ewastekochi.com,/locations/kalamassery-hitech-park/network-equipment-disposal-kochi,0,0,"Apr 12, 2026",indexed,missing_not_built,location-service-matrix,kalamassery-hitech-park,network-equipment-disposal-kochi,high,medium,P3,leave_404,,,false,false,false,Indexed legacy/generated URL has no meaningful traffic signal; do not recreate old pSEO risk.,low,classification_source=indexed-pages-crosscheck-2026-07-10
https://ewastekochi.com/locations/smart-city-kochi/air-conditioner-recycling-kochi/,/locations/smart-city-kochi/air-conditioner-recycling-kochi,www.ewastekochi.com,/locations/smart-city-kochi/air-conditioner-recycling-kochi,0,0,"Apr 11, 2026",indexed,missing_not_built,location-service-matrix,smart-city-kochi,air-conditioner-recycling-kochi,high,medium,P3,leave_404,,,false,false,false,Indexed legacy/generated URL has no meaningful traffic signal; do not recreate old pSEO risk.,low,classification_source=indexed-pages-crosscheck-2026-07-10
https://ewastekochi.com/locations/malappuram/free-ewaste-pickup-kochi/,/locations/malappuram/free-ewaste-pickup-kochi,www.ewastekochi.com,/locations/malappuram/free-ewaste-pickup-kochi,0,0,"Apr 11, 2026",indexed,missing_not_built,location-service-matrix,malappuram,free-ewaste-pickup-kochi,high,medium,P3,leave_404,,,false,false,false,Indexed legacy/generated URL has no meaningful traffic signal; do not recreate old pSEO risk.,low,classification_source=indexed-pages-crosscheck-2026-07-10
https://ewastekochi.com/locations/palarivattom/certificate-of-destruction-kochi/,/locations/palarivattom/certificate-of-destruction-kochi,www.ewastekochi.com,/locations/palarivattom/certificate-of-destruction-kochi,0,0,"Apr 5, 2026",indexed,missing_not_built,location-service-matrix,palarivattom,certificate-of-destruction-kochi,high,high,P3,leave_404,,,false,false,false,Indexed legacy/generated URL has no meaningful traffic signal; do not recreate old pSEO risk.,low,classification_source=indexed-pages-crosscheck-2026-07-10
https://ewastekochi.com/locations/muvattupuzha/tv-monitor-recycling-kochi/,/locations/muvattupuzha/tv-monitor-recycling-kochi,www.ewastekochi.com,/locations/muvattupuzha/tv-monitor-recycling-kochi,0,0,"Apr 5, 2026",indexed,missing_not_built,location-service-matrix,muvattupuzha,tv-monitor-recycling-kochi,high,medium,P3,leave_404,,,false,false,false,Indexed legacy/generated URL has no meaningful traffic signal; do not recreate old pSEO risk.,low,classification_source=indexed-pages-crosscheck-2026-07-10
https://ewastekochi.com/locations/palakkad/hard-drive-shredding-kochi/,/locations/palakkad/hard-drive-shredding-kochi,www.ewastekochi.com,/locations/palakkad/hard-drive-shredding-kochi,0,0,"Apr 5, 2026",indexed,missing_not_built,location-service-matrix,palakkad,hard-drive-shredding-kochi,high,medium,P3,leave_404,,,false,false,false,Indexed legacy/generated URL has no meaningful traffic signal; do not recreate old pSEO risk.,low,classification_source=indexed-pages-crosscheck-2026-07-10
https://ewastekochi.com/locations/edappally/air-conditioner-recycling-kochi/,/locations/edappally/air-conditioner-recycling-kochi,www.ewastekochi.com,/locations/edappally/air-conditioner-recycling-kochi,0,0,"Apr 5, 2026",indexed,missing_not_built,location-service-matrix,edappally,air-conditioner-recycling-kochi,high,medium,P3,leave_404,,,false,false,false,Indexed legacy/generated URL has no meaningful traffic signal; do not recreate old pSEO risk.,low,classification_source=indexed-pages-crosscheck-2026-07-10
https://ewastekochi.com/locations/vyttila/dpdp-act-compliance-kochi/,/locations/vyttila/dpdp-act-compliance-kochi,www.ewastekochi.com,/locations/vyttila/dpdp-act-compliance-kochi,0,0,"Apr 5, 2026",indexed,missing_not_built,location-service-matrix,vyttila,dpdp-act-compliance-kochi,high,medium,P3,leave_404,,,false,false,false,Indexed legacy/generated URL has no meaningful traffic signal; do not recreate old pSEO risk.,low,classification_source=indexed-pages-crosscheck-2026-07-10
https://ewastekochi.com/buyback/laptops/sell-hp-elitebook-932-kochi.html,/buyback/laptops/sell-hp-elitebook-932-kochi.html,www.ewastekochi.com,/buyback/laptops/sell-hp-elitebook-932-kochi.html,0,0,"Mar 29, 2026",indexed,missing_not_built,other-legacy-service,,,high,low,P4,leave_404,https://www.ewastekochi.com/sell-electronics/,https://www.ewastekochi.com/sell-electronics/,false,false,false,Legacy per-SKU buyback URL has no traffic signal; do not rebuild model-specific quote spam.,low,classification_source=indexed-pages-crosscheck-2026-07-10
https://ewastekochi.com/ml/buyback/laptops/sell-asus-rog-zephyrus-g110-kochi.html,/ml/buyback/laptops/sell-asus-rog-zephyrus-g110-kochi.html,www.ewastekochi.com,/ml/buyback/laptops/sell-asus-rog-zephyrus-g110-kochi.html,0,0,"Mar 28, 2026",indexed,missing_not_built,other-legacy-service,,,high,low,P4,leave_404,https://www.ewastekochi.com/sell-electronics/,https://www.ewastekochi.com/sell-electronics/,false,false,false,Legacy per-SKU buyback URL has no traffic signal; do not rebuild model-specific quote spam.,low,classification_source=indexed-pages-crosscheck-2026-07-10
https://ewastekochi.com/buyback/laptops/sell-hp-elitebook-904-kochi.html,/buyback/laptops/sell-hp-elitebook-904-kochi.html,www.ewastekochi.com,/buyback/laptops/sell-hp-elitebook-904-kochi.html,0,0,"Mar 27, 2026",indexed,missing_not_built,other-legacy-service,,,high,low,P4,leave_404,https://www.ewastekochi.com/sell-electronics/,https://www.ewastekochi.com/sell-electronics/,false,false,false,Legacy per-SKU buyback URL has no traffic signal; do not rebuild model-specific quote spam.,low,classification_source=indexed-pages-crosscheck-2026-07-10
https://ewastekochi.com/ml/buyback/laptops/sell-hp-elitebook-879-kochi.html,/ml/buyback/laptops/sell-hp-elitebook-879-kochi.html,www.ewastekochi.com,/ml/buyback/laptops/sell-hp-elitebook-879-kochi.html,0,0,"Mar 27, 2026",indexed,missing_not_built,other-legacy-service,,,high,low,P4,leave_404,https://www.ewastekochi.com/sell-electronics/,https://www.ewastekochi.com/sell-electronics/,false,false,false,Legacy per-SKU buyback URL has no traffic signal; do not rebuild model-specific quote spam.,low,classification_source=indexed-pages-crosscheck-2026-07-10
https://ewastekochi.com/ml/buyback/laptops/sell-hp-elitebook-882-kochi.html,/ml/buyback/laptops/sell-hp-elitebook-882-kochi.html,www.ewastekochi.com,/ml/buyback/laptops/sell-hp-elitebook-882-kochi.html,0,0,"Mar 27, 2026",indexed,missing_not_built,other-legacy-service,,,high,low,P4,leave_404,https://www.ewastekochi.com/sell-electronics/,https://www.ewastekochi.com/sell-electronics/,false,false,false,Legacy per-SKU buyback URL has no traffic signal; do not rebuild model-specific quote spam.,low,classification_source=indexed-pages-crosscheck-2026-07-10
https://ewastekochi.com/ml/buyback/laptops/sell-thinkpad-t438s-kochi.html,/ml/buyback/laptops/sell-thinkpad-t438s-kochi.html,www.ewastekochi.com,/ml/buyback/laptops/sell-thinkpad-t438s-kochi.html,0,0,"Mar 26, 2026",indexed,missing_not_built,other-legacy-service,,,high,low,P4,leave_404,https://www.ewastekochi.com/sell-electronics/,https://www.ewastekochi.com/sell-electronics/,false,false,false,Legacy per-SKU buyback URL has no traffic signal; do not rebuild model-specific quote spam.,low,classification_source=indexed-pages-crosscheck-2026-07-10
