normalized_url,canonical_url,source,host,page_type,location,service_intent,clicks,impressions,indexed_status,current_v2_status,target_url,notes
/,https://www.ewastekochi.com/,gsc-url-protection-map;gsc-url-protection-map;manual-high-intent-list,www.ewastekochi.com,core,,,0,0,noindex,manual-high-intent,,Homepage from top GSC pages
/about.html,https://www.ewastekochi.com/about.html,gsc-url-protection-map,www.ewastekochi.com,other-legacy-service,,,0,9,crawled_not_indexed,leave_404,,classification_source=rule
/about/,https://www.ewastekochi.com/about/,gsc-indexed-url-upgrade-map;gsc-url-protection-map,www.ewastekochi.com,other-legacy-service,,about,6,152,redirect,keep_200,https://www.ewastekochi.com/about/,classification_source=v2-live;confirmed_indexed_2026-07-10
/battery-recycling-near-me/,https://www.ewastekochi.com/battery-recycling-near-me/,gsc-url-protection-map,www.ewastekochi.com,other-legacy-service,,battery-recycling-near-me,0,0,404,leave_404,,classification_source=rule
/battery-recycling/,https://www.ewastekochi.com/battery-recycling/,gsc-indexed-url-upgrade-map;gsc-url-protection-map;manual-high-intent-list,www.ewastekochi.com,service,,battery-recycling,31,1524,indexed-with-traffic,manual-high-intent,https://www.ewastekochi.com/battery-recycling/,Top GSC battery service page
/blog.ewastekochi.com,https://www.ewastekochi.com/blog.ewastekochi.com,gsc-url-protection-map,blog.ewastekochi.com,subdomain-blog,,,0,18,alt_canonical,manual_review,,classification_source=rule
/blog.ewastekochi.com/,https://www.ewastekochi.com/blog.ewastekochi.com/,gsc-indexed-url-upgrade-map;gsc-url-protection-map,blog.ewastekochi.com,subdomain-blog,,,0,0,indexed,manual_review,,classification_source=indexed-pages-crosscheck-2026-07-10
/blog.ewastekochi.com/about/,https://www.ewastekochi.com/blog.ewastekochi.com/about/,gsc-url-protection-map,blog.ewastekochi.com,subdomain-blog,,about,0,0,alt_canonical,manual_review,,classification_source=rule
/blog.ewastekochi.com/article/ai-revolutionising-device-recycling/,https://www.ewastekochi.com/blog.ewastekochi.com/article/ai-revolutionising-device-recycling/,gsc-url-protection-map,blog.ewastekochi.com,subdomain-blog,,ai-revolutionising-device-recycling,0,0,alt_canonical,manual_review,,classification_source=rule
/blog.ewastekochi.com/article/kalamassery-ewaste-wetland-threat/,https://www.ewastekochi.com/blog.ewastekochi.com/article/kalamassery-ewaste-wetland-threat/,gsc-url-protection-map,blog.ewastekochi.com,subdomain-blog,,kalamassery-ewaste-wetland-threat,0,0,alt_canonical,manual_review,,classification_source=rule
/blog.ewastekochi.com/article/kochi-school-lab-cleanout/,https://www.ewastekochi.com/blog.ewastekochi.com/article/kochi-school-lab-cleanout/,gsc-url-protection-map,blog.ewastekochi.com,subdomain-blog,,kochi-school-lab-cleanout,0,0,alt_canonical,manual_review,,classification_source=rule
/blog.ewastekochi.com/article/recycled-smartphone-gold-yields/,https://www.ewastekochi.com/blog.ewastekochi.com/article/recycled-smartphone-gold-yields/,gsc-url-protection-map,blog.ewastekochi.com,subdomain-blog,,recycled-smartphone-gold-yields,0,0,alt_canonical,manual_review,,classification_source=rule
/blog.ewastekochi.com/battery-disposal-safety-checklist/,https://www.ewastekochi.com/blog.ewastekochi.com/battery-disposal-safety-checklist/,gsc-indexed-url-upgrade-map;gsc-url-protection-map,blog.ewastekochi.com,subdomain-blog,,battery-disposal-safety-checklist,0,0,indexed,manual_review,,classification_source=indexed-pages-crosscheck-2026-07-10
/blog.ewastekochi.com/contact/,https://www.ewastekochi.com/blog.ewastekochi.com/contact/,gsc-indexed-url-upgrade-map;gsc-url-protection-map,blog.ewastekochi.com,subdomain-blog,,contact,0,0,alt_canonical,manual_review,,classification_source=rule;confirmed_indexed_2026-07-10
/blog.ewastekochi.com/corporate-ewaste-disposal-kochi/,https://www.ewastekochi.com/blog.ewastekochi.com/corporate-ewaste-disposal-kochi/,gsc-indexed-url-upgrade-map;gsc-url-protection-map,blog.ewastekochi.com,subdomain-blog,,corporate-ewaste-disposal-kochi,0,0,indexed,manual_review,,classification_source=indexed-pages-crosscheck-2026-07-10
/blog.ewastekochi.com/data-security-disposal-checklist/,https://www.ewastekochi.com/blog.ewastekochi.com/data-security-disposal-checklist/,gsc-indexed-url-upgrade-map;gsc-url-protection-map,blog.ewastekochi.com,subdomain-blog,,data-security-disposal-checklist,0,0,indexed,manual_review,,classification_source=indexed-pages-crosscheck-2026-07-10
/blog.ewastekochi.com/e-waste-collection-near-me/,https://www.ewastekochi.com/blog.ewastekochi.com/e-waste-collection-near-me/,gsc-indexed-url-upgrade-map;gsc-url-protection-map,blog.ewastekochi.com,subdomain-blog,,e-waste-collection-near-me,0,0,indexed,manual_review,,classification_source=indexed-pages-crosscheck-2026-07-10
/blog.ewastekochi.com/e-waste-pickup-checklist-kochi/,https://www.ewastekochi.com/blog.ewastekochi.com/e-waste-pickup-checklist-kochi/,gsc-indexed-url-upgrade-map;gsc-url-protection-map,blog.ewastekochi.com,subdomain-blog,,e-waste-pickup-checklist-kochi,0,0,indexed,manual_review,,classification_source=indexed-pages-crosscheck-2026-07-10
/blog.ewastekochi.com/e-waste-recycler-audit-checklist/,https://www.ewastekochi.com/blog.ewastekochi.com/e-waste-recycler-audit-checklist/,gsc-indexed-url-upgrade-map;gsc-url-protection-map,blog.ewastekochi.com,subdomain-blog,,e-waste-recycler-audit-checklist,0,0,indexed,manual_review,,classification_source=indexed-pages-crosscheck-2026-07-10
/blog.ewastekochi.com/e-waste-recycling-aluva/,https://www.ewastekochi.com/blog.ewastekochi.com/e-waste-recycling-aluva/,gsc-indexed-url-upgrade-map;gsc-url-protection-map,blog.ewastekochi.com,subdomain-blog,,e-waste-recycling-aluva,0,0,indexed,manual_review,,classification_source=indexed-pages-crosscheck-2026-07-10
/blog.ewastekochi.com/e-waste-recycling-cost-calculator/,https://www.ewastekochi.com/blog.ewastekochi.com/e-waste-recycling-cost-calculator/,gsc-indexed-url-upgrade-map;gsc-url-protection-map,blog.ewastekochi.com,subdomain-blog,,e-waste-recycling-cost-calculator,0,0,indexed,manual_review,,classification_source=indexed-pages-crosscheck-2026-07-10
/blog.ewastekochi.com/e-waste-recycling-edappally/,https://www.ewastekochi.com/blog.ewastekochi.com/e-waste-recycling-edappally/,gsc-indexed-url-upgrade-map;gsc-url-protection-map,blog.ewastekochi.com,subdomain-blog,,e-waste-recycling-edappally,0,0,indexed,manual_review,,classification_source=indexed-pages-crosscheck-2026-07-10
/blog.ewastekochi.com/e-waste-recycling-fort-kochi/,https://www.ewastekochi.com/blog.ewastekochi.com/e-waste-recycling-fort-kochi/,gsc-indexed-url-upgrade-map;gsc-url-protection-map,blog.ewastekochi.com,subdomain-blog,,e-waste-recycling-fort-kochi,0,0,indexed,manual_review,,classification_source=indexed-pages-crosscheck-2026-07-10
/blog.ewastekochi.com/e-waste-recycling-kakkanad/,https://www.ewastekochi.com/blog.ewastekochi.com/e-waste-recycling-kakkanad/,gsc-indexed-url-upgrade-map;gsc-url-protection-map,blog.ewastekochi.com,subdomain-blog,,e-waste-recycling-kakkanad,0,0,indexed,manual_review,,classification_source=indexed-pages-crosscheck-2026-07-10
/blog.ewastekochi.com/e-waste-recycling-kalamassery/,https://www.ewastekochi.com/blog.ewastekochi.com/e-waste-recycling-kalamassery/,gsc-indexed-url-upgrade-map;gsc-url-protection-map,blog.ewastekochi.com,subdomain-blog,,e-waste-recycling-kalamassery,0,0,indexed,manual_review,,classification_source=indexed-pages-crosscheck-2026-07-10
/blog.ewastekochi.com/e-waste-recycling-thrippunithura/,https://www.ewastekochi.com/blog.ewastekochi.com/e-waste-recycling-thrippunithura/,gsc-indexed-url-upgrade-map;gsc-url-protection-map,blog.ewastekochi.com,subdomain-blog,,e-waste-recycling-thrippunithura,0,0,indexed,manual_review,,classification_source=indexed-pages-crosscheck-2026-07-10
/blog.ewastekochi.com/e-waste-recycling-vyttila/,https://www.ewastekochi.com/blog.ewastekochi.com/e-waste-recycling-vyttila/,gsc-indexed-url-upgrade-map;gsc-url-protection-map,blog.ewastekochi.com,subdomain-blog,,e-waste-recycling-vyttila,0,0,indexed,manual_review,,classification_source=indexed-pages-crosscheck-2026-07-10
/blog.ewastekochi.com/e-waste-rules-2022-compliance-checklist/,https://www.ewastekochi.com/blog.ewastekochi.com/e-waste-rules-2022-compliance-checklist/,gsc-indexed-url-upgrade-map;gsc-url-protection-map,blog.ewastekochi.com,subdomain-blog,,e-waste-rules-2022-compliance-checklist,0,0,indexed,manual_review,,classification_source=indexed-pages-crosscheck-2026-07-10
/blog.ewastekochi.com/electronics-scrap-price-checklist/,https://www.ewastekochi.com/blog.ewastekochi.com/electronics-scrap-price-checklist/,gsc-indexed-url-upgrade-map;gsc-url-protection-map,blog.ewastekochi.com,subdomain-blog,,electronics-scrap-price-checklist,0,0,indexed,manual_review,,classification_source=indexed-pages-crosscheck-2026-07-10
/blog.ewastekochi.com/epr-compliance-checklist-india/,https://www.ewastekochi.com/blog.ewastekochi.com/epr-compliance-checklist-india/,gsc-indexed-url-upgrade-map;gsc-url-protection-map,blog.ewastekochi.com,subdomain-blog,,epr-compliance-checklist-india,0,0,indexed,manual_review,,classification_source=indexed-pages-crosscheck-2026-07-10
/blog.ewastekochi.com/esg-ewaste-reporting-template/,https://www.ewastekochi.com/blog.ewastekochi.com/esg-ewaste-reporting-template/,gsc-indexed-url-upgrade-map;gsc-url-protection-map,blog.ewastekochi.com,subdomain-blog,,esg-ewaste-reporting-template,0,0,indexed,manual_review,,classification_source=indexed-pages-crosscheck-2026-07-10
/blog.ewastekochi.com/ewaste-business-startup-cost-calculator/,https://www.ewastekochi.com/blog.ewastekochi.com/ewaste-business-startup-cost-calculator/,gsc-indexed-url-upgrade-map;gsc-url-protection-map,blog.ewastekochi.com,subdomain-blog,,ewaste-business-startup-cost-calculator,0,0,indexed,manual_review,,classification_source=indexed-pages-crosscheck-2026-07-10
/blog.ewastekochi.com/ewaste-health-risk-checklist/,https://www.ewastekochi.com/blog.ewastekochi.com/ewaste-health-risk-checklist/,gsc-indexed-url-upgrade-map;gsc-url-protection-map,blog.ewastekochi.com,subdomain-blog,,ewaste-health-risk-checklist,0,0,indexed,manual_review,,classification_source=indexed-pages-crosscheck-2026-07-10
/blog.ewastekochi.com/hard-drive-destruction-certificate-template/,https://www.ewastekochi.com/blog.ewastekochi.com/hard-drive-destruction-certificate-template/,gsc-indexed-url-upgrade-map;gsc-url-protection-map,blog.ewastekochi.com,subdomain-blog,,hard-drive-destruction-certificate-template,0,0,indexed,manual_review,,classification_source=indexed-pages-crosscheck-2026-07-10
/blog.ewastekochi.com/hard-drive-shredding-kochi/,https://www.ewastekochi.com/blog.ewastekochi.com/hard-drive-shredding-kochi/,gsc-indexed-url-upgrade-map;gsc-url-protection-map,blog.ewastekochi.com,subdomain-blog,,hard-drive-shredding-kochi,0,0,indexed,manual_review,,classification_source=indexed-pages-crosscheck-2026-07-10
/blog.ewastekochi.com/inverter-battery-recycling-kochi/,https://www.ewastekochi.com/blog.ewastekochi.com/inverter-battery-recycling-kochi/,gsc-indexed-url-upgrade-map;gsc-url-protection-map,blog.ewastekochi.com,subdomain-blog,,inverter-battery-recycling-kochi,0,0,indexed,manual_review,,classification_source=indexed-pages-crosscheck-2026-07-10
/blog.ewastekochi.com/it-asset-disposal-kochi/,https://www.ewastekochi.com/blog.ewastekochi.com/it-asset-disposal-kochi/,gsc-indexed-url-upgrade-map;gsc-url-protection-map,blog.ewastekochi.com,subdomain-blog,,it-asset-disposal-kochi,0,0,indexed,manual_review,,classification_source=indexed-pages-crosscheck-2026-07-10
/blog.ewastekochi.com/laptop-data-wipe-checklist/,https://www.ewastekochi.com/blog.ewastekochi.com/laptop-data-wipe-checklist/,gsc-indexed-url-upgrade-map;gsc-url-protection-map,blog.ewastekochi.com,subdomain-blog,,laptop-data-wipe-checklist,0,0,indexed,manual_review,,classification_source=indexed-pages-crosscheck-2026-07-10
/blog.ewastekochi.com/laptop-recycling-kochi/,https://www.ewastekochi.com/blog.ewastekochi.com/laptop-recycling-kochi/,gsc-indexed-url-upgrade-map;gsc-url-protection-map,blog.ewastekochi.com,subdomain-blog,,laptop-recycling-kochi,0,0,indexed,manual_review,,classification_source=indexed-pages-crosscheck-2026-07-10
/blog.ewastekochi.com/mobile-phone-recycling-kochi/,https://www.ewastekochi.com/blog.ewastekochi.com/mobile-phone-recycling-kochi/,gsc-indexed-url-upgrade-map;gsc-url-protection-map,blog.ewastekochi.com,subdomain-blog,,mobile-phone-recycling-kochi,0,0,indexed,manual_review,,classification_source=indexed-pages-crosscheck-2026-07-10
/blog.ewastekochi.com/old-electronic-buyers-near-me/,https://www.ewastekochi.com/blog.ewastekochi.com/old-electronic-buyers-near-me/,gsc-indexed-url-upgrade-map;gsc-url-protection-map,blog.ewastekochi.com,subdomain-blog,,old-electronic-buyers-near-me,0,0,indexed,manual_review,,classification_source=indexed-pages-crosscheck-2026-07-10
/blog.ewastekochi.com/pillars/battery-recycling/,https://www.ewastekochi.com/blog.ewastekochi.com/pillars/battery-recycling/,gsc-indexed-url-upgrade-map;gsc-url-protection-map,blog.ewastekochi.com,subdomain-blog,,battery-recycling,0,0,indexed,manual_review,,classification_source=indexed-pages-crosscheck-2026-07-10
/blog.ewastekochi.com/pillars/bulk-e-waste/,https://www.ewastekochi.com/blog.ewastekochi.com/pillars/bulk-e-waste/,gsc-indexed-url-upgrade-map;gsc-url-protection-map,blog.ewastekochi.com,subdomain-blog,,bulk-e-waste,0,0,indexed,manual_review,,classification_source=indexed-pages-crosscheck-2026-07-10
/blog.ewastekochi.com/pillars/data-destruction/,https://www.ewastekochi.com/blog.ewastekochi.com/pillars/data-destruction/,gsc-indexed-url-upgrade-map;gsc-url-protection-map,blog.ewastekochi.com,subdomain-blog,,data-destruction,0,0,indexed,manual_review,,classification_source=indexed-pages-crosscheck-2026-07-10
/blog.ewastekochi.com/pillars/e-waste-collection/,https://www.ewastekochi.com/blog.ewastekochi.com/pillars/e-waste-collection/,gsc-indexed-url-upgrade-map;gsc-url-protection-map,blog.ewastekochi.com,subdomain-blog,,e-waste-collection,0,0,indexed,manual_review,,classification_source=indexed-pages-crosscheck-2026-07-10
/blog.ewastekochi.com/pillars/e-waste-data-security/,https://www.ewastekochi.com/blog.ewastekochi.com/pillars/e-waste-data-security/,gsc-indexed-url-upgrade-map;gsc-url-protection-map,blog.ewastekochi.com,subdomain-blog,,e-waste-data-security,0,0,indexed,manual_review,,classification_source=indexed-pages-crosscheck-2026-07-10
/blog.ewastekochi.com/pillars/e-waste-environment-health-impact/,https://www.ewastekochi.com/blog.ewastekochi.com/pillars/e-waste-environment-health-impact/,gsc-indexed-url-upgrade-map;gsc-url-protection-map,blog.ewastekochi.com,subdomain-blog,,e-waste-environment-health-impact,0,0,indexed,manual_review,,classification_source=indexed-pages-crosscheck-2026-07-10
/blog.ewastekochi.com/pillars/e-waste-legislation-compliance-india/,https://www.ewastekochi.com/blog.ewastekochi.com/pillars/e-waste-legislation-compliance-india/,gsc-indexed-url-upgrade-map;gsc-url-protection-map,blog.ewastekochi.com,subdomain-blog,,e-waste-legislation-compliance-india,0,0,indexed,manual_review,,classification_source=indexed-pages-crosscheck-2026-07-10
/blog.ewastekochi.com/pillars/e-waste-recycling-process/,https://www.ewastekochi.com/blog.ewastekochi.com/pillars/e-waste-recycling-process/,gsc-indexed-url-upgrade-map;gsc-url-protection-map,blog.ewastekochi.com,subdomain-blog,,e-waste-recycling-process,0,0,indexed,manual_review,,classification_source=indexed-pages-crosscheck-2026-07-10
/blog.ewastekochi.com/pillars/e-waste-recycling/,https://www.ewastekochi.com/blog.ewastekochi.com/pillars/e-waste-recycling/,gsc-indexed-url-upgrade-map;gsc-url-protection-map,blog.ewastekochi.com,subdomain-blog,,e-waste-recycling,0,0,indexed,manual_review,,classification_source=indexed-pages-crosscheck-2026-07-10
/blog.ewastekochi.com/pillars/e-waste-regulations/,https://www.ewastekochi.com/blog.ewastekochi.com/pillars/e-waste-regulations/,gsc-indexed-url-upgrade-map;gsc-url-protection-map,blog.ewastekochi.com,subdomain-blog,,e-waste-regulations,0,0,indexed,manual_review,,classification_source=indexed-pages-crosscheck-2026-07-10
/blog.ewastekochi.com/pillars/electronics-waste-management-strategies/,https://www.ewastekochi.com/blog.ewastekochi.com/pillars/electronics-waste-management-strategies/,gsc-indexed-url-upgrade-map;gsc-url-protection-map,blog.ewastekochi.com,subdomain-blog,,electronics-waste-management-strategies,0,0,indexed,manual_review,,classification_source=indexed-pages-crosscheck-2026-07-10
/blog.ewastekochi.com/pillars/green-e-waste-disposal-methods/,https://www.ewastekochi.com/blog.ewastekochi.com/pillars/green-e-waste-disposal-methods/,gsc-indexed-url-upgrade-map;gsc-url-protection-map,blog.ewastekochi.com,subdomain-blog,,green-e-waste-disposal-methods,0,0,indexed,manual_review,,classification_source=indexed-pages-crosscheck-2026-07-10
/blog.ewastekochi.com/pillars/how-to-choose-an-e-waste-recycler/,https://www.ewastekochi.com/blog.ewastekochi.com/pillars/how-to-choose-an-e-waste-recycler/,gsc-indexed-url-upgrade-map;gsc-url-protection-map,blog.ewastekochi.com,subdomain-blog,,how-to-choose-an-e-waste-recycler,0,0,indexed,manual_review,,classification_source=indexed-pages-crosscheck-2026-07-10
/blog.ewastekochi.com/pillars/it-asset-disposal/,https://www.ewastekochi.com/blog.ewastekochi.com/pillars/it-asset-disposal/,gsc-indexed-url-upgrade-map;gsc-url-protection-map,blog.ewastekochi.com,subdomain-blog,,it-asset-disposal,0,0,indexed,manual_review,,classification_source=indexed-pages-crosscheck-2026-07-10
/blog.ewastekochi.com/pillars/laptop-disposal/,https://www.ewastekochi.com/blog.ewastekochi.com/pillars/laptop-disposal/,gsc-indexed-url-upgrade-map;gsc-url-protection-map,blog.ewastekochi.com,subdomain-blog,,laptop-disposal,0,0,indexed,manual_review,,classification_source=indexed-pages-crosscheck-2026-07-10
/blog.ewastekochi.com/pillars/safe-e-waste-handling-storage/,https://www.ewastekochi.com/blog.ewastekochi.com/pillars/safe-e-waste-handling-storage/,gsc-indexed-url-upgrade-map;gsc-url-protection-map,blog.ewastekochi.com,subdomain-blog,,safe-e-waste-handling-storage,0,0,indexed,manual_review,,classification_source=indexed-pages-crosscheck-2026-07-10
/blog.ewastekochi.com/recycling-equipment-buyer-guide/,https://www.ewastekochi.com/blog.ewastekochi.com/recycling-equipment-buyer-guide/,gsc-indexed-url-upgrade-map;gsc-url-protection-map,blog.ewastekochi.com,subdomain-blog,,recycling-equipment-buyer-guide,0,0,indexed,manual_review,,classification_source=indexed-pages-crosscheck-2026-07-10
/blog.ewastekochi.com/safe-ewaste-storage-checklist/,https://www.ewastekochi.com/blog.ewastekochi.com/safe-ewaste-storage-checklist/,gsc-indexed-url-upgrade-map;gsc-url-protection-map,blog.ewastekochi.com,subdomain-blog,,safe-ewaste-storage-checklist,0,0,indexed,manual_review,,classification_source=indexed-pages-crosscheck-2026-07-10
/blog.ewastekochi.com/school-ewaste-drive-checklist/,https://www.ewastekochi.com/blog.ewastekochi.com/school-ewaste-drive-checklist/,gsc-indexed-url-upgrade-map;gsc-url-protection-map,blog.ewastekochi.com,subdomain-blog,,school-ewaste-drive-checklist,0,0,indexed,manual_review,,classification_source=indexed-pages-crosscheck-2026-07-10
/blog.ewastekochi.com/tv-recycling-kochi/,https://www.ewastekochi.com/blog.ewastekochi.com/tv-recycling-kochi/,gsc-indexed-url-upgrade-map;gsc-url-protection-map,blog.ewastekochi.com,subdomain-blog,,tv-recycling-kochi,0,0,indexed,manual_review,,classification_source=indexed-pages-crosscheck-2026-07-10
/blog.ewastekochi.com/ups-battery-recycling-kochi/,https://www.ewastekochi.com/blog.ewastekochi.com/ups-battery-recycling-kochi/,gsc-indexed-url-upgrade-map;gsc-url-protection-map,blog.ewastekochi.com,subdomain-blog,,ups-battery-recycling-kochi,0,0,indexed,manual_review,,classification_source=indexed-pages-crosscheck-2026-07-10
/blog.ewastekochi.com/where-to-recycle-batteries/,https://www.ewastekochi.com/blog.ewastekochi.com/where-to-recycle-batteries/,gsc-indexed-url-upgrade-map;gsc-url-protection-map,blog.ewastekochi.com,subdomain-blog,,where-to-recycle-batteries,0,0,indexed,manual_review,,classification_source=indexed-pages-crosscheck-2026-07-10
/blog.ewastekochi.com/zero-landfill-ewaste-checklist/,https://www.ewastekochi.com/blog.ewastekochi.com/zero-landfill-ewaste-checklist/,gsc-indexed-url-upgrade-map;gsc-url-protection-map,blog.ewastekochi.com,subdomain-blog,,zero-landfill-ewaste-checklist,0,0,indexed,manual_review,,classification_source=indexed-pages-crosscheck-2026-07-10
/blog/,https://www.ewastekochi.com/blog/,gsc-url-protection-map,www.ewastekochi.com,other-legacy-service,,blog,0,36,crawled_not_indexed|dup_diff_canonical,keep_200,,classification_source=v2-live
/blog/ac-scrap-price-kerala/,https://www.ewastekochi.com/blog/ac-scrap-price-kerala/,gsc-indexed-url-upgrade-map;gsc-url-protection-map,www.ewastekochi.com,blog,,ac-scrap-price-kerala,1,22,indexed-with-traffic,manual_review,,classification_source=rule;confirmed_indexed_2026-07-10
/blog/advantages-of-laptop-buyback-aluva/,https://www.ewastekochi.com/blog/advantages-of-laptop-buyback-aluva/,gsc-url-protection-map,www.ewastekochi.com,blog,,advantages-of-laptop-buyback-aluva,0,0,404,leave_404,,classification_source=rule
/blog/affordable-data-destruction-in-angamaly-complete-pricing-angamaly/,https://www.ewastekochi.com/blog/affordable-data-destruction-in-angamaly-complete-pricing-angamaly/,gsc-url-protection-map,www.ewastekochi.com,blog,,affordable-data-destruction-in-angamaly-complete-pricing-angamaly,0,0,404,leave_404,,classification_source=rule
/blog/affordable-data-destruction-in-ernakulam-complete-pricing-ernakulam/,https://www.ewastekochi.com/blog/affordable-data-destruction-in-ernakulam-complete-pricing-ernakulam/,gsc-url-protection-map,www.ewastekochi.com,blog,,affordable-data-destruction-in-ernakulam-complete-pricing-ernakulam,0,0,404,leave_404,,classification_source=rule
/blog/affordable-it-asset-disposition-in-kalamassery-complete-pricing-kalamassery/,https://www.ewastekochi.com/blog/affordable-it-asset-disposition-in-kalamassery-complete-pricing-kalamassery/,gsc-url-protection-map,www.ewastekochi.com,blog,,affordable-it-asset-disposition-in-kalamassery-complete-pricing-kalamassery,0,2,indexed-with-traffic,leave_404,,classification_source=rule
/blog/affordable-phone-buyback-in-north-paravur-complete-pricing-north-paravur/,https://www.ewastekochi.com/blog/affordable-phone-buyback-in-north-paravur-complete-pricing-north-paravur/,gsc-url-protection-map,www.ewastekochi.com,blog,,affordable-phone-buyback-in-north-paravur-complete-pricing-north-paravur,0,0,404,leave_404,,classification_source=rule
/blog/affordable-printer-recycling-in-vyttila-complete-pricing-vyttila/,https://www.ewastekochi.com/blog/affordable-printer-recycling-in-vyttila-complete-pricing-vyttila/,gsc-url-protection-map,www.ewastekochi.com,blog,,affordable-printer-recycling-in-vyttila-complete-pricing-vyttila,0,0,404,leave_404,,classification_source=rule
/blog/affordable-server-recycling-in-kakkanad-complete-pricing-kakkanad/,https://www.ewastekochi.com/blog/affordable-server-recycling-in-kakkanad-complete-pricing-kakkanad/,gsc-url-protection-map,www.ewastekochi.com,blog,,affordable-server-recycling-in-kakkanad-complete-pricing-kakkanad,0,0,404,leave_404,,classification_source=rule
/blog/apple-vs-micromax-cable-recycling-in-edappally-edappally/,https://www.ewastekochi.com/blog/apple-vs-micromax-cable-recycling-in-edappally-edappally/,gsc-url-protection-map,www.ewastekochi.com,blog,,apple-vs-micromax-cable-recycling-in-edappally-edappally,0,0,404,leave_404,,classification_source=rule
/blog/archive-2025/,https://www.ewastekochi.com/blog/archive-2025/,gsc-url-protection-map,www.ewastekochi.com,blog,,archive-2025,0,0,404,leave_404,,classification_source=rule
/blog/b2b-e-waste-collection-services-in-angamaly-angamaly/,https://www.ewastekochi.com/blog/b2b-e-waste-collection-services-in-angamaly-angamaly/,gsc-url-protection-map,www.ewastekochi.com,blog,,b2b-e-waste-collection-services-in-angamaly-angamaly,0,0,404,leave_404,,classification_source=rule
/blog/b2b-monitor-recycling-services-in-angamaly-angamaly/,https://www.ewastekochi.com/blog/b2b-monitor-recycling-services-in-angamaly-angamaly/,gsc-url-protection-map,www.ewastekochi.com,blog,,b2b-monitor-recycling-services-in-angamaly-angamaly,0,0,404,leave_404,,classification_source=rule
/blog/b2b-monitor-recycling-services-in-ernakulam-ernakulam/,https://www.ewastekochi.com/blog/b2b-monitor-recycling-services-in-ernakulam-ernakulam/,gsc-url-protection-map,www.ewastekochi.com,blog,,b2b-monitor-recycling-services-in-ernakulam-ernakulam,0,0,404,leave_404,,classification_source=rule
/blog/b2b-server-recycling-services-in-kalamassery-kalamassery/,https://www.ewastekochi.com/blog/b2b-server-recycling-services-in-kalamassery-kalamassery/,gsc-url-protection-map,www.ewastekochi.com,blog,,b2b-server-recycling-services-in-kalamassery-kalamassery,0,0,404,leave_404,,classification_source=rule
/blog/b2b-server-recycling-services-in-thrippunithura-thrippunithura/,https://www.ewastekochi.com/blog/b2b-server-recycling-services-in-thrippunithura-thrippunithura/,gsc-url-protection-map,www.ewastekochi.com,blog,,b2b-server-recycling-services-in-thrippunithura-thrippunithura,0,0,404,leave_404,,classification_source=rule
/blog/battery-disposal-india/,https://www.ewastekochi.com/blog/battery-disposal-india/,gsc-indexed-url-upgrade-map;gsc-url-protection-map,www.ewastekochi.com,blog,,battery-disposal-india,0,0,indexed,leave_404,,classification_source=indexed-pages-crosscheck-2026-07-10
/blog/battery-recycling-during-monsoon-kochi/,https://www.ewastekochi.com/blog/battery-recycling-during-monsoon-kochi/,gsc-indexed-url-upgrade-map;gsc-url-protection-map,www.ewastekochi.com,blog,,battery-recycling-during-monsoon-kochi,0,3,indexed-with-traffic,leave_404,,classification_source=rule;confirmed_indexed_2026-07-10
/blog/battery-recycling-during-summer-in-north-paravur-north-paravur/,https://www.ewastekochi.com/blog/battery-recycling-during-summer-in-north-paravur-north-paravur/,gsc-url-protection-map,www.ewastekochi.com,blog,,battery-recycling-during-summer-in-north-paravur-north-paravur,0,0,404,leave_404,,classification_source=rule
/blog/battery-recycling-for-businesses-in-north-paravur-north-paravur/,https://www.ewastekochi.com/blog/battery-recycling-for-businesses-in-north-paravur-north-paravur/,gsc-url-protection-map,www.ewastekochi.com,blog,,battery-recycling-for-businesses-in-north-paravur-north-paravur,0,0,404,leave_404,,classification_source=rule
/blog/battery-recycling-options-in-kochi-which-to-choose-kochi/,https://www.ewastekochi.com/blog/battery-recycling-options-in-kochi-which-to-choose-kochi/,gsc-url-protection-map,www.ewastekochi.com,blog,,battery-recycling-options-in-kochi-which-to-choose-kochi,0,30,404,leave_404,,classification_source=rule
/blog/battery-recycling-options-in-vyttila-which-to-choose-vyttila/,https://www.ewastekochi.com/blog/battery-recycling-options-in-vyttila-which-to-choose-vyttila/,gsc-url-protection-map,www.ewastekochi.com,blog,,battery-recycling-options-in-vyttila-which-to-choose-vyttila,0,0,404,leave_404,,classification_source=rule
/blog/battery-recycling-price-guide-for-kakkanad-kakkanad/,https://www.ewastekochi.com/blog/battery-recycling-price-guide-for-kakkanad-kakkanad/,gsc-url-protection-map,www.ewastekochi.com,blog,,battery-recycling-price-guide-for-kakkanad-kakkanad,0,0,404,leave_404,,classification_source=rule
/blog/battery-recycling-problems-in-edappally-solutions-edappally/,https://www.ewastekochi.com/blog/battery-recycling-problems-in-edappally-solutions-edappally/,gsc-url-protection-map,www.ewastekochi.com,blog,,battery-recycling-problems-in-edappally-solutions-edappally,0,0,404,leave_404,,classification_source=rule
/blog/benefits-ewaste-recycling/,https://www.ewastekochi.com/blog/benefits-ewaste-recycling/,gsc-url-protection-map,www.ewastekochi.com,blog,,benefits-ewaste-recycling,0,1,crawled_not_indexed,leave_404,,classification_source=rule
/blog/benefits-of-cable-recycling-in-north-paravur/,https://www.ewastekochi.com/blog/benefits-of-cable-recycling-in-north-paravur/,gsc-url-protection-map,www.ewastekochi.com,blog,,benefits-of-cable-recycling-in-north-paravur,0,0,404,leave_404,,classification_source=rule
/blog/benefits-of-laptop-buyback-in-aluva/,https://www.ewastekochi.com/blog/benefits-of-laptop-buyback-in-aluva/,gsc-url-protection-map,www.ewastekochi.com,blog,,benefits-of-laptop-buyback-in-aluva,0,0,404,leave_404,,classification_source=rule
/blog/benefits-of-laptop-buyback-in-north-paravur/,https://www.ewastekochi.com/blog/benefits-of-laptop-buyback-in-north-paravur/,gsc-url-protection-map,www.ewastekochi.com,blog,,benefits-of-laptop-buyback-in-north-paravur,0,0,404,leave_404,,classification_source=rule
/blog/benefits-of-printer-recycling-in-aluva-aluva/,https://www.ewastekochi.com/blog/benefits-of-printer-recycling-in-aluva-aluva/,gsc-url-protection-map,www.ewastekochi.com,blog,,benefits-of-printer-recycling-in-aluva-aluva,0,0,404,leave_404,,classification_source=rule
/blog/benefits-of-printer-recycling-in-vyttila-vyttila/,https://www.ewastekochi.com/blog/benefits-of-printer-recycling-in-vyttila-vyttila/,gsc-url-protection-map,www.ewastekochi.com,blog,,benefits-of-printer-recycling-in-vyttila-vyttila,0,0,404,leave_404,,classification_source=rule
/blog/benefits-of-server-recycling-in-north-paravur-north-paravur/,https://www.ewastekochi.com/blog/benefits-of-server-recycling-in-north-paravur-north-paravur/,gsc-url-protection-map,www.ewastekochi.com,blog,,benefits-of-server-recycling-in-north-paravur-north-paravur,0,0,404,leave_404,,classification_source=rule
/blog/benefits-of-undefined-in-undefined-undefined/,https://www.ewastekochi.com/blog/benefits-of-undefined-in-undefined-undefined/,gsc-url-protection-map,www.ewastekochi.com,blog,,benefits-of-undefined-in-undefined-undefined,0,0,404,leave_404,,classification_source=rule
/blog/best-battery-recycling-providers-in-north-paravur-comparison-north-paravur/,https://www.ewastekochi.com/blog/best-battery-recycling-providers-in-north-paravur-comparison-north-paravur/,gsc-url-protection-map,www.ewastekochi.com,blog,,best-battery-recycling-providers-in-north-paravur-comparison-north-paravur,0,0,crawled_not_indexed,leave_404,,classification_source=rule
/blog/best-data-destruction-providers-in-angamaly-comparison-angamaly-1/,https://www.ewastekochi.com/blog/best-data-destruction-providers-in-angamaly-comparison-angamaly-1/,gsc-url-protection-map,www.ewastekochi.com,blog,,best-data-destruction-providers-in-angamaly-comparison-angamaly-1,0,0,404,leave_404,,classification_source=rule
/blog/best-e-waste-recycling-kochi/,https://www.ewastekochi.com/blog/best-e-waste-recycling-kochi/,gsc-indexed-url-upgrade-map;gsc-url-protection-map,www.ewastekochi.com,blog,,best-e-waste-recycling-kochi,0,19,indexed-with-traffic,leave_404,,classification_source=rule;confirmed_indexed_2026-07-10
/blog/best-monitor-recycling-providers-in-kalamassery-comparison-kalamassery/,https://www.ewastekochi.com/blog/best-monitor-recycling-providers-in-kalamassery-comparison-kalamassery/,gsc-url-protection-map,www.ewastekochi.com,blog,,best-monitor-recycling-providers-in-kalamassery-comparison-kalamassery,0,0,404,leave_404,,classification_source=rule
/blog/best-phone-buyback-providers-in-kalamassery-comparison-kalamassery/,https://www.ewastekochi.com/blog/best-phone-buyback-providers-in-kalamassery-comparison-kalamassery/,gsc-url-protection-map,www.ewastekochi.com,blog,,best-phone-buyback-providers-in-kalamassery-comparison-kalamassery,0,0,404,leave_404,,classification_source=rule
/blog/best-scrap-dealers-kochi-electronics/,https://www.ewastekochi.com/blog/best-scrap-dealers-kochi-electronics/,gsc-indexed-url-upgrade-map;gsc-url-protection-map;manual-high-intent-list,www.ewastekochi.com,blog,,best-scrap-dealers-kochi-electronics,1,5,indexed-with-traffic,manual-high-intent,,GSC guide
/blog/best-time-for-battery-recycling-in-aluva-aluva/,https://www.ewastekochi.com/blog/best-time-for-battery-recycling-in-aluva-aluva/,gsc-url-protection-map,www.ewastekochi.com,blog,,best-time-for-battery-recycling-in-aluva-aluva,0,0,404,leave_404,,classification_source=rule
/blog/best-time-for-cable-recycling-in-aluva-aluva/,https://www.ewastekochi.com/blog/best-time-for-cable-recycling-in-aluva-aluva/,gsc-url-protection-map,www.ewastekochi.com,blog,,best-time-for-cable-recycling-in-aluva-aluva,0,2,crawled_not_indexed,leave_404,,classification_source=rule
/blog/best-time-for-cable-recycling-in-edappally-edappally/,https://www.ewastekochi.com/blog/best-time-for-cable-recycling-in-edappally-edappally/,gsc-url-protection-map,www.ewastekochi.com,blog,,best-time-for-cable-recycling-in-edappally-edappally,0,0,404,leave_404,,classification_source=rule
/blog/best-time-for-e-waste-collection-in-thrippunithura-thrippunithura/,https://www.ewastekochi.com/blog/best-time-for-e-waste-collection-in-thrippunithura-thrippunithura/,gsc-url-protection-map,www.ewastekochi.com,blog,,best-time-for-e-waste-collection-in-thrippunithura-thrippunithura,0,0,404,leave_404,,classification_source=rule
/blog/best-time-for-laptop-buyback-in-edappally-edappally/,https://www.ewastekochi.com/blog/best-time-for-laptop-buyback-in-edappally-edappally/,gsc-url-protection-map,www.ewastekochi.com,blog,,best-time-for-laptop-buyback-in-edappally-edappally,0,0,404,leave_404,,classification_source=rule
/blog/best-time-for-monitor-recycling-in-kakkanad-kakkanad/,https://www.ewastekochi.com/blog/best-time-for-monitor-recycling-in-kakkanad-kakkanad/,gsc-url-protection-map,www.ewastekochi.com,blog,,best-time-for-monitor-recycling-in-kakkanad-kakkanad,0,0,404,leave_404,,classification_source=rule
/blog/best-time-for-monitor-recycling-in-kalamassery-kalamassery/,https://www.ewastekochi.com/blog/best-time-for-monitor-recycling-in-kalamassery-kalamassery/,gsc-url-protection-map,www.ewastekochi.com,blog,,best-time-for-monitor-recycling-in-kalamassery-kalamassery,0,0,404,leave_404,,classification_source=rule
/blog/best-time-for-phone-buyback-in-kochi-kochi/,https://www.ewastekochi.com/blog/best-time-for-phone-buyback-in-kochi-kochi/,gsc-url-protection-map,www.ewastekochi.com,blog,,best-time-for-phone-buyback-in-kochi-kochi,0,0,404,leave_404,,classification_source=rule
/blog/best-time-for-server-recycling-in-kakkanad-kakkanad/,https://www.ewastekochi.com/blog/best-time-for-server-recycling-in-kakkanad-kakkanad/,gsc-url-protection-map,www.ewastekochi.com,blog,,best-time-for-server-recycling-in-kakkanad-kakkanad,0,0,404,leave_404,,classification_source=rule
/blog/best-way-to-data-destruction-in-north-paravur-2026/,https://www.ewastekochi.com/blog/best-way-to-data-destruction-in-north-paravur-2026/,gsc-url-protection-map,www.ewastekochi.com,blog,,best-way-to-data-destruction-in-north-paravur-2026,0,0,404,leave_404,,classification_source=rule
/blog/best-way-to-e-waste-collection-in-ernakulam-2026-ernakulam/,https://www.ewastekochi.com/blog/best-way-to-e-waste-collection-in-ernakulam-2026-ernakulam/,gsc-url-protection-map,www.ewastekochi.com,blog,,best-way-to-e-waste-collection-in-ernakulam-2026-ernakulam,1,10,404,manual_review,,classification_source=rule
/blog/best-way-to-e-waste-collection-in-vyttila-2026-vyttila/,https://www.ewastekochi.com/blog/best-way-to-e-waste-collection-in-vyttila-2026-vyttila/,gsc-url-protection-map,www.ewastekochi.com,blog,,best-way-to-e-waste-collection-in-vyttila-2026-vyttila,0,0,404,leave_404,,classification_source=rule
/blog/best-way-to-monitor-recycle-in-angamaly-2026-angamaly/,https://www.ewastekochi.com/blog/best-way-to-monitor-recycle-in-angamaly-2026-angamaly/,gsc-url-protection-map,www.ewastekochi.com,blog,,best-way-to-monitor-recycle-in-angamaly-2026-angamaly,0,0,404,leave_404,,classification_source=rule
/blog/best-way-to-printer-recycle-in-edappally-2026-edappally/,https://www.ewastekochi.com/blog/best-way-to-printer-recycle-in-edappally-2026-edappally/,gsc-url-protection-map,www.ewastekochi.com,blog,,best-way-to-printer-recycle-in-edappally-2026-edappally,0,0,404,leave_404,,classification_source=rule
/blog/best-way-to-printer-recycle-in-vyttila-2026-vyttila-1/,https://www.ewastekochi.com/blog/best-way-to-printer-recycle-in-vyttila-2026-vyttila-1/,gsc-url-protection-map,www.ewastekochi.com,blog,,best-way-to-printer-recycle-in-vyttila-2026-vyttila-1,0,0,crawled_not_indexed,leave_404,,classification_source=rule
/blog/best-way-to-printer-recycle-in-vyttila-2026-vyttila-2/,https://www.ewastekochi.com/blog/best-way-to-printer-recycle-in-vyttila-2026-vyttila-2/,gsc-url-protection-map,www.ewastekochi.com,blog,,best-way-to-printer-recycle-in-vyttila-2026-vyttila-2,0,0,404,leave_404,,classification_source=rule
/blog/best-way-to-server-recycle-in-angamaly-2026-angamaly/,https://www.ewastekochi.com/blog/best-way-to-server-recycle-in-angamaly-2026-angamaly/,gsc-url-protection-map,www.ewastekochi.com,blog,,best-way-to-server-recycle-in-angamaly-2026-angamaly,0,0,404,leave_404,,classification_source=rule
/blog/bulk-e-waste-disposal-kochi/,https://www.ewastekochi.com/blog/bulk-e-waste-disposal-kochi/,gsc-indexed-url-upgrade-map;gsc-url-protection-map,www.ewastekochi.com,blog,,bulk-e-waste-disposal-kochi,1,3,indexed-with-traffic,manual_review,,classification_source=rule;confirmed_indexed_2026-07-10
/blog/cable-recycling-challenges-in-kalamassery-expert-tips-kalamassery-1/,https://www.ewastekochi.com/blog/cable-recycling-challenges-in-kalamassery-expert-tips-kalamassery-1/,gsc-url-protection-map,www.ewastekochi.com,blog,,cable-recycling-challenges-in-kalamassery-expert-tips-kalamassery-1,0,0,404,leave_404,,classification_source=rule
/blog/cable-recycling-challenges-in-kalamassery-expert-tips-kalamassery/,https://www.ewastekochi.com/blog/cable-recycling-challenges-in-kalamassery-expert-tips-kalamassery/,gsc-url-protection-map,www.ewastekochi.com,blog,,cable-recycling-challenges-in-kalamassery-expert-tips-kalamassery,0,0,404,leave_404,,classification_source=rule
/blog/cable-recycling-options-in-ernakulam-which-to-choose-ernakulam/,https://www.ewastekochi.com/blog/cable-recycling-options-in-ernakulam-which-to-choose-ernakulam/,gsc-url-protection-map,www.ewastekochi.com,blog,,cable-recycling-options-in-ernakulam-which-to-choose-ernakulam,0,0,404,leave_404,,classification_source=rule
/blog/cable-recycling-options-in-kakkanad-which-to-choose-kakkanad/,https://www.ewastekochi.com/blog/cable-recycling-options-in-kakkanad-which-to-choose-kakkanad/,gsc-url-protection-map,www.ewastekochi.com,blog,,cable-recycling-options-in-kakkanad-which-to-choose-kakkanad,0,4,404,leave_404,,classification_source=rule
/blog/cable-recycling-prices-in-thrippunithura-2026-thrippunithura/,https://www.ewastekochi.com/blog/cable-recycling-prices-in-thrippunithura-2026-thrippunithura/,gsc-url-protection-map,www.ewastekochi.com,blog,,cable-recycling-prices-in-thrippunithura-2026-thrippunithura,0,0,404,leave_404,,classification_source=rule
/blog/cable-recycling-process-in-kochi-step-by-step-kochi/,https://www.ewastekochi.com/blog/cable-recycling-process-in-kochi-step-by-step-kochi/,gsc-url-protection-map,www.ewastekochi.com,blog,,cable-recycling-process-in-kochi-step-by-step-kochi,0,0,404,leave_404,,classification_source=rule
/blog/cable-recycling-trends-in-aluva-2026-aluva/,https://www.ewastekochi.com/blog/cable-recycling-trends-in-aluva-2026-aluva/,gsc-url-protection-map,www.ewastekochi.com,blog,,cable-recycling-trends-in-aluva-2026-aluva,0,0,404,leave_404,,classification_source=rule
/blog/cable-recycling-vs-wire-recycling-in-kakkanad-kakkanad/,https://www.ewastekochi.com/blog/cable-recycling-vs-wire-recycling-in-kakkanad-kakkanad/,gsc-url-protection-map,www.ewastekochi.com,blog,,cable-recycling-vs-wire-recycling-in-kakkanad-kakkanad,0,0,404,leave_404,,classification_source=rule
/blog/categories/,https://www.ewastekochi.com/blog/categories/,gsc-url-protection-map,www.ewastekochi.com,blog,,categories,0,0,404,leave_404,,classification_source=rule
/blog/category-comparison/,https://www.ewastekochi.com/blog/category-comparison/,gsc-url-protection-map,www.ewastekochi.com,blog,,category-comparison,0,4,404,leave_404,,classification_source=rule
/blog/common-battery-recycling-issues-kochi/,https://www.ewastekochi.com/blog/common-battery-recycling-issues-kochi/,gsc-url-protection-map,www.ewastekochi.com,blog,,common-battery-recycling-issues-kochi,0,0,404,leave_404,,classification_source=rule
/blog/common-data-destruction-issues-in-kochi-kochi/,https://www.ewastekochi.com/blog/common-data-destruction-issues-in-kochi-kochi/,gsc-url-protection-map,www.ewastekochi.com,blog,,common-data-destruction-issues-in-kochi-kochi,0,0,404,leave_404,,classification_source=rule
/blog/common-e-waste-collection-issues-in-ernakulam-ernakulam-1/,https://www.ewastekochi.com/blog/common-e-waste-collection-issues-in-ernakulam-ernakulam-1/,gsc-url-protection-map,www.ewastekochi.com,blog,,common-e-waste-collection-issues-in-ernakulam-ernakulam-1,0,0,404,leave_404,,classification_source=rule
/blog/common-e-waste-collection-issues-in-ernakulam-ernakulam/,https://www.ewastekochi.com/blog/common-e-waste-collection-issues-in-ernakulam-ernakulam/,gsc-url-protection-map,www.ewastekochi.com,blog,,common-e-waste-collection-issues-in-ernakulam-ernakulam,0,0,404,leave_404,,classification_source=rule
/blog/common-e-waste-collection-issues-in-vyttila-vyttila-1/,https://www.ewastekochi.com/blog/common-e-waste-collection-issues-in-vyttila-vyttila-1/,gsc-url-protection-map,www.ewastekochi.com,blog,,common-e-waste-collection-issues-in-vyttila-vyttila-1,0,0,404,leave_404,,classification_source=rule
/blog/common-laptop-buyback-issues-in-edappally-edappally-1/,https://www.ewastekochi.com/blog/common-laptop-buyback-issues-in-edappally-edappally-1/,gsc-url-protection-map,www.ewastekochi.com,blog,,common-laptop-buyback-issues-in-edappally-edappally-1,0,0,404,leave_404,,classification_source=rule
/blog/common-monitor-recycling-issues-in-kalamassery-kalamassery/,https://www.ewastekochi.com/blog/common-monitor-recycling-issues-in-kalamassery-kalamassery/,gsc-url-protection-map,www.ewastekochi.com,blog,,common-monitor-recycling-issues-in-kalamassery-kalamassery,0,0,404,leave_404,,classification_source=rule
/blog/common-phone-buyback-issues-in-kochi-kochi/,https://www.ewastekochi.com/blog/common-phone-buyback-issues-in-kochi-kochi/,gsc-url-protection-map,www.ewastekochi.com,blog,,common-phone-buyback-issues-in-kochi-kochi,0,0,404,leave_404,,classification_source=rule
/blog/common-server-recycling-issues-in-edappally-edappally/,https://www.ewastekochi.com/blog/common-server-recycling-issues-in-edappally-edappally/,gsc-url-protection-map,www.ewastekochi.com,blog,,common-server-recycling-issues-in-edappally-edappally,0,0,404,leave_404,,classification_source=rule
/blog/compare-printer-recycling-options-thrippunithura/,https://www.ewastekochi.com/blog/compare-printer-recycling-options-thrippunithura/,gsc-url-protection-map,www.ewastekochi.com,blog,,compare-printer-recycling-options-thrippunithura,0,0,404,leave_404,,classification_source=rule
/blog/complete-guide-to-battery-recycling-in-kochi-kochi/,https://www.ewastekochi.com/blog/complete-guide-to-battery-recycling-in-kochi-kochi/,gsc-url-protection-map,www.ewastekochi.com,blog,,complete-guide-to-battery-recycling-in-kochi-kochi,0,0,404,leave_404,,classification_source=rule
/blog/complete-guide-to-cable-recycling-in-thrippunithura-thrippunithura/,https://www.ewastekochi.com/blog/complete-guide-to-cable-recycling-in-thrippunithura-thrippunithura/,gsc-url-protection-map,www.ewastekochi.com,blog,,complete-guide-to-cable-recycling-in-thrippunithura-thrippunithura,0,0,404,leave_404,,classification_source=rule
/blog/complete-guide-to-data-destruction-in-ernakulam-ernakulam/,https://www.ewastekochi.com/blog/complete-guide-to-data-destruction-in-ernakulam-ernakulam/,gsc-url-protection-map,www.ewastekochi.com,blog,,complete-guide-to-data-destruction-in-ernakulam-ernakulam,0,0,404,leave_404,,classification_source=rule
/blog/complete-guide-to-data-destruction-in-kalamassery-2/,https://www.ewastekochi.com/blog/complete-guide-to-data-destruction-in-kalamassery-2/,gsc-url-protection-map,www.ewastekochi.com,blog,,complete-guide-to-data-destruction-in-kalamassery-2,0,0,crawled_not_indexed,leave_404,,classification_source=rule
/blog/complete-guide-to-it-asset-disposition-in-kalamassery-kalamassery-2/,https://www.ewastekochi.com/blog/complete-guide-to-it-asset-disposition-in-kalamassery-kalamassery-2/,gsc-url-protection-map,www.ewastekochi.com,blog,,complete-guide-to-it-asset-disposition-in-kalamassery-kalamassery-2,0,0,404,leave_404,,classification_source=rule
/blog/complete-guide-to-laptop-buyback-in-kakkanad-kakkanad/,https://www.ewastekochi.com/blog/complete-guide-to-laptop-buyback-in-kakkanad-kakkanad/,gsc-url-protection-map,www.ewastekochi.com,blog,,complete-guide-to-laptop-buyback-in-kakkanad-kakkanad,0,1,crawled_not_indexed,leave_404,,classification_source=rule
/blog/complete-guide-to-laptop-buyback-in-kochi-3/,https://www.ewastekochi.com/blog/complete-guide-to-laptop-buyback-in-kochi-3/,gsc-url-protection-map,www.ewastekochi.com,blog,,complete-guide-to-laptop-buyback-in-kochi-3,0,0,404,leave_404,,classification_source=rule
/blog/complete-guide-to-monitor-recycling-angamaly/,https://www.ewastekochi.com/blog/complete-guide-to-monitor-recycling-angamaly/,gsc-url-protection-map,www.ewastekochi.com,blog,,complete-guide-to-monitor-recycling-angamaly,0,0,404,leave_404,,classification_source=rule
/blog/complete-guide-to-printer-recycling-in-aluva-aluva/,https://www.ewastekochi.com/blog/complete-guide-to-printer-recycling-in-aluva-aluva/,gsc-url-protection-map,www.ewastekochi.com,blog,,complete-guide-to-printer-recycling-in-aluva-aluva,0,0,404,leave_404,,classification_source=rule
/blog/complete-guide-to-printer-recycling-in-vyttila-vyttila-1/,https://www.ewastekochi.com/blog/complete-guide-to-printer-recycling-in-vyttila-vyttila-1/,gsc-url-protection-map,www.ewastekochi.com,blog,,complete-guide-to-printer-recycling-in-vyttila-vyttila-1,0,0,404,leave_404,,classification_source=rule
/blog/complete-guide-to-printer-recycling-in-vyttila-vyttila-2/,https://www.ewastekochi.com/blog/complete-guide-to-printer-recycling-in-vyttila-vyttila-2/,gsc-url-protection-map,www.ewastekochi.com,blog,,complete-guide-to-printer-recycling-in-vyttila-vyttila-2,0,0,404,leave_404,,classification_source=rule
/blog/complete-guide-to-printer-recycling-in-vyttila-vyttila/,https://www.ewastekochi.com/blog/complete-guide-to-printer-recycling-in-vyttila-vyttila/,gsc-url-protection-map,www.ewastekochi.com,blog,,complete-guide-to-printer-recycling-in-vyttila-vyttila,0,0,404,leave_404,,classification_source=rule
/blog/complete-guide-to-server-recycling-in-ernakulam-ernakulam-2/,https://www.ewastekochi.com/blog/complete-guide-to-server-recycling-in-ernakulam-ernakulam-2/,gsc-url-protection-map,www.ewastekochi.com,blog,,complete-guide-to-server-recycling-in-ernakulam-ernakulam-2,0,0,404,leave_404,,classification_source=rule
/blog/complete-guide-to-server-recycling-in-kakkanad-kakkanad/,https://www.ewastekochi.com/blog/complete-guide-to-server-recycling-in-kakkanad-kakkanad/,gsc-url-protection-map,www.ewastekochi.com,blog,,complete-guide-to-server-recycling-in-kakkanad-kakkanad,0,0,404,leave_404,,classification_source=rule
/blog/compliance-guide-for-battery-recycling-in-north-paravur-north-paravur/,https://www.ewastekochi.com/blog/compliance-guide-for-battery-recycling-in-north-paravur-north-paravur/,gsc-url-protection-map,www.ewastekochi.com,blog,,compliance-guide-for-battery-recycling-in-north-paravur-north-paravur,0,0,404,leave_404,,classification_source=rule
/blog/compliance-guide-for-e-waste-collection-in-vyttila-vyttila/,https://www.ewastekochi.com/blog/compliance-guide-for-e-waste-collection-in-vyttila-vyttila/,gsc-url-protection-map,www.ewastekochi.com,blog,,compliance-guide-for-e-waste-collection-in-vyttila-vyttila,0,0,crawled_not_indexed,leave_404,,classification_source=rule
/blog/compliance-guide-for-laptop-buyback-in-ernakulam-ernakulam/,https://www.ewastekochi.com/blog/compliance-guide-for-laptop-buyback-in-ernakulam-ernakulam/,gsc-url-protection-map,www.ewastekochi.com,blog,,compliance-guide-for-laptop-buyback-in-ernakulam-ernakulam,0,0,404,leave_404,,classification_source=rule
/blog/compliance-guide-for-laptop-buyback-in-kakkanad-kakkanad/,https://www.ewastekochi.com/blog/compliance-guide-for-laptop-buyback-in-kakkanad-kakkanad/,gsc-url-protection-map,www.ewastekochi.com,blog,,compliance-guide-for-laptop-buyback-in-kakkanad-kakkanad,0,0,404,leave_404,,classification_source=rule
/blog/compliance-guide-for-monitor-recycling-in-aluva-aluva/,https://www.ewastekochi.com/blog/compliance-guide-for-monitor-recycling-in-aluva-aluva/,gsc-url-protection-map,www.ewastekochi.com,blog,,compliance-guide-for-monitor-recycling-in-aluva-aluva,0,2,crawled_not_indexed,leave_404,,classification_source=rule
/blog/compliance-guide-for-printer-recycling-in-edappally-edappally/,https://www.ewastekochi.com/blog/compliance-guide-for-printer-recycling-in-edappally-edappally/,gsc-url-protection-map,www.ewastekochi.com,blog,,compliance-guide-for-printer-recycling-in-edappally-edappally,0,0,404,leave_404,,classification_source=rule
/blog/compliance-guide-for-printer-recycling-in-kochi-kochi/,https://www.ewastekochi.com/blog/compliance-guide-for-printer-recycling-in-kochi-kochi/,gsc-url-protection-map,www.ewastekochi.com,blog,,compliance-guide-for-printer-recycling-in-kochi-kochi,0,0,404,leave_404,,classification_source=rule
/blog/compliance-guide-for-printer-recycling-in-vyttila-vyttila-1/,https://www.ewastekochi.com/blog/compliance-guide-for-printer-recycling-in-vyttila-vyttila-1/,gsc-url-protection-map,www.ewastekochi.com,blog,,compliance-guide-for-printer-recycling-in-vyttila-vyttila-1,0,0,404,leave_404,,classification_source=rule
/blog/computer-scrap-dealers-kochi/,https://www.ewastekochi.com/blog/computer-scrap-dealers-kochi/,gsc-indexed-url-upgrade-map;gsc-url-protection-map,www.ewastekochi.com,blog,,computer-scrap-dealers-kochi,0,3,indexed-with-traffic,leave_404,,classification_source=rule;confirmed_indexed_2026-07-10
/blog/corporate-battery-recycling-solutions-in-kochi-kochi-2/,https://www.ewastekochi.com/blog/corporate-battery-recycling-solutions-in-kochi-kochi-2/,gsc-url-protection-map,www.ewastekochi.com,blog,,corporate-battery-recycling-solutions-in-kochi-kochi-2,0,0,404,leave_404,,classification_source=rule
/blog/corporate-data-destruction-services/,https://www.ewastekochi.com/blog/corporate-data-destruction-services/,gsc-indexed-url-upgrade-map;gsc-url-protection-map,www.ewastekochi.com,blog,,corporate-data-destruction-services,0,2,indexed-with-traffic,leave_404,,classification_source=rule;confirmed_indexed_2026-07-10
/blog/corporate-data-destruction-solutions-in-kochi-kochi/,https://www.ewastekochi.com/blog/corporate-data-destruction-solutions-in-kochi-kochi/,gsc-url-protection-map,www.ewastekochi.com,blog,,corporate-data-destruction-solutions-in-kochi-kochi,0,0,404,leave_404,,classification_source=rule
/blog/corporate-e-waste-collection-solutions-in-kalamassery-kalamassery/,https://www.ewastekochi.com/blog/corporate-e-waste-collection-solutions-in-kalamassery-kalamassery/,gsc-url-protection-map,www.ewastekochi.com,blog,,corporate-e-waste-collection-solutions-in-kalamassery-kalamassery,0,0,404,leave_404,,classification_source=rule
/blog/corporate-e-waste-collection-solutions-in-vyttila-vyttila/,https://www.ewastekochi.com/blog/corporate-e-waste-collection-solutions-in-vyttila-vyttila/,gsc-url-protection-map,www.ewastekochi.com,blog,,corporate-e-waste-collection-solutions-in-vyttila-vyttila,0,5,indexed-with-traffic,leave_404,,classification_source=rule
/blog/corporate-e-waste-policy-template-india.html,https://www.ewastekochi.com/blog/corporate-e-waste-policy-template-india.html,gsc-url-protection-map,www.ewastekochi.com,blog,,,0,0,404,leave_404,,classification_source=rule
/blog/corporate-ewaste-compliance-90-day-checklist/,https://www.ewastekochi.com/blog/corporate-ewaste-compliance-90-day-checklist/,gsc-url-protection-map,www.ewastekochi.com,blog,,corporate-ewaste-compliance-90-day-checklist,0,20,indexed-with-traffic,leave_404,,classification_source=rule
/blog/corporate-it-asset-disposition-vyttila/,https://www.ewastekochi.com/blog/corporate-it-asset-disposition-vyttila/,gsc-url-protection-map,www.ewastekochi.com,blog,,corporate-it-asset-disposition-vyttila,0,0,404,leave_404,,classification_source=rule
/blog/corporate-laptop-buyback-solutions-in-aluva-aluva/,https://www.ewastekochi.com/blog/corporate-laptop-buyback-solutions-in-aluva-aluva/,gsc-url-protection-map,www.ewastekochi.com,blog,,corporate-laptop-buyback-solutions-in-aluva-aluva,0,0,404,leave_404,,classification_source=rule
/blog/corporate-monitor-recycling-solutions-in-aluva-aluva/,https://www.ewastekochi.com/blog/corporate-monitor-recycling-solutions-in-aluva-aluva/,gsc-url-protection-map,www.ewastekochi.com,blog,,corporate-monitor-recycling-solutions-in-aluva-aluva,0,0,404,leave_404,,classification_source=rule
/blog/corporate-phone-buyback-solutions-in-edappally-edappally/,https://www.ewastekochi.com/blog/corporate-phone-buyback-solutions-in-edappally-edappally/,gsc-url-protection-map,www.ewastekochi.com,blog,,corporate-phone-buyback-solutions-in-edappally-edappally,0,0,404,leave_404,,classification_source=rule
/blog/cost-of-data-destruction-in-angamaly/,https://www.ewastekochi.com/blog/cost-of-data-destruction-in-angamaly/,gsc-url-protection-map,www.ewastekochi.com,blog,,cost-of-data-destruction-in-angamaly,0,0,crawled_not_indexed,leave_404,,classification_source=rule
/blog/cost-of-data-destruction-in-edappally-2/,https://www.ewastekochi.com/blog/cost-of-data-destruction-in-edappally-2/,gsc-indexed-url-upgrade-map;gsc-url-protection-map,www.ewastekochi.com,blog,,cost-of-data-destruction-in-edappally-2,0,3,indexed-with-traffic,leave_404,,classification_source=rule;confirmed_indexed_2026-07-10
/blog/data-destruction-methods-compared-kochi/,https://www.ewastekochi.com/blog/data-destruction-methods-compared-kochi/,gsc-url-protection-map,www.ewastekochi.com,blog,,data-destruction-methods-compared-kochi,0,23,crawled_not_indexed,leave_404,,classification_source=rule
/blog/data-destruction-options-in-north-paravur-which-to-choose-north-paravur/,https://www.ewastekochi.com/blog/data-destruction-options-in-north-paravur-which-to-choose-north-paravur/,gsc-url-protection-map,www.ewastekochi.com,blog,,data-destruction-options-in-north-paravur-which-to-choose-north-paravur,0,0,404,leave_404,,classification_source=rule
/blog/data-destruction-problems-in-kakkanad-solutions-kakkanad/,https://www.ewastekochi.com/blog/data-destruction-problems-in-kakkanad-solutions-kakkanad/,gsc-url-protection-map,www.ewastekochi.com,blog,,data-destruction-problems-in-kakkanad-solutions-kakkanad,0,0,404,leave_404,,classification_source=rule
/blog/data-destruction-process-in-edappally-step-by-step/,https://www.ewastekochi.com/blog/data-destruction-process-in-edappally-step-by-step/,gsc-url-protection-map,www.ewastekochi.com,blog,,data-destruction-process-in-edappally-step-by-step,0,0,404,leave_404,,classification_source=rule
/blog/data-destruction-vs-data-wiping-in-thrippunithura-thrippunithura/,https://www.ewastekochi.com/blog/data-destruction-vs-data-wiping-in-thrippunithura-thrippunithura/,gsc-url-protection-map,www.ewastekochi.com,blog,,data-destruction-vs-data-wiping-in-thrippunithura-thrippunithura,0,0,404,leave_404,,classification_source=rule
/blog/dpdp-act-2023-it-disposal-compliance/,https://www.ewastekochi.com/blog/dpdp-act-2023-it-disposal-compliance/,gsc-indexed-url-upgrade-map;gsc-url-protection-map,www.ewastekochi.com,blog,,dpdp-act-2023-it-disposal-compliance,0,8,alt_canonical,leave_404,,classification_source=rule;confirmed_indexed_2026-07-10
/blog/dpdp-act-impact-startups.html,https://www.ewastekochi.com/blog/dpdp-act-impact-startups.html,gsc-url-protection-map,www.ewastekochi.com,blog,,,0,7,404,leave_404,,classification_source=rule
/blog/e-waste-collection-cost-in-kalamassery/,https://www.ewastekochi.com/blog/e-waste-collection-cost-in-kalamassery/,gsc-url-protection-map,www.ewastekochi.com,blog,,e-waste-collection-cost-in-kalamassery,0,0,404,leave_404,,classification_source=rule
/blog/e-waste-collection-during-monsoon-kalamassery/,https://www.ewastekochi.com/blog/e-waste-collection-during-monsoon-kalamassery/,gsc-url-protection-map,www.ewastekochi.com,blog,,e-waste-collection-during-monsoon-kalamassery,0,2,crawled_not_indexed,leave_404,,classification_source=rule
/blog/e-waste-collection-during-spring-in-kochi-kochi/,https://www.ewastekochi.com/blog/e-waste-collection-during-spring-in-kochi-kochi/,gsc-url-protection-map,www.ewastekochi.com,blog,,e-waste-collection-during-spring-in-kochi-kochi,0,1,crawled_not_indexed,leave_404,,classification_source=rule
/blog/e-waste-collection-near-me-kochi/,https://www.ewastekochi.com/blog/e-waste-collection-near-me-kochi/,gsc-indexed-url-upgrade-map;gsc-url-protection-map,www.ewastekochi.com,blog,,e-waste-collection-near-me-kochi,1,2,indexed-with-traffic,manual_review,,classification_source=rule;confirmed_indexed_2026-07-10
/blog/e-waste-collection-options-in-north-paravur-which-to-choose-north-paravur/,https://www.ewastekochi.com/blog/e-waste-collection-options-in-north-paravur-which-to-choose-north-paravur/,gsc-url-protection-map,www.ewastekochi.com,blog,,e-waste-collection-options-in-north-paravur-which-to-choose-north-paravur,0,0,404,leave_404,,classification_source=rule
/blog/e-waste-collection-price-guide-for-ernakulam-ernakulam-2/,https://www.ewastekochi.com/blog/e-waste-collection-price-guide-for-ernakulam-ernakulam-2/,gsc-url-protection-map,www.ewastekochi.com,blog,,e-waste-collection-price-guide-for-ernakulam-ernakulam-2,0,0,404,leave_404,,classification_source=rule
/blog/e-waste-collection-price-guide-for-thrippunithura-thrippunithura/,https://www.ewastekochi.com/blog/e-waste-collection-price-guide-for-thrippunithura-thrippunithura/,gsc-url-protection-map,www.ewastekochi.com,blog,,e-waste-collection-price-guide-for-thrippunithura-thrippunithura,0,0,404,leave_404,,classification_source=rule
/blog/e-waste-collection-prices-in-angamaly-2026-angamaly/,https://www.ewastekochi.com/blog/e-waste-collection-prices-in-angamaly-2026-angamaly/,gsc-url-protection-map,www.ewastekochi.com,blog,,e-waste-collection-prices-in-angamaly-2026-angamaly,0,1,indexed-with-traffic,leave_404,,classification_source=rule
/blog/e-waste-collection-prices-in-edappally-2026-edappally-1/,https://www.ewastekochi.com/blog/e-waste-collection-prices-in-edappally-2026-edappally-1/,gsc-url-protection-map,www.ewastekochi.com,blog,,e-waste-collection-prices-in-edappally-2026-edappally-1,0,4,404,leave_404,,classification_source=rule
/blog/e-waste-collection-prices-in-edappally-2026-edappally/,https://www.ewastekochi.com/blog/e-waste-collection-prices-in-edappally-2026-edappally/,gsc-url-protection-map,www.ewastekochi.com,blog,,e-waste-collection-prices-in-edappally-2026-edappally,0,1,crawled_not_indexed,leave_404,,classification_source=rule
/blog/e-waste-collection-problems-in-ernakulam-solutions-ernakulam/,https://www.ewastekochi.com/blog/e-waste-collection-problems-in-ernakulam-solutions-ernakulam/,gsc-url-protection-map,www.ewastekochi.com,blog,,e-waste-collection-problems-in-ernakulam-solutions-ernakulam,0,0,404,leave_404,,classification_source=rule
/blog/e-waste-collection-problems-kalamassery/,https://www.ewastekochi.com/blog/e-waste-collection-problems-kalamassery/,gsc-indexed-url-upgrade-map;gsc-url-protection-map,www.ewastekochi.com,blog,,e-waste-collection-problems-kalamassery,0,2,indexed-with-traffic,leave_404,,classification_source=rule;confirmed_indexed_2026-07-10
/blog/e-waste-collection-process-in-kalamassery/,https://www.ewastekochi.com/blog/e-waste-collection-process-in-kalamassery/,gsc-url-protection-map,www.ewastekochi.com,blog,,e-waste-collection-process-in-kalamassery,0,0,404,leave_404,,classification_source=rule
/blog/e-waste-collection-vs-electronic-waste-pickup-in-kochi-kochi-1/,https://www.ewastekochi.com/blog/e-waste-collection-vs-electronic-waste-pickup-in-kochi-kochi-1/,gsc-url-protection-map,www.ewastekochi.com,blog,,e-waste-collection-vs-electronic-waste-pickup-in-kochi-kochi-1,0,0,404,leave_404,,classification_source=rule
/blog/e-waste-laws-in-aluva-complete-guide-aluva-2/,https://www.ewastekochi.com/blog/e-waste-laws-in-aluva-complete-guide-aluva-2/,gsc-url-protection-map,www.ewastekochi.com,blog,,e-waste-laws-in-aluva-complete-guide-aluva-2,0,0,404,leave_404,,classification_source=rule
/blog/e-waste-laws-in-aluva-complete-guide-aluva-3/,https://www.ewastekochi.com/blog/e-waste-laws-in-aluva-complete-guide-aluva-3/,gsc-url-protection-map,www.ewastekochi.com,blog,,e-waste-laws-in-aluva-complete-guide-aluva-3,0,0,404,leave_404,,classification_source=rule
/blog/e-waste-laws-in-angamaly-complete-guide-angamaly-2/,https://www.ewastekochi.com/blog/e-waste-laws-in-angamaly-complete-guide-angamaly-2/,gsc-url-protection-map,www.ewastekochi.com,blog,,e-waste-laws-in-angamaly-complete-guide-angamaly-2,0,0,404,leave_404,,classification_source=rule
/blog/e-waste-laws-in-angamaly-complete-guide-angamaly-3/,https://www.ewastekochi.com/blog/e-waste-laws-in-angamaly-complete-guide-angamaly-3/,gsc-url-protection-map,www.ewastekochi.com,blog,,e-waste-laws-in-angamaly-complete-guide-angamaly-3,0,0,404,leave_404,,classification_source=rule
/blog/e-waste-laws-in-angamaly-complete-guide-angamaly-4/,https://www.ewastekochi.com/blog/e-waste-laws-in-angamaly-complete-guide-angamaly-4/,gsc-url-protection-map,www.ewastekochi.com,blog,,e-waste-laws-in-angamaly-complete-guide-angamaly-4,0,0,404,leave_404,,classification_source=rule
/blog/e-waste-laws-in-angamaly-complete-guide-angamaly-5-5/,https://www.ewastekochi.com/blog/e-waste-laws-in-angamaly-complete-guide-angamaly-5-5/,gsc-url-protection-map,www.ewastekochi.com,blog,,e-waste-laws-in-angamaly-complete-guide-angamaly-5-5,0,0,404,leave_404,,classification_source=rule
/blog/e-waste-laws-in-angamaly-complete-guide-angamaly-5/,https://www.ewastekochi.com/blog/e-waste-laws-in-angamaly-complete-guide-angamaly-5/,gsc-url-protection-map,www.ewastekochi.com,blog,,e-waste-laws-in-angamaly-complete-guide-angamaly-5,0,0,404,leave_404,,classification_source=rule
/blog/e-waste-laws-in-angamaly-complete-guide-angamaly-6/,https://www.ewastekochi.com/blog/e-waste-laws-in-angamaly-complete-guide-angamaly-6/,gsc-url-protection-map,www.ewastekochi.com,blog,,e-waste-laws-in-angamaly-complete-guide-angamaly-6,0,0,404,leave_404,,classification_source=rule
/blog/e-waste-laws-in-angamaly-complete-guide-angamaly-7/,https://www.ewastekochi.com/blog/e-waste-laws-in-angamaly-complete-guide-angamaly-7/,gsc-url-protection-map,www.ewastekochi.com,blog,,e-waste-laws-in-angamaly-complete-guide-angamaly-7,0,0,404,leave_404,,classification_source=rule
/blog/e-waste-laws-in-angamaly-complete-guide-angamaly-8/,https://www.ewastekochi.com/blog/e-waste-laws-in-angamaly-complete-guide-angamaly-8/,gsc-url-protection-map,www.ewastekochi.com,blog,,e-waste-laws-in-angamaly-complete-guide-angamaly-8,0,0,404,leave_404,,classification_source=rule
/blog/e-waste-laws-in-edappally-complete-guide-edappally-2/,https://www.ewastekochi.com/blog/e-waste-laws-in-edappally-complete-guide-edappally-2/,gsc-url-protection-map,www.ewastekochi.com,blog,,e-waste-laws-in-edappally-complete-guide-edappally-2,0,0,404,leave_404,,classification_source=rule
/blog/e-waste-laws-in-edappally-complete-guide-edappally-3-3/,https://www.ewastekochi.com/blog/e-waste-laws-in-edappally-complete-guide-edappally-3-3/,gsc-url-protection-map,www.ewastekochi.com,blog,,e-waste-laws-in-edappally-complete-guide-edappally-3-3,0,0,404,leave_404,,classification_source=rule
/blog/e-waste-laws-in-edappally-complete-guide-edappally-3/,https://www.ewastekochi.com/blog/e-waste-laws-in-edappally-complete-guide-edappally-3/,gsc-url-protection-map,www.ewastekochi.com,blog,,e-waste-laws-in-edappally-complete-guide-edappally-3,0,0,404,leave_404,,classification_source=rule
/blog/e-waste-laws-in-ernakulam-complete-guide-ernakulam-1/,https://www.ewastekochi.com/blog/e-waste-laws-in-ernakulam-complete-guide-ernakulam-1/,gsc-url-protection-map,www.ewastekochi.com,blog,,e-waste-laws-in-ernakulam-complete-guide-ernakulam-1,0,1,indexed-with-traffic,leave_404,,classification_source=rule
/blog/e-waste-laws-in-ernakulam-complete-guide-ernakulam-2/,https://www.ewastekochi.com/blog/e-waste-laws-in-ernakulam-complete-guide-ernakulam-2/,gsc-url-protection-map,www.ewastekochi.com,blog,,e-waste-laws-in-ernakulam-complete-guide-ernakulam-2,0,0,404,leave_404,,classification_source=rule
/blog/e-waste-laws-in-ernakulam-complete-guide-ernakulam-3/,https://www.ewastekochi.com/blog/e-waste-laws-in-ernakulam-complete-guide-ernakulam-3/,gsc-url-protection-map,www.ewastekochi.com,blog,,e-waste-laws-in-ernakulam-complete-guide-ernakulam-3,0,0,404,leave_404,,classification_source=rule
/blog/e-waste-laws-in-ernakulam-complete-guide-ernakulam-4-4/,https://www.ewastekochi.com/blog/e-waste-laws-in-ernakulam-complete-guide-ernakulam-4-4/,gsc-url-protection-map,www.ewastekochi.com,blog,,e-waste-laws-in-ernakulam-complete-guide-ernakulam-4-4,0,0,404,leave_404,,classification_source=rule
/blog/e-waste-laws-in-ernakulam-complete-guide-ernakulam-4/,https://www.ewastekochi.com/blog/e-waste-laws-in-ernakulam-complete-guide-ernakulam-4/,gsc-url-protection-map,www.ewastekochi.com,blog,,e-waste-laws-in-ernakulam-complete-guide-ernakulam-4,0,0,404,leave_404,,classification_source=rule
/blog/e-waste-laws-in-kakkanad-complete-guide-kakkanad-1/,https://www.ewastekochi.com/blog/e-waste-laws-in-kakkanad-complete-guide-kakkanad-1/,gsc-url-protection-map,www.ewastekochi.com,blog,,e-waste-laws-in-kakkanad-complete-guide-kakkanad-1,0,0,404,leave_404,,classification_source=rule
/blog/e-waste-laws-in-kakkanad-complete-guide-kakkanad-2/,https://www.ewastekochi.com/blog/e-waste-laws-in-kakkanad-complete-guide-kakkanad-2/,gsc-url-protection-map,www.ewastekochi.com,blog,,e-waste-laws-in-kakkanad-complete-guide-kakkanad-2,0,0,404,leave_404,,classification_source=rule
/blog/e-waste-laws-in-kakkanad-complete-guide-kakkanad-3/,https://www.ewastekochi.com/blog/e-waste-laws-in-kakkanad-complete-guide-kakkanad-3/,gsc-url-protection-map,www.ewastekochi.com,blog,,e-waste-laws-in-kakkanad-complete-guide-kakkanad-3,0,0,404,leave_404,,classification_source=rule
/blog/e-waste-laws-in-kakkanad-complete-guide-kakkanad/,https://www.ewastekochi.com/blog/e-waste-laws-in-kakkanad-complete-guide-kakkanad/,gsc-url-protection-map,www.ewastekochi.com,blog,,e-waste-laws-in-kakkanad-complete-guide-kakkanad,0,0,404,leave_404,,classification_source=rule
/blog/e-waste-laws-in-kalamassery-complete-guide-kalamassery-2/,https://www.ewastekochi.com/blog/e-waste-laws-in-kalamassery-complete-guide-kalamassery-2/,gsc-url-protection-map,www.ewastekochi.com,blog,,e-waste-laws-in-kalamassery-complete-guide-kalamassery-2,0,0,404,leave_404,,classification_source=rule
/blog/e-waste-laws-in-kalamassery-complete-guide-kalamassery-3-3/,https://www.ewastekochi.com/blog/e-waste-laws-in-kalamassery-complete-guide-kalamassery-3-3/,gsc-url-protection-map,www.ewastekochi.com,blog,,e-waste-laws-in-kalamassery-complete-guide-kalamassery-3-3,0,2,crawled_not_indexed,leave_404,,classification_source=rule
/blog/e-waste-laws-in-kalamassery-complete-guide-kalamassery-3/,https://www.ewastekochi.com/blog/e-waste-laws-in-kalamassery-complete-guide-kalamassery-3/,gsc-url-protection-map,www.ewastekochi.com,blog,,e-waste-laws-in-kalamassery-complete-guide-kalamassery-3,0,0,404,leave_404,,classification_source=rule
/blog/e-waste-laws-in-kalamassery-complete-guide-kalamassery-4/,https://www.ewastekochi.com/blog/e-waste-laws-in-kalamassery-complete-guide-kalamassery-4/,gsc-url-protection-map,www.ewastekochi.com,blog,,e-waste-laws-in-kalamassery-complete-guide-kalamassery-4,0,0,404,leave_404,,classification_source=rule
/blog/e-waste-laws-in-kalamassery-complete-guide-kalamassery/,https://www.ewastekochi.com/blog/e-waste-laws-in-kalamassery-complete-guide-kalamassery/,gsc-url-protection-map,www.ewastekochi.com,blog,,e-waste-laws-in-kalamassery-complete-guide-kalamassery,0,0,404,leave_404,,classification_source=rule
/blog/e-waste-laws-in-kochi-complete-guide-kochi-1/,https://www.ewastekochi.com/blog/e-waste-laws-in-kochi-complete-guide-kochi-1/,gsc-url-protection-map,www.ewastekochi.com,blog,,e-waste-laws-in-kochi-complete-guide-kochi-1,1,28,indexed-with-traffic,manual_review,,classification_source=rule
/blog/e-waste-laws-in-kochi-complete-guide-kochi-2/,https://www.ewastekochi.com/blog/e-waste-laws-in-kochi-complete-guide-kochi-2/,gsc-url-protection-map,www.ewastekochi.com,blog,,e-waste-laws-in-kochi-complete-guide-kochi-2,0,0,404,leave_404,,classification_source=rule
/blog/e-waste-laws-in-kochi-complete-guide-kochi-3/,https://www.ewastekochi.com/blog/e-waste-laws-in-kochi-complete-guide-kochi-3/,gsc-url-protection-map,www.ewastekochi.com,blog,,e-waste-laws-in-kochi-complete-guide-kochi-3,0,0,404,leave_404,,classification_source=rule
/blog/e-waste-laws-in-kochi-complete-guide-kochi-4/,https://www.ewastekochi.com/blog/e-waste-laws-in-kochi-complete-guide-kochi-4/,gsc-url-protection-map,www.ewastekochi.com,blog,,e-waste-laws-in-kochi-complete-guide-kochi-4,0,0,404,leave_404,,classification_source=rule
/blog/e-waste-laws-in-north-paravur-complete-guide-north-paravur-2/,https://www.ewastekochi.com/blog/e-waste-laws-in-north-paravur-complete-guide-north-paravur-2/,gsc-url-protection-map,www.ewastekochi.com,blog,,e-waste-laws-in-north-paravur-complete-guide-north-paravur-2,0,0,404,leave_404,,classification_source=rule
/blog/e-waste-laws-in-north-paravur-complete-guide-north-paravur-3/,https://www.ewastekochi.com/blog/e-waste-laws-in-north-paravur-complete-guide-north-paravur-3/,gsc-url-protection-map,www.ewastekochi.com,blog,,e-waste-laws-in-north-paravur-complete-guide-north-paravur-3,0,0,404,leave_404,,classification_source=rule
/blog/e-waste-laws-in-north-paravur-complete-guide-north-paravur-4-4/,https://www.ewastekochi.com/blog/e-waste-laws-in-north-paravur-complete-guide-north-paravur-4-4/,gsc-url-protection-map,www.ewastekochi.com,blog,,e-waste-laws-in-north-paravur-complete-guide-north-paravur-4-4,0,1,404,leave_404,,classification_source=rule
/blog/e-waste-laws-in-north-paravur-complete-guide-north-paravur-4/,https://www.ewastekochi.com/blog/e-waste-laws-in-north-paravur-complete-guide-north-paravur-4/,gsc-url-protection-map,www.ewastekochi.com,blog,,e-waste-laws-in-north-paravur-complete-guide-north-paravur-4,0,0,404,leave_404,,classification_source=rule
/blog/e-waste-laws-in-north-paravur-complete-guide-north-paravur-5/,https://www.ewastekochi.com/blog/e-waste-laws-in-north-paravur-complete-guide-north-paravur-5/,gsc-url-protection-map,www.ewastekochi.com,blog,,e-waste-laws-in-north-paravur-complete-guide-north-paravur-5,0,0,404,leave_404,,classification_source=rule
/blog/e-waste-laws-in-north-paravur-complete-guide-north-paravur-6/,https://www.ewastekochi.com/blog/e-waste-laws-in-north-paravur-complete-guide-north-paravur-6/,gsc-url-protection-map,www.ewastekochi.com,blog,,e-waste-laws-in-north-paravur-complete-guide-north-paravur-6,0,0,404,leave_404,,classification_source=rule
/blog/e-waste-laws-in-north-paravur-complete-guide-north-paravur/,https://www.ewastekochi.com/blog/e-waste-laws-in-north-paravur-complete-guide-north-paravur/,gsc-url-protection-map,www.ewastekochi.com,blog,,e-waste-laws-in-north-paravur-complete-guide-north-paravur,0,2,crawled_not_indexed,leave_404,,classification_source=rule
/blog/e-waste-management-it-companies/,https://www.ewastekochi.com/blog/e-waste-management-it-companies/,gsc-indexed-url-upgrade-map;gsc-url-protection-map;manual-high-intent-list,www.ewastekochi.com,blog,,e-waste-management-it-companies,1,3,indexed-with-traffic,manual-high-intent,,GSC guide
/blog/e-waste-recycling-process-india/,https://www.ewastekochi.com/blog/e-waste-recycling-process-india/,gsc-url-protection-map,www.ewastekochi.com,blog,,e-waste-recycling-process-india,0,0,discovered_not_indexed,leave_404,,classification_source=rule
/blog/e-waste-rules-india-2024/,https://www.ewastekochi.com/blog/e-waste-rules-india-2024/,gsc-url-protection-map,www.ewastekochi.com,blog,,e-waste-rules-india-2024,0,0,discovered_not_indexed,leave_404,,classification_source=rule
/blog/economic-benefits-of-data-destruction-in-ernakulam-ernakulam/,https://www.ewastekochi.com/blog/economic-benefits-of-data-destruction-in-ernakulam-ernakulam/,gsc-indexed-url-upgrade-map;gsc-url-protection-map,www.ewastekochi.com,blog,,economic-benefits-of-data-destruction-in-ernakulam-ernakulam,0,5,indexed-with-traffic,leave_404,,classification_source=rule;confirmed_indexed_2026-07-10
/blog/economic-benefits-of-data-destruction-in-kalamassery-kalamassery/,https://www.ewastekochi.com/blog/economic-benefits-of-data-destruction-in-kalamassery-kalamassery/,gsc-url-protection-map,www.ewastekochi.com,blog,,economic-benefits-of-data-destruction-in-kalamassery-kalamassery,0,0,404,leave_404,,classification_source=rule
/blog/economic-benefits-of-data-destruction-in-north-paravur-north-paravur/,https://www.ewastekochi.com/blog/economic-benefits-of-data-destruction-in-north-paravur-north-paravur/,gsc-url-protection-map,www.ewastekochi.com,blog,,economic-benefits-of-data-destruction-in-north-paravur-north-paravur,0,0,crawled_not_indexed,leave_404,,classification_source=rule
/blog/economic-benefits-of-e-waste-collection-in-kalamassery-kalamassery/,https://www.ewastekochi.com/blog/economic-benefits-of-e-waste-collection-in-kalamassery-kalamassery/,gsc-indexed-url-upgrade-map;gsc-url-protection-map,www.ewastekochi.com,blog,,economic-benefits-of-e-waste-collection-in-kalamassery-kalamassery,0,0,indexed,leave_404,,classification_source=indexed-pages-crosscheck-2026-07-10
/blog/economic-benefits-of-it-asset-disposition-in-ernakulam-ernakulam/,https://www.ewastekochi.com/blog/economic-benefits-of-it-asset-disposition-in-ernakulam-ernakulam/,gsc-url-protection-map,www.ewastekochi.com,blog,,economic-benefits-of-it-asset-disposition-in-ernakulam-ernakulam,0,0,404,leave_404,,classification_source=rule
/blog/economic-benefits-of-laptop-buyback-in-thrippunithura-thrippunithura/,https://www.ewastekochi.com/blog/economic-benefits-of-laptop-buyback-in-thrippunithura-thrippunithura/,gsc-url-protection-map,www.ewastekochi.com,blog,,economic-benefits-of-laptop-buyback-in-thrippunithura-thrippunithura,0,0,404,leave_404,,classification_source=rule
/blog/electronic-waste-collection-near-me-kochi/,https://www.ewastekochi.com/blog/electronic-waste-collection-near-me-kochi/,gsc-indexed-url-upgrade-map;gsc-url-protection-map,www.ewastekochi.com,blog,,electronic-waste-collection-near-me-kochi,0,0,indexed,leave_404,,classification_source=indexed-pages-crosscheck-2026-07-10
/blog/electronic-waste-disposal-kerala/,https://www.ewastekochi.com/blog/electronic-waste-disposal-kerala/,gsc-indexed-url-upgrade-map;gsc-url-protection-map;manual-high-intent-list,www.ewastekochi.com,blog,,electronic-waste-disposal-kerala,0,33,indexed-with-traffic,manual-high-intent,,GSC guide
/blog/enterprise-cable-recycling-kalamassery/,https://www.ewastekochi.com/blog/enterprise-cable-recycling-kalamassery/,gsc-url-protection-map,www.ewastekochi.com,blog,,enterprise-cable-recycling-kalamassery,0,0,404,leave_404,,classification_source=rule
/blog/enterprise-it-asset-disposition-in-aluva-aluva/,https://www.ewastekochi.com/blog/enterprise-it-asset-disposition-in-aluva-aluva/,gsc-url-protection-map,www.ewastekochi.com,blog,,enterprise-it-asset-disposition-in-aluva-aluva,0,0,404,leave_404,,classification_source=rule
/blog/enterprise-it-asset-disposition-in-ernakulam-ernakulam/,https://www.ewastekochi.com/blog/enterprise-it-asset-disposition-in-ernakulam-ernakulam/,gsc-url-protection-map,www.ewastekochi.com,blog,,enterprise-it-asset-disposition-in-ernakulam-ernakulam,0,0,crawled_not_indexed,leave_404,,classification_source=rule
/blog/enterprise-it-asset-disposition-in-kakkanad-kakkanad/,https://www.ewastekochi.com/blog/enterprise-it-asset-disposition-in-kakkanad-kakkanad/,gsc-url-protection-map,www.ewastekochi.com,blog,,enterprise-it-asset-disposition-in-kakkanad-kakkanad,0,0,404,leave_404,,classification_source=rule
/blog/enterprise-laptop-buyback-in-kalamassery-kalamassery-2/,https://www.ewastekochi.com/blog/enterprise-laptop-buyback-in-kalamassery-kalamassery-2/,gsc-url-protection-map,www.ewastekochi.com,blog,,enterprise-laptop-buyback-in-kalamassery-kalamassery-2,0,0,404,leave_404,,classification_source=rule
/blog/enterprise-laptop-buyback-in-kalamassery-kalamassery/,https://www.ewastekochi.com/blog/enterprise-laptop-buyback-in-kalamassery-kalamassery/,gsc-url-protection-map,www.ewastekochi.com,blog,,enterprise-laptop-buyback-in-kalamassery-kalamassery,0,0,404,leave_404,,classification_source=rule
/blog/enterprise-laptop-buyback-in-thrippunithura-thrippunithura-1/,https://www.ewastekochi.com/blog/enterprise-laptop-buyback-in-thrippunithura-thrippunithura-1/,gsc-url-protection-map,www.ewastekochi.com,blog,,enterprise-laptop-buyback-in-thrippunithura-thrippunithura-1,0,0,crawled_not_indexed,leave_404,,classification_source=rule
/blog/enterprise-monitor-recycling-angamaly/,https://www.ewastekochi.com/blog/enterprise-monitor-recycling-angamaly/,gsc-url-protection-map,www.ewastekochi.com,blog,,enterprise-monitor-recycling-angamaly,0,0,404,leave_404,,classification_source=rule
/blog/enterprise-monitor-recycling-in-angamaly-angamaly/,https://www.ewastekochi.com/blog/enterprise-monitor-recycling-in-angamaly-angamaly/,gsc-indexed-url-upgrade-map;gsc-url-protection-map,www.ewastekochi.com,blog,,enterprise-monitor-recycling-in-angamaly-angamaly,0,0,indexed,leave_404,,classification_source=indexed-pages-crosscheck-2026-07-10
/blog/enterprise-server-recycling-in-aluva-aluva/,https://www.ewastekochi.com/blog/enterprise-server-recycling-in-aluva-aluva/,gsc-url-protection-map,www.ewastekochi.com,blog,,enterprise-server-recycling-in-aluva-aluva,0,0,404,leave_404,,classification_source=rule
/blog/environmental-impact-ewaste/,https://www.ewastekochi.com/blog/environmental-impact-ewaste/,gsc-indexed-url-upgrade-map;gsc-url-protection-map,www.ewastekochi.com,blog,,environmental-impact-ewaste,0,1,indexed-with-traffic,leave_404,,classification_source=rule;confirmed_indexed_2026-07-10
/blog/environmental-impact-of-battery-recycling-in-north-paravur-north-paravur/,https://www.ewastekochi.com/blog/environmental-impact-of-battery-recycling-in-north-paravur-north-paravur/,gsc-url-protection-map,www.ewastekochi.com,blog,,environmental-impact-of-battery-recycling-in-north-paravur-north-paravur,0,0,404,leave_404,,classification_source=rule
/blog/environmental-impact-of-e-waste-collection-in-kochi-kochi/,https://www.ewastekochi.com/blog/environmental-impact-of-e-waste-collection-in-kochi-kochi/,gsc-url-protection-map,www.ewastekochi.com,blog,,environmental-impact-of-e-waste-collection-in-kochi-kochi,0,0,404,leave_404,,classification_source=rule
/blog/environmental-impact-of-e-waste-collection-in-thrippunithura-thrippunithura/,https://www.ewastekochi.com/blog/environmental-impact-of-e-waste-collection-in-thrippunithura-thrippunithura/,gsc-url-protection-map,www.ewastekochi.com,blog,,environmental-impact-of-e-waste-collection-in-thrippunithura-thrippunithura,1,3,404,manual_review,,classification_source=rule
/blog/environmental-impact-of-it-asset-disposition-in-kalamassery-kalamassery/,https://www.ewastekochi.com/blog/environmental-impact-of-it-asset-disposition-in-kalamassery-kalamassery/,gsc-url-protection-map,www.ewastekochi.com,blog,,environmental-impact-of-it-asset-disposition-in-kalamassery-kalamassery,0,0,404,leave_404,,classification_source=rule
/blog/environmental-impact-of-it-asset-disposition-in-north-paravur-north-paravur/,https://www.ewastekochi.com/blog/environmental-impact-of-it-asset-disposition-in-north-paravur-north-paravur/,gsc-url-protection-map,www.ewastekochi.com,blog,,environmental-impact-of-it-asset-disposition-in-north-paravur-north-paravur,0,0,404,leave_404,,classification_source=rule
/blog/environmental-impact-of-server-recycling-in-aluva-aluva-2-2/,https://www.ewastekochi.com/blog/environmental-impact-of-server-recycling-in-aluva-aluva-2-2/,gsc-url-protection-map,www.ewastekochi.com,blog,,environmental-impact-of-server-recycling-in-aluva-aluva-2-2,0,0,404,leave_404,,classification_source=rule
/blog/environmental-impact-of-server-recycling-in-aluva-aluva-2/,https://www.ewastekochi.com/blog/environmental-impact-of-server-recycling-in-aluva-aluva-2/,gsc-url-protection-map,www.ewastekochi.com,blog,,environmental-impact-of-server-recycling-in-aluva-aluva-2,0,0,404,leave_404,,classification_source=rule
/blog/environmental-impact-of-server-recycling-in-angamaly-angamaly/,https://www.ewastekochi.com/blog/environmental-impact-of-server-recycling-in-angamaly-angamaly/,gsc-url-protection-map,www.ewastekochi.com,blog,,environmental-impact-of-server-recycling-in-angamaly-angamaly,0,3,indexed-with-traffic,leave_404,,classification_source=rule
/blog/ewaste-laws-kerala-2026/,https://www.ewastekochi.com/blog/ewaste-laws-kerala-2026/,gsc-url-protection-map,www.ewastekochi.com,blog,,ewaste-laws-kerala-2026,0,0,404,leave_404,,classification_source=rule
/blog/ewaste-laws-kerala.html,https://www.ewastekochi.com/blog/ewaste-laws-kerala.html,gsc-url-protection-map,www.ewastekochi.com,blog,,,0,46,404,leave_404,,classification_source=rule
/blog/free-e-waste-pickup-kochi/,https://www.ewastekochi.com/blog/free-e-waste-pickup-kochi/,gsc-indexed-url-upgrade-map;gsc-url-protection-map;manual-high-intent-list,www.ewastekochi.com,blog,,free-e-waste-pickup-kochi,8,137,indexed-with-traffic,manual-high-intent,https://www.ewastekochi.com/blog/free-e-waste-pickup-kochi/,Top GSC guide
/blog/free-laptop-recycling-kochi/,https://www.ewastekochi.com/blog/free-laptop-recycling-kochi/,gsc-indexed-url-upgrade-map;gsc-url-protection-map;manual-high-intent-list,www.ewastekochi.com,blog,,free-laptop-recycling-kochi,0,8,indexed-with-traffic,manual-high-intent,,GSC guide
/blog/hdd-vs-ssd-destruction/,https://www.ewastekochi.com/blog/hdd-vs-ssd-destruction/,gsc-indexed-url-upgrade-map;gsc-url-protection-map,www.ewastekochi.com,blog,,hdd-vs-ssd-destruction,0,1,indexed-with-traffic,leave_404,,classification_source=rule;confirmed_indexed_2026-07-10
/blog/how-destroy-hard-disk-data/,https://www.ewastekochi.com/blog/how-destroy-hard-disk-data/,gsc-indexed-url-upgrade-map;gsc-url-protection-map,www.ewastekochi.com,blog,,how-destroy-hard-disk-data,0,46,indexed-with-traffic,leave_404,,classification_source=rule;confirmed_indexed_2026-07-10
/blog/how-much-does-cable-recycling-cost-in-kakkanad-kakkanad/,https://www.ewastekochi.com/blog/how-much-does-cable-recycling-cost-in-kakkanad-kakkanad/,gsc-url-protection-map,www.ewastekochi.com,blog,,how-much-does-cable-recycling-cost-in-kakkanad-kakkanad,0,3,crawled_not_indexed,leave_404,,classification_source=rule
/blog/how-much-does-data-destruction-cost-in-aluva-aluva/,https://www.ewastekochi.com/blog/how-much-does-data-destruction-cost-in-aluva-aluva/,gsc-url-protection-map,www.ewastekochi.com,blog,,how-much-does-data-destruction-cost-in-aluva-aluva,0,0,404,leave_404,,classification_source=rule
/blog/how-much-does-e-waste-collection-cost-in-ernakulam-ernakulam/,https://www.ewastekochi.com/blog/how-much-does-e-waste-collection-cost-in-ernakulam-ernakulam/,gsc-url-protection-map,www.ewastekochi.com,blog,,how-much-does-e-waste-collection-cost-in-ernakulam-ernakulam,0,0,404,leave_404,,classification_source=rule
/blog/how-to-battery-recycle-in-angamaly-angamaly-1/,https://www.ewastekochi.com/blog/how-to-battery-recycle-in-angamaly-angamaly-1/,gsc-url-protection-map,www.ewastekochi.com,blog,,how-to-battery-recycle-in-angamaly-angamaly-1,0,0,crawled_not_indexed,leave_404,,classification_source=rule
/blog/how-to-battery-recycling-in-edappally-2/,https://www.ewastekochi.com/blog/how-to-battery-recycling-in-edappally-2/,gsc-url-protection-map,www.ewastekochi.com,blog,,how-to-battery-recycling-in-edappally-2,0,0,404,leave_404,,classification_source=rule
/blog/how-to-battery-recycling-in-kochi-4/,https://www.ewastekochi.com/blog/how-to-battery-recycling-in-kochi-4/,gsc-url-protection-map,www.ewastekochi.com,blog,,how-to-battery-recycling-in-kochi-4,0,0,404,leave_404,,classification_source=rule
/blog/how-to-choose-itad-provider.html,https://www.ewastekochi.com/blog/how-to-choose-itad-provider.html,gsc-url-protection-map,www.ewastekochi.com,blog,,,2,20,crawled_not_indexed,manual_review,,classification_source=rule
/blog/how-to-choose-itad-provider/,https://www.ewastekochi.com/blog/how-to-choose-itad-provider/,gsc-indexed-url-upgrade-map;gsc-url-protection-map;manual-high-intent-list,www.ewastekochi.com,blog,,how-to-choose-itad-provider,2,140,indexed-with-traffic,manual-high-intent,,GSC guide
/blog/how-to-data-destruction-in-kochi-kochi/,https://www.ewastekochi.com/blog/how-to-data-destruction-in-kochi-kochi/,gsc-url-protection-map,www.ewastekochi.com,blog,,how-to-data-destruction-in-kochi-kochi,0,0,404,leave_404,,classification_source=rule
/blog/how-to-dispose-laptops-kochi/,https://www.ewastekochi.com/blog/how-to-dispose-laptops-kochi/,gsc-url-protection-map,www.ewastekochi.com,blog,,how-to-dispose-laptops-kochi,0,0,404,leave_404,,classification_source=rule
/blog/how-to-e-waste-collection-in-kakkanad-kakkanad/,https://www.ewastekochi.com/blog/how-to-e-waste-collection-in-kakkanad-kakkanad/,gsc-url-protection-map,www.ewastekochi.com,blog,,how-to-e-waste-collection-in-kakkanad-kakkanad,0,0,404,leave_404,,classification_source=rule
/blog/how-to-e-waste-collection-in-kochi-2/,https://www.ewastekochi.com/blog/how-to-e-waste-collection-in-kochi-2/,gsc-url-protection-map,www.ewastekochi.com,blog,,how-to-e-waste-collection-in-kochi-2,0,0,404,leave_404,,classification_source=rule
/blog/how-to-e-waste-collection-in-kochi/,https://www.ewastekochi.com/blog/how-to-e-waste-collection-in-kochi/,gsc-url-protection-map,www.ewastekochi.com,blog,,how-to-e-waste-collection-in-kochi,0,12,indexed-with-traffic,leave_404,,classification_source=rule
/blog/how-to-it-asset-disposition-in-kochi-kochi-1/,https://www.ewastekochi.com/blog/how-to-it-asset-disposition-in-kochi-kochi-1/,gsc-url-protection-map,www.ewastekochi.com,blog,,how-to-it-asset-disposition-in-kochi-kochi-1,0,0,404,leave_404,,classification_source=rule
/blog/how-to-it-asset-disposition-in-north-paravur/,https://www.ewastekochi.com/blog/how-to-it-asset-disposition-in-north-paravur/,gsc-url-protection-map,www.ewastekochi.com,blog,,how-to-it-asset-disposition-in-north-paravur,0,0,404,leave_404,,classification_source=rule
/blog/how-to-laptop-buyback-in-vyttila-4/,https://www.ewastekochi.com/blog/how-to-laptop-buyback-in-vyttila-4/,gsc-url-protection-map,www.ewastekochi.com,blog,,how-to-laptop-buyback-in-vyttila-4,0,0,404,leave_404,,classification_source=rule
/blog/how-to-monitor-recycling-in-angamaly/,https://www.ewastekochi.com/blog/how-to-monitor-recycling-in-angamaly/,gsc-url-protection-map,www.ewastekochi.com,blog,,how-to-monitor-recycling-in-angamaly,0,0,404,leave_404,,classification_source=rule
/blog/how-to-phone-buyback-in-kakkanad/,https://www.ewastekochi.com/blog/how-to-phone-buyback-in-kakkanad/,gsc-url-protection-map,www.ewastekochi.com,blog,,how-to-phone-buyback-in-kakkanad,0,0,404,leave_404,,classification_source=rule
/blog/how-to-printer-recycle-in-angamaly-angamaly/,https://www.ewastekochi.com/blog/how-to-printer-recycle-in-angamaly-angamaly/,gsc-url-protection-map,www.ewastekochi.com,blog,,how-to-printer-recycle-in-angamaly-angamaly,0,0,404,leave_404,,classification_source=rule
/blog/how-to-printer-recycle-in-kakkanad-kakkanad/,https://www.ewastekochi.com/blog/how-to-printer-recycle-in-kakkanad-kakkanad/,gsc-url-protection-map,www.ewastekochi.com,blog,,how-to-printer-recycle-in-kakkanad-kakkanad,0,0,404,leave_404,,classification_source=rule
/blog/how-to-server-recycling-in-north-paravur/,https://www.ewastekochi.com/blog/how-to-server-recycling-in-north-paravur/,gsc-url-protection-map,www.ewastekochi.com,blog,,how-to-server-recycling-in-north-paravur,0,0,404,leave_404,,classification_source=rule
/blog/is-formatting-enough-delete-data.html,https://www.ewastekochi.com/blog/is-formatting-enough-delete-data.html,gsc-url-protection-map,www.ewastekochi.com,blog,,,0,19,404,leave_404,,classification_source=rule
/blog/it-asset-disposal-kochi/,https://www.ewastekochi.com/blog/it-asset-disposal-kochi/,gsc-indexed-url-upgrade-map;gsc-url-protection-map,www.ewastekochi.com,blog,,it-asset-disposal-kochi,1,39,indexed-with-traffic,manual_review,,classification_source=rule;confirmed_indexed_2026-07-10
/blog/it-asset-disposition-comparison-vyttila/,https://www.ewastekochi.com/blog/it-asset-disposition-comparison-vyttila/,gsc-url-protection-map,www.ewastekochi.com,blog,,it-asset-disposition-comparison-vyttila,0,0,404,leave_404,,classification_source=rule
/blog/it-asset-disposition-options-in-edappally-which-to-choose-edappally/,https://www.ewastekochi.com/blog/it-asset-disposition-options-in-edappally-which-to-choose-edappally/,gsc-url-protection-map,www.ewastekochi.com,blog,,it-asset-disposition-options-in-edappally-which-to-choose-edappally,0,0,404,leave_404,,classification_source=rule
/blog/itad-roi-kochi-enterprise/,https://www.ewastekochi.com/blog/itad-roi-kochi-enterprise/,gsc-url-protection-map,www.ewastekochi.com,blog,,itad-roi-kochi-enterprise,0,16,404|alt_canonical,leave_404,,classification_source=rule
/blog/itad/enterprise/affordable-itad-enterprise-tripunithura-115/,https://www.ewastekochi.com/blog/itad/enterprise/affordable-itad-enterprise-tripunithura-115/,gsc-indexed-url-upgrade-map;gsc-url-protection-map,www.ewastekochi.com,blog,,affordable-itad-enterprise-tripunithura-115,0,7,indexed-with-traffic,leave_404,,classification_source=rule;confirmed_indexed_2026-07-10
/blog/itad/enterprise/best-itad-enterprise-panampilly-nagar-188/,https://www.ewastekochi.com/blog/itad/enterprise/best-itad-enterprise-panampilly-nagar-188/,gsc-indexed-url-upgrade-map;gsc-url-protection-map,www.ewastekochi.com,blog,,best-itad-enterprise-panampilly-nagar-188,0,13,indexed-with-traffic,leave_404,,classification_source=rule;confirmed_indexed_2026-07-10
/blog/itad/enterprise/government-approved-itad-enterprise-cheranallur-24/,https://www.ewastekochi.com/blog/itad/enterprise/government-approved-itad-enterprise-cheranallur-24/,gsc-indexed-url-upgrade-map;gsc-url-protection-map,www.ewastekochi.com,blog,,government-approved-itad-enterprise-cheranallur-24,0,2,indexed-with-traffic,leave_404,,classification_source=rule;confirmed_indexed_2026-07-10
/blog/itad/enterprise/government-approved-itad-enterprise-trivandrum-94/,https://www.ewastekochi.com/blog/itad/enterprise/government-approved-itad-enterprise-trivandrum-94/,gsc-indexed-url-upgrade-map;gsc-url-protection-map,www.ewastekochi.com,blog,,government-approved-itad-enterprise-trivandrum-94,0,3,indexed-with-traffic,leave_404,,classification_source=rule;confirmed_indexed_2026-07-10
/blog/itad/enterprise/iso-certified-itad-enterprise-calicut-113/,https://www.ewastekochi.com/blog/itad/enterprise/iso-certified-itad-enterprise-calicut-113/,gsc-indexed-url-upgrade-map;gsc-url-protection-map,www.ewastekochi.com,blog,,iso-certified-itad-enterprise-calicut-113,0,6,indexed-with-traffic,leave_404,,classification_source=rule;confirmed_indexed_2026-07-10
/blog/itad/enterprise/professional-itad-enterprise-thevara-3/,https://www.ewastekochi.com/blog/itad/enterprise/professional-itad-enterprise-thevara-3/,gsc-indexed-url-upgrade-map;gsc-url-protection-map,www.ewastekochi.com,blog,,professional-itad-enterprise-thevara-3,0,4,indexed-with-traffic,leave_404,,classification_source=rule;confirmed_indexed_2026-07-10
/blog/itad/enterprise/safe-itad-enterprise-calicut-88/,https://www.ewastekochi.com/blog/itad/enterprise/safe-itad-enterprise-calicut-88/,gsc-indexed-url-upgrade-map;gsc-url-protection-map,www.ewastekochi.com,blog,,safe-itad-enterprise-calicut-88,0,6,indexed-with-traffic,leave_404,,classification_source=rule;confirmed_indexed_2026-07-10
/blog/itad/enterprise/top-itad-enterprise-mg-road-11/,https://www.ewastekochi.com/blog/itad/enterprise/top-itad-enterprise-mg-road-11/,gsc-indexed-url-upgrade-map;gsc-url-protection-map,www.ewastekochi.com,blog,,top-itad-enterprise-mg-road-11,0,2,indexed-with-traffic,leave_404,,classification_source=rule;confirmed_indexed_2026-07-10
/blog/itad/enterprise/verified-itad-enterprise-infopark-151/,https://www.ewastekochi.com/blog/itad/enterprise/verified-itad-enterprise-infopark-151/,gsc-indexed-url-upgrade-map;gsc-url-protection-map,www.ewastekochi.com,blog,,verified-itad-enterprise-infopark-151,0,6,indexed-with-traffic,leave_404,,classification_source=rule;confirmed_indexed_2026-07-10
/blog/itad/enterprise/verified-itad-enterprise-trivandrum-165/,https://www.ewastekochi.com/blog/itad/enterprise/verified-itad-enterprise-trivandrum-165/,gsc-indexed-url-upgrade-map;gsc-url-protection-map,www.ewastekochi.com,blog,,verified-itad-enterprise-trivandrum-165,0,4,indexed-with-traffic,leave_404,,classification_source=rule;confirmed_indexed_2026-07-10
/blog/kspcb-regulations-for-e-waste-collection-in-aluva-aluva/,https://www.ewastekochi.com/blog/kspcb-regulations-for-e-waste-collection-in-aluva-aluva/,gsc-url-protection-map,www.ewastekochi.com,blog,,kspcb-regulations-for-e-waste-collection-in-aluva-aluva,0,0,404,leave_404,,classification_source=rule
/blog/kspcb-regulations-for-e-waste-collection-in-edappally-edappally/,https://www.ewastekochi.com/blog/kspcb-regulations-for-e-waste-collection-in-edappally-edappally/,gsc-url-protection-map,www.ewastekochi.com,blog,,kspcb-regulations-for-e-waste-collection-in-edappally-edappally,0,0,404,leave_404,,classification_source=rule
/blog/kspcb-regulations-for-e-waste-collection-in-kalamassery-kalamassery/,https://www.ewastekochi.com/blog/kspcb-regulations-for-e-waste-collection-in-kalamassery-kalamassery/,gsc-url-protection-map,www.ewastekochi.com,blog,,kspcb-regulations-for-e-waste-collection-in-kalamassery-kalamassery,0,10,indexed-with-traffic,leave_404,,classification_source=rule
/blog/kspcb-regulations-for-it-asset-disposition-in-thrippunithura-thrippunithura-1/,https://www.ewastekochi.com/blog/kspcb-regulations-for-it-asset-disposition-in-thrippunithura-thrippunithura-1/,gsc-url-protection-map,www.ewastekochi.com,blog,,kspcb-regulations-for-it-asset-disposition-in-thrippunithura-thrippunithura-1,0,1,404,leave_404,,classification_source=rule
/blog/kspcb-regulations-for-monitor-recycling-in-aluva-aluva-1/,https://www.ewastekochi.com/blog/kspcb-regulations-for-monitor-recycling-in-aluva-aluva-1/,gsc-url-protection-map,www.ewastekochi.com,blog,,kspcb-regulations-for-monitor-recycling-in-aluva-aluva-1,0,0,404,leave_404,,classification_source=rule
/blog/kspcb-regulations-for-printer-recycling-in-edappally-edappally/,https://www.ewastekochi.com/blog/kspcb-regulations-for-printer-recycling-in-edappally-edappally/,gsc-url-protection-map,www.ewastekochi.com,blog,,kspcb-regulations-for-printer-recycling-in-edappally-edappally,0,0,404,leave_404,,classification_source=rule
/blog/laptop-buyback-for-businesses-in-vyttila-vyttila/,https://www.ewastekochi.com/blog/laptop-buyback-for-businesses-in-vyttila-vyttila/,gsc-url-protection-map,www.ewastekochi.com,blog,,laptop-buyback-for-businesses-in-vyttila-vyttila,0,0,404,leave_404,,classification_source=rule
/blog/laptop-buyback-price-guide-for-edappally-edappally/,https://www.ewastekochi.com/blog/laptop-buyback-price-guide-for-edappally-edappally/,gsc-url-protection-map,www.ewastekochi.com,blog,,laptop-buyback-price-guide-for-edappally-edappally,0,0,404,leave_404,,classification_source=rule
/blog/laptop-buyback-prices-in-thrippunithura-2026-thrippunithura-1/,https://www.ewastekochi.com/blog/laptop-buyback-prices-in-thrippunithura-2026-thrippunithura-1/,gsc-url-protection-map,www.ewastekochi.com,blog,,laptop-buyback-prices-in-thrippunithura-2026-thrippunithura-1,0,0,404,leave_404,,classification_source=rule
/blog/laptop-buyback-problems-in-kakkanad-solutions-kakkanad/,https://www.ewastekochi.com/blog/laptop-buyback-problems-in-kakkanad-solutions-kakkanad/,gsc-url-protection-map,www.ewastekochi.com,blog,,laptop-buyback-problems-in-kakkanad-solutions-kakkanad,0,0,404,leave_404,,classification_source=rule
/blog/laptop-data-wiping-software-vs-nist.html,https://www.ewastekochi.com/blog/laptop-data-wiping-software-vs-nist.html,gsc-url-protection-map,www.ewastekochi.com,blog,,,0,0,404,leave_404,,classification_source=rule
/blog/laptop-resale-value-2026.html,https://www.ewastekochi.com/blog/laptop-resale-value-2026.html,gsc-url-protection-map,www.ewastekochi.com,blog,,,0,2,redirect|crawled_not_indexed,leave_404,,classification_source=rule
/blog/laptop-resale-value-2026/,https://www.ewastekochi.com/blog/laptop-resale-value-2026/,gsc-url-protection-map,www.ewastekochi.com,blog,,laptop-resale-value-2026,0,25,404,leave_404,,classification_source=rule
/blog/laptop-scrap-price-kochi-2026/,https://www.ewastekochi.com/blog/laptop-scrap-price-kochi-2026/,gsc-url-protection-map,www.ewastekochi.com,blog,,laptop-scrap-price-kochi-2026,0,33,404,leave_404,,classification_source=rule
/blog/laptop-scrap-price-kochi/,https://www.ewastekochi.com/blog/laptop-scrap-price-kochi/,gsc-indexed-url-upgrade-map;gsc-url-protection-map;manual-high-intent-list,www.ewastekochi.com,blog,,laptop-scrap-price-kochi,1,36,indexed-with-traffic,manual-high-intent,,GSC guide
/blog/legal-requirements-for-cable-recycling-in-angamaly-angamaly/,https://www.ewastekochi.com/blog/legal-requirements-for-cable-recycling-in-angamaly-angamaly/,gsc-url-protection-map,www.ewastekochi.com,blog,,legal-requirements-for-cable-recycling-in-angamaly-angamaly,0,0,404,leave_404,,classification_source=rule
/blog/legal-requirements-for-data-destruction-in-vyttila-vyttila/,https://www.ewastekochi.com/blog/legal-requirements-for-data-destruction-in-vyttila-vyttila/,gsc-url-protection-map,www.ewastekochi.com,blog,,legal-requirements-for-data-destruction-in-vyttila-vyttila,0,0,404,leave_404,,classification_source=rule
/blog/legal-requirements-for-it-asset-disposition-in-ernakulam-ernakulam/,https://www.ewastekochi.com/blog/legal-requirements-for-it-asset-disposition-in-ernakulam-ernakulam/,gsc-indexed-url-upgrade-map;gsc-url-protection-map,www.ewastekochi.com,blog,,legal-requirements-for-it-asset-disposition-in-ernakulam-ernakulam,0,3,indexed-with-traffic,leave_404,,classification_source=rule;confirmed_indexed_2026-07-10
/blog/legal-requirements-for-it-asset-disposition-in-thrippunithura-thrippunithura/,https://www.ewastekochi.com/blog/legal-requirements-for-it-asset-disposition-in-thrippunithura-thrippunithura/,gsc-url-protection-map,www.ewastekochi.com,blog,,legal-requirements-for-it-asset-disposition-in-thrippunithura-thrippunithura,0,0,404,leave_404,,classification_source=rule
/blog/legal-requirements-for-it-asset-disposition-vyttila/,https://www.ewastekochi.com/blog/legal-requirements-for-it-asset-disposition-vyttila/,gsc-url-protection-map,www.ewastekochi.com,blog,,legal-requirements-for-it-asset-disposition-vyttila,0,1,indexed-with-traffic,leave_404,,classification_source=rule
/blog/legal-requirements-for-monitor-recycling-in-aluva-aluva/,https://www.ewastekochi.com/blog/legal-requirements-for-monitor-recycling-in-aluva-aluva/,gsc-url-protection-map,www.ewastekochi.com,blog,,legal-requirements-for-monitor-recycling-in-aluva-aluva,0,0,404,leave_404,,classification_source=rule
/blog/mobile-scrap-price-kochi/,https://www.ewastekochi.com/blog/mobile-scrap-price-kochi/,gsc-indexed-url-upgrade-map;gsc-url-protection-map;manual-high-intent-list,www.ewastekochi.com,blog,,mobile-scrap-price-kochi,2,44,indexed-with-traffic,manual-high-intent,,GSC guide
/blog/monitor-recycling-during-monsoon-in-thrippunithura-thrippunithura/,https://www.ewastekochi.com/blog/monitor-recycling-during-monsoon-in-thrippunithura-thrippunithura/,gsc-url-protection-map,www.ewastekochi.com,blog,,monitor-recycling-during-monsoon-in-thrippunithura-thrippunithura,1,1,404,manual_review,,classification_source=rule
/blog/monitor-recycling-during-spring-angamaly/,https://www.ewastekochi.com/blog/monitor-recycling-during-spring-angamaly/,gsc-url-protection-map,www.ewastekochi.com,blog,,monitor-recycling-during-spring-angamaly,0,0,404,leave_404,,classification_source=rule
/blog/monitor-recycling-during-winter-angamaly/,https://www.ewastekochi.com/blog/monitor-recycling-during-winter-angamaly/,gsc-url-protection-map,www.ewastekochi.com,blog,,monitor-recycling-during-winter-angamaly,0,0,404,leave_404,,classification_source=rule
/blog/monitor-recycling-prices-in-north-paravur-2026-north-paravur/,https://www.ewastekochi.com/blog/monitor-recycling-prices-in-north-paravur-2026-north-paravur/,gsc-url-protection-map,www.ewastekochi.com,blog,,monitor-recycling-prices-in-north-paravur-2026-north-paravur,0,0,404,leave_404,,classification_source=rule
/blog/monitor-recycling-vs-screen-recycling-in-aluva-aluva/,https://www.ewastekochi.com/blog/monitor-recycling-vs-screen-recycling-in-aluva-aluva/,gsc-url-protection-map,www.ewastekochi.com,blog,,monitor-recycling-vs-screen-recycling-in-aluva-aluva,0,0,404,leave_404,,classification_source=rule
/blog/monitor-recycling-vs-screen-recycling-in-north-paravur-north-paravur/,https://www.ewastekochi.com/blog/monitor-recycling-vs-screen-recycling-in-north-paravur-north-paravur/,gsc-url-protection-map,www.ewastekochi.com,blog,,monitor-recycling-vs-screen-recycling-in-north-paravur-north-paravur,0,0,404,leave_404,,classification_source=rule
/blog/motorola-vs-oneplus-it-asset-disposition-in-ernakulam-ernakulam/,https://www.ewastekochi.com/blog/motorola-vs-oneplus-it-asset-disposition-in-ernakulam-ernakulam/,gsc-url-protection-map,www.ewastekochi.com,blog,,motorola-vs-oneplus-it-asset-disposition-in-ernakulam-ernakulam,0,0,404,leave_404,,classification_source=rule
/blog/nist-800-88-data-wiping/,https://www.ewastekochi.com/blog/nist-800-88-data-wiping/,gsc-indexed-url-upgrade-map;gsc-url-protection-map,www.ewastekochi.com,blog,,nist-800-88-data-wiping,0,9,indexed-with-traffic,leave_404,,classification_source=rule;confirmed_indexed_2026-07-10
/blog/office-computer-recycling-kerala/,https://www.ewastekochi.com/blog/office-computer-recycling-kerala/,gsc-indexed-url-upgrade-map;gsc-url-protection-map,www.ewastekochi.com,blog,,office-computer-recycling-kerala,0,2,indexed-with-traffic,leave_404,,classification_source=rule;confirmed_indexed_2026-07-10
/blog/old-tv-disposal-kochi/,https://www.ewastekochi.com/blog/old-tv-disposal-kochi/,gsc-indexed-url-upgrade-map;gsc-url-protection-map;manual-high-intent-list,www.ewastekochi.com,blog,,old-tv-disposal-kochi,0,5,indexed-with-traffic,manual-high-intent,,GSC guide
/blog/phone-buyback-comparison-kakkanad/,https://www.ewastekochi.com/blog/phone-buyback-comparison-kakkanad/,gsc-url-protection-map,www.ewastekochi.com,blog,,phone-buyback-comparison-kakkanad,0,0,404,leave_404,,classification_source=rule
/blog/phone-buyback-during-monsoon-edappally/,https://www.ewastekochi.com/blog/phone-buyback-during-monsoon-edappally/,gsc-url-protection-map,www.ewastekochi.com,blog,,phone-buyback-during-monsoon-edappally,0,0,404,leave_404,,classification_source=rule
/blog/phone-buyback-price-guide-for-kochi-kochi-1/,https://www.ewastekochi.com/blog/phone-buyback-price-guide-for-kochi-kochi-1/,gsc-url-protection-map,www.ewastekochi.com,blog,,phone-buyback-price-guide-for-kochi-kochi-1,1,1,404,manual_review,,classification_source=rule
/blog/phone-buyback-prices-in-kalamassery-2026-kalamassery/,https://www.ewastekochi.com/blog/phone-buyback-prices-in-kalamassery-2026-kalamassery/,gsc-url-protection-map,www.ewastekochi.com,blog,,phone-buyback-prices-in-kalamassery-2026-kalamassery,0,0,crawled_not_indexed,leave_404,,classification_source=rule
/blog/phone-buyback-pricing-guide-kochi-4/,https://www.ewastekochi.com/blog/phone-buyback-pricing-guide-kochi-4/,gsc-url-protection-map,www.ewastekochi.com,blog,,phone-buyback-pricing-guide-kochi-4,0,0,404,leave_404,,classification_source=rule
/blog/phone-buyback-problems-in-aluva-solutions-aluva/,https://www.ewastekochi.com/blog/phone-buyback-problems-in-aluva-solutions-aluva/,gsc-url-protection-map,www.ewastekochi.com,blog,,phone-buyback-problems-in-aluva-solutions-aluva,0,0,404,leave_404,,classification_source=rule
/blog/phone-buyback-problems-in-edappally-solutions-edappally-2/,https://www.ewastekochi.com/blog/phone-buyback-problems-in-edappally-solutions-edappally-2/,gsc-url-protection-map,www.ewastekochi.com,blog,,phone-buyback-problems-in-edappally-solutions-edappally-2,0,0,404,leave_404,,classification_source=rule
/blog/phone-buyback-problems-in-edappally-solutions-edappally/,https://www.ewastekochi.com/blog/phone-buyback-problems-in-edappally-solutions-edappally/,gsc-url-protection-map,www.ewastekochi.com,blog,,phone-buyback-problems-in-edappally-solutions-edappally,0,0,404,leave_404,,classification_source=rule
/blog/phone-buyback-problems-in-kalamassery-solutions-kalamassery/,https://www.ewastekochi.com/blog/phone-buyback-problems-in-kalamassery-solutions-kalamassery/,gsc-url-protection-map,www.ewastekochi.com,blog,,phone-buyback-problems-in-kalamassery-solutions-kalamassery,0,0,404,leave_404,,classification_source=rule
/blog/price-guide-for-data-destruction-aluva/,https://www.ewastekochi.com/blog/price-guide-for-data-destruction-aluva/,gsc-url-protection-map,www.ewastekochi.com,blog,,price-guide-for-data-destruction-aluva,0,3,crawled_not_indexed,leave_404,,classification_source=rule
/blog/price-guide-for-data-destruction-ernakulam/,https://www.ewastekochi.com/blog/price-guide-for-data-destruction-ernakulam/,gsc-url-protection-map,www.ewastekochi.com,blog,,price-guide-for-data-destruction-ernakulam,0,0,404,leave_404,,classification_source=rule
/blog/price-guide-for-phone-buyback-edappally/,https://www.ewastekochi.com/blog/price-guide-for-phone-buyback-edappally/,gsc-url-protection-map,www.ewastekochi.com,blog,,price-guide-for-phone-buyback-edappally,0,0,404,leave_404,,classification_source=rule
/blog/printer-recycling-during-summer-in-kalamassery-kalamassery/,https://www.ewastekochi.com/blog/printer-recycling-during-summer-in-kalamassery-kalamassery/,gsc-url-protection-map,www.ewastekochi.com,blog,,printer-recycling-during-summer-in-kalamassery-kalamassery,0,0,404,leave_404,,classification_source=rule
/blog/printer-recycling-for-businesses-in-kakkanad-kakkanad/,https://www.ewastekochi.com/blog/printer-recycling-for-businesses-in-kakkanad-kakkanad/,gsc-url-protection-map,www.ewastekochi.com,blog,,printer-recycling-for-businesses-in-kakkanad-kakkanad,0,0,404,leave_404,,classification_source=rule
/blog/printer-recycling-kochi/,https://www.ewastekochi.com/blog/printer-recycling-kochi/,gsc-indexed-url-upgrade-map;gsc-url-protection-map,www.ewastekochi.com,blog,,printer-recycling-kochi,0,2,indexed-with-traffic,leave_404,,classification_source=rule;confirmed_indexed_2026-07-10
/blog/printer-recycling-price-guide-for-aluva-aluva/,https://www.ewastekochi.com/blog/printer-recycling-price-guide-for-aluva-aluva/,gsc-url-protection-map,www.ewastekochi.com,blog,,printer-recycling-price-guide-for-aluva-aluva,0,0,404,leave_404,,classification_source=rule
/blog/printer-recycling-price-guide-for-edappally-edappally/,https://www.ewastekochi.com/blog/printer-recycling-price-guide-for-edappally-edappally/,gsc-url-protection-map,www.ewastekochi.com,blog,,printer-recycling-price-guide-for-edappally-edappally,0,0,404,leave_404,,classification_source=rule
/blog/printer-recycling-price-guide-for-north-paravur-north-paravur/,https://www.ewastekochi.com/blog/printer-recycling-price-guide-for-north-paravur-north-paravur/,gsc-url-protection-map,www.ewastekochi.com,blog,,printer-recycling-price-guide-for-north-paravur-north-paravur,0,3,indexed-with-traffic,leave_404,,classification_source=rule
/blog/printer-recycling-problems-in-north-paravur-solutions-north-paravur/,https://www.ewastekochi.com/blog/printer-recycling-problems-in-north-paravur-solutions-north-paravur/,gsc-indexed-url-upgrade-map;gsc-url-protection-map,www.ewastekochi.com,blog,,printer-recycling-problems-in-north-paravur-solutions-north-paravur,0,0,indexed,leave_404,,classification_source=indexed-pages-crosscheck-2026-07-10
/blog/printer-recycling-vs-office-equipment-recycling-in-kakkanad-kakkanad/,https://www.ewastekochi.com/blog/printer-recycling-vs-office-equipment-recycling-in-kakkanad-kakkanad/,gsc-url-protection-map,www.ewastekochi.com,blog,,printer-recycling-vs-office-equipment-recycling-in-kakkanad-kakkanad,0,2,crawled_not_indexed,leave_404,,classification_source=rule
/blog/recycling-electronics-helps-kerala/,https://www.ewastekochi.com/blog/recycling-electronics-helps-kerala/,gsc-indexed-url-upgrade-map;gsc-url-protection-map,www.ewastekochi.com,blog,,recycling-electronics-helps-kerala,0,1,indexed-with-traffic,leave_404,,classification_source=rule;confirmed_indexed_2026-07-10
/blog/recycling/enterprise/best-recycling-enterprise-kakkanad-9/,https://www.ewastekochi.com/blog/recycling/enterprise/best-recycling-enterprise-kakkanad-9/,gsc-indexed-url-upgrade-map;gsc-url-protection-map,www.ewastekochi.com,blog,,best-recycling-enterprise-kakkanad-9,3,22,indexed-with-traffic,manual_review,,classification_source=rule;confirmed_indexed_2026-07-10
/blog/recycling/enterprise/fast-recycling-enterprise-mg-road-6/,https://www.ewastekochi.com/blog/recycling/enterprise/fast-recycling-enterprise-mg-road-6/,gsc-indexed-url-upgrade-map;gsc-url-protection-map,www.ewastekochi.com,blog,,fast-recycling-enterprise-mg-road-6,0,23,indexed-with-traffic,leave_404,,classification_source=rule;confirmed_indexed_2026-07-10
/blog/recycling/enterprise/trusted-recycling-enterprise-kaloor-8/,https://www.ewastekochi.com/blog/recycling/enterprise/trusted-recycling-enterprise-kaloor-8/,gsc-url-protection-map,www.ewastekochi.com,blog,,trusted-recycling-enterprise-kaloor-8,1,30,crawled_not_indexed,manual_review,,classification_source=rule
/blog/seasonal-cable-recycling-guide-for-aluva-aluva/,https://www.ewastekochi.com/blog/seasonal-cable-recycling-guide-for-aluva-aluva/,gsc-url-protection-map,www.ewastekochi.com,blog,,seasonal-cable-recycling-guide-for-aluva-aluva,0,2,indexed-with-traffic,leave_404,,classification_source=rule
/blog/seasonal-cable-recycling-guide-for-thrippunithura-thrippunithura/,https://www.ewastekochi.com/blog/seasonal-cable-recycling-guide-for-thrippunithura-thrippunithura/,gsc-url-protection-map,www.ewastekochi.com,blog,,seasonal-cable-recycling-guide-for-thrippunithura-thrippunithura,0,0,404,leave_404,,classification_source=rule
/blog/seasonal-server-recycling-guide-for-ernakulam-ernakulam/,https://www.ewastekochi.com/blog/seasonal-server-recycling-guide-for-ernakulam-ernakulam/,gsc-url-protection-map,www.ewastekochi.com,blog,,seasonal-server-recycling-guide-for-ernakulam-ernakulam,0,0,404,leave_404,,classification_source=rule
/blog/seasonal-server-recycling-north-paravur/,https://www.ewastekochi.com/blog/seasonal-server-recycling-north-paravur/,gsc-url-protection-map,www.ewastekochi.com,blog,,seasonal-server-recycling-north-paravur,0,0,404,leave_404,,classification_source=rule
/blog/secure-data-destruction-kochi/,https://www.ewastekochi.com/blog/secure-data-destruction-kochi/,gsc-indexed-url-upgrade-map;gsc-url-protection-map;manual-high-intent-list,www.ewastekochi.com,blog,,secure-data-destruction-kochi,0,22,indexed-with-traffic,manual-high-intent,,GSC guide
/blog/sell-old-laptop-kochi-best-price/,https://www.ewastekochi.com/blog/sell-old-laptop-kochi-best-price/,gsc-url-protection-map,www.ewastekochi.com,blog,,sell-old-laptop-kochi-best-price,0,0,discovered_not_indexed,redirect_301,(see vercel.json),classification_source=v2-redirect
/blog/sell-old-laptop-kochi/,https://www.ewastekochi.com/blog/sell-old-laptop-kochi/,gsc-indexed-url-upgrade-map;gsc-url-protection-map,www.ewastekochi.com,blog,,sell-old-laptop-kochi,0,4,indexed-with-traffic,keep_200,https://www.ewastekochi.com/blog/sell-old-laptop-kochi/,classification_source=v2-live;confirmed_indexed_2026-07-10
/blog/server-recycling-during-monsoon-in-edappally-edappally/,https://www.ewastekochi.com/blog/server-recycling-during-monsoon-in-edappally-edappally/,gsc-url-protection-map,www.ewastekochi.com,blog,,server-recycling-during-monsoon-in-edappally-edappally,0,0,404,leave_404,,classification_source=rule
/blog/server-recycling-process-in-edappally-step-by-step-edappally-1/,https://www.ewastekochi.com/blog/server-recycling-process-in-edappally-step-by-step-edappally-1/,gsc-url-protection-map,www.ewastekochi.com,blog,,server-recycling-process-in-edappally-step-by-step-edappally-1,0,0,404,leave_404,,classification_source=rule
/blog/server-recycling-process-in-edappally-step-by-step-edappally/,https://www.ewastekochi.com/blog/server-recycling-process-in-edappally-step-by-step-edappally/,gsc-url-protection-map,www.ewastekochi.com,blog,,server-recycling-process-in-edappally-step-by-step-edappally,0,0,404,leave_404,,classification_source=rule
/blog/server-recycling-trends-in-kakkanad-2026-kakkanad/,https://www.ewastekochi.com/blog/server-recycling-trends-in-kakkanad-2026-kakkanad/,gsc-url-protection-map,www.ewastekochi.com,blog,,server-recycling-trends-in-kakkanad-2026-kakkanad,0,0,404,leave_404,,classification_source=rule
/blog/server-scrap-price-kochi/,https://www.ewastekochi.com/blog/server-scrap-price-kochi/,gsc-indexed-url-upgrade-map;gsc-url-protection-map;manual-high-intent-list,www.ewastekochi.com,blog,,server-scrap-price-kochi,1,15,indexed-with-traffic,manual-high-intent,,GSC guide
/blog/server-scrap-value-india/,https://www.ewastekochi.com/blog/server-scrap-value-india/,gsc-indexed-url-upgrade-map;gsc-url-protection-map,www.ewastekochi.com,blog,,server-scrap-value-india,0,8,indexed-with-traffic,leave_404,,classification_source=rule;confirmed_indexed_2026-07-10
/blog/service-cable-recycling/,https://www.ewastekochi.com/blog/service-cable-recycling/,gsc-url-protection-map,www.ewastekochi.com,blog,,service-cable-recycling,0,1,indexed-with-traffic,leave_404,,classification_source=rule
/blog/service-phone-buyback/,https://www.ewastekochi.com/blog/service-phone-buyback/,gsc-indexed-url-upgrade-map;gsc-url-protection-map,www.ewastekochi.com,blog,,service-phone-buyback,0,0,indexed,leave_404,,classification_source=indexed-pages-crosscheck-2026-07-10
/blog/spring-data-destruction-in-ernakulam/,https://www.ewastekochi.com/blog/spring-data-destruction-in-ernakulam/,gsc-url-protection-map,www.ewastekochi.com,blog,,spring-data-destruction-in-ernakulam,0,0,404,leave_404,,classification_source=rule
/blog/spring-monitor-recycling-in-angamaly/,https://www.ewastekochi.com/blog/spring-monitor-recycling-in-angamaly/,gsc-url-protection-map,www.ewastekochi.com,blog,,spring-monitor-recycling-in-angamaly,0,0,404,leave_404,,classification_source=rule
/blog/summer-battery-recycling-in-kochi/,https://www.ewastekochi.com/blog/summer-battery-recycling-in-kochi/,gsc-url-protection-map,www.ewastekochi.com,blog,,summer-battery-recycling-in-kochi,0,0,404,leave_404,,classification_source=rule
/blog/tag-battery-recycling/,https://www.ewastekochi.com/blog/tag-battery-recycling/,gsc-url-protection-map,www.ewastekochi.com,blog,,tag-battery-recycling,0,0,crawled_not_indexed,leave_404,,classification_source=rule
/blog/tag-printer-recycling/,https://www.ewastekochi.com/blog/tag-printer-recycling/,gsc-url-protection-map,www.ewastekochi.com,blog,,tag-printer-recycling,0,0,crawled_not_indexed,leave_404,,classification_source=rule
/blog/tag-vyttila/,https://www.ewastekochi.com/blog/tag-vyttila/,gsc-url-protection-map,www.ewastekochi.com,blog,,tag-vyttila,0,0,404,leave_404,,classification_source=rule
/blog/topic-business/,https://www.ewastekochi.com/blog/topic-business/,gsc-indexed-url-upgrade-map;gsc-url-protection-map,www.ewastekochi.com,blog,,topic-business,0,0,indexed,leave_404,,classification_source=indexed-pages-crosscheck-2026-07-10
/blog/topic-comparison/,https://www.ewastekochi.com/blog/topic-comparison/,gsc-url-protection-map,www.ewastekochi.com,blog,,topic-comparison,0,0,404,leave_404,,classification_source=rule
/blog/topic-how-to/,https://www.ewastekochi.com/blog/topic-how-to/,gsc-url-protection-map,www.ewastekochi.com,blog,,topic-how-to,0,0,404,leave_404,,classification_source=rule
/blog/topic-seasonal/,https://www.ewastekochi.com/blog/topic-seasonal/,gsc-url-protection-map,www.ewastekochi.com,blog,,topic-seasonal,0,0,404,leave_404,,classification_source=rule
/blog/troubleshooting-e-waste-collection-in-north-paravur-north-paravur/,https://www.ewastekochi.com/blog/troubleshooting-e-waste-collection-in-north-paravur-north-paravur/,gsc-url-protection-map,www.ewastekochi.com,blog,,troubleshooting-e-waste-collection-in-north-paravur-north-paravur,0,0,404,leave_404,,classification_source=rule
/blog/troubleshooting-monitor-recycling-in-edappally-edappally/,https://www.ewastekochi.com/blog/troubleshooting-monitor-recycling-in-edappally-edappally/,gsc-url-protection-map,www.ewastekochi.com,blog,,troubleshooting-monitor-recycling-in-edappally-edappally,0,0,404,leave_404,,classification_source=rule
/blog/troubleshooting-server-recycling-in-kalamassery-kalamassery/,https://www.ewastekochi.com/blog/troubleshooting-server-recycling-in-kalamassery-kalamassery/,gsc-url-protection-map,www.ewastekochi.com,blog,,troubleshooting-server-recycling-in-kalamassery-kalamassery,0,7,404,leave_404,,classification_source=rule
/blog/vs-infinix-battery-recycling-in-kochi-kochi/,https://www.ewastekochi.com/blog/vs-infinix-battery-recycling-in-kochi-kochi/,gsc-url-protection-map,www.ewastekochi.com,blog,,vs-infinix-battery-recycling-in-kochi-kochi,0,4,crawled_not_indexed,leave_404,,classification_source=rule
/blog/vs-micromax-printer-recycling-in-vyttila-vyttila/,https://www.ewastekochi.com/blog/vs-micromax-printer-recycling-in-vyttila-vyttila/,gsc-url-protection-map,www.ewastekochi.com,blog,,vs-micromax-printer-recycling-in-vyttila-vyttila,0,0,404,leave_404,,classification_source=rule
/blog/vs-motorola-server-recycling-in-kochi-kochi/,https://www.ewastekochi.com/blog/vs-motorola-server-recycling-in-kochi-kochi/,gsc-url-protection-map,www.ewastekochi.com,blog,,vs-motorola-server-recycling-in-kochi-kochi,0,0,404,leave_404,,classification_source=rule
/blog/vs-sony-e-waste-collection-in-thrippunithura-thrippunithura/,https://www.ewastekochi.com/blog/vs-sony-e-waste-collection-in-thrippunithura-thrippunithura/,gsc-url-protection-map,www.ewastekochi.com,blog,,vs-sony-e-waste-collection-in-thrippunithura-thrippunithura,0,0,404,leave_404,,classification_source=rule
/blog/vs-vivo-cable-recycling-in-kochi-kochi/,https://www.ewastekochi.com/blog/vs-vivo-cable-recycling-in-kochi-kochi/,gsc-url-protection-map,www.ewastekochi.com,blog,,vs-vivo-cable-recycling-in-kochi-kochi,0,0,404,leave_404,,classification_source=rule
/blog/vs-xiaomi-cable-recycling-in-ernakulam-ernakulam/,https://www.ewastekochi.com/blog/vs-xiaomi-cable-recycling-in-ernakulam-ernakulam/,gsc-url-protection-map,www.ewastekochi.com,blog,,vs-xiaomi-cable-recycling-in-ernakulam-ernakulam,0,0,404,leave_404,,classification_source=rule
/blog/what-is-ewaste/,https://www.ewastekochi.com/blog/what-is-ewaste/,gsc-indexed-url-upgrade-map;gsc-url-protection-map,www.ewastekochi.com,blog,,what-is-ewaste,0,1,indexed-with-traffic,keep_200,https://www.ewastekochi.com/blog/what-is-ewaste/,classification_source=v2-live;confirmed_indexed_2026-07-10
/blog/where-sell-ewaste-near-me/,https://www.ewastekochi.com/blog/where-sell-ewaste-near-me/,gsc-indexed-url-upgrade-map;gsc-url-protection-map,www.ewastekochi.com,blog,,where-sell-ewaste-near-me,0,1,indexed-with-traffic,leave_404,,classification_source=rule;confirmed_indexed_2026-07-10
/blog/where-sell-old-phone-kochi.html,https://www.ewastekochi.com/blog/where-sell-old-phone-kochi.html,gsc-url-protection-map,www.ewastekochi.com,blog,,,0,3,404,leave_404,,classification_source=rule
/blog/why-choose-e-waste-collection-in-aluva-aluva-1/,https://www.ewastekochi.com/blog/why-choose-e-waste-collection-in-aluva-aluva-1/,gsc-url-protection-map,www.ewastekochi.com,blog,,why-choose-e-waste-collection-in-aluva-aluva-1,0,0,404,leave_404,,classification_source=rule
/blog/why-choose-e-waste-collection-in-aluva-aluva/,https://www.ewastekochi.com/blog/why-choose-e-waste-collection-in-aluva-aluva/,gsc-url-protection-map,www.ewastekochi.com,blog,,why-choose-e-waste-collection-in-aluva-aluva,0,0,404,leave_404,,classification_source=rule
/blog/why-choose-laptop-buyback-in-ernakulam-ernakulam/,https://www.ewastekochi.com/blog/why-choose-laptop-buyback-in-ernakulam-ernakulam/,gsc-url-protection-map,www.ewastekochi.com,blog,,why-choose-laptop-buyback-in-ernakulam-ernakulam,0,0,404,leave_404,,classification_source=rule
/blog/why-choose-printer-recycling-in-kalamassery-kalamassery-1/,https://www.ewastekochi.com/blog/why-choose-printer-recycling-in-kalamassery-kalamassery-1/,gsc-url-protection-map,www.ewastekochi.com,blog,,why-choose-printer-recycling-in-kalamassery-kalamassery-1,0,0,404,leave_404,,classification_source=rule
/blog/why-companies-destroy-data/,https://www.ewastekochi.com/blog/why-companies-destroy-data/,gsc-indexed-url-upgrade-map;gsc-url-protection-map,www.ewastekochi.com,blog,,why-companies-destroy-data,0,1,indexed-with-traffic,leave_404,,classification_source=rule;confirmed_indexed_2026-07-10
/blog/why-data-destruction-important-businesses/,https://www.ewastekochi.com/blog/why-data-destruction-important-businesses/,gsc-indexed-url-upgrade-map;gsc-url-protection-map,www.ewastekochi.com,blog,,why-data-destruction-important-businesses,0,7,indexed-with-traffic,leave_404,,classification_source=rule;confirmed_indexed_2026-07-10
/blogs/,https://www.ewastekochi.com/blogs/,gsc-url-protection-map,www.ewastekochi.com,other-legacy-service,,blogs,1,26,404,redirect_301,(see vercel.json),classification_source=v2-redirect
/blogs/battery-recycling/how-to-store-batteries-before-pickup-in-kollam/,https://www.ewastekochi.com/blogs/battery-recycling/how-to-store-batteries-before-pickup-in-kollam/,gsc-url-protection-map,www.ewastekochi.com,blogs-taxonomy-legacy,,how-to-store-batteries-before-pickup-in-kollam,0,0,404,leave_404,,classification_source=rule
/blogs/battery-recycling/how-to-store-batteries-before-pickup-in-thrippunithura-kochi/,https://www.ewastekochi.com/blogs/battery-recycling/how-to-store-batteries-before-pickup-in-thrippunithura-kochi/,gsc-url-protection-map,www.ewastekochi.com,blogs-taxonomy-legacy,,how-to-store-batteries-before-pickup-in-thrippunithura-kochi,0,3,alt_canonical|crawled_not_indexed,leave_404,,classification_source=rule
/blogs/battery-recycling/how-to-store-batteries-before-pickup-in-vyttila-kochi/,https://www.ewastekochi.com/blogs/battery-recycling/how-to-store-batteries-before-pickup-in-vyttila-kochi/,gsc-url-protection-map,www.ewastekochi.com,blogs-taxonomy-legacy,,how-to-store-batteries-before-pickup-in-vyttila-kochi,0,34,404|alt_canonical,leave_404,,classification_source=rule
/blogs/battery-recycling/lead-acid-battery-recycling-in-edappally-kochi-what-businesses-need-to-track/,https://www.ewastekochi.com/blogs/battery-recycling/lead-acid-battery-recycling-in-edappally-kochi-what-businesses-need-to-track/,gsc-url-protection-map,www.ewastekochi.com,blogs-taxonomy-legacy,,lead-acid-battery-recycling-in-edappally-kochi-what-businesses-need-to-track,0,0,404,leave_404,,classification_source=rule
/blogs/battery-recycling/lead-acid-battery-recycling-in-kottayam-what-businesses-need-to-track/,https://www.ewastekochi.com/blogs/battery-recycling/lead-acid-battery-recycling-in-kottayam-what-businesses-need-to-track/,gsc-url-protection-map,www.ewastekochi.com,blogs-taxonomy-legacy,,lead-acid-battery-recycling-in-kottayam-what-businesses-need-to-track,0,10,alt_canonical|crawled_not_indexed,leave_404,,classification_source=rule
/blogs/battery-recycling/office-battery-pickup-in-edappally-kochi-how-to-stage-mixed-loads/,https://www.ewastekochi.com/blogs/battery-recycling/office-battery-pickup-in-edappally-kochi-how-to-stage-mixed-loads/,gsc-url-protection-map,www.ewastekochi.com,blogs-taxonomy-legacy,,office-battery-pickup-in-edappally-kochi-how-to-stage-mixed-loads,0,0,404,leave_404,,classification_source=rule
/blogs/battery-recycling/office-battery-pickup-in-kozhikode-how-to-stage-mixed-loads/,https://www.ewastekochi.com/blogs/battery-recycling/office-battery-pickup-in-kozhikode-how-to-stage-mixed-loads/,gsc-url-protection-map,www.ewastekochi.com,blogs-taxonomy-legacy,,office-battery-pickup-in-kozhikode-how-to-stage-mixed-loads,0,0,404,leave_404,,classification_source=rule
/blogs/battery-recycling/office-battery-pickup-in-thiruvananthapuram-how-to-stage-mixed-loads/,https://www.ewastekochi.com/blogs/battery-recycling/office-battery-pickup-in-thiruvananthapuram-how-to-stage-mixed-loads/,gsc-url-protection-map,www.ewastekochi.com,blogs-taxonomy-legacy,,office-battery-pickup-in-thiruvananthapuram-how-to-stage-mixed-loads,1,13,404|crawled_not_indexed,manual_review,,classification_source=rule
/blogs/battery-recycling/phone-battery-recycling-in-kalamassery-kochi-what-to-do-with-loose-cells/,https://www.ewastekochi.com/blogs/battery-recycling/phone-battery-recycling-in-kalamassery-kochi-what-to-do-with-loose-cells/,gsc-url-protection-map,www.ewastekochi.com,blogs-taxonomy-legacy,,phone-battery-recycling-in-kalamassery-kochi-what-to-do-with-loose-cells,0,0,404,leave_404,,classification_source=rule
/blogs/battery-recycling/phone-battery-recycling-in-thrippunithura-kochi-what-to-do-with-loose-cells/,https://www.ewastekochi.com/blogs/battery-recycling/phone-battery-recycling-in-thrippunithura-kochi-what-to-do-with-loose-cells/,gsc-url-protection-map,www.ewastekochi.com,blogs-taxonomy-legacy,,phone-battery-recycling-in-thrippunithura-kochi-what-to-do-with-loose-cells,1,11,alt_canonical|crawled_not_indexed,manual_review,,classification_source=rule
/blogs/battery-recycling/solar-battery-disposal-in-thiruvananthapuram-practical-steps-for-safe-collection/,https://www.ewastekochi.com/blogs/battery-recycling/solar-battery-disposal-in-thiruvananthapuram-practical-steps-for-safe-collection/,gsc-url-protection-map,www.ewastekochi.com,blogs-taxonomy-legacy,,solar-battery-disposal-in-thiruvananthapuram-practical-steps-for-safe-collection,0,9,alt_canonical|crawled_not_indexed,leave_404,,classification_source=rule
/blogs/battery-recycling/ups-and-inverter-battery-disposal-in-kakkanad-kochi/,https://www.ewastekochi.com/blogs/battery-recycling/ups-and-inverter-battery-disposal-in-kakkanad-kochi/,gsc-url-protection-map,www.ewastekochi.com,blogs-taxonomy-legacy,,ups-and-inverter-battery-disposal-in-kakkanad-kochi,0,6,404|alt_canonical,leave_404,,classification_source=rule
/blogs/battery-recycling/ups-and-inverter-battery-disposal-in-thiruvananthapuram/,https://www.ewastekochi.com/blogs/battery-recycling/ups-and-inverter-battery-disposal-in-thiruvananthapuram/,gsc-url-protection-map,www.ewastekochi.com,blogs-taxonomy-legacy,,ups-and-inverter-battery-disposal-in-thiruvananthapuram,0,8,404,leave_404,,classification_source=rule
/blogs/corporate-itad/asset-recovery-and-remarketing-in-kakkanad-kochi-how-itad-recovers-budget/,https://www.ewastekochi.com/blogs/corporate-itad/asset-recovery-and-remarketing-in-kakkanad-kochi-how-itad-recovers-budget/,gsc-url-protection-map,www.ewastekochi.com,blogs-taxonomy-legacy,,asset-recovery-and-remarketing-in-kakkanad-kochi-how-itad-recovers-budget,0,2,alt_canonical|crawled_not_indexed,leave_404,,classification_source=rule
/blogs/corporate-itad/bank-and-hospital-itad-in-kakkanad-kochi-documentation-that-actually-matters/,https://www.ewastekochi.com/blogs/corporate-itad/bank-and-hospital-itad-in-kakkanad-kochi-documentation-that-actually-matters/,gsc-url-protection-map,www.ewastekochi.com,blogs-taxonomy-legacy,,bank-and-hospital-itad-in-kakkanad-kochi-documentation-that-actually-matters,0,0,404,leave_404,,classification_source=rule
/blogs/corporate-itad/bank-and-hospital-itad-in-kottayam-documentation-that-actually-matters/,https://www.ewastekochi.com/blogs/corporate-itad/bank-and-hospital-itad-in-kottayam-documentation-that-actually-matters/,gsc-url-protection-map,www.ewastekochi.com,blogs-taxonomy-legacy,,bank-and-hospital-itad-in-kottayam-documentation-that-actually-matters,1,10,alt_canonical|crawled_not_indexed,manual_review,,classification_source=rule
/blogs/corporate-itad/chain-of-custody-for-itad-in-edappally-kochi-what-good-vendors-prove/,https://www.ewastekochi.com/blogs/corporate-itad/chain-of-custody-for-itad-in-edappally-kochi-what-good-vendors-prove/,gsc-url-protection-map,www.ewastekochi.com,blogs-taxonomy-legacy,,chain-of-custody-for-itad-in-edappally-kochi-what-good-vendors-prove,0,0,alt_canonical|crawled_not_indexed,leave_404,,classification_source=rule
/blogs/corporate-itad/data-centre-refresh-and-retirement-planning-in-kottayam/,https://www.ewastekochi.com/blogs/corporate-itad/data-centre-refresh-and-retirement-planning-in-kottayam/,gsc-url-protection-map,www.ewastekochi.com,blogs-taxonomy-legacy,,data-centre-refresh-and-retirement-planning-in-kottayam,0,2,alt_canonical|crawled_not_indexed,leave_404,,classification_source=rule
/blogs/corporate-itad/employee-device-refresh-workflow-in-kozhikode-pickup-wipe-recover/,https://www.ewastekochi.com/blogs/corporate-itad/employee-device-refresh-workflow-in-kozhikode-pickup-wipe-recover/,gsc-url-protection-map,www.ewastekochi.com,blogs-taxonomy-legacy,,employee-device-refresh-workflow-in-kozhikode-pickup-wipe-recover,0,0,404,leave_404,,classification_source=rule
/blogs/corporate-itad/startup-office-clear-outs-in-kollam-fast-itad-for-lean-teams/,https://www.ewastekochi.com/blogs/corporate-itad/startup-office-clear-outs-in-kollam-fast-itad-for-lean-teams/,gsc-url-protection-map,www.ewastekochi.com,blogs-taxonomy-legacy,,startup-office-clear-outs-in-kollam-fast-itad-for-lean-teams,0,0,alt_canonical|crawled_not_indexed,leave_404,,classification_source=rule
/blogs/data-destruction/certificate-of-destruction-in-kottayam-what-auditors-expect-to-see/,https://www.ewastekochi.com/blogs/data-destruction/certificate-of-destruction-in-kottayam-what-auditors-expect-to-see/,gsc-url-protection-map,www.ewastekochi.com,blogs-taxonomy-legacy,,certificate-of-destruction-in-kottayam-what-auditors-expect-to-see,0,0,404,leave_404,,classification_source=rule
/blogs/data-destruction/certificate-of-destruction-in-kozhikode-what-auditors-expect-to-see/,https://www.ewastekochi.com/blogs/data-destruction/certificate-of-destruction-in-kozhikode-what-auditors-expect-to-see/,gsc-url-protection-map,www.ewastekochi.com,blogs-taxonomy-legacy,,certificate-of-destruction-in-kozhikode-what-auditors-expect-to-see,0,4,alt_canonical|crawled_not_indexed,leave_404,,classification_source=rule
/blogs/data-destruction/degaussing-vs-shredding-in-kalamassery-kochi-which-method-fits-better/,https://www.ewastekochi.com/blogs/data-destruction/degaussing-vs-shredding-in-kalamassery-kochi-which-method-fits-better/,gsc-url-protection-map,www.ewastekochi.com,blogs-taxonomy-legacy,,degaussing-vs-shredding-in-kalamassery-kochi-which-method-fits-better,0,0,404,leave_404,,classification_source=rule
/blogs/data-destruction/dpdp-ready-data-destruction-evidence-in-vyttila-kochi/,https://www.ewastekochi.com/blogs/data-destruction/dpdp-ready-data-destruction-evidence-in-vyttila-kochi/,gsc-url-protection-map,www.ewastekochi.com,blogs-taxonomy-legacy,,dpdp-ready-data-destruction-evidence-in-vyttila-kochi,0,0,404,leave_404,,classification_source=rule
/blogs/data-destruction/laptop-data-wipe-in-edappally-kochi-before-buyback-or-recycling/,https://www.ewastekochi.com/blogs/data-destruction/laptop-data-wipe-in-edappally-kochi-before-buyback-or-recycling/,gsc-url-protection-map,www.ewastekochi.com,blogs-taxonomy-legacy,,laptop-data-wipe-in-edappally-kochi-before-buyback-or-recycling,0,0,404,leave_404,,classification_source=rule
/blogs/data-destruction/laptop-data-wipe-in-kalamassery-kochi-before-buyback-or-recycling/,https://www.ewastekochi.com/blogs/data-destruction/laptop-data-wipe-in-kalamassery-kochi-before-buyback-or-recycling/,gsc-url-protection-map,www.ewastekochi.com,blogs-taxonomy-legacy,,laptop-data-wipe-in-kalamassery-kochi-before-buyback-or-recycling,0,0,404,leave_404,,classification_source=rule
/blogs/data-destruction/nist-800-88-wiping-in-kollam-what-it-covers-and-what-it-does-not/,https://www.ewastekochi.com/blogs/data-destruction/nist-800-88-wiping-in-kollam-what-it-covers-and-what-it-does-not/,gsc-url-protection-map,www.ewastekochi.com,blogs-taxonomy-legacy,,nist-800-88-wiping-in-kollam-what-it-covers-and-what-it-does-not,0,0,404,leave_404,,classification_source=rule
/blogs/data-destruction/nist-800-88-wiping-in-thiruvananthapuram-what-it-covers-and-what-it-does-not/,https://www.ewastekochi.com/blogs/data-destruction/nist-800-88-wiping-in-thiruvananthapuram-what-it-covers-and-what-it-does-not/,gsc-url-protection-map,www.ewastekochi.com,blogs-taxonomy-legacy,,nist-800-88-wiping-in-thiruvananthapuram-what-it-covers-and-what-it-does-not,0,3,404|crawled_not_indexed,leave_404,,classification_source=rule
/blogs/data-destruction/server-drive-sanitization-in-edappally-kochi-for-itad-projects/,https://www.ewastekochi.com/blogs/data-destruction/server-drive-sanitization-in-edappally-kochi-for-itad-projects/,gsc-indexed-url-upgrade-map;gsc-url-protection-map,www.ewastekochi.com,blogs-taxonomy-legacy,,server-drive-sanitization-in-edappally-kochi-for-itad-projects,0,7,alt_canonical,leave_404,,classification_source=rule;confirmed_indexed_2026-07-10
/blogs/data-destruction/server-drive-sanitization-in-kollam-for-itad-projects/,https://www.ewastekochi.com/blogs/data-destruction/server-drive-sanitization-in-kollam-for-itad-projects/,gsc-url-protection-map,www.ewastekochi.com,blogs-taxonomy-legacy,,server-drive-sanitization-in-kollam-for-itad-projects,0,3,alt_canonical,leave_404,,classification_source=rule
/blogs/data-destruction/server-drive-sanitization-in-kottayam-for-itad-projects/,https://www.ewastekochi.com/blogs/data-destruction/server-drive-sanitization-in-kottayam-for-itad-projects/,gsc-url-protection-map,www.ewastekochi.com,blogs-taxonomy-legacy,,server-drive-sanitization-in-kottayam-for-itad-projects,0,2,404,leave_404,,classification_source=rule
/blogs/data-destruction/server-drive-sanitization-in-thrippunithura-kochi-for-itad-projects/,https://www.ewastekochi.com/blogs/data-destruction/server-drive-sanitization-in-thrippunithura-kochi-for-itad-projects/,gsc-url-protection-map,www.ewastekochi.com,blogs-taxonomy-legacy,,server-drive-sanitization-in-thrippunithura-kochi-for-itad-projects,0,0,404,leave_404,,classification_source=rule
/blogs/data-destruction/ssd-destruction-in-thiruvananthapuram-why-it-differs-from-hdd-disposal/,https://www.ewastekochi.com/blogs/data-destruction/ssd-destruction-in-thiruvananthapuram-why-it-differs-from-hdd-disposal/,gsc-url-protection-map,www.ewastekochi.com,blogs-taxonomy-legacy,,ssd-destruction-in-thiruvananthapuram-why-it-differs-from-hdd-disposal,0,0,404,leave_404,,classification_source=rule
/blogs/data-destruction/why-formatting-is-not-enough-before-disposal-in-kakkanad-kochi/,https://www.ewastekochi.com/blogs/data-destruction/why-formatting-is-not-enough-before-disposal-in-kakkanad-kochi/,gsc-url-protection-map,www.ewastekochi.com,blogs-taxonomy-legacy,,why-formatting-is-not-enough-before-disposal-in-kakkanad-kochi,0,0,404,leave_404,,classification_source=rule
/blogs/data-destruction/why-formatting-is-not-enough-before-disposal-in-kottayam/,https://www.ewastekochi.com/blogs/data-destruction/why-formatting-is-not-enough-before-disposal-in-kottayam/,gsc-url-protection-map,www.ewastekochi.com,blogs-taxonomy-legacy,,why-formatting-is-not-enough-before-disposal-in-kottayam,0,0,404,leave_404,,classification_source=rule
/blogs/data-destruction/why-formatting-is-not-enough-before-disposal-in-kozhikode/,https://www.ewastekochi.com/blogs/data-destruction/why-formatting-is-not-enough-before-disposal-in-kozhikode/,gsc-url-protection-map,www.ewastekochi.com,blogs-taxonomy-legacy,,why-formatting-is-not-enough-before-disposal-in-kozhikode,0,0,alt_canonical|crawled_not_indexed,leave_404,,classification_source=rule
/blogs/disposal/,https://www.ewastekochi.com/blogs/disposal/,gsc-url-protection-map,www.ewastekochi.com,blogs-taxonomy-legacy,,disposal,2,49,404|redirect,redirect_301,(see vercel.json),classification_source=v2-redirect
/blogs/disposal/corporate-e-waste-clearance-checklist-for-edappally-kochi/,https://www.ewastekochi.com/blogs/disposal/corporate-e-waste-clearance-checklist-for-edappally-kochi/,gsc-url-protection-map,www.ewastekochi.com,blogs-taxonomy-legacy,,corporate-e-waste-clearance-checklist-for-edappally-kochi,0,4,alt_canonical|crawled_not_indexed,leave_404,,classification_source=rule
/blogs/disposal/corporate-e-waste-clearance-checklist-for-kottayam/,https://www.ewastekochi.com/blogs/disposal/corporate-e-waste-clearance-checklist-for-kottayam/,gsc-url-protection-map,www.ewastekochi.com,blogs-taxonomy-legacy,,corporate-e-waste-clearance-checklist-for-kottayam,0,8,404,leave_404,,classification_source=rule
/blogs/disposal/corporate-e-waste-clearance-checklist-for-vyttila-kochi/,https://www.ewastekochi.com/blogs/disposal/corporate-e-waste-clearance-checklist-for-vyttila-kochi/,gsc-url-protection-map,www.ewastekochi.com,blogs-taxonomy-legacy,,corporate-e-waste-clearance-checklist-for-vyttila-kochi,0,9,alt_canonical,leave_404,,classification_source=rule
/blogs/disposal/how-same-day-e-waste-pickup-works-in-thrippunithura-kochi/,https://www.ewastekochi.com/blogs/disposal/how-same-day-e-waste-pickup-works-in-thrippunithura-kochi/,gsc-url-protection-map,www.ewastekochi.com,blogs-taxonomy-legacy,,how-same-day-e-waste-pickup-works-in-thrippunithura-kochi,0,0,404,leave_404,,classification_source=rule
/blogs/disposal/how-to-dispose-mixed-household-e-waste-in-kollam/,https://www.ewastekochi.com/blogs/disposal/how-to-dispose-mixed-household-e-waste-in-kollam/,gsc-url-protection-map,www.ewastekochi.com,blogs-taxonomy-legacy,,how-to-dispose-mixed-household-e-waste-in-kollam,1,17,404,manual_review,,classification_source=rule
/blogs/disposal/how-to-dispose-office-computers-in-kakkanad-kochi-safely/,https://www.ewastekochi.com/blogs/disposal/how-to-dispose-office-computers-in-kakkanad-kochi-safely/,gsc-url-protection-map,www.ewastekochi.com,blogs-taxonomy-legacy,,how-to-dispose-office-computers-in-kakkanad-kochi-safely,0,18,404,leave_404,,classification_source=rule
/blogs/disposal/how-to-dispose-office-computers-in-thiruvananthapuram-safely/,https://www.ewastekochi.com/blogs/disposal/how-to-dispose-office-computers-in-thiruvananthapuram-safely/,gsc-url-protection-map,www.ewastekochi.com,blogs-taxonomy-legacy,,how-to-dispose-office-computers-in-thiruvananthapuram-safely,0,17,alt_canonical|crawled_not_indexed,leave_404,,classification_source=rule
/blogs/disposal/monitor-and-tv-disposal-in-vyttila-kochi-what-to-do-first/,https://www.ewastekochi.com/blogs/disposal/monitor-and-tv-disposal-in-vyttila-kochi-what-to-do-first/,gsc-url-protection-map,www.ewastekochi.com,blogs-taxonomy-legacy,,monitor-and-tv-disposal-in-vyttila-kochi-what-to-do-first,0,10,alt_canonical|crawled_not_indexed,leave_404,,classification_source=rule
/blogs/disposal/printer-and-copier-disposal-in-vyttila-kochi-for-offices-and-schools/,https://www.ewastekochi.com/blogs/disposal/printer-and-copier-disposal-in-vyttila-kochi-for-offices-and-schools/,gsc-url-protection-map,www.ewastekochi.com,blogs-taxonomy-legacy,,printer-and-copier-disposal-in-vyttila-kochi-for-offices-and-schools,0,0,404,leave_404,,classification_source=rule
/blogs/disposal/where-to-dispose-old-laptops-in-infopark-kochi-free-pickup-guide/,https://www.ewastekochi.com/blogs/disposal/where-to-dispose-old-laptops-in-infopark-kochi-free-pickup-guide/,gsc-url-protection-map,www.ewastekochi.com,blogs-taxonomy-legacy,,where-to-dispose-old-laptops-in-infopark-kochi-free-pickup-guide,1,11,alt_canonical|crawled_not_indexed,manual_review,,classification_source=rule
/blogs/disposal/where-to-dispose-old-laptops-in-kollam-free-pickup-guide/,https://www.ewastekochi.com/blogs/disposal/where-to-dispose-old-laptops-in-kollam-free-pickup-guide/,gsc-url-protection-map,www.ewastekochi.com,blogs-taxonomy-legacy,,where-to-dispose-old-laptops-in-kollam-free-pickup-guide,0,20,404|alt_canonical,leave_404,,classification_source=rule
/blogs/disposal/where-to-dispose-old-laptops-in-vyttila-kochi-free-pickup-guide/,https://www.ewastekochi.com/blogs/disposal/where-to-dispose-old-laptops-in-vyttila-kochi-free-pickup-guide/,gsc-url-protection-map,www.ewastekochi.com,blogs-taxonomy-legacy,,where-to-dispose-old-laptops-in-vyttila-kochi-free-pickup-guide,0,8,alt_canonical|crawled_not_indexed,leave_404,,classification_source=rule
/blogs/disposal/where-to-dispose-old-phones-in-edappally-kochi-without-data-risk/,https://www.ewastekochi.com/blogs/disposal/where-to-dispose-old-phones-in-edappally-kochi-without-data-risk/,gsc-url-protection-map,www.ewastekochi.com,blogs-taxonomy-legacy,,where-to-dispose-old-phones-in-edappally-kochi-without-data-risk,0,18,alt_canonical|crawled_not_indexed,leave_404,,classification_source=rule
/blogs/environmental-impact/apartment-and-community-e-waste-drives-in-kakkanad-kochi/,https://www.ewastekochi.com/blogs/environmental-impact/apartment-and-community-e-waste-drives-in-kakkanad-kochi/,gsc-url-protection-map,www.ewastekochi.com,blogs-taxonomy-legacy,,apartment-and-community-e-waste-drives-in-kakkanad-kochi,0,5,alt_canonical|crawled_not_indexed,leave_404,,classification_source=rule
/blogs/environmental-impact/circular-economy-and-e-waste-in-kalamassery-kochi-what-recovery-actually-looks-like/,https://www.ewastekochi.com/blogs/environmental-impact/circular-economy-and-e-waste-in-kalamassery-kochi-what-recovery-actually-looks-like/,gsc-url-protection-map,www.ewastekochi.com,blogs-taxonomy-legacy,,circular-economy-and-e-waste-in-kalamassery-kochi-what-recovery-actually-looks-like,0,0,alt_canonical|crawled_not_indexed,leave_404,,classification_source=rule
/blogs/environmental-impact/circular-economy-and-e-waste-in-kollam-what-recovery-actually-looks-like/,https://www.ewastekochi.com/blogs/environmental-impact/circular-economy-and-e-waste-in-kollam-what-recovery-actually-looks-like/,gsc-url-protection-map,www.ewastekochi.com,blogs-taxonomy-legacy,,circular-economy-and-e-waste-in-kollam-what-recovery-actually-looks-like,0,0,alt_canonical|crawled_not_indexed,leave_404,,classification_source=rule
/blogs/environmental-impact/circular-economy-and-e-waste-in-kottayam-what-recovery-actually-looks-like/,https://www.ewastekochi.com/blogs/environmental-impact/circular-economy-and-e-waste-in-kottayam-what-recovery-actually-looks-like/,gsc-url-protection-map,www.ewastekochi.com,blogs-taxonomy-legacy,,circular-economy-and-e-waste-in-kottayam-what-recovery-actually-looks-like,0,0,404,leave_404,,classification_source=rule
/blogs/environmental-impact/circular-economy-and-e-waste-in-vyttila-kochi-what-recovery-actually-looks-like/,https://www.ewastekochi.com/blogs/environmental-impact/circular-economy-and-e-waste-in-vyttila-kochi-what-recovery-actually-looks-like/,gsc-url-protection-map,www.ewastekochi.com,blogs-taxonomy-legacy,,circular-economy-and-e-waste-in-vyttila-kochi-what-recovery-actually-looks-like,0,1,alt_canonical|crawled_not_indexed,leave_404,,classification_source=rule
/blogs/environmental-impact/how-e-waste-recycling-reduces-carbon-footprint-in-edappally-kochi/,https://www.ewastekochi.com/blogs/environmental-impact/how-e-waste-recycling-reduces-carbon-footprint-in-edappally-kochi/,gsc-url-protection-map,www.ewastekochi.com,blogs-taxonomy-legacy,,how-e-waste-recycling-reduces-carbon-footprint-in-edappally-kochi,0,2,alt_canonical|crawled_not_indexed,leave_404,,classification_source=rule
/blogs/environmental-impact/precious-metal-recovery-from-e-waste-in-edappally-kochi/,https://www.ewastekochi.com/blogs/environmental-impact/precious-metal-recovery-from-e-waste-in-edappally-kochi/,gsc-url-protection-map,www.ewastekochi.com,blogs-taxonomy-legacy,,precious-metal-recovery-from-e-waste-in-edappally-kochi,0,2,404,leave_404,,classification_source=rule
/blogs/environmental-impact/precious-metal-recovery-from-e-waste-in-kakkanad-kochi/,https://www.ewastekochi.com/blogs/environmental-impact/precious-metal-recovery-from-e-waste-in-kakkanad-kochi/,gsc-url-protection-map,www.ewastekochi.com,blogs-taxonomy-legacy,,precious-metal-recovery-from-e-waste-in-kakkanad-kochi,1,10,alt_canonical|crawled_not_indexed,manual_review,,classification_source=rule
/blogs/environmental-impact/precious-metal-recovery-from-e-waste-in-kottayam/,https://www.ewastekochi.com/blogs/environmental-impact/precious-metal-recovery-from-e-waste-in-kottayam/,gsc-url-protection-map,www.ewastekochi.com,blogs-taxonomy-legacy,,precious-metal-recovery-from-e-waste-in-kottayam,0,6,alt_canonical|crawled_not_indexed,leave_404,,classification_source=rule
/blogs/environmental-impact/school-e-waste-drives-in-edappally-kochi-planning-a-safer-collection-day/,https://www.ewastekochi.com/blogs/environmental-impact/school-e-waste-drives-in-edappally-kochi-planning-a-safer-collection-day/,gsc-url-protection-map,www.ewastekochi.com,blogs-taxonomy-legacy,,school-e-waste-drives-in-edappally-kochi-planning-a-safer-collection-day,0,2,alt_canonical|crawled_not_indexed,leave_404,,classification_source=rule
/blogs/environmental-impact/school-e-waste-drives-in-kalamassery-kochi-planning-a-safer-collection-day/,https://www.ewastekochi.com/blogs/environmental-impact/school-e-waste-drives-in-kalamassery-kochi-planning-a-safer-collection-day/,gsc-indexed-url-upgrade-map;gsc-url-protection-map,www.ewastekochi.com,blogs-taxonomy-legacy,,school-e-waste-drives-in-kalamassery-kochi-planning-a-safer-collection-day,0,1,crawled_not_indexed,leave_404,,classification_source=rule;confirmed_indexed_2026-07-10
/blogs/environmental-impact/school-e-waste-drives-in-kottayam-planning-a-safer-collection-day/,https://www.ewastekochi.com/blogs/environmental-impact/school-e-waste-drives-in-kottayam-planning-a-safer-collection-day/,gsc-url-protection-map,www.ewastekochi.com,blogs-taxonomy-legacy,,school-e-waste-drives-in-kottayam-planning-a-safer-collection-day,0,1,alt_canonical|crawled_not_indexed,leave_404,,classification_source=rule
/blogs/environmental-impact/school-e-waste-drives-in-vyttila-kochi-planning-a-safer-collection-day/,https://www.ewastekochi.com/blogs/environmental-impact/school-e-waste-drives-in-vyttila-kochi-planning-a-safer-collection-day/,gsc-indexed-url-upgrade-map;gsc-url-protection-map,www.ewastekochi.com,blogs-taxonomy-legacy,,school-e-waste-drives-in-vyttila-kochi-planning-a-safer-collection-day,0,3,crawled_not_indexed,leave_404,,classification_source=rule;confirmed_indexed_2026-07-10
/blogs/environmental-impact/sustainable-office-clean-outs-in-kollam-esg-friendly-disposal-moves/,https://www.ewastekochi.com/blogs/environmental-impact/sustainable-office-clean-outs-in-kollam-esg-friendly-disposal-moves/,gsc-url-protection-map,www.ewastekochi.com,blogs-taxonomy-legacy,,sustainable-office-clean-outs-in-kollam-esg-friendly-disposal-moves,0,0,404,leave_404,,classification_source=rule
/blogs/environmental-impact/toxic-components-in-electronics-collected-in-kakkanad-kochi/,https://www.ewastekochi.com/blogs/environmental-impact/toxic-components-in-electronics-collected-in-kakkanad-kochi/,gsc-url-protection-map,www.ewastekochi.com,blogs-taxonomy-legacy,,toxic-components-in-electronics-collected-in-kakkanad-kochi,0,18,404,leave_404,,classification_source=rule
/blogs/environmental-impact/what-happens-when-electronics-reach-landfills-in-kollam/,https://www.ewastekochi.com/blogs/environmental-impact/what-happens-when-electronics-reach-landfills-in-kollam/,gsc-url-protection-map,www.ewastekochi.com,blogs-taxonomy-legacy,,what-happens-when-electronics-reach-landfills-in-kollam,0,7,alt_canonical|crawled_not_indexed,leave_404,,classification_source=rule
/blogs/environmental-impact/what-happens-when-electronics-reach-landfills-in-kozhikode/,https://www.ewastekochi.com/blogs/environmental-impact/what-happens-when-electronics-reach-landfills-in-kozhikode/,gsc-url-protection-map,www.ewastekochi.com,blogs-taxonomy-legacy,,what-happens-when-electronics-reach-landfills-in-kozhikode,0,3,404,leave_404,,classification_source=rule
/blogs/environmental-impact/why-recycle-electronics-in-infopark-kochi-the-local-impact/,https://www.ewastekochi.com/blogs/environmental-impact/why-recycle-electronics-in-infopark-kochi-the-local-impact/,gsc-indexed-url-upgrade-map;gsc-url-protection-map,www.ewastekochi.com,blogs-taxonomy-legacy,,why-recycle-electronics-in-infopark-kochi-the-local-impact,0,4,alt_canonical,leave_404,,classification_source=rule;confirmed_indexed_2026-07-10
/blogs/environmental-impact/why-recycle-electronics-in-kottayam-the-local-impact/,https://www.ewastekochi.com/blogs/environmental-impact/why-recycle-electronics-in-kottayam-the-local-impact/,gsc-url-protection-map,www.ewastekochi.com,blogs-taxonomy-legacy,,why-recycle-electronics-in-kottayam-the-local-impact,0,5,alt_canonical,leave_404,,classification_source=rule
/blogs/ewaste-laws/how-to-file-for-epr-registration-as-an-importer-in-edappally-kochi/,https://www.ewastekochi.com/blogs/ewaste-laws/how-to-file-for-epr-registration-as-an-importer-in-edappally-kochi/,gsc-url-protection-map,www.ewastekochi.com,blogs-taxonomy-legacy,,how-to-file-for-epr-registration-as-an-importer-in-edappally-kochi,0,0,404,leave_404,,classification_source=rule
/blogs/ewaste-laws/kspcb-authorized-recyclers-list-how-thiruvananthapuram-businesses-verify-vendors/,https://www.ewastekochi.com/blogs/ewaste-laws/kspcb-authorized-recyclers-list-how-thiruvananthapuram-businesses-verify-vendors/,gsc-url-protection-map,www.ewastekochi.com,blogs-taxonomy-legacy,,kspcb-authorized-recyclers-list-how-thiruvananthapuram-businesses-verify-vendors,0,23,404,leave_404,,classification_source=rule
/blogs/government-rules/bulk-consumer-e-waste-obligations-in-thrippunithura-kochi/,https://www.ewastekochi.com/blogs/government-rules/bulk-consumer-e-waste-obligations-in-thrippunithura-kochi/,gsc-url-protection-map,www.ewastekochi.com,blogs-taxonomy-legacy,,bulk-consumer-e-waste-obligations-in-thrippunithura-kochi,0,3,alt_canonical|crawled_not_indexed,leave_404,,classification_source=rule
/blogs/government-rules/certificate-of-destruction-for-audits-in-edappally-kochi/,https://www.ewastekochi.com/blogs/government-rules/certificate-of-destruction-for-audits-in-edappally-kochi/,gsc-url-protection-map,www.ewastekochi.com,blogs-taxonomy-legacy,,certificate-of-destruction-for-audits-in-edappally-kochi,0,0,alt_canonical|crawled_not_indexed,leave_404,,classification_source=rule
/blogs/government-rules/certificate-of-destruction-for-audits-in-thiruvananthapuram/,https://www.ewastekochi.com/blogs/government-rules/certificate-of-destruction-for-audits-in-thiruvananthapuram/,gsc-url-protection-map,www.ewastekochi.com,blogs-taxonomy-legacy,,certificate-of-destruction-for-audits-in-thiruvananthapuram,0,4,alt_canonical|crawled_not_indexed,leave_404,,classification_source=rule
/blogs/government-rules/dpdp-act-and-retired-devices-in-vyttila-kochi-what-changes-for-disposal/,https://www.ewastekochi.com/blogs/government-rules/dpdp-act-and-retired-devices-in-vyttila-kochi-what-changes-for-disposal/,gsc-url-protection-map,www.ewastekochi.com,blogs-taxonomy-legacy,,dpdp-act-and-retired-devices-in-vyttila-kochi-what-changes-for-disposal,0,4,404,leave_404,,classification_source=rule
/blogs/government-rules/e-waste-rules-2022-for-businesses-in-infopark-kochi/,https://www.ewastekochi.com/blogs/government-rules/e-waste-rules-2022-for-businesses-in-infopark-kochi/,gsc-url-protection-map,www.ewastekochi.com,blogs-taxonomy-legacy,,e-waste-rules-2022-for-businesses-in-infopark-kochi,0,0,404,leave_404,,classification_source=rule
/blogs/government-rules/e-waste-rules-2022-for-businesses-in-kozhikode/,https://www.ewastekochi.com/blogs/government-rules/e-waste-rules-2022-for-businesses-in-kozhikode/,gsc-url-protection-map,www.ewastekochi.com,blogs-taxonomy-legacy,,e-waste-rules-2022-for-businesses-in-kozhikode,0,10,404,leave_404,,classification_source=rule
/blogs/government-rules/forms-and-manifests-for-e-waste-pickup-in-kalamassery-kochi/,https://www.ewastekochi.com/blogs/government-rules/forms-and-manifests-for-e-waste-pickup-in-kalamassery-kochi/,gsc-url-protection-map,www.ewastekochi.com,blogs-taxonomy-legacy,,forms-and-manifests-for-e-waste-pickup-in-kalamassery-kochi,0,6,alt_canonical|crawled_not_indexed,leave_404,,classification_source=rule
/blogs/government-rules/forms-and-manifests-for-e-waste-pickup-in-kollam/,https://www.ewastekochi.com/blogs/government-rules/forms-and-manifests-for-e-waste-pickup-in-kollam/,gsc-url-protection-map,www.ewastekochi.com,blogs-taxonomy-legacy,,forms-and-manifests-for-e-waste-pickup-in-kollam,0,5,404|alt_canonical,leave_404,,classification_source=rule
/blogs/government-rules/how-disposal-mistakes-create-data-breach-risk-in-kakkanad-kochi/,https://www.ewastekochi.com/blogs/government-rules/how-disposal-mistakes-create-data-breach-risk-in-kakkanad-kochi/,gsc-url-protection-map,www.ewastekochi.com,blogs-taxonomy-legacy,,how-disposal-mistakes-create-data-breach-risk-in-kakkanad-kochi,0,5,alt_canonical|crawled_not_indexed,leave_404,,classification_source=rule
/blogs/government-rules/how-disposal-mistakes-create-data-breach-risk-in-thrippunithura-kochi/,https://www.ewastekochi.com/blogs/government-rules/how-disposal-mistakes-create-data-breach-risk-in-thrippunithura-kochi/,gsc-url-protection-map,www.ewastekochi.com,blogs-taxonomy-legacy,,how-disposal-mistakes-create-data-breach-risk-in-thrippunithura-kochi,0,0,404,leave_404,,classification_source=rule
/blogs/government-rules/how-to-choose-an-authorized-e-waste-vendor-in-kalamassery-kochi/,https://www.ewastekochi.com/blogs/government-rules/how-to-choose-an-authorized-e-waste-vendor-in-kalamassery-kochi/,gsc-url-protection-map,www.ewastekochi.com,blogs-taxonomy-legacy,,how-to-choose-an-authorized-e-waste-vendor-in-kalamassery-kochi,0,3,404,leave_404,,classification_source=rule
/blogs/government-rules/how-to-verify-a-kspcb-authorized-recycler-in-infopark-kochi/,https://www.ewastekochi.com/blogs/government-rules/how-to-verify-a-kspcb-authorized-recycler-in-infopark-kochi/,gsc-url-protection-map,www.ewastekochi.com,blogs-taxonomy-legacy,,how-to-verify-a-kspcb-authorized-recycler-in-infopark-kochi,0,10,404,leave_404,,classification_source=rule
/blogs/government-rules/how-to-verify-a-kspcb-authorized-recycler-in-kalamassery-kochi/,https://www.ewastekochi.com/blogs/government-rules/how-to-verify-a-kspcb-authorized-recycler-in-kalamassery-kochi/,gsc-url-protection-map,www.ewastekochi.com,blogs-taxonomy-legacy,,how-to-verify-a-kspcb-authorized-recycler-in-kalamassery-kochi,0,0,404,leave_404,,classification_source=rule
/blogs/government-rules/how-to-verify-a-kspcb-authorized-recycler-in-thrippunithura-kochi/,https://www.ewastekochi.com/blogs/government-rules/how-to-verify-a-kspcb-authorized-recycler-in-thrippunithura-kochi/,gsc-url-protection-map,www.ewastekochi.com,blogs-taxonomy-legacy,,how-to-verify-a-kspcb-authorized-recycler-in-thrippunithura-kochi,0,1,404,leave_404,,classification_source=rule
/blogs/government-rules/school-and-hospital-e-waste-compliance-in-kozhikode/,https://www.ewastekochi.com/blogs/government-rules/school-and-hospital-e-waste-compliance-in-kozhikode/,gsc-url-protection-map,www.ewastekochi.com,blogs-taxonomy-legacy,,school-and-hospital-e-waste-compliance-in-kozhikode,0,5,alt_canonical|crawled_not_indexed,leave_404,,classification_source=rule
/blogs/government-rules/school-and-hospital-e-waste-compliance-in-thiruvananthapuram/,https://www.ewastekochi.com/blogs/government-rules/school-and-hospital-e-waste-compliance-in-thiruvananthapuram/,gsc-url-protection-map,www.ewastekochi.com,blogs-taxonomy-legacy,,school-and-hospital-e-waste-compliance-in-thiruvananthapuram,0,0,404,leave_404,,classification_source=rule
/blogs/itad-process/a-guide-to-itad-chain-of-custody-documentation-for-edappally-kochi-firms/,https://www.ewastekochi.com/blogs/itad-process/a-guide-to-itad-chain-of-custody-documentation-for-edappally-kochi-firms/,gsc-url-protection-map,www.ewastekochi.com,blogs-taxonomy-legacy,,a-guide-to-itad-chain-of-custody-documentation-for-edappally-kochi-firms,0,0,404,leave_404,,classification_source=rule
/blogs/itad-process/nist-800-88-vs-dod-5220-22-m-which-standard-to-choose-in-kalamassery-kochi/,https://www.ewastekochi.com/blogs/itad-process/nist-800-88-vs-dod-5220-22-m-which-standard-to-choose-in-kalamassery-kochi/,gsc-url-protection-map,www.ewastekochi.com,blogs-taxonomy-legacy,,nist-800-88-vs-dod-5220-22-m-which-standard-to-choose-in-kalamassery-kochi,0,4,404|crawled_not_indexed,leave_404,,classification_source=rule
/blogs/itad-process/nist-800-88-vs-dod-5220-22-m-which-standard-to-choose-in-kollam/,https://www.ewastekochi.com/blogs/itad-process/nist-800-88-vs-dod-5220-22-m-which-standard-to-choose-in-kollam/,gsc-url-protection-map,www.ewastekochi.com,blogs-taxonomy-legacy,,nist-800-88-vs-dod-5220-22-m-which-standard-to-choose-in-kollam,0,0,404,leave_404,,classification_source=rule
/blogs/itad-process/nist-800-88-vs-dod-5220-22-m-which-standard-to-choose-in-vyttila-kochi/,https://www.ewastekochi.com/blogs/itad-process/nist-800-88-vs-dod-5220-22-m-which-standard-to-choose-in-vyttila-kochi/,gsc-url-protection-map,www.ewastekochi.com,blogs-taxonomy-legacy,,nist-800-88-vs-dod-5220-22-m-which-standard-to-choose-in-vyttila-kochi,0,40,alt_canonical|crawled_not_indexed,leave_404,,classification_source=rule
/blogs/itad-process/the-ultimate-server-decommissioning-checklist-for-data-centres-in-kalamassery-kochi/,https://www.ewastekochi.com/blogs/itad-process/the-ultimate-server-decommissioning-checklist-for-data-centres-in-kalamassery-kochi/,gsc-indexed-url-upgrade-map;gsc-url-protection-map,www.ewastekochi.com,blogs-taxonomy-legacy,,the-ultimate-server-decommissioning-checklist-for-data-centres-in-kalamassery-kochi,0,8,crawled_not_indexed,leave_404,,classification_source=rule;confirmed_indexed_2026-07-10
/blogs/itad-process/the-ultimate-server-decommissioning-checklist-for-data-centres-in-vyttila-kochi/,https://www.ewastekochi.com/blogs/itad-process/the-ultimate-server-decommissioning-checklist-for-data-centres-in-vyttila-kochi/,gsc-url-protection-map,www.ewastekochi.com,blogs-taxonomy-legacy,,the-ultimate-server-decommissioning-checklist-for-data-centres-in-vyttila-kochi,0,33,alt_canonical|crawled_not_indexed,leave_404,,classification_source=rule
/blogs/laptop-disposal/,https://www.ewastekochi.com/blogs/laptop-disposal/,gsc-url-protection-map,www.ewastekochi.com,blogs-taxonomy-legacy,,laptop-disposal,0,18,404,leave_404,,classification_source=rule
/blogs/laptop-disposal/business-laptop-buyback-in-infopark-kochi-what-it-teams-should-expect/,https://www.ewastekochi.com/blogs/laptop-disposal/business-laptop-buyback-in-infopark-kochi-what-it-teams-should-expect/,gsc-url-protection-map,www.ewastekochi.com,blogs-taxonomy-legacy,,business-laptop-buyback-in-infopark-kochi-what-it-teams-should-expect,0,6,404|alt_canonical,leave_404,,classification_source=rule
/blogs/laptop-disposal/business-laptop-buyback-in-kollam-what-it-teams-should-expect/,https://www.ewastekochi.com/blogs/laptop-disposal/business-laptop-buyback-in-kollam-what-it-teams-should-expect/,gsc-url-protection-map,www.ewastekochi.com,blogs-taxonomy-legacy,,business-laptop-buyback-in-kollam-what-it-teams-should-expect,0,0,alt_canonical|crawled_not_indexed,leave_404,,classification_source=rule
/blogs/laptop-disposal/damaged-laptop-recycling-in-thrippunithura-kochi-what-still-has-value/,https://www.ewastekochi.com/blogs/laptop-disposal/damaged-laptop-recycling-in-thrippunithura-kochi-what-still-has-value/,gsc-url-protection-map,www.ewastekochi.com,blogs-taxonomy-legacy,,damaged-laptop-recycling-in-thrippunithura-kochi-what-still-has-value,0,4,alt_canonical|crawled_not_indexed,leave_404,,classification_source=rule
/blogs/laptop-disposal/employee-laptop-returns-and-disposal-workflow-in-kakkanad-kochi/,https://www.ewastekochi.com/blogs/laptop-disposal/employee-laptop-returns-and-disposal-workflow-in-kakkanad-kochi/,gsc-url-protection-map,www.ewastekochi.com,blogs-taxonomy-legacy,,employee-laptop-returns-and-disposal-workflow-in-kakkanad-kochi,0,3,404|alt_canonical,leave_404,,classification_source=rule
/blogs/laptop-disposal/employee-laptop-returns-and-disposal-workflow-in-thiruvananthapuram/,https://www.ewastekochi.com/blogs/laptop-disposal/employee-laptop-returns-and-disposal-workflow-in-thiruvananthapuram/,gsc-url-protection-map,www.ewastekochi.com,blogs-taxonomy-legacy,,employee-laptop-returns-and-disposal-workflow-in-thiruvananthapuram,0,11,alt_canonical|crawled_not_indexed,leave_404,,classification_source=rule
/blogs/laptop-disposal/laptop-resale-value-in-infopark-kochi-what-changes-the-price-fast/,https://www.ewastekochi.com/blogs/laptop-disposal/laptop-resale-value-in-infopark-kochi-what-changes-the-price-fast/,gsc-url-protection-map,www.ewastekochi.com,blogs-taxonomy-legacy,,laptop-resale-value-in-infopark-kochi-what-changes-the-price-fast,0,3,404,leave_404,,classification_source=rule
/blogs/laptop-disposal/laptop-resale-value-in-kalamassery-kochi-what-changes-the-price-fast/,https://www.ewastekochi.com/blogs/laptop-disposal/laptop-resale-value-in-kalamassery-kochi-what-changes-the-price-fast/,gsc-url-protection-map,www.ewastekochi.com,blogs-taxonomy-legacy,,laptop-resale-value-in-kalamassery-kochi-what-changes-the-price-fast,0,6,404|alt_canonical,leave_404,,classification_source=rule
/blogs/laptop-disposal/laptop-resale-value-in-kottayam-what-changes-the-price-fast/,https://www.ewastekochi.com/blogs/laptop-disposal/laptop-resale-value-in-kottayam-what-changes-the-price-fast/,gsc-url-protection-map,www.ewastekochi.com,blogs-taxonomy-legacy,,laptop-resale-value-in-kottayam-what-changes-the-price-fast,1,5,404,manual_review,,classification_source=rule
/blogs/laptop-disposal/laptop-resale-value-in-thiruvananthapuram-what-changes-the-price-fast/,https://www.ewastekochi.com/blogs/laptop-disposal/laptop-resale-value-in-thiruvananthapuram-what-changes-the-price-fast/,gsc-url-protection-map,www.ewastekochi.com,blogs-taxonomy-legacy,,laptop-resale-value-in-thiruvananthapuram-what-changes-the-price-fast,0,11,404,leave_404,,classification_source=rule
/blogs/laptop-disposal/macbook-buyback-in-infopark-kochi-when-to-resell-vs-recycle/,https://www.ewastekochi.com/blogs/laptop-disposal/macbook-buyback-in-infopark-kochi-when-to-resell-vs-recycle/,gsc-url-protection-map,www.ewastekochi.com,blogs-taxonomy-legacy,,macbook-buyback-in-infopark-kochi-when-to-resell-vs-recycle,0,0,alt_canonical|crawled_not_indexed,leave_404,,classification_source=rule
/blogs/laptop-disposal/macbook-buyback-in-kollam-when-to-resell-vs-recycle/,https://www.ewastekochi.com/blogs/laptop-disposal/macbook-buyback-in-kollam-when-to-resell-vs-recycle/,gsc-url-protection-map,www.ewastekochi.com,blogs-taxonomy-legacy,,macbook-buyback-in-kollam-when-to-resell-vs-recycle,0,1,alt_canonical|crawled_not_indexed,leave_404,,classification_source=rule
/blogs/laptop-disposal/macbook-buyback-in-kottayam-when-to-resell-vs-recycle/,https://www.ewastekochi.com/blogs/laptop-disposal/macbook-buyback-in-kottayam-when-to-resell-vs-recycle/,gsc-url-protection-map,www.ewastekochi.com,blogs-taxonomy-legacy,,macbook-buyback-in-kottayam-when-to-resell-vs-recycle,0,2,alt_canonical|crawled_not_indexed,leave_404,,classification_source=rule
/blogs/laptop-disposal/office-laptop-pickup-in-edappally-kochi-for-bulk-asset-refresh-projects/,https://www.ewastekochi.com/blogs/laptop-disposal/office-laptop-pickup-in-edappally-kochi-for-bulk-asset-refresh-projects/,gsc-url-protection-map,www.ewastekochi.com,blogs-taxonomy-legacy,,office-laptop-pickup-in-edappally-kochi-for-bulk-asset-refresh-projects,0,0,alt_canonical|crawled_not_indexed,leave_404,,classification_source=rule
/blogs/laptop-disposal/office-laptop-pickup-in-kottayam-for-bulk-asset-refresh-projects/,https://www.ewastekochi.com/blogs/laptop-disposal/office-laptop-pickup-in-kottayam-for-bulk-asset-refresh-projects/,gsc-url-protection-map,www.ewastekochi.com,blogs-taxonomy-legacy,,office-laptop-pickup-in-kottayam-for-bulk-asset-refresh-projects,0,0,alt_canonical|crawled_not_indexed,leave_404,,classification_source=rule
/blogs/laptop-disposal/school-and-college-laptop-disposal-in-kakkanad-kochi/,https://www.ewastekochi.com/blogs/laptop-disposal/school-and-college-laptop-disposal-in-kakkanad-kochi/,gsc-url-protection-map,www.ewastekochi.com,blogs-taxonomy-legacy,,school-and-college-laptop-disposal-in-kakkanad-kochi,0,8,404|alt_canonical,leave_404,,classification_source=rule
/blogs/laptop-disposal/secure-laptop-disposal-in-kottayam-for-teams-handling-client-data/,https://www.ewastekochi.com/blogs/laptop-disposal/secure-laptop-disposal-in-kottayam-for-teams-handling-client-data/,gsc-url-protection-map,www.ewastekochi.com,blogs-taxonomy-legacy,,secure-laptop-disposal-in-kottayam-for-teams-handling-client-data,0,1,alt_canonical|crawled_not_indexed,leave_404,,classification_source=rule
/blogs/laptop-disposal/secure-laptop-disposal-in-thiruvananthapuram-for-teams-handling-client-data/,https://www.ewastekochi.com/blogs/laptop-disposal/secure-laptop-disposal-in-thiruvananthapuram-for-teams-handling-client-data/,gsc-url-protection-map,www.ewastekochi.com,blogs-taxonomy-legacy,,secure-laptop-disposal-in-thiruvananthapuram-for-teams-handling-client-data,0,0,404,leave_404,,classification_source=rule
/blogs/mobile-recycling/corporate-mobile-fleet-disposal-in-kollam/,https://www.ewastekochi.com/blogs/mobile-recycling/corporate-mobile-fleet-disposal-in-kollam/,gsc-url-protection-map,www.ewastekochi.com,blogs-taxonomy-legacy,,corporate-mobile-fleet-disposal-in-kollam,0,0,404,leave_404,,classification_source=rule
/blogs/mobile-recycling/damaged-phone-recycling-in-kozhikode-what-still-counts-as-value/,https://www.ewastekochi.com/blogs/mobile-recycling/damaged-phone-recycling-in-kozhikode-what-still-counts-as-value/,gsc-url-protection-map,www.ewastekochi.com,blogs-taxonomy-legacy,,damaged-phone-recycling-in-kozhikode-what-still-counts-as-value,0,15,404|alt_canonical,leave_404,,classification_source=rule
/blogs/mobile-recycling/phone-buyback-in-thrippunithura-kochi-best-route-for-fast-local-quotes/,https://www.ewastekochi.com/blogs/mobile-recycling/phone-buyback-in-thrippunithura-kochi-best-route-for-fast-local-quotes/,gsc-url-protection-map,www.ewastekochi.com,blogs-taxonomy-legacy,,phone-buyback-in-thrippunithura-kochi-best-route-for-fast-local-quotes,0,5,alt_canonical|crawled_not_indexed,leave_404,,classification_source=rule
/blogs/mobile-recycling/residential-phone-drop-off-in-edappally-kochi-what-to-bring-and-what-to-avoid/,https://www.ewastekochi.com/blogs/mobile-recycling/residential-phone-drop-off-in-edappally-kochi-what-to-bring-and-what-to-avoid/,gsc-url-protection-map,www.ewastekochi.com,blogs-taxonomy-legacy,,residential-phone-drop-off-in-edappally-kochi-what-to-bring-and-what-to-avoid,0,0,404,leave_404,,classification_source=rule
/blogs/mobile-recycling/residential-phone-drop-off-in-infopark-kochi-what-to-bring-and-what-to-avoid/,https://www.ewastekochi.com/blogs/mobile-recycling/residential-phone-drop-off-in-infopark-kochi-what-to-bring-and-what-to-avoid/,gsc-url-protection-map,www.ewastekochi.com,blogs-taxonomy-legacy,,residential-phone-drop-off-in-infopark-kochi-what-to-bring-and-what-to-avoid,0,2,alt_canonical,leave_404,,classification_source=rule
/blogs/mobile-recycling/same-day-mobile-pickup-in-kollam-for-shops-and-offices/,https://www.ewastekochi.com/blogs/mobile-recycling/same-day-mobile-pickup-in-kollam-for-shops-and-offices/,gsc-url-protection-map,www.ewastekochi.com,blogs-taxonomy-legacy,,same-day-mobile-pickup-in-kollam-for-shops-and-offices,0,0,404,leave_404,,classification_source=rule
/blogs/mobile-recycling/same-day-mobile-pickup-in-vyttila-kochi-for-shops-and-offices/,https://www.ewastekochi.com/blogs/mobile-recycling/same-day-mobile-pickup-in-vyttila-kochi-for-shops-and-offices/,gsc-url-protection-map,www.ewastekochi.com,blogs-taxonomy-legacy,,same-day-mobile-pickup-in-vyttila-kochi-for-shops-and-offices,0,3,404|alt_canonical,leave_404,,classification_source=rule
/blogs/mobile-recycling/secure-mobile-data-wipe-in-vyttila-kochi-before-buyback-or-recycling/,https://www.ewastekochi.com/blogs/mobile-recycling/secure-mobile-data-wipe-in-vyttila-kochi-before-buyback-or-recycling/,gsc-url-protection-map,www.ewastekochi.com,blogs-taxonomy-legacy,,secure-mobile-data-wipe-in-vyttila-kochi-before-buyback-or-recycling,0,2,alt_canonical,leave_404,,classification_source=rule
/blogs/recycling/battery-recycling-in-kalamassery-kochi-what-needs-separate-handling/,https://www.ewastekochi.com/blogs/recycling/battery-recycling-in-kalamassery-kochi-what-needs-separate-handling/,gsc-url-protection-map,www.ewastekochi.com,blogs-taxonomy-legacy,,battery-recycling-in-kalamassery-kochi-what-needs-separate-handling,0,4,alt_canonical|crawled_not_indexed,leave_404,,classification_source=rule
/blogs/recycling/battery-recycling-in-vyttila-kochi-what-needs-separate-handling/,https://www.ewastekochi.com/blogs/recycling/battery-recycling-in-vyttila-kochi-what-needs-separate-handling/,gsc-indexed-url-upgrade-map;gsc-url-protection-map,www.ewastekochi.com,blogs-taxonomy-legacy,,battery-recycling-in-vyttila-kochi-what-needs-separate-handling,0,21,crawled_not_indexed,leave_404,,classification_source=rule;confirmed_indexed_2026-07-10
/blogs/recycling/computer-recycling-in-kozhikode-for-homes-and-offices/,https://www.ewastekochi.com/blogs/recycling/computer-recycling-in-kozhikode-for-homes-and-offices/,gsc-url-protection-map,www.ewastekochi.com,blogs-taxonomy-legacy,,computer-recycling-in-kozhikode-for-homes-and-offices,0,0,404,leave_404,,classification_source=rule
/blogs/recycling/computer-recycling-in-thrippunithura-kochi-for-homes-and-offices/,https://www.ewastekochi.com/blogs/recycling/computer-recycling-in-thrippunithura-kochi-for-homes-and-offices/,gsc-indexed-url-upgrade-map;gsc-url-protection-map,www.ewastekochi.com,blogs-taxonomy-legacy,,computer-recycling-in-thrippunithura-kochi-for-homes-and-offices,0,19,alt_canonical|crawled_not_indexed,leave_404,,classification_source=rule;confirmed_indexed_2026-07-10
/blogs/recycling/computer-recycling-in-vyttila-kochi-for-homes-and-offices/,https://www.ewastekochi.com/blogs/recycling/computer-recycling-in-vyttila-kochi-for-homes-and-offices/,gsc-url-protection-map,www.ewastekochi.com,blogs-taxonomy-legacy,,computer-recycling-in-vyttila-kochi-for-homes-and-offices,0,18,404,leave_404,,classification_source=rule
/blogs/recycling/how-electronics-recycling-works-in-kozhikode/,https://www.ewastekochi.com/blogs/recycling/how-electronics-recycling-works-in-kozhikode/,gsc-url-protection-map,www.ewastekochi.com,blogs-taxonomy-legacy,,how-electronics-recycling-works-in-kozhikode,0,14,404|crawled_not_indexed,leave_404,,classification_source=rule
/blogs/recycling/how-electronics-recycling-works-in-thiruvananthapuram/,https://www.ewastekochi.com/blogs/recycling/how-electronics-recycling-works-in-thiruvananthapuram/,gsc-url-protection-map,www.ewastekochi.com,blogs-taxonomy-legacy,,how-electronics-recycling-works-in-thiruvananthapuram,0,65,404,leave_404,,classification_source=rule
/blogs/recycling/how-to-run-an-office-electronics-recycling-drive-in-thrippunithura-kochi/,https://www.ewastekochi.com/blogs/recycling/how-to-run-an-office-electronics-recycling-drive-in-thrippunithura-kochi/,gsc-url-protection-map,www.ewastekochi.com,blogs-taxonomy-legacy,,how-to-run-an-office-electronics-recycling-drive-in-thrippunithura-kochi,0,4,404,leave_404,,classification_source=rule
/blogs/recycling/laptop-recycling-in-infopark-kochi-reuse-buyback-or-scrap/,https://www.ewastekochi.com/blogs/recycling/laptop-recycling-in-infopark-kochi-reuse-buyback-or-scrap/,gsc-url-protection-map,www.ewastekochi.com,blogs-taxonomy-legacy,,laptop-recycling-in-infopark-kochi-reuse-buyback-or-scrap,0,12,alt_canonical|crawled_not_indexed,leave_404,,classification_source=rule
/blogs/recycling/laptop-recycling-in-kalamassery-kochi-reuse-buyback-or-scrap/,https://www.ewastekochi.com/blogs/recycling/laptop-recycling-in-kalamassery-kochi-reuse-buyback-or-scrap/,gsc-indexed-url-upgrade-map;gsc-url-protection-map,www.ewastekochi.com,blogs-taxonomy-legacy,,laptop-recycling-in-kalamassery-kochi-reuse-buyback-or-scrap,0,10,404,leave_404,,classification_source=rule;confirmed_indexed_2026-07-10
/blogs/recycling/laptop-recycling-in-kollam-reuse-buyback-or-scrap/,https://www.ewastekochi.com/blogs/recycling/laptop-recycling-in-kollam-reuse-buyback-or-scrap/,gsc-url-protection-map,www.ewastekochi.com,blogs-taxonomy-legacy,,laptop-recycling-in-kollam-reuse-buyback-or-scrap,1,11,404,manual_review,,classification_source=rule
/blogs/recycling/pickup-vs-drop-off-recycling-in-kalamassery-kochi-which-option-fits-better/,https://www.ewastekochi.com/blogs/recycling/pickup-vs-drop-off-recycling-in-kalamassery-kochi-which-option-fits-better/,gsc-url-protection-map,www.ewastekochi.com,blogs-taxonomy-legacy,,pickup-vs-drop-off-recycling-in-kalamassery-kochi-which-option-fits-better,0,0,404,leave_404,,classification_source=rule
/blogs/recycling/pickup-vs-drop-off-recycling-in-kozhikode-which-option-fits-better/,https://www.ewastekochi.com/blogs/recycling/pickup-vs-drop-off-recycling-in-kozhikode-which-option-fits-better/,gsc-url-protection-map,www.ewastekochi.com,blogs-taxonomy-legacy,,pickup-vs-drop-off-recycling-in-kozhikode-which-option-fits-better,0,8,404,leave_404,,classification_source=rule
/blogs/recycling/printer-recycling-in-infopark-kochi-for-offices-schools-and-clinics/,https://www.ewastekochi.com/blogs/recycling/printer-recycling-in-infopark-kochi-for-offices-schools-and-clinics/,gsc-url-protection-map,www.ewastekochi.com,blogs-taxonomy-legacy,,printer-recycling-in-infopark-kochi-for-offices-schools-and-clinics,0,0,404,leave_404,,classification_source=rule
/blogs/recycling/printer-recycling-in-kakkanad-kochi-for-offices-schools-and-clinics/,https://www.ewastekochi.com/blogs/recycling/printer-recycling-in-kakkanad-kochi-for-offices-schools-and-clinics/,gsc-url-protection-map,www.ewastekochi.com,blogs-taxonomy-legacy,,printer-recycling-in-kakkanad-kochi-for-offices-schools-and-clinics,0,0,404,leave_404,,classification_source=rule
/blogs/recycling/printer-recycling-in-thiruvananthapuram-for-offices-schools-and-clinics/,https://www.ewastekochi.com/blogs/recycling/printer-recycling-in-thiruvananthapuram-for-offices-schools-and-clinics/,gsc-url-protection-map,www.ewastekochi.com,blogs-taxonomy-legacy,,printer-recycling-in-thiruvananthapuram-for-offices-schools-and-clinics,0,0,404,leave_404,,classification_source=rule
/blogs/recycling/printer-recycling-in-vyttila-kochi-for-offices-schools-and-clinics/,https://www.ewastekochi.com/blogs/recycling/printer-recycling-in-vyttila-kochi-for-offices-schools-and-clinics/,gsc-url-protection-map,www.ewastekochi.com,blogs-taxonomy-legacy,,printer-recycling-in-vyttila-kochi-for-offices-schools-and-clinics,0,0,404,leave_404,,classification_source=rule
/blogs/recycling/zero-landfill-electronics-recycling-in-thiruvananthapuram-what-it-really-means/,https://www.ewastekochi.com/blogs/recycling/zero-landfill-electronics-recycling-in-thiruvananthapuram-what-it-really-means/,gsc-url-protection-map,www.ewastekochi.com,blogs-taxonomy-legacy,,zero-landfill-electronics-recycling-in-thiruvananthapuram-what-it-really-means,0,26,404,leave_404,,classification_source=rule
/blogs/scrap-electronics/,https://www.ewastekochi.com/blogs/scrap-electronics/,gsc-url-protection-map,www.ewastekochi.com,blogs-taxonomy-legacy,,scrap-electronics,0,0,404,leave_404,,classification_source=rule
/blogs/scrap-electronics/bulk-electronics-sale-in-thrippunithura-kochi-certified-buyer-vs-informal-dealer/,https://www.ewastekochi.com/blogs/scrap-electronics/bulk-electronics-sale-in-thrippunithura-kochi-certified-buyer-vs-informal-dealer/,gsc-url-protection-map,www.ewastekochi.com,blogs-taxonomy-legacy,,bulk-electronics-sale-in-thrippunithura-kochi-certified-buyer-vs-informal-dealer,0,0,404,leave_404,,classification_source=rule
/blogs/scrap-electronics/electronics-price-factors-in-kottayam-why-two-loads-get-different-rates/,https://www.ewastekochi.com/blogs/scrap-electronics/electronics-price-factors-in-kottayam-why-two-loads-get-different-rates/,gsc-url-protection-map,www.ewastekochi.com,blogs-taxonomy-legacy,,electronics-price-factors-in-kottayam-why-two-loads-get-different-rates,0,5,alt_canonical,leave_404,,classification_source=rule
/blogs/scrap-electronics/network-equipment-scrap-in-edappally-kochi-switches-routers-firewalls/,https://www.ewastekochi.com/blogs/scrap-electronics/network-equipment-scrap-in-edappally-kochi-switches-routers-firewalls/,gsc-url-protection-map,www.ewastekochi.com,blogs-taxonomy-legacy,,network-equipment-scrap-in-edappally-kochi-switches-routers-firewalls,0,17,alt_canonical|crawled_not_indexed,leave_404,,classification_source=rule
/blogs/scrap-electronics/network-equipment-scrap-in-kakkanad-kochi-switches-routers-firewalls/,https://www.ewastekochi.com/blogs/scrap-electronics/network-equipment-scrap-in-kakkanad-kochi-switches-routers-firewalls/,gsc-url-protection-map,www.ewastekochi.com,blogs-taxonomy-legacy,,network-equipment-scrap-in-kakkanad-kochi-switches-routers-firewalls,0,0,404,leave_404,,classification_source=rule
/blogs/scrap-electronics/network-equipment-scrap-in-kottayam-switches-routers-firewalls/,https://www.ewastekochi.com/blogs/scrap-electronics/network-equipment-scrap-in-kottayam-switches-routers-firewalls/,gsc-url-protection-map,www.ewastekochi.com,blogs-taxonomy-legacy,,network-equipment-scrap-in-kottayam-switches-routers-firewalls,0,0,404,leave_404,,classification_source=rule
/blogs/scrap-electronics/office-clearance-scrap-quotes-in-kollam-how-to-prepare-the-inventory/,https://www.ewastekochi.com/blogs/scrap-electronics/office-clearance-scrap-quotes-in-kollam-how-to-prepare-the-inventory/,gsc-url-protection-map,www.ewastekochi.com,blogs-taxonomy-legacy,,office-clearance-scrap-quotes-in-kollam-how-to-prepare-the-inventory,0,2,404,leave_404,,classification_source=rule
/blogs/scrap-electronics/office-clearance-scrap-quotes-in-vyttila-kochi-how-to-prepare-the-inventory/,https://www.ewastekochi.com/blogs/scrap-electronics/office-clearance-scrap-quotes-in-vyttila-kochi-how-to-prepare-the-inventory/,gsc-url-protection-map,www.ewastekochi.com,blogs-taxonomy-legacy,,office-clearance-scrap-quotes-in-vyttila-kochi-how-to-prepare-the-inventory,0,0,404,leave_404,,classification_source=rule
/blogs/scrap-electronics/pcb-and-motherboard-scrap-buyers-in-kakkanad-kochi/,https://www.ewastekochi.com/blogs/scrap-electronics/pcb-and-motherboard-scrap-buyers-in-kakkanad-kochi/,gsc-url-protection-map,www.ewastekochi.com,blogs-taxonomy-legacy,,pcb-and-motherboard-scrap-buyers-in-kakkanad-kochi,1,48,404,manual_review,,classification_source=rule
/blogs/scrap-electronics/pcb-and-motherboard-scrap-buyers-in-kollam/,https://www.ewastekochi.com/blogs/scrap-electronics/pcb-and-motherboard-scrap-buyers-in-kollam/,gsc-url-protection-map,www.ewastekochi.com,blogs-taxonomy-legacy,,pcb-and-motherboard-scrap-buyers-in-kollam,0,0,404,leave_404,,classification_source=rule
/blogs/scrap-electronics/scrap-laptop-prices-in-edappally-kochi-value-signals-most-sellers-miss/,https://www.ewastekochi.com/blogs/scrap-electronics/scrap-laptop-prices-in-edappally-kochi-value-signals-most-sellers-miss/,gsc-url-protection-map,www.ewastekochi.com,blogs-taxonomy-legacy,,scrap-laptop-prices-in-edappally-kochi-value-signals-most-sellers-miss,0,0,404,leave_404,,classification_source=rule
/blogs/scrap-electronics/scrap-laptop-prices-in-thrippunithura-kochi-value-signals-most-sellers-miss/,https://www.ewastekochi.com/blogs/scrap-electronics/scrap-laptop-prices-in-thrippunithura-kochi-value-signals-most-sellers-miss/,gsc-url-protection-map,www.ewastekochi.com,blogs-taxonomy-legacy,,scrap-laptop-prices-in-thrippunithura-kochi-value-signals-most-sellers-miss,0,0,404,leave_404,,classification_source=rule
/blogs/scrap-electronics/server-scrap-buyers-in-thrippunithura-kochi-recovering-more-from-old-racks/,https://www.ewastekochi.com/blogs/scrap-electronics/server-scrap-buyers-in-thrippunithura-kochi-recovering-more-from-old-racks/,gsc-url-protection-map,www.ewastekochi.com,blogs-taxonomy-legacy,,server-scrap-buyers-in-thrippunithura-kochi-recovering-more-from-old-racks,0,12,alt_canonical|crawled_not_indexed,leave_404,,classification_source=rule
/blogs/scrap-electronics/server-scrap-buyers-in-vyttila-kochi-recovering-more-from-old-racks/,https://www.ewastekochi.com/blogs/scrap-electronics/server-scrap-buyers-in-vyttila-kochi-recovering-more-from-old-racks/,gsc-url-protection-map,www.ewastekochi.com,blogs-taxonomy-legacy,,server-scrap-buyers-in-vyttila-kochi-recovering-more-from-old-racks,0,0,404,leave_404,,classification_source=rule
/blogs/scrap-electronics/working-vs-broken-device-value-in-kalamassery-kochi-what-gets-a-better-quote/,https://www.ewastekochi.com/blogs/scrap-electronics/working-vs-broken-device-value-in-kalamassery-kochi-what-gets-a-better-quote/,gsc-url-protection-map,www.ewastekochi.com,blogs-taxonomy-legacy,,working-vs-broken-device-value-in-kalamassery-kochi-what-gets-a-better-quote,0,0,404,leave_404,,classification_source=rule
/blogs/scrap-electronics/working-vs-broken-device-value-in-kollam-what-gets-a-better-quote/,https://www.ewastekochi.com/blogs/scrap-electronics/working-vs-broken-device-value-in-kollam-what-gets-a-better-quote/,gsc-url-protection-map,www.ewastekochi.com,blogs-taxonomy-legacy,,working-vs-broken-device-value-in-kollam-what-gets-a-better-quote,0,2,alt_canonical,leave_404,,classification_source=rule
/business-it-decommissioning/,https://www.ewastekochi.com/business-it-decommissioning/,gsc-url-protection-map,www.ewastekochi.com,other-legacy-service,,business-it-decommissioning,0,0,404,leave_404,,classification_source=rule
/buyback/laptops/sell-asus-rog-zephyrus-g10-kochi.html,https://www.ewastekochi.com/buyback/laptops/sell-asus-rog-zephyrus-g10-kochi.html,gsc-url-protection-map,www.ewastekochi.com,other-legacy-service,,,0,0,404,leave_404,,classification_source=rule
/buyback/laptops/sell-asus-rog-zephyrus-g110-kochi/,https://www.ewastekochi.com/buyback/laptops/sell-asus-rog-zephyrus-g110-kochi/,gsc-url-protection-map,www.ewastekochi.com,other-legacy-service,,sell-asus-rog-zephyrus-g110-kochi,0,0,404,leave_404,,classification_source=rule
/buyback/laptops/sell-asus-rog-zephyrus-g115-kochi.html,https://www.ewastekochi.com/buyback/laptops/sell-asus-rog-zephyrus-g115-kochi.html,gsc-url-protection-map,www.ewastekochi.com,other-legacy-service,,,0,0,404,leave_404,,classification_source=rule
/buyback/laptops/sell-asus-rog-zephyrus-g12-kochi.html,https://www.ewastekochi.com/buyback/laptops/sell-asus-rog-zephyrus-g12-kochi.html,gsc-url-protection-map,www.ewastekochi.com,other-legacy-service,,,0,0,404,leave_404,,classification_source=rule
/buyback/laptops/sell-asus-rog-zephyrus-g14-kochi.html,https://www.ewastekochi.com/buyback/laptops/sell-asus-rog-zephyrus-g14-kochi.html,gsc-url-protection-map,www.ewastekochi.com,other-legacy-service,,,0,0,redirect,leave_404,,classification_source=rule
/buyback/laptops/sell-asus-rog-zephyrus-g17-kochi.html,https://www.ewastekochi.com/buyback/laptops/sell-asus-rog-zephyrus-g17-kochi.html,gsc-url-protection-map,www.ewastekochi.com,other-legacy-service,,,0,0,redirect,leave_404,,classification_source=rule
/buyback/laptops/sell-dell-latitude-5002-kochi.html,https://www.ewastekochi.com/buyback/laptops/sell-dell-latitude-5002-kochi.html,gsc-url-protection-map,www.ewastekochi.com,other-legacy-service,,,0,0,404,leave_404,,classification_source=rule
/buyback/laptops/sell-dell-latitude-5003-kochi.html,https://www.ewastekochi.com/buyback/laptops/sell-dell-latitude-5003-kochi.html,gsc-url-protection-map,www.ewastekochi.com,other-legacy-service,,,0,0,404,leave_404,,classification_source=rule
/buyback/laptops/sell-dell-latitude-5004-kochi.html,https://www.ewastekochi.com/buyback/laptops/sell-dell-latitude-5004-kochi.html,gsc-url-protection-map,www.ewastekochi.com,other-legacy-service,,,0,0,404,leave_404,,classification_source=rule
/buyback/laptops/sell-dell-latitude-5007-kochi.html,https://www.ewastekochi.com/buyback/laptops/sell-dell-latitude-5007-kochi.html,gsc-url-protection-map,www.ewastekochi.com,other-legacy-service,,,0,0,404,leave_404,,classification_source=rule
/buyback/laptops/sell-dell-latitude-5012-kochi.html,https://www.ewastekochi.com/buyback/laptops/sell-dell-latitude-5012-kochi.html,gsc-url-protection-map,www.ewastekochi.com,other-legacy-service,,,0,0,404,leave_404,,classification_source=rule
/buyback/laptops/sell-dell-latitude-5013-kochi.html,https://www.ewastekochi.com/buyback/laptops/sell-dell-latitude-5013-kochi.html,gsc-url-protection-map,www.ewastekochi.com,other-legacy-service,,,0,0,404,leave_404,,classification_source=rule
/buyback/laptops/sell-dell-latitude-5016-kochi.html,https://www.ewastekochi.com/buyback/laptops/sell-dell-latitude-5016-kochi.html,gsc-url-protection-map,www.ewastekochi.com,other-legacy-service,,,0,0,404,leave_404,,classification_source=rule
/buyback/laptops/sell-dell-latitude-5018-kochi.html,https://www.ewastekochi.com/buyback/laptops/sell-dell-latitude-5018-kochi.html,gsc-url-protection-map,www.ewastekochi.com,other-legacy-service,,,0,0,404,leave_404,,classification_source=rule
/buyback/laptops/sell-dell-latitude-5019-kochi.html,https://www.ewastekochi.com/buyback/laptops/sell-dell-latitude-5019-kochi.html,gsc-url-protection-map,www.ewastekochi.com,other-legacy-service,,,0,0,404,leave_404,,classification_source=rule
/buyback/laptops/sell-dell-latitude-5020-kochi.html,https://www.ewastekochi.com/buyback/laptops/sell-dell-latitude-5020-kochi.html,gsc-url-protection-map,www.ewastekochi.com,other-legacy-service,,,0,0,404,leave_404,,classification_source=rule
/buyback/laptops/sell-dell-latitude-5021-kochi.html,https://www.ewastekochi.com/buyback/laptops/sell-dell-latitude-5021-kochi.html,gsc-url-protection-map,www.ewastekochi.com,other-legacy-service,,,0,0,404,leave_404,,classification_source=rule
/buyback/laptops/sell-dell-latitude-5022-kochi.html,https://www.ewastekochi.com/buyback/laptops/sell-dell-latitude-5022-kochi.html,gsc-url-protection-map,www.ewastekochi.com,other-legacy-service,,,0,0,404,leave_404,,classification_source=rule
/buyback/laptops/sell-dell-latitude-5023-kochi.html,https://www.ewastekochi.com/buyback/laptops/sell-dell-latitude-5023-kochi.html,gsc-url-protection-map,www.ewastekochi.com,other-legacy-service,,,0,0,404,leave_404,,classification_source=rule
/buyback/laptops/sell-dell-latitude-5031-kochi.html,https://www.ewastekochi.com/buyback/laptops/sell-dell-latitude-5031-kochi.html,gsc-url-protection-map,www.ewastekochi.com,other-legacy-service,,,0,0,404,leave_404,,classification_source=rule
/buyback/laptops/sell-dell-latitude-5035-kochi.html,https://www.ewastekochi.com/buyback/laptops/sell-dell-latitude-5035-kochi.html,gsc-url-protection-map,www.ewastekochi.com,other-legacy-service,,,0,0,404,leave_404,,classification_source=rule
/buyback/laptops/sell-dell-latitude-5038-kochi.html,https://www.ewastekochi.com/buyback/laptops/sell-dell-latitude-5038-kochi.html,gsc-url-protection-map,www.ewastekochi.com,other-legacy-service,,,0,0,404,leave_404,,classification_source=rule
/buyback/laptops/sell-dell-latitude-5039-kochi.html,https://www.ewastekochi.com/buyback/laptops/sell-dell-latitude-5039-kochi.html,gsc-url-protection-map,www.ewastekochi.com,other-legacy-service,,,0,0,404,leave_404,,classification_source=rule
/buyback/laptops/sell-dell-latitude-5404-kochi.html,https://www.ewastekochi.com/buyback/laptops/sell-dell-latitude-5404-kochi.html,gsc-url-protection-map,www.ewastekochi.com,other-legacy-service,,,0,0,404,leave_404,,classification_source=rule
/buyback/laptops/sell-dell-latitude-5408-kochi.html,https://www.ewastekochi.com/buyback/laptops/sell-dell-latitude-5408-kochi.html,gsc-url-protection-map,www.ewastekochi.com,other-legacy-service,,,0,0,404,leave_404,,classification_source=rule
/buyback/laptops/sell-dell-latitude-5410-kochi.html,https://www.ewastekochi.com/buyback/laptops/sell-dell-latitude-5410-kochi.html,gsc-url-protection-map,www.ewastekochi.com,other-legacy-service,,,0,0,redirect,leave_404,,classification_source=rule
/buyback/laptops/sell-dell-latitude-5412-kochi.html,https://www.ewastekochi.com/buyback/laptops/sell-dell-latitude-5412-kochi.html,gsc-url-protection-map,www.ewastekochi.com,other-legacy-service,,,0,0,redirect,leave_404,,classification_source=rule
/buyback/laptops/sell-dell-latitude-5413-kochi.html,https://www.ewastekochi.com/buyback/laptops/sell-dell-latitude-5413-kochi.html,gsc-url-protection-map,www.ewastekochi.com,other-legacy-service,,,0,1,redirect,leave_404,,classification_source=rule
/buyback/laptops/sell-dell-latitude-5415-kochi.html,https://www.ewastekochi.com/buyback/laptops/sell-dell-latitude-5415-kochi.html,gsc-url-protection-map,www.ewastekochi.com,other-legacy-service,,,0,0,404,leave_404,,classification_source=rule
/buyback/laptops/sell-dell-latitude-5417-kochi.html,https://www.ewastekochi.com/buyback/laptops/sell-dell-latitude-5417-kochi.html,gsc-url-protection-map,www.ewastekochi.com,other-legacy-service,,,0,0,404,leave_404,,classification_source=rule
/buyback/laptops/sell-dell-latitude-5418-kochi.html,https://www.ewastekochi.com/buyback/laptops/sell-dell-latitude-5418-kochi.html,gsc-url-protection-map,www.ewastekochi.com,other-legacy-service,,,0,0,404,leave_404,,classification_source=rule
/buyback/laptops/sell-dell-latitude-5419-kochi.html,https://www.ewastekochi.com/buyback/laptops/sell-dell-latitude-5419-kochi.html,gsc-url-protection-map,www.ewastekochi.com,other-legacy-service,,,0,6,indexed-with-traffic,leave_404,,classification_source=rule
/buyback/laptops/sell-dell-latitude-5420-kochi.html,https://www.ewastekochi.com/buyback/laptops/sell-dell-latitude-5420-kochi.html,gsc-url-protection-map,www.ewastekochi.com,other-legacy-service,,,0,0,404,leave_404,,classification_source=rule
/buyback/laptops/sell-dell-latitude-5422-kochi.html,https://www.ewastekochi.com/buyback/laptops/sell-dell-latitude-5422-kochi.html,gsc-url-protection-map,www.ewastekochi.com,other-legacy-service,,,0,0,404,leave_404,,classification_source=rule
/buyback/laptops/sell-dell-latitude-5424-kochi.html,https://www.ewastekochi.com/buyback/laptops/sell-dell-latitude-5424-kochi.html,gsc-url-protection-map,www.ewastekochi.com,other-legacy-service,,,0,0,404,leave_404,,classification_source=rule
/buyback/laptops/sell-dell-latitude-5426-kochi.html,https://www.ewastekochi.com/buyback/laptops/sell-dell-latitude-5426-kochi.html,gsc-url-protection-map,www.ewastekochi.com,other-legacy-service,,,0,0,404,leave_404,,classification_source=rule
/buyback/laptops/sell-dell-latitude-5429-kochi.html,https://www.ewastekochi.com/buyback/laptops/sell-dell-latitude-5429-kochi.html,gsc-url-protection-map,www.ewastekochi.com,other-legacy-service,,,0,0,404,leave_404,,classification_source=rule
/buyback/laptops/sell-dell-latitude-5430-kochi.html,https://www.ewastekochi.com/buyback/laptops/sell-dell-latitude-5430-kochi.html,gsc-url-protection-map,www.ewastekochi.com,other-legacy-service,,,0,0,404,leave_404,,classification_source=rule
/buyback/laptops/sell-dell-latitude-5431-kochi.html,https://www.ewastekochi.com/buyback/laptops/sell-dell-latitude-5431-kochi.html,gsc-url-protection-map,www.ewastekochi.com,other-legacy-service,,,0,0,404,leave_404,,classification_source=rule
/buyback/laptops/sell-dell-latitude-5438-kochi.html,https://www.ewastekochi.com/buyback/laptops/sell-dell-latitude-5438-kochi.html,gsc-url-protection-map,www.ewastekochi.com,other-legacy-service,,,0,0,404,leave_404,,classification_source=rule
/buyback/laptops/sell-dell-latitude-5445-kochi.html,https://www.ewastekochi.com/buyback/laptops/sell-dell-latitude-5445-kochi.html,gsc-url-protection-map,www.ewastekochi.com,other-legacy-service,,,0,0,404,leave_404,,classification_source=rule
/buyback/laptops/sell-dell-latitude-5446-kochi.html,https://www.ewastekochi.com/buyback/laptops/sell-dell-latitude-5446-kochi.html,gsc-url-protection-map,www.ewastekochi.com,other-legacy-service,,,0,0,404,leave_404,,classification_source=rule
/buyback/laptops/sell-dell-latitude-5450-kochi.html,https://www.ewastekochi.com/buyback/laptops/sell-dell-latitude-5450-kochi.html,gsc-url-protection-map,www.ewastekochi.com,other-legacy-service,,,0,0,404,leave_404,,classification_source=rule
/buyback/laptops/sell-dell-latitude-5457-kochi.html,https://www.ewastekochi.com/buyback/laptops/sell-dell-latitude-5457-kochi.html,gsc-url-protection-map,www.ewastekochi.com,other-legacy-service,,,0,0,404,leave_404,,classification_source=rule
/buyback/laptops/sell-dell-latitude-5460-kochi.html,https://www.ewastekochi.com/buyback/laptops/sell-dell-latitude-5460-kochi.html,gsc-url-protection-map,www.ewastekochi.com,other-legacy-service,,,0,0,404,leave_404,,classification_source=rule
/buyback/laptops/sell-dell-latitude-5461-kochi.html,https://www.ewastekochi.com/buyback/laptops/sell-dell-latitude-5461-kochi.html,gsc-url-protection-map,www.ewastekochi.com,other-legacy-service,,,0,0,404,leave_404,,classification_source=rule
/buyback/laptops/sell-dell-latitude-5462-kochi.html,https://www.ewastekochi.com/buyback/laptops/sell-dell-latitude-5462-kochi.html,gsc-url-protection-map,www.ewastekochi.com,other-legacy-service,,,0,0,404,leave_404,,classification_source=rule
/buyback/laptops/sell-dell-latitude-5464-kochi.html,https://www.ewastekochi.com/buyback/laptops/sell-dell-latitude-5464-kochi.html,gsc-url-protection-map,www.ewastekochi.com,other-legacy-service,,,0,0,404,leave_404,,classification_source=rule
/buyback/laptops/sell-dell-latitude-5465-kochi.html,https://www.ewastekochi.com/buyback/laptops/sell-dell-latitude-5465-kochi.html,gsc-url-protection-map,www.ewastekochi.com,other-legacy-service,,,0,0,404,leave_404,,classification_source=rule
/buyback/laptops/sell-dell-latitude-5470-kochi.html,https://www.ewastekochi.com/buyback/laptops/sell-dell-latitude-5470-kochi.html,gsc-url-protection-map,www.ewastekochi.com,other-legacy-service,,,0,0,redirect,leave_404,,classification_source=rule
/buyback/laptops/sell-dell-latitude-5471-kochi.html,https://www.ewastekochi.com/buyback/laptops/sell-dell-latitude-5471-kochi.html,gsc-url-protection-map,www.ewastekochi.com,other-legacy-service,,,0,0,404,leave_404,,classification_source=rule
/buyback/laptops/sell-dell-latitude-5472-kochi.html,https://www.ewastekochi.com/buyback/laptops/sell-dell-latitude-5472-kochi.html,gsc-url-protection-map,www.ewastekochi.com,other-legacy-service,,,0,1,crawled_not_indexed,leave_404,,classification_source=rule
/buyback/laptops/sell-dell-latitude-5472-kochi/,https://www.ewastekochi.com/buyback/laptops/sell-dell-latitude-5472-kochi/,gsc-url-protection-map,www.ewastekochi.com,other-legacy-service,,sell-dell-latitude-5472-kochi,0,0,alt_canonical,leave_404,,classification_source=rule
/buyback/laptops/sell-dell-latitude-5473-kochi.html,https://www.ewastekochi.com/buyback/laptops/sell-dell-latitude-5473-kochi.html,gsc-url-protection-map,www.ewastekochi.com,other-legacy-service,,,0,0,404,leave_404,,classification_source=rule
/buyback/laptops/sell-dell-latitude-5479-kochi.html,https://www.ewastekochi.com/buyback/laptops/sell-dell-latitude-5479-kochi.html,gsc-url-protection-map,www.ewastekochi.com,other-legacy-service,,,0,0,404,leave_404,,classification_source=rule
/buyback/laptops/sell-dell-latitude-5483-kochi.html,https://www.ewastekochi.com/buyback/laptops/sell-dell-latitude-5483-kochi.html,gsc-url-protection-map,www.ewastekochi.com,other-legacy-service,,,0,0,404,leave_404,,classification_source=rule
/buyback/laptops/sell-dell-latitude-5485-kochi.html,https://www.ewastekochi.com/buyback/laptops/sell-dell-latitude-5485-kochi.html,gsc-url-protection-map,www.ewastekochi.com,other-legacy-service,,,0,0,redirect,leave_404,,classification_source=rule
/buyback/laptops/sell-dell-latitude-5486-kochi.html,https://www.ewastekochi.com/buyback/laptops/sell-dell-latitude-5486-kochi.html,gsc-url-protection-map,www.ewastekochi.com,other-legacy-service,,,0,0,404,leave_404,,classification_source=rule
/buyback/laptops/sell-dell-latitude-5488-kochi.html,https://www.ewastekochi.com/buyback/laptops/sell-dell-latitude-5488-kochi.html,gsc-url-protection-map,www.ewastekochi.com,other-legacy-service,,,0,0,404,leave_404,,classification_source=rule
/buyback/laptops/sell-dell-latitude-5489-kochi.html,https://www.ewastekochi.com/buyback/laptops/sell-dell-latitude-5489-kochi.html,gsc-url-protection-map,www.ewastekochi.com,other-legacy-service,,,0,0,redirect,leave_404,,classification_source=rule
/buyback/laptops/sell-dell-latitude-5490-kochi.html,https://www.ewastekochi.com/buyback/laptops/sell-dell-latitude-5490-kochi.html,gsc-url-protection-map,www.ewastekochi.com,other-legacy-service,,,0,0,404,leave_404,,classification_source=rule
/buyback/laptops/sell-dell-latitude-5491-kochi.html,https://www.ewastekochi.com/buyback/laptops/sell-dell-latitude-5491-kochi.html,gsc-url-protection-map,www.ewastekochi.com,other-legacy-service,,,0,0,404,leave_404,,classification_source=rule
/buyback/laptops/sell-dell-latitude-5493-kochi.html,https://www.ewastekochi.com/buyback/laptops/sell-dell-latitude-5493-kochi.html,gsc-url-protection-map,www.ewastekochi.com,other-legacy-service,,,0,0,404,leave_404,,classification_source=rule
/buyback/laptops/sell-dell-latitude-5496-kochi.html,https://www.ewastekochi.com/buyback/laptops/sell-dell-latitude-5496-kochi.html,gsc-url-protection-map,www.ewastekochi.com,other-legacy-service,,,0,1,redirect,leave_404,,classification_source=rule
/buyback/laptops/sell-dell-latitude-5497-kochi.html,https://www.ewastekochi.com/buyback/laptops/sell-dell-latitude-5497-kochi.html,gsc-url-protection-map,www.ewastekochi.com,other-legacy-service,,,0,0,redirect,leave_404,,classification_source=rule
/buyback/laptops/sell-dell-latitude-7408-kochi.html,https://www.ewastekochi.com/buyback/laptops/sell-dell-latitude-7408-kochi.html,gsc-url-protection-map,www.ewastekochi.com,other-legacy-service,,,0,0,404,leave_404,,classification_source=rule
/buyback/laptops/sell-dell-latitude-7411-kochi.html,https://www.ewastekochi.com/buyback/laptops/sell-dell-latitude-7411-kochi.html,gsc-url-protection-map,www.ewastekochi.com,other-legacy-service,,,0,0,404,leave_404,,classification_source=rule
/buyback/laptops/sell-dell-latitude-7419-kochi.html,https://www.ewastekochi.com/buyback/laptops/sell-dell-latitude-7419-kochi.html,gsc-url-protection-map,www.ewastekochi.com,other-legacy-service,,,0,4,redirect,leave_404,,classification_source=rule
/buyback/laptops/sell-dell-latitude-7423-kochi.html,https://www.ewastekochi.com/buyback/laptops/sell-dell-latitude-7423-kochi.html,gsc-url-protection-map,www.ewastekochi.com,other-legacy-service,,,0,0,404,leave_404,,classification_source=rule
/buyback/laptops/sell-dell-latitude-7424-kochi.html,https://www.ewastekochi.com/buyback/laptops/sell-dell-latitude-7424-kochi.html,gsc-url-protection-map,www.ewastekochi.com,other-legacy-service,,,0,0,404,leave_404,,classification_source=rule
/buyback/laptops/sell-dell-latitude-7425-kochi.html,https://www.ewastekochi.com/buyback/laptops/sell-dell-latitude-7425-kochi.html,gsc-url-protection-map,www.ewastekochi.com,other-legacy-service,,,0,0,404,leave_404,,classification_source=rule
/buyback/laptops/sell-dell-latitude-7427-kochi.html,https://www.ewastekochi.com/buyback/laptops/sell-dell-latitude-7427-kochi.html,gsc-url-protection-map,www.ewastekochi.com,other-legacy-service,,,0,0,404,leave_404,,classification_source=rule
/buyback/laptops/sell-dell-latitude-7428-kochi.html,https://www.ewastekochi.com/buyback/laptops/sell-dell-latitude-7428-kochi.html,gsc-url-protection-map,www.ewastekochi.com,other-legacy-service,,,0,0,redirect,leave_404,,classification_source=rule
/buyback/laptops/sell-dell-latitude-7429-kochi.html,https://www.ewastekochi.com/buyback/laptops/sell-dell-latitude-7429-kochi.html,gsc-url-protection-map,www.ewastekochi.com,other-legacy-service,,,0,0,404,leave_404,,classification_source=rule
/buyback/laptops/sell-dell-latitude-7441-kochi.html,https://www.ewastekochi.com/buyback/laptops/sell-dell-latitude-7441-kochi.html,gsc-url-protection-map,www.ewastekochi.com,other-legacy-service,,,0,0,404,leave_404,,classification_source=rule
/buyback/laptops/sell-dell-latitude-7444-kochi.html,https://www.ewastekochi.com/buyback/laptops/sell-dell-latitude-7444-kochi.html,gsc-url-protection-map,www.ewastekochi.com,other-legacy-service,,,0,0,redirect,leave_404,,classification_source=rule
/buyback/laptops/sell-dell-latitude-7446-kochi.html,https://www.ewastekochi.com/buyback/laptops/sell-dell-latitude-7446-kochi.html,gsc-url-protection-map,www.ewastekochi.com,other-legacy-service,,,0,0,redirect,leave_404,,classification_source=rule
/buyback/laptops/sell-dell-latitude-7449-kochi.html,https://www.ewastekochi.com/buyback/laptops/sell-dell-latitude-7449-kochi.html,gsc-url-protection-map,www.ewastekochi.com,other-legacy-service,,,0,0,404,leave_404,,classification_source=rule
/buyback/laptops/sell-dell-latitude-7450-kochi.html,https://www.ewastekochi.com/buyback/laptops/sell-dell-latitude-7450-kochi.html,gsc-url-protection-map,www.ewastekochi.com,other-legacy-service,,,0,0,redirect,leave_404,,classification_source=rule
/buyback/laptops/sell-dell-latitude-7451-kochi.html,https://www.ewastekochi.com/buyback/laptops/sell-dell-latitude-7451-kochi.html,gsc-url-protection-map,www.ewastekochi.com,other-legacy-service,,,0,0,crawled_not_indexed,leave_404,,classification_source=rule
/buyback/laptops/sell-dell-latitude-7451-kochi/,https://www.ewastekochi.com/buyback/laptops/sell-dell-latitude-7451-kochi/,gsc-url-protection-map,www.ewastekochi.com,other-legacy-service,,sell-dell-latitude-7451-kochi,0,0,404,leave_404,,classification_source=rule
/buyback/laptops/sell-dell-latitude-7456-kochi.html,https://www.ewastekochi.com/buyback/laptops/sell-dell-latitude-7456-kochi.html,gsc-url-protection-map,www.ewastekochi.com,other-legacy-service,,,0,0,404,leave_404,,classification_source=rule
/buyback/laptops/sell-dell-latitude-7457-kochi.html,https://www.ewastekochi.com/buyback/laptops/sell-dell-latitude-7457-kochi.html,gsc-url-protection-map,www.ewastekochi.com,other-legacy-service,,,0,0,404,leave_404,,classification_source=rule
/buyback/laptops/sell-dell-xps-15-kochi.html,https://www.ewastekochi.com/buyback/laptops/sell-dell-xps-15-kochi.html,gsc-url-protection-map,www.ewastekochi.com,other-legacy-service,,,0,0,redirect,leave_404,,classification_source=rule
/buyback/laptops/sell-hp-elitebook-843-kochi.html,https://www.ewastekochi.com/buyback/laptops/sell-hp-elitebook-843-kochi.html,gsc-url-protection-map,www.ewastekochi.com,other-legacy-service,,,0,0,404,leave_404,,classification_source=rule
/buyback/laptops/sell-hp-elitebook-844-kochi.html,https://www.ewastekochi.com/buyback/laptops/sell-hp-elitebook-844-kochi.html,gsc-url-protection-map,www.ewastekochi.com,other-legacy-service,,,0,0,redirect,leave_404,,classification_source=rule
/buyback/laptops/sell-hp-elitebook-845-kochi.html,https://www.ewastekochi.com/buyback/laptops/sell-hp-elitebook-845-kochi.html,gsc-url-protection-map,www.ewastekochi.com,other-legacy-service,,,0,0,404,leave_404,,classification_source=rule
/buyback/laptops/sell-hp-elitebook-848-kochi.html,https://www.ewastekochi.com/buyback/laptops/sell-hp-elitebook-848-kochi.html,gsc-url-protection-map,www.ewastekochi.com,other-legacy-service,,,0,0,redirect,leave_404,,classification_source=rule
/buyback/laptops/sell-hp-elitebook-852-kochi.html,https://www.ewastekochi.com/buyback/laptops/sell-hp-elitebook-852-kochi.html,gsc-url-protection-map,www.ewastekochi.com,other-legacy-service,,,0,0,404,leave_404,,classification_source=rule
/buyback/laptops/sell-hp-elitebook-854-kochi.html,https://www.ewastekochi.com/buyback/laptops/sell-hp-elitebook-854-kochi.html,gsc-url-protection-map,www.ewastekochi.com,other-legacy-service,,,0,0,404,leave_404,,classification_source=rule
/buyback/laptops/sell-hp-elitebook-855-kochi.html,https://www.ewastekochi.com/buyback/laptops/sell-hp-elitebook-855-kochi.html,gsc-url-protection-map,www.ewastekochi.com,other-legacy-service,,,0,0,404,leave_404,,classification_source=rule
/buyback/laptops/sell-hp-elitebook-859-kochi.html,https://www.ewastekochi.com/buyback/laptops/sell-hp-elitebook-859-kochi.html,gsc-url-protection-map,www.ewastekochi.com,other-legacy-service,,,0,0,404,leave_404,,classification_source=rule
/buyback/laptops/sell-hp-elitebook-861-kochi.html,https://www.ewastekochi.com/buyback/laptops/sell-hp-elitebook-861-kochi.html,gsc-url-protection-map,www.ewastekochi.com,other-legacy-service,,,0,0,redirect,leave_404,,classification_source=rule
/buyback/laptops/sell-hp-elitebook-864-kochi.html,https://www.ewastekochi.com/buyback/laptops/sell-hp-elitebook-864-kochi.html,gsc-url-protection-map,www.ewastekochi.com,other-legacy-service,,,0,0,404,leave_404,,classification_source=rule
/buyback/laptops/sell-hp-elitebook-869-kochi.html,https://www.ewastekochi.com/buyback/laptops/sell-hp-elitebook-869-kochi.html,gsc-url-protection-map,www.ewastekochi.com,other-legacy-service,,,0,0,404,leave_404,,classification_source=rule
/buyback/laptops/sell-hp-elitebook-870-kochi.html,https://www.ewastekochi.com/buyback/laptops/sell-hp-elitebook-870-kochi.html,gsc-url-protection-map,www.ewastekochi.com,other-legacy-service,,,0,0,redirect,leave_404,,classification_source=rule
/buyback/laptops/sell-hp-elitebook-871-kochi.html,https://www.ewastekochi.com/buyback/laptops/sell-hp-elitebook-871-kochi.html,gsc-url-protection-map,www.ewastekochi.com,other-legacy-service,,,0,0,redirect,leave_404,,classification_source=rule
/buyback/laptops/sell-hp-elitebook-872-kochi.html,https://www.ewastekochi.com/buyback/laptops/sell-hp-elitebook-872-kochi.html,gsc-url-protection-map,www.ewastekochi.com,other-legacy-service,,,0,1,indexed-with-traffic,leave_404,,classification_source=rule
/buyback/laptops/sell-hp-elitebook-873-kochi.html,https://www.ewastekochi.com/buyback/laptops/sell-hp-elitebook-873-kochi.html,gsc-url-protection-map,www.ewastekochi.com,other-legacy-service,,,0,0,404,leave_404,,classification_source=rule
/buyback/laptops/sell-hp-elitebook-875-kochi.html,https://www.ewastekochi.com/buyback/laptops/sell-hp-elitebook-875-kochi.html,gsc-url-protection-map,www.ewastekochi.com,other-legacy-service,,,0,0,404,leave_404,,classification_source=rule
/buyback/laptops/sell-hp-elitebook-877-kochi.html,https://www.ewastekochi.com/buyback/laptops/sell-hp-elitebook-877-kochi.html,gsc-url-protection-map,www.ewastekochi.com,other-legacy-service,,,0,0,404,leave_404,,classification_source=rule
/buyback/laptops/sell-hp-elitebook-879-kochi.html,https://www.ewastekochi.com/buyback/laptops/sell-hp-elitebook-879-kochi.html,gsc-url-protection-map,www.ewastekochi.com,other-legacy-service,,,0,0,404,leave_404,,classification_source=rule
/buyback/laptops/sell-hp-elitebook-879-kochi/,https://www.ewastekochi.com/buyback/laptops/sell-hp-elitebook-879-kochi/,gsc-url-protection-map,www.ewastekochi.com,other-legacy-service,,sell-hp-elitebook-879-kochi,0,1,indexed-with-traffic,leave_404,,classification_source=rule
/buyback/laptops/sell-hp-elitebook-882-kochi.html,https://www.ewastekochi.com/buyback/laptops/sell-hp-elitebook-882-kochi.html,gsc-url-protection-map,www.ewastekochi.com,other-legacy-service,,,0,0,redirect,leave_404,,classification_source=rule
/buyback/laptops/sell-hp-elitebook-883-kochi.html,https://www.ewastekochi.com/buyback/laptops/sell-hp-elitebook-883-kochi.html,gsc-url-protection-map,www.ewastekochi.com,other-legacy-service,,,0,0,404,leave_404,,classification_source=rule
/buyback/laptops/sell-hp-elitebook-884-kochi.html,https://www.ewastekochi.com/buyback/laptops/sell-hp-elitebook-884-kochi.html,gsc-url-protection-map,www.ewastekochi.com,other-legacy-service,,,0,0,404,leave_404,,classification_source=rule
/buyback/laptops/sell-hp-elitebook-889-kochi.html,https://www.ewastekochi.com/buyback/laptops/sell-hp-elitebook-889-kochi.html,gsc-url-protection-map,www.ewastekochi.com,other-legacy-service,,,0,0,404,leave_404,,classification_source=rule
/buyback/laptops/sell-hp-elitebook-890-kochi.html,https://www.ewastekochi.com/buyback/laptops/sell-hp-elitebook-890-kochi.html,gsc-url-protection-map,www.ewastekochi.com,other-legacy-service,,,0,0,404,leave_404,,classification_source=rule
/buyback/laptops/sell-hp-elitebook-891-kochi.html,https://www.ewastekochi.com/buyback/laptops/sell-hp-elitebook-891-kochi.html,gsc-url-protection-map,www.ewastekochi.com,other-legacy-service,,,0,0,404,leave_404,,classification_source=rule
/buyback/laptops/sell-hp-elitebook-894-kochi.html,https://www.ewastekochi.com/buyback/laptops/sell-hp-elitebook-894-kochi.html,gsc-url-protection-map,www.ewastekochi.com,other-legacy-service,,,0,0,404,leave_404,,classification_source=rule
/buyback/laptops/sell-hp-elitebook-901-kochi.html,https://www.ewastekochi.com/buyback/laptops/sell-hp-elitebook-901-kochi.html,gsc-url-protection-map,www.ewastekochi.com,other-legacy-service,,,0,0,404,leave_404,,classification_source=rule
/buyback/laptops/sell-hp-elitebook-904-kochi.html,https://www.ewastekochi.com/buyback/laptops/sell-hp-elitebook-904-kochi.html,gsc-indexed-url-upgrade-map;gsc-url-protection-map,www.ewastekochi.com,other-legacy-service,,,0,0,indexed,leave_404,https://www.ewastekochi.com/sell-electronics/,classification_source=indexed-pages-crosscheck-2026-07-10
/buyback/laptops/sell-hp-elitebook-907-kochi.html,https://www.ewastekochi.com/buyback/laptops/sell-hp-elitebook-907-kochi.html,gsc-url-protection-map,www.ewastekochi.com,other-legacy-service,,,0,0,404,leave_404,,classification_source=rule
/buyback/laptops/sell-hp-elitebook-911-kochi.html,https://www.ewastekochi.com/buyback/laptops/sell-hp-elitebook-911-kochi.html,gsc-url-protection-map,www.ewastekochi.com,other-legacy-service,,,0,0,404,leave_404,,classification_source=rule
/buyback/laptops/sell-hp-elitebook-915-kochi.html,https://www.ewastekochi.com/buyback/laptops/sell-hp-elitebook-915-kochi.html,gsc-url-protection-map,www.ewastekochi.com,other-legacy-service,,,0,0,404,leave_404,,classification_source=rule
/buyback/laptops/sell-hp-elitebook-918-kochi.html,https://www.ewastekochi.com/buyback/laptops/sell-hp-elitebook-918-kochi.html,gsc-url-protection-map,www.ewastekochi.com,other-legacy-service,,,0,0,404,leave_404,,classification_source=rule
/buyback/laptops/sell-hp-elitebook-919-kochi.html,https://www.ewastekochi.com/buyback/laptops/sell-hp-elitebook-919-kochi.html,gsc-url-protection-map,www.ewastekochi.com,other-legacy-service,,,0,0,redirect,leave_404,,classification_source=rule
/buyback/laptops/sell-hp-elitebook-921-kochi.html,https://www.ewastekochi.com/buyback/laptops/sell-hp-elitebook-921-kochi.html,gsc-url-protection-map,www.ewastekochi.com,other-legacy-service,,,0,0,404,leave_404,,classification_source=rule
/buyback/laptops/sell-hp-elitebook-923-kochi.html,https://www.ewastekochi.com/buyback/laptops/sell-hp-elitebook-923-kochi.html,gsc-url-protection-map,www.ewastekochi.com,other-legacy-service,,,0,0,404,leave_404,,classification_source=rule
/buyback/laptops/sell-hp-elitebook-924-kochi.html,https://www.ewastekochi.com/buyback/laptops/sell-hp-elitebook-924-kochi.html,gsc-url-protection-map,www.ewastekochi.com,other-legacy-service,,,0,0,redirect,leave_404,,classification_source=rule
/buyback/laptops/sell-hp-elitebook-928-kochi.html,https://www.ewastekochi.com/buyback/laptops/sell-hp-elitebook-928-kochi.html,gsc-url-protection-map,www.ewastekochi.com,other-legacy-service,,,0,0,404,leave_404,,classification_source=rule
/buyback/laptops/sell-hp-elitebook-929-kochi.html,https://www.ewastekochi.com/buyback/laptops/sell-hp-elitebook-929-kochi.html,gsc-url-protection-map,www.ewastekochi.com,other-legacy-service,,,0,0,redirect,leave_404,,classification_source=rule
/buyback/laptops/sell-hp-elitebook-930-kochi.html,https://www.ewastekochi.com/buyback/laptops/sell-hp-elitebook-930-kochi.html,gsc-url-protection-map,www.ewastekochi.com,other-legacy-service,,,0,0,404,leave_404,,classification_source=rule
/buyback/laptops/sell-hp-elitebook-932-kochi.html,https://www.ewastekochi.com/buyback/laptops/sell-hp-elitebook-932-kochi.html,gsc-indexed-url-upgrade-map;gsc-url-protection-map,www.ewastekochi.com,other-legacy-service,,,0,0,indexed,leave_404,https://www.ewastekochi.com/sell-electronics/,classification_source=indexed-pages-crosscheck-2026-07-10
/buyback/laptops/sell-hp-elitebook-932-kochi/,https://www.ewastekochi.com/buyback/laptops/sell-hp-elitebook-932-kochi/,gsc-url-protection-map,www.ewastekochi.com,other-legacy-service,,sell-hp-elitebook-932-kochi,0,0,alt_canonical,leave_404,,classification_source=rule
/buyback/laptops/sell-hp-elitebook-933-kochi.html,https://www.ewastekochi.com/buyback/laptops/sell-hp-elitebook-933-kochi.html,gsc-url-protection-map,www.ewastekochi.com,other-legacy-service,,,0,0,redirect,leave_404,,classification_source=rule
/buyback/laptops/sell-hp-elitebook-934-kochi.html,https://www.ewastekochi.com/buyback/laptops/sell-hp-elitebook-934-kochi.html,gsc-url-protection-map,www.ewastekochi.com,other-legacy-service,,,0,0,redirect,leave_404,,classification_source=rule
/buyback/laptops/sell-hp-elitebook-936-kochi.html,https://www.ewastekochi.com/buyback/laptops/sell-hp-elitebook-936-kochi.html,gsc-url-protection-map,www.ewastekochi.com,other-legacy-service,,,0,0,404,leave_404,,classification_source=rule
/buyback/laptops/sell-hp-elitebook-939-kochi.html,https://www.ewastekochi.com/buyback/laptops/sell-hp-elitebook-939-kochi.html,gsc-indexed-url-upgrade-map;gsc-url-protection-map,www.ewastekochi.com,other-legacy-service,,,0,12,redirect,leave_404,https://www.ewastekochi.com/sell-electronics/,classification_source=rule;confirmed_indexed_2026-07-10
/buyback/laptops/sell-macbook-air-m2-kochi.html,https://www.ewastekochi.com/buyback/laptops/sell-macbook-air-m2-kochi.html,gsc-url-protection-map,www.ewastekochi.com,other-legacy-service,,,0,0,404,leave_404,,classification_source=rule
/buyback/laptops/sell-macbook-pro-14-kochi.html,https://www.ewastekochi.com/buyback/laptops/sell-macbook-pro-14-kochi.html,gsc-url-protection-map,www.ewastekochi.com,other-legacy-service,,,0,0,404,leave_404,,classification_source=rule
/buyback/laptops/sell-macbook-pro-15-kochi.html,https://www.ewastekochi.com/buyback/laptops/sell-macbook-pro-15-kochi.html,gsc-url-protection-map,www.ewastekochi.com,other-legacy-service,,,0,0,404,leave_404,,classification_source=rule
/buyback/laptops/sell-macbook-pro-m3-max-kochi.html,https://www.ewastekochi.com/buyback/laptops/sell-macbook-pro-m3-max-kochi.html,gsc-url-protection-map,www.ewastekochi.com,other-legacy-service,,,0,0,redirect|crawled_not_indexed,leave_404,,classification_source=rule
/buyback/laptops/sell-macbook-pro-m3-max-kochi/,https://www.ewastekochi.com/buyback/laptops/sell-macbook-pro-m3-max-kochi/,gsc-url-protection-map,www.ewastekochi.com,other-legacy-service,,sell-macbook-pro-m3-max-kochi,0,4,indexed-with-traffic,leave_404,,classification_source=rule
/buyback/laptops/sell-macbook-pro-m3-pro-kochi.html,https://www.ewastekochi.com/buyback/laptops/sell-macbook-pro-m3-pro-kochi.html,gsc-url-protection-map,www.ewastekochi.com,other-legacy-service,,,0,0,404,leave_404,,classification_source=rule
/buyback/laptops/sell-microsoft-surface-pro-0-kochi.html,https://www.ewastekochi.com/buyback/laptops/sell-microsoft-surface-pro-0-kochi.html,gsc-url-protection-map,www.ewastekochi.com,other-legacy-service,,,0,0,404,leave_404,,classification_source=rule
/buyback/laptops/sell-microsoft-surface-pro-5-kochi.html,https://www.ewastekochi.com/buyback/laptops/sell-microsoft-surface-pro-5-kochi.html,gsc-url-protection-map,www.ewastekochi.com,other-legacy-service,,,0,0,404,leave_404,,classification_source=rule
/buyback/laptops/sell-microsoft-surface-pro-8-kochi.html,https://www.ewastekochi.com/buyback/laptops/sell-microsoft-surface-pro-8-kochi.html,gsc-url-protection-map,www.ewastekochi.com,other-legacy-service,,,0,0,404,leave_404,,classification_source=rule
/buyback/laptops/sell-thinkpad-t402-kochi.html,https://www.ewastekochi.com/buyback/laptops/sell-thinkpad-t402-kochi.html,gsc-url-protection-map,www.ewastekochi.com,other-legacy-service,,,0,0,404,leave_404,,classification_source=rule
/buyback/laptops/sell-thinkpad-t402p-kochi.html,https://www.ewastekochi.com/buyback/laptops/sell-thinkpad-t402p-kochi.html,gsc-url-protection-map,www.ewastekochi.com,other-legacy-service,,,0,0,404,leave_404,,classification_source=rule
/buyback/laptops/sell-thinkpad-t402s-kochi.html,https://www.ewastekochi.com/buyback/laptops/sell-thinkpad-t402s-kochi.html,gsc-url-protection-map,www.ewastekochi.com,other-legacy-service,,,0,0,404,leave_404,,classification_source=rule
/buyback/laptops/sell-thinkpad-t404-kochi.html,https://www.ewastekochi.com/buyback/laptops/sell-thinkpad-t404-kochi.html,gsc-url-protection-map,www.ewastekochi.com,other-legacy-service,,,0,0,404,leave_404,,classification_source=rule
/buyback/laptops/sell-thinkpad-t405-kochi.html,https://www.ewastekochi.com/buyback/laptops/sell-thinkpad-t405-kochi.html,gsc-url-protection-map,www.ewastekochi.com,other-legacy-service,,,0,0,404,leave_404,,classification_source=rule
/buyback/laptops/sell-thinkpad-t407p-kochi.html,https://www.ewastekochi.com/buyback/laptops/sell-thinkpad-t407p-kochi.html,gsc-url-protection-map,www.ewastekochi.com,other-legacy-service,,,0,0,404,leave_404,,classification_source=rule
/buyback/laptops/sell-thinkpad-t408p-kochi.html,https://www.ewastekochi.com/buyback/laptops/sell-thinkpad-t408p-kochi.html,gsc-url-protection-map,www.ewastekochi.com,other-legacy-service,,,0,0,404,leave_404,,classification_source=rule
/buyback/laptops/sell-thinkpad-t409p-kochi.html,https://www.ewastekochi.com/buyback/laptops/sell-thinkpad-t409p-kochi.html,gsc-url-protection-map,www.ewastekochi.com,other-legacy-service,,,0,0,404,leave_404,,classification_source=rule
/buyback/laptops/sell-thinkpad-t410p-kochi.html,https://www.ewastekochi.com/buyback/laptops/sell-thinkpad-t410p-kochi.html,gsc-url-protection-map,www.ewastekochi.com,other-legacy-service,,,0,0,redirect,leave_404,,classification_source=rule
/buyback/laptops/sell-thinkpad-t411s-kochi.html,https://www.ewastekochi.com/buyback/laptops/sell-thinkpad-t411s-kochi.html,gsc-url-protection-map,www.ewastekochi.com,other-legacy-service,,,0,0,404,leave_404,,classification_source=rule
/buyback/laptops/sell-thinkpad-t413-kochi.html,https://www.ewastekochi.com/buyback/laptops/sell-thinkpad-t413-kochi.html,gsc-url-protection-map,www.ewastekochi.com,other-legacy-service,,,0,0,404,leave_404,,classification_source=rule
/buyback/laptops/sell-thinkpad-t414-kochi.html,https://www.ewastekochi.com/buyback/laptops/sell-thinkpad-t414-kochi.html,gsc-url-protection-map,www.ewastekochi.com,other-legacy-service,,,0,5,redirect,leave_404,,classification_source=rule
/buyback/laptops/sell-thinkpad-t414p-kochi.html,https://www.ewastekochi.com/buyback/laptops/sell-thinkpad-t414p-kochi.html,gsc-url-protection-map,www.ewastekochi.com,other-legacy-service,,,0,0,404,leave_404,,classification_source=rule
/buyback/laptops/sell-thinkpad-t415p-kochi.html,https://www.ewastekochi.com/buyback/laptops/sell-thinkpad-t415p-kochi.html,gsc-url-protection-map,www.ewastekochi.com,other-legacy-service,,,0,0,404,leave_404,,classification_source=rule
/buyback/laptops/sell-thinkpad-t415s-kochi.html,https://www.ewastekochi.com/buyback/laptops/sell-thinkpad-t415s-kochi.html,gsc-url-protection-map,www.ewastekochi.com,other-legacy-service,,,0,0,redirect,leave_404,,classification_source=rule
/buyback/laptops/sell-thinkpad-t418-kochi.html,https://www.ewastekochi.com/buyback/laptops/sell-thinkpad-t418-kochi.html,gsc-url-protection-map,www.ewastekochi.com,other-legacy-service,,,0,0,404,leave_404,,classification_source=rule
/buyback/laptops/sell-thinkpad-t418p-kochi.html,https://www.ewastekochi.com/buyback/laptops/sell-thinkpad-t418p-kochi.html,gsc-url-protection-map,www.ewastekochi.com,other-legacy-service,,,0,0,404,leave_404,,classification_source=rule
/buyback/laptops/sell-thinkpad-t419p-kochi.html,https://www.ewastekochi.com/buyback/laptops/sell-thinkpad-t419p-kochi.html,gsc-url-protection-map,www.ewastekochi.com,other-legacy-service,,,0,0,redirect,leave_404,,classification_source=rule
/buyback/laptops/sell-thinkpad-t419p-kochi/,https://www.ewastekochi.com/buyback/laptops/sell-thinkpad-t419p-kochi/,gsc-url-protection-map,www.ewastekochi.com,other-legacy-service,,sell-thinkpad-t419p-kochi,0,0,404,leave_404,,classification_source=rule
/buyback/laptops/sell-thinkpad-t420-kochi.html,https://www.ewastekochi.com/buyback/laptops/sell-thinkpad-t420-kochi.html,gsc-url-protection-map,www.ewastekochi.com,other-legacy-service,,,0,0,redirect,leave_404,,classification_source=rule
/buyback/laptops/sell-thinkpad-t423-kochi.html,https://www.ewastekochi.com/buyback/laptops/sell-thinkpad-t423-kochi.html,gsc-url-protection-map,www.ewastekochi.com,other-legacy-service,,,0,0,404,leave_404,,classification_source=rule
/buyback/laptops/sell-thinkpad-t424p-kochi.html,https://www.ewastekochi.com/buyback/laptops/sell-thinkpad-t424p-kochi.html,gsc-url-protection-map,www.ewastekochi.com,other-legacy-service,,,0,0,404,leave_404,,classification_source=rule
/buyback/laptops/sell-thinkpad-t425-kochi.html,https://www.ewastekochi.com/buyback/laptops/sell-thinkpad-t425-kochi.html,gsc-url-protection-map,www.ewastekochi.com,other-legacy-service,,,0,0,404,leave_404,,classification_source=rule
/buyback/laptops/sell-thinkpad-t425s-kochi.html,https://www.ewastekochi.com/buyback/laptops/sell-thinkpad-t425s-kochi.html,gsc-url-protection-map,www.ewastekochi.com,other-legacy-service,,,0,0,404,leave_404,,classification_source=rule
/buyback/laptops/sell-thinkpad-t427-kochi.html,https://www.ewastekochi.com/buyback/laptops/sell-thinkpad-t427-kochi.html,gsc-url-protection-map,www.ewastekochi.com,other-legacy-service,,,0,0,404,leave_404,,classification_source=rule
/buyback/laptops/sell-thinkpad-t428p-kochi.html,https://www.ewastekochi.com/buyback/laptops/sell-thinkpad-t428p-kochi.html,gsc-url-protection-map,www.ewastekochi.com,other-legacy-service,,,0,0,404,leave_404,,classification_source=rule
/buyback/laptops/sell-thinkpad-t428s-kochi.html,https://www.ewastekochi.com/buyback/laptops/sell-thinkpad-t428s-kochi.html,gsc-url-protection-map,www.ewastekochi.com,other-legacy-service,,,0,0,404,leave_404,,classification_source=rule
/buyback/laptops/sell-thinkpad-t430p-kochi.html,https://www.ewastekochi.com/buyback/laptops/sell-thinkpad-t430p-kochi.html,gsc-url-protection-map,www.ewastekochi.com,other-legacy-service,,,0,0,404,leave_404,,classification_source=rule
/buyback/laptops/sell-thinkpad-t430s-kochi.html,https://www.ewastekochi.com/buyback/laptops/sell-thinkpad-t430s-kochi.html,gsc-url-protection-map,www.ewastekochi.com,other-legacy-service,,,0,0,404,leave_404,,classification_source=rule
/buyback/laptops/sell-thinkpad-t431p-kochi.html,https://www.ewastekochi.com/buyback/laptops/sell-thinkpad-t431p-kochi.html,gsc-url-protection-map,www.ewastekochi.com,other-legacy-service,,,0,0,404,leave_404,,classification_source=rule
/buyback/laptops/sell-thinkpad-t432-kochi.html,https://www.ewastekochi.com/buyback/laptops/sell-thinkpad-t432-kochi.html,gsc-url-protection-map,www.ewastekochi.com,other-legacy-service,,,0,0,404,leave_404,,classification_source=rule
/buyback/laptops/sell-thinkpad-t432p-kochi.html,https://www.ewastekochi.com/buyback/laptops/sell-thinkpad-t432p-kochi.html,gsc-url-protection-map,www.ewastekochi.com,other-legacy-service,,,0,0,404,leave_404,,classification_source=rule
/buyback/laptops/sell-thinkpad-t433-kochi.html,https://www.ewastekochi.com/buyback/laptops/sell-thinkpad-t433-kochi.html,gsc-url-protection-map,www.ewastekochi.com,other-legacy-service,,,0,0,404,leave_404,,classification_source=rule
/buyback/laptops/sell-thinkpad-t434p-kochi.html,https://www.ewastekochi.com/buyback/laptops/sell-thinkpad-t434p-kochi.html,gsc-url-protection-map,www.ewastekochi.com,other-legacy-service,,,0,0,404,leave_404,,classification_source=rule
/buyback/laptops/sell-thinkpad-t436p-kochi.html,https://www.ewastekochi.com/buyback/laptops/sell-thinkpad-t436p-kochi.html,gsc-url-protection-map,www.ewastekochi.com,other-legacy-service,,,0,0,404,leave_404,,classification_source=rule
/buyback/laptops/sell-thinkpad-t436s-kochi.html,https://www.ewastekochi.com/buyback/laptops/sell-thinkpad-t436s-kochi.html,gsc-url-protection-map,www.ewastekochi.com,other-legacy-service,,,0,0,404,leave_404,,classification_source=rule
/buyback/laptops/sell-thinkpad-t437s-kochi.html,https://www.ewastekochi.com/buyback/laptops/sell-thinkpad-t437s-kochi.html,gsc-url-protection-map,www.ewastekochi.com,other-legacy-service,,,0,0,404,leave_404,,classification_source=rule
/buyback/laptops/sell-thinkpad-t438-kochi.html,https://www.ewastekochi.com/buyback/laptops/sell-thinkpad-t438-kochi.html,gsc-url-protection-map,www.ewastekochi.com,other-legacy-service,,,0,0,redirect,leave_404,,classification_source=rule
/buyback/laptops/sell-thinkpad-t438p-kochi.html,https://www.ewastekochi.com/buyback/laptops/sell-thinkpad-t438p-kochi.html,gsc-url-protection-map,www.ewastekochi.com,other-legacy-service,,,0,0,404,leave_404,,classification_source=rule
/buyback/laptops/sell-thinkpad-t438s-kochi.html,https://www.ewastekochi.com/buyback/laptops/sell-thinkpad-t438s-kochi.html,gsc-url-protection-map,www.ewastekochi.com,other-legacy-service,,,0,0,404,leave_404,,classification_source=rule
/buyback/laptops/sell-thinkpad-t439p-kochi.html,https://www.ewastekochi.com/buyback/laptops/sell-thinkpad-t439p-kochi.html,gsc-url-protection-map,www.ewastekochi.com,other-legacy-service,,,0,0,404,leave_404,,classification_source=rule
/buyback/laptops/sell-thinkpad-t440s-kochi.html,https://www.ewastekochi.com/buyback/laptops/sell-thinkpad-t440s-kochi.html,gsc-url-protection-map,www.ewastekochi.com,other-legacy-service,,,0,0,404,leave_404,,classification_source=rule
/buyback/laptops/sell-thinkpad-t447p-kochi.html,https://www.ewastekochi.com/buyback/laptops/sell-thinkpad-t447p-kochi.html,gsc-url-protection-map,www.ewastekochi.com,other-legacy-service,,,0,0,404,leave_404,,classification_source=rule
/buyback/laptops/sell-thinkpad-t447s-kochi.html,https://www.ewastekochi.com/buyback/laptops/sell-thinkpad-t447s-kochi.html,gsc-url-protection-map,www.ewastekochi.com,other-legacy-service,,,0,0,404,leave_404,,classification_source=rule
/buyback/laptops/sell-thinkpad-t448p-kochi.html,https://www.ewastekochi.com/buyback/laptops/sell-thinkpad-t448p-kochi.html,gsc-url-protection-map,www.ewastekochi.com,other-legacy-service,,,0,0,404,leave_404,,classification_source=rule
/buyback/laptops/sell-thinkpad-t449p-kochi.html,https://www.ewastekochi.com/buyback/laptops/sell-thinkpad-t449p-kochi.html,gsc-url-protection-map,www.ewastekochi.com,other-legacy-service,,,0,0,404,leave_404,,classification_source=rule
/buyback/laptops/sell-thinkpad-t452p-kochi.html,https://www.ewastekochi.com/buyback/laptops/sell-thinkpad-t452p-kochi.html,gsc-url-protection-map,www.ewastekochi.com,other-legacy-service,,,0,0,404,leave_404,,classification_source=rule
/buyback/laptops/sell-thinkpad-t454p-kochi.html,https://www.ewastekochi.com/buyback/laptops/sell-thinkpad-t454p-kochi.html,gsc-url-protection-map,www.ewastekochi.com,other-legacy-service,,,0,0,404,leave_404,,classification_source=rule
/buyback/laptops/sell-thinkpad-t457p-kochi.html,https://www.ewastekochi.com/buyback/laptops/sell-thinkpad-t457p-kochi.html,gsc-url-protection-map,www.ewastekochi.com,other-legacy-service,,,0,0,404,leave_404,,classification_source=rule
/buyback/laptops/sell-thinkpad-t458p-kochi.html,https://www.ewastekochi.com/buyback/laptops/sell-thinkpad-t458p-kochi.html,gsc-url-protection-map,www.ewastekochi.com,other-legacy-service,,,0,0,redirect,leave_404,,classification_source=rule
/buyback/laptops/sell-thinkpad-t458p-kochi/,https://www.ewastekochi.com/buyback/laptops/sell-thinkpad-t458p-kochi/,gsc-indexed-url-upgrade-map;gsc-url-protection-map;gsc-indexed-redirect-map,www.ewastekochi.com,other-legacy-service,,sell-thinkpad-t458p-kochi,0,22,indexed-with-traffic,redirect_configured,https://www.ewastekochi.com/sell-electronics/,Indexed legacy URL has a relevant one-hop 301 target in vercel.json; do not rebuild as a thin page.
/buyback/laptops/sell-thinkpad-t458s-kochi.html,https://www.ewastekochi.com/buyback/laptops/sell-thinkpad-t458s-kochi.html,gsc-url-protection-map,www.ewastekochi.com,other-legacy-service,,,0,0,redirect,leave_404,,classification_source=rule
/buyback/laptops/sell-thinkpad-t459p-kochi.html,https://www.ewastekochi.com/buyback/laptops/sell-thinkpad-t459p-kochi.html,gsc-url-protection-map,www.ewastekochi.com,other-legacy-service,,,0,0,404,leave_404,,classification_source=rule
/buyback/laptops/sell-thinkpad-t459s-kochi.html,https://www.ewastekochi.com/buyback/laptops/sell-thinkpad-t459s-kochi.html,gsc-url-protection-map,www.ewastekochi.com,other-legacy-service,,,0,0,404,leave_404,,classification_source=rule
/buyback/laptops/sell-thinkpad-t461s-kochi.html,https://www.ewastekochi.com/buyback/laptops/sell-thinkpad-t461s-kochi.html,gsc-url-protection-map,www.ewastekochi.com,other-legacy-service,,,0,0,404,leave_404,,classification_source=rule
/buyback/laptops/sell-thinkpad-t463s-kochi.html,https://www.ewastekochi.com/buyback/laptops/sell-thinkpad-t463s-kochi.html,gsc-url-protection-map,www.ewastekochi.com,other-legacy-service,,,0,0,404,leave_404,,classification_source=rule
/buyback/laptops/sell-thinkpad-t466s-kochi.html,https://www.ewastekochi.com/buyback/laptops/sell-thinkpad-t466s-kochi.html,gsc-url-protection-map,www.ewastekochi.com,other-legacy-service,,,0,0,404,leave_404,,classification_source=rule
/buyback/laptops/sell-thinkpad-t468s-kochi.html,https://www.ewastekochi.com/buyback/laptops/sell-thinkpad-t468s-kochi.html,gsc-url-protection-map,www.ewastekochi.com,other-legacy-service,,,0,0,404,leave_404,,classification_source=rule
/buyback/laptops/sell-thinkpad-t473s-kochi.html,https://www.ewastekochi.com/buyback/laptops/sell-thinkpad-t473s-kochi.html,gsc-url-protection-map,www.ewastekochi.com,other-legacy-service,,,0,0,404,leave_404,,classification_source=rule
/buyback/laptops/sell-thinkpad-t474s-kochi.html,https://www.ewastekochi.com/buyback/laptops/sell-thinkpad-t474s-kochi.html,gsc-url-protection-map,www.ewastekochi.com,other-legacy-service,,,0,0,404,leave_404,,classification_source=rule
/buyback/laptops/sell-thinkpad-t475s-kochi.html,https://www.ewastekochi.com/buyback/laptops/sell-thinkpad-t475s-kochi.html,gsc-url-protection-map,www.ewastekochi.com,other-legacy-service,,,0,0,404,leave_404,,classification_source=rule
/buyback/laptops/sell-thinkpad-t477s-kochi.html,https://www.ewastekochi.com/buyback/laptops/sell-thinkpad-t477s-kochi.html,gsc-url-protection-map,www.ewastekochi.com,other-legacy-service,,,0,0,redirect,leave_404,,classification_source=rule
/buyback/laptops/sell-thinkpad-t478s-kochi.html,https://www.ewastekochi.com/buyback/laptops/sell-thinkpad-t478s-kochi.html,gsc-url-protection-map,www.ewastekochi.com,other-legacy-service,,,0,0,404,leave_404,,classification_source=rule
/buyback/laptops/sell-thinkpad-t481s-kochi.html,https://www.ewastekochi.com/buyback/laptops/sell-thinkpad-t481s-kochi.html,gsc-url-protection-map,www.ewastekochi.com,other-legacy-service,,,0,0,404,leave_404,,classification_source=rule
/buyback/laptops/sell-thinkpad-t482s-kochi.html,https://www.ewastekochi.com/buyback/laptops/sell-thinkpad-t482s-kochi.html,gsc-url-protection-map,www.ewastekochi.com,other-legacy-service,,,0,0,404,leave_404,,classification_source=rule
/buyback/laptops/sell-thinkpad-t484s-kochi.html,https://www.ewastekochi.com/buyback/laptops/sell-thinkpad-t484s-kochi.html,gsc-url-protection-map,www.ewastekochi.com,other-legacy-service,,,0,0,crawled_not_indexed,leave_404,,classification_source=rule
/buyback/laptops/sell-thinkpad-t488s-kochi.html,https://www.ewastekochi.com/buyback/laptops/sell-thinkpad-t488s-kochi.html,gsc-url-protection-map,www.ewastekochi.com,other-legacy-service,,,0,0,redirect,leave_404,,classification_source=rule
/buyback/laptops/sell-thinkpad-t489s-kochi.html,https://www.ewastekochi.com/buyback/laptops/sell-thinkpad-t489s-kochi.html,gsc-url-protection-map,www.ewastekochi.com,other-legacy-service,,,0,0,404,leave_404,,classification_source=rule
/buyback/laptops/sell-thinkpad-t491s-kochi.html,https://www.ewastekochi.com/buyback/laptops/sell-thinkpad-t491s-kochi.html,gsc-url-protection-map,www.ewastekochi.com,other-legacy-service,,,0,2,redirect,leave_404,,classification_source=rule
/buyback/laptops/sell-thinkpad-t492s-kochi.html,https://www.ewastekochi.com/buyback/laptops/sell-thinkpad-t492s-kochi.html,gsc-url-protection-map,www.ewastekochi.com,other-legacy-service,,,0,0,404,leave_404,,classification_source=rule
/buyback/laptops/sell-thinkpad-t498s-kochi.html,https://www.ewastekochi.com/buyback/laptops/sell-thinkpad-t498s-kochi.html,gsc-url-protection-map,www.ewastekochi.com,other-legacy-service,,,0,0,404,leave_404,,classification_source=rule
/buyback/laptops/sell-thinkpad-t499s-kochi.html,https://www.ewastekochi.com/buyback/laptops/sell-thinkpad-t499s-kochi.html,gsc-url-protection-map,www.ewastekochi.com,other-legacy-service,,,0,0,404,leave_404,,classification_source=rule
/buyback/laptops/sell-thinkpad-t500s-kochi.html,https://www.ewastekochi.com/buyback/laptops/sell-thinkpad-t500s-kochi.html,gsc-url-protection-map,www.ewastekochi.com,other-legacy-service,,,0,0,404,leave_404,,classification_source=rule
/buyback/laptops/sell-thinkpad-x1-carbon-gen-12-kochi.html,https://www.ewastekochi.com/buyback/laptops/sell-thinkpad-x1-carbon-gen-12-kochi.html,gsc-url-protection-map,www.ewastekochi.com,other-legacy-service,,,0,0,404,leave_404,,classification_source=rule
/buyback/office-it-clearance-kochi.html,https://www.ewastekochi.com/buyback/office-it-clearance-kochi.html,gsc-url-protection-map,www.ewastekochi.com,other-legacy-service,,,0,0,404,leave_404,,classification_source=rule
/buyback/phones/sell-google-pixel-12-pro-kochi.html,https://www.ewastekochi.com/buyback/phones/sell-google-pixel-12-pro-kochi.html,gsc-url-protection-map,www.ewastekochi.com,other-legacy-service,,,0,0,404,leave_404,,classification_source=rule
/buyback/phones/sell-google-pixel-13-pro-kochi.html,https://www.ewastekochi.com/buyback/phones/sell-google-pixel-13-pro-kochi.html,gsc-url-protection-map,www.ewastekochi.com,other-legacy-service,,,0,0,404,leave_404,,classification_source=rule
/buyback/phones/sell-google-pixel-14-pro-kochi.html,https://www.ewastekochi.com/buyback/phones/sell-google-pixel-14-pro-kochi.html,gsc-url-protection-map,www.ewastekochi.com,other-legacy-service,,,0,0,404,leave_404,,classification_source=rule
/buyback/phones/sell-google-pixel-15-pro-kochi.html,https://www.ewastekochi.com/buyback/phones/sell-google-pixel-15-pro-kochi.html,gsc-url-protection-map,www.ewastekochi.com,other-legacy-service,,,0,0,404,leave_404,,classification_source=rule
/buyback/phones/sell-google-pixel-8-kochi.html,https://www.ewastekochi.com/buyback/phones/sell-google-pixel-8-kochi.html,gsc-url-protection-map,www.ewastekochi.com,other-legacy-service,,,0,0,404,leave_404,,classification_source=rule
/buyback/phones/sell-google-pixel-9-pro-kochi.html,https://www.ewastekochi.com/buyback/phones/sell-google-pixel-9-pro-kochi.html,gsc-url-protection-map,www.ewastekochi.com,other-legacy-service,,,0,0,404,leave_404,,classification_source=rule
/buyback/phones/sell-iphone-1-pro-kochi.html,https://www.ewastekochi.com/buyback/phones/sell-iphone-1-pro-kochi.html,gsc-url-protection-map,www.ewastekochi.com,other-legacy-service,,,0,0,404,leave_404,,classification_source=rule
/buyback/phones/sell-iphone-10-kochi.html,https://www.ewastekochi.com/buyback/phones/sell-iphone-10-kochi.html,gsc-url-protection-map,www.ewastekochi.com,other-legacy-service,,,0,0,404,leave_404,,classification_source=rule
/buyback/phones/sell-iphone-11-pro-kochi.html,https://www.ewastekochi.com/buyback/phones/sell-iphone-11-pro-kochi.html,gsc-url-protection-map,www.ewastekochi.com,other-legacy-service,,,0,0,404,leave_404,,classification_source=rule
/buyback/phones/sell-iphone-12-plus-kochi.html,https://www.ewastekochi.com/buyback/phones/sell-iphone-12-plus-kochi.html,gsc-url-protection-map,www.ewastekochi.com,other-legacy-service,,,0,0,404,leave_404,,classification_source=rule
/buyback/phones/sell-iphone-14-plus-kochi.html,https://www.ewastekochi.com/buyback/phones/sell-iphone-14-plus-kochi.html,gsc-url-protection-map,www.ewastekochi.com,other-legacy-service,,,0,0,404,leave_404,,classification_source=rule
/buyback/phones/sell-iphone-15-pro-max-kochi.html,https://www.ewastekochi.com/buyback/phones/sell-iphone-15-pro-max-kochi.html,gsc-url-protection-map,www.ewastekochi.com,other-legacy-service,,,0,0,404,leave_404,,classification_source=rule
/buyback/phones/sell-iphone-2-pro-kochi.html,https://www.ewastekochi.com/buyback/phones/sell-iphone-2-pro-kochi.html,gsc-url-protection-map,www.ewastekochi.com,other-legacy-service,,,0,0,404,leave_404,,classification_source=rule
/buyback/phones/sell-iphone-3-kochi.html,https://www.ewastekochi.com/buyback/phones/sell-iphone-3-kochi.html,gsc-url-protection-map,www.ewastekochi.com,other-legacy-service,,,0,0,404,leave_404,,classification_source=rule
/buyback/phones/sell-iphone-4-kochi.html,https://www.ewastekochi.com/buyback/phones/sell-iphone-4-kochi.html,gsc-url-protection-map,www.ewastekochi.com,other-legacy-service,,,0,0,404,leave_404,,classification_source=rule
/buyback/phones/sell-iphone-5-pro-kochi.html,https://www.ewastekochi.com/buyback/phones/sell-iphone-5-pro-kochi.html,gsc-url-protection-map,www.ewastekochi.com,other-legacy-service,,,0,0,404,leave_404,,classification_source=rule
/buyback/phones/sell-iphone-6-pro-kochi.html,https://www.ewastekochi.com/buyback/phones/sell-iphone-6-pro-kochi.html,gsc-url-protection-map,www.ewastekochi.com,other-legacy-service,,,0,0,404,leave_404,,classification_source=rule
/buyback/phones/sell-iphone-7-kochi.html,https://www.ewastekochi.com/buyback/phones/sell-iphone-7-kochi.html,gsc-url-protection-map,www.ewastekochi.com,other-legacy-service,,,0,1,404,leave_404,,classification_source=rule
/buyback/phones/sell-iphone-8-kochi.html,https://www.ewastekochi.com/buyback/phones/sell-iphone-8-kochi.html,gsc-url-protection-map,www.ewastekochi.com,other-legacy-service,,,0,0,404,leave_404,,classification_source=rule
/buyback/phones/sell-iphone-8-pro-kochi.html,https://www.ewastekochi.com/buyback/phones/sell-iphone-8-pro-kochi.html,gsc-url-protection-map,www.ewastekochi.com,other-legacy-service,,,0,0,404,leave_404,,classification_source=rule
/buyback/phones/sell-iphone-9-kochi.html,https://www.ewastekochi.com/buyback/phones/sell-iphone-9-kochi.html,gsc-url-protection-map,www.ewastekochi.com,other-legacy-service,,,0,0,404,leave_404,,classification_source=rule
/buyback/phones/sell-iphone-9-pro-max-kochi.html,https://www.ewastekochi.com/buyback/phones/sell-iphone-9-pro-max-kochi.html,gsc-url-protection-map,www.ewastekochi.com,other-legacy-service,,,0,0,404,leave_404,,classification_source=rule
/buyback/phones/sell-nothing-phone-1-kochi.html,https://www.ewastekochi.com/buyback/phones/sell-nothing-phone-1-kochi.html,gsc-url-protection-map,www.ewastekochi.com,other-legacy-service,,,0,0,404,leave_404,,classification_source=rule
/buyback/phones/sell-nothing-phone-3-kochi.html,https://www.ewastekochi.com/buyback/phones/sell-nothing-phone-3-kochi.html,gsc-url-protection-map,www.ewastekochi.com,other-legacy-service,,,0,0,404,leave_404,,classification_source=rule
/buyback/phones/sell-nothing-phone-4-kochi.html,https://www.ewastekochi.com/buyback/phones/sell-nothing-phone-4-kochi.html,gsc-url-protection-map,www.ewastekochi.com,other-legacy-service,,,0,0,404,leave_404,,classification_source=rule
/buyback/phones/sell-oneplus-10-pro-kochi.html,https://www.ewastekochi.com/buyback/phones/sell-oneplus-10-pro-kochi.html,gsc-url-protection-map,www.ewastekochi.com,other-legacy-service,,,0,0,404,leave_404,,classification_source=rule
/buyback/phones/sell-oneplus-11-pro-kochi.html,https://www.ewastekochi.com/buyback/phones/sell-oneplus-11-pro-kochi.html,gsc-url-protection-map,www.ewastekochi.com,other-legacy-service,,,0,0,404,leave_404,,classification_source=rule
/buyback/phones/sell-oneplus-12-kochi.html,https://www.ewastekochi.com/buyback/phones/sell-oneplus-12-kochi.html,gsc-url-protection-map,www.ewastekochi.com,other-legacy-service,,,0,0,404,leave_404,,classification_source=rule
/buyback/phones/sell-oneplus-12t-kochi.html,https://www.ewastekochi.com/buyback/phones/sell-oneplus-12t-kochi.html,gsc-url-protection-map,www.ewastekochi.com,other-legacy-service,,,0,0,404,leave_404,,classification_source=rule
/buyback/phones/sell-oneplus-13t-kochi.html,https://www.ewastekochi.com/buyback/phones/sell-oneplus-13t-kochi.html,gsc-url-protection-map,www.ewastekochi.com,other-legacy-service,,,0,0,404,leave_404,,classification_source=rule
/buyback/phones/sell-oneplus-15t-kochi.html,https://www.ewastekochi.com/buyback/phones/sell-oneplus-15t-kochi.html,gsc-url-protection-map,www.ewastekochi.com,other-legacy-service,,,0,0,404,leave_404,,classification_source=rule
/buyback/phones/sell-oneplus-4-pro-kochi.html,https://www.ewastekochi.com/buyback/phones/sell-oneplus-4-pro-kochi.html,gsc-url-protection-map,www.ewastekochi.com,other-legacy-service,,,0,0,404,leave_404,,classification_source=rule
/buyback/phones/sell-oneplus-6-pro-kochi.html,https://www.ewastekochi.com/buyback/phones/sell-oneplus-6-pro-kochi.html,gsc-url-protection-map,www.ewastekochi.com,other-legacy-service,,,0,0,404,leave_404,,classification_source=rule
/buyback/phones/sell-oneplus-8t-kochi.html,https://www.ewastekochi.com/buyback/phones/sell-oneplus-8t-kochi.html,gsc-url-protection-map,www.ewastekochi.com,other-legacy-service,,,0,0,404,leave_404,,classification_source=rule
/buyback/phones/sell-poco-10-pro-kochi.html,https://www.ewastekochi.com/buyback/phones/sell-poco-10-pro-kochi.html,gsc-url-protection-map,www.ewastekochi.com,other-legacy-service,,,0,0,404,leave_404,,classification_source=rule
/buyback/phones/sell-poco-7-pro-kochi.html,https://www.ewastekochi.com/buyback/phones/sell-poco-7-pro-kochi.html,gsc-url-protection-map,www.ewastekochi.com,other-legacy-service,,,0,0,404,leave_404,,classification_source=rule
/buyback/phones/sell-poco-9-pro-kochi.html,https://www.ewastekochi.com/buyback/phones/sell-poco-9-pro-kochi.html,gsc-url-protection-map,www.ewastekochi.com,other-legacy-service,,,0,0,404,leave_404,,classification_source=rule
/buyback/phones/sell-samsung-a105-kochi.html,https://www.ewastekochi.com/buyback/phones/sell-samsung-a105-kochi.html,gsc-url-protection-map,www.ewastekochi.com,other-legacy-service,,,0,0,404,leave_404,,classification_source=rule
/buyback/phones/sell-samsung-a125-kochi.html,https://www.ewastekochi.com/buyback/phones/sell-samsung-a125-kochi.html,gsc-url-protection-map,www.ewastekochi.com,other-legacy-service,,,0,0,404,leave_404,,classification_source=rule
/buyback/phones/sell-samsung-a145-kochi/,https://www.ewastekochi.com/buyback/phones/sell-samsung-a145-kochi/,gsc-url-protection-map,www.ewastekochi.com,other-legacy-service,,sell-samsung-a145-kochi,0,0,404,leave_404,,classification_source=rule
/buyback/phones/sell-samsung-a75-kochi.html,https://www.ewastekochi.com/buyback/phones/sell-samsung-a75-kochi.html,gsc-url-protection-map,www.ewastekochi.com,other-legacy-service,,,0,0,404,leave_404,,classification_source=rule
/buyback/phones/sell-samsung-galaxy-a17-kochi.html,https://www.ewastekochi.com/buyback/phones/sell-samsung-galaxy-a17-kochi.html,gsc-url-protection-map,www.ewastekochi.com,other-legacy-service,,,0,0,404,leave_404,,classification_source=rule
/buyback/phones/sell-samsung-galaxy-a18-kochi.html,https://www.ewastekochi.com/buyback/phones/sell-samsung-galaxy-a18-kochi.html,gsc-url-protection-map,www.ewastekochi.com,other-legacy-service,,,0,0,404,leave_404,,classification_source=rule
/buyback/phones/sell-samsung-galaxy-a24-kochi.html,https://www.ewastekochi.com/buyback/phones/sell-samsung-galaxy-a24-kochi.html,gsc-url-protection-map,www.ewastekochi.com,other-legacy-service,,,0,0,404,leave_404,,classification_source=rule
/buyback/phones/sell-samsung-galaxy-a25-kochi.html,https://www.ewastekochi.com/buyback/phones/sell-samsung-galaxy-a25-kochi.html,gsc-url-protection-map,www.ewastekochi.com,other-legacy-service,,,0,0,404,leave_404,,classification_source=rule
/buyback/phones/sell-samsung-galaxy-s12-ultra-kochi.html,https://www.ewastekochi.com/buyback/phones/sell-samsung-galaxy-s12-ultra-kochi.html,gsc-url-protection-map,www.ewastekochi.com,other-legacy-service,,,0,0,404,leave_404,,classification_source=rule
/buyback/phones/sell-samsung-galaxy-s14-ultra-kochi.html,https://www.ewastekochi.com/buyback/phones/sell-samsung-galaxy-s14-ultra-kochi.html,gsc-url-protection-map,www.ewastekochi.com,other-legacy-service,,,0,0,404,leave_404,,classification_source=rule
/buyback/phones/sell-samsung-galaxy-s8-ultra-kochi.html,https://www.ewastekochi.com/buyback/phones/sell-samsung-galaxy-s8-ultra-kochi.html,gsc-url-protection-map,www.ewastekochi.com,other-legacy-service,,,0,0,404,leave_404,,classification_source=rule
/buyback/phones/sell-samsung-s11-ultra-kochi.html,https://www.ewastekochi.com/buyback/phones/sell-samsung-s11-ultra-kochi.html,gsc-url-protection-map,www.ewastekochi.com,other-legacy-service,,,0,0,404,leave_404,,classification_source=rule
/buyback/phones/sell-samsung-s13-ultra-kochi.html,https://www.ewastekochi.com/buyback/phones/sell-samsung-s13-ultra-kochi.html,gsc-url-protection-map,www.ewastekochi.com,other-legacy-service,,,0,0,404,leave_404,,classification_source=rule
/buyback/phones/sell-samsung-s24-kochi.html,https://www.ewastekochi.com/buyback/phones/sell-samsung-s24-kochi.html,gsc-url-protection-map,www.ewastekochi.com,other-legacy-service,,,0,0,404,leave_404,,classification_source=rule
/buyback/phones/sell-samsung-s7-ultra-kochi.html,https://www.ewastekochi.com/buyback/phones/sell-samsung-s7-ultra-kochi.html,gsc-url-protection-map,www.ewastekochi.com,other-legacy-service,,,0,0,404,leave_404,,classification_source=rule
/buyback/phones/sell-samsung-s8-ultra-kochi.html,https://www.ewastekochi.com/buyback/phones/sell-samsung-s8-ultra-kochi.html,gsc-url-protection-map,www.ewastekochi.com,other-legacy-service,,,0,0,404,leave_404,,classification_source=rule
/buyback/phones/sell-xiaomi-redmi-note-13-kochi.html,https://www.ewastekochi.com/buyback/phones/sell-xiaomi-redmi-note-13-kochi.html,gsc-url-protection-map,www.ewastekochi.com,other-legacy-service,,,0,0,404,leave_404,,classification_source=rule
/buyback/phones/sell-xiaomi-redmi-note-16-kochi.html,https://www.ewastekochi.com/buyback/phones/sell-xiaomi-redmi-note-16-kochi.html,gsc-url-protection-map,www.ewastekochi.com,other-legacy-service,,,0,0,404,leave_404,,classification_source=rule
/buyback/phones/sell-xiaomi-redmi-note-20-kochi.html,https://www.ewastekochi.com/buyback/phones/sell-xiaomi-redmi-note-20-kochi.html,gsc-url-protection-map,www.ewastekochi.com,other-legacy-service,,,0,0,404,leave_404,,classification_source=rule
/buyback/phones/sell-xiaomi-redmi-note-7-kochi.html,https://www.ewastekochi.com/buyback/phones/sell-xiaomi-redmi-note-7-kochi.html,gsc-url-protection-map,www.ewastekochi.com,other-legacy-service,,,0,0,404,leave_404,,classification_source=rule
/buyback/phones/sell-xiaomi-redmi-note-8-kochi.html,https://www.ewastekochi.com/buyback/phones/sell-xiaomi-redmi-note-8-kochi.html,gsc-url-protection-map,www.ewastekochi.com,other-legacy-service,,,0,0,404,leave_404,,classification_source=rule
/buyback/phones/sell-xiaomi-redmi-note-9-kochi.html,https://www.ewastekochi.com/buyback/phones/sell-xiaomi-redmi-note-9-kochi.html,gsc-url-protection-map,www.ewastekochi.com,other-legacy-service,,,0,0,404,leave_404,,classification_source=rule
/buyback/sell-water-damaged-macbook-kochi.html,https://www.ewastekochi.com/buyback/sell-water-damaged-macbook-kochi.html,gsc-url-protection-map,www.ewastekochi.com,other-legacy-service,,,0,0,404,leave_404,,classification_source=rule
/case-studies/,https://www.ewastekochi.com/case-studies/,gsc-url-protection-map,www.ewastekochi.com,other-legacy-service,,case-studies,0,0,404,leave_404,,classification_source=rule
/comparisons/cashify-vs-ewastekochi.html,https://www.ewastekochi.com/comparisons/cashify-vs-ewastekochi.html,gsc-url-protection-map,www.ewastekochi.com,other-legacy-service,,,0,22,indexed-with-traffic,leave_404,,classification_source=rule
/compliance/certificate-verification.html,https://www.ewastekochi.com/compliance/certificate-verification.html,gsc-url-protection-map,www.ewastekochi.com,other-legacy-service,,,0,18,indexed-with-traffic,leave_404,,classification_source=rule
/compliance/nist-800-88-explained.html,https://www.ewastekochi.com/compliance/nist-800-88-explained.html,gsc-url-protection-map,www.ewastekochi.com,other-legacy-service,,,0,0,404,leave_404,,classification_source=rule
/computer-scrap-buyers-kochi/,https://www.ewastekochi.com/computer-scrap-buyers-kochi/,gsc-indexed-url-upgrade-map;gsc-url-protection-map,www.ewastekochi.com,other-legacy-service,,computer-scrap-buyers-kochi,3,76,indexed-with-traffic,keep_200,https://www.ewastekochi.com/computer-scrap-buyers-kochi/,classification_source=v2-live;confirmed_indexed_2026-07-10
/computer-scrap-dealers-mg-road-kochi/,https://www.ewastekochi.com/computer-scrap-dealers-mg-road-kochi/,gsc-url-protection-map,www.ewastekochi.com,other-legacy-service,,computer-scrap-dealers-mg-road-kochi,0,17,crawled_not_indexed,leave_404,,classification_source=rule
/contact.html,https://www.ewastekochi.com/contact.html,gsc-url-protection-map,www.ewastekochi.com,other-legacy-service,,,0,1,crawled_not_indexed,leave_404,,classification_source=rule
/contact/,https://www.ewastekochi.com/contact/,gsc-indexed-url-upgrade-map;gsc-url-protection-map;manual-high-intent-list,www.ewastekochi.com,core,,contact,10,310,redirect|crawled_not_indexed,manual-high-intent,https://www.ewastekochi.com/contact/,Top conversion page
/data-destruction-services-kochi/,https://www.ewastekochi.com/data-destruction-services-kochi/,gsc-indexed-url-upgrade-map;gsc-url-protection-map;gsc-indexed-redirect-map;manual-high-intent-list,www.ewastekochi.com,legacy-alias,,data-destruction-services-kochi,0,16,indexed-with-traffic,manual-high-intent,https://www.ewastekochi.com/data-destruction/,Expected high-intent data destruction alias
/data-destruction/,https://www.ewastekochi.com/data-destruction/,gsc-indexed-url-upgrade-map;gsc-url-protection-map,www.ewastekochi.com,other-legacy-service,,data-destruction,5,191,indexed-with-traffic,keep_200,https://www.ewastekochi.com/data-destruction/,classification_source=v2-live;confirmed_indexed_2026-07-10
/dpdp-act-guide.html,https://www.ewastekochi.com/dpdp-act-guide.html,gsc-url-protection-map,www.ewastekochi.com,other-legacy-service,,,0,0,404,leave_404,,classification_source=rule
/dpdp-act-kochi/,https://www.ewastekochi.com/dpdp-act-kochi/,gsc-url-protection-map,www.ewastekochi.com,other-legacy-service,,dpdp-act-kochi,0,0,404,leave_404,,classification_source=rule
/e-waste-collection-kochi/,https://www.ewastekochi.com/e-waste-collection-kochi/,gsc-url-protection-map,www.ewastekochi.com,other-legacy-service,,e-waste-collection-kochi,0,0,discovered_not_indexed,leave_404,,classification_source=rule
/e-waste-recycling/,https://www.ewastekochi.com/e-waste-recycling/,gsc-indexed-url-upgrade-map;gsc-url-protection-map;gsc-indexed-redirect-map,www.ewastekochi.com,other-legacy-service,,e-waste-recycling,0,11,indexed-with-traffic,redirect_configured,https://www.ewastekochi.com/recycling/,Indexed legacy URL has a relevant one-hop 301 target in vercel.json; do not rebuild as a thin page.
/e-waste-rules-2022-india/,https://www.ewastekochi.com/e-waste-rules-2022-india/,gsc-url-protection-map,www.ewastekochi.com,other-legacy-service,,e-waste-rules-2022-india,1,37,crawled_not_indexed,manual_review,,classification_source=rule
/e-waste-scrap-prices-kochi/,https://www.ewastekochi.com/e-waste-scrap-prices-kochi/,gsc-indexed-url-upgrade-map;gsc-url-protection-map,www.ewastekochi.com,other-legacy-service,,e-waste-scrap-prices-kochi,3,106,indexed-with-traffic,keep_200,https://www.ewastekochi.com/e-waste-scrap-prices-kochi/,classification_source=v2-live;confirmed_indexed_2026-07-10
/e-waste-vyttila.html,https://www.ewastekochi.com/e-waste-vyttila.html,gsc-url-protection-map,www.ewastekochi.com,other-legacy-service,,,0,0,404,leave_404,,classification_source=rule
/e-waste/,https://www.ewastekochi.com/e-waste/,manual-high-intent-list,www.ewastekochi.com,service,,,0,0,,manual-high-intent,,High-intent expected core alias/pillar
/ewaste/,https://www.ewastekochi.com/ewaste/,gsc-url-protection-map,www.ewastekochi.com,other-legacy-service,,ewaste,0,39,404|alt_canonical,leave_404,,classification_source=rule
/faq.html,https://www.ewastekochi.com/faq.html,gsc-url-protection-map,www.ewastekochi.com,other-legacy-service,,,0,1,redirect,leave_404,,classification_source=rule
/faq/,https://www.ewastekochi.com/faq/,gsc-indexed-url-upgrade-map;gsc-url-protection-map,www.ewastekochi.com,other-legacy-service,,faq,11,324,redirect|alt_canonical,keep_200,https://www.ewastekochi.com/faq/,classification_source=v2-live;confirmed_indexed_2026-07-10
/free-e-waste-pickup-kochi/,https://www.ewastekochi.com/free-e-waste-pickup-kochi/,gsc-url-protection-map,www.ewastekochi.com,other-legacy-service,,free-e-waste-pickup-kochi,0,0,discovered_not_indexed,redirect_301,(see vercel.json),classification_source=v2-redirect
/get-instant-quote.html,https://www.ewastekochi.com/get-instant-quote.html,gsc-url-protection-map,www.ewastekochi.com,other-legacy-service,,,0,0,404,leave_404,,classification_source=rule
/hard-drive-destruction-kochi/,https://www.ewastekochi.com/hard-drive-destruction-kochi/,gsc-url-protection-map,www.ewastekochi.com,other-legacy-service,,hard-drive-destruction-kochi,0,0,404,leave_404,,classification_source=rule
/hard-drive-shredding/,https://www.ewastekochi.com/hard-drive-shredding/,gsc-indexed-url-upgrade-map;gsc-url-protection-map,www.ewastekochi.com,other-legacy-service,,hard-drive-shredding,0,15,indexed-with-traffic,keep_200,https://www.ewastekochi.com/hard-drive-shredding/,classification_source=v2-live;confirmed_indexed_2026-07-10
/hi/services/computer-recycling/,https://www.ewastekochi.com/hi/services/computer-recycling/,gsc-url-protection-map,www.ewastekochi.com,hindi,,computer-recycling,0,25,404,manual_review,,classification_source=rule
/hi/services/e-waste-recycling-kochi/,https://www.ewastekochi.com/hi/services/e-waste-recycling-kochi/,gsc-url-protection-map,www.ewastekochi.com,hindi,,e-waste-recycling-kochi,3,107,404,manual_review,,classification_source=rule
/hi/services/laptop-buyback-kochi/,https://www.ewastekochi.com/hi/services/laptop-buyback-kochi/,gsc-url-protection-map,www.ewastekochi.com,hindi,,laptop-buyback-kochi,0,9,404,manual_review,,classification_source=rule
/hi/services/mobile-recycling-kochi/,https://www.ewastekochi.com/hi/services/mobile-recycling-kochi/,gsc-url-protection-map,www.ewastekochi.com,hindi,,mobile-recycling-kochi,0,18,404,manual_review,,classification_source=rule
/hi/services/network-equipment-disposal-kochi/,https://www.ewastekochi.com/hi/services/network-equipment-disposal-kochi/,gsc-url-protection-map,www.ewastekochi.com,hindi,,network-equipment-disposal-kochi,0,0,404,manual_review,,classification_source=rule
/index-enhanced/,https://www.ewastekochi.com/index-enhanced/,gsc-url-protection-map,www.ewastekochi.com,other-legacy-service,,index-enhanced,0,0,404,leave_404,,classification_source=rule
/index-old/,https://www.ewastekochi.com/index-old/,gsc-url-protection-map,www.ewastekochi.com,other-legacy-service,,index-old,0,22,404,leave_404,,classification_source=rule
/industries/banks-financial-data-destruction.html,https://www.ewastekochi.com/industries/banks-financial-data-destruction.html,gsc-url-protection-map,www.ewastekochi.com,legacy-html,,,0,1,indexed-with-traffic,leave_404,,classification_source=rule
/industries/it-companies-infopark.html,https://www.ewastekochi.com/industries/it-companies-infopark.html,gsc-url-protection-map,www.ewastekochi.com,legacy-html,,,0,14,indexed-with-traffic,leave_404,,classification_source=rule
/industries/manufacturing-ewaste.html,https://www.ewastekochi.com/industries/manufacturing-ewaste.html,gsc-url-protection-map,www.ewastekochi.com,legacy-html,,,0,6,redirect,leave_404,,classification_source=rule
/industries/schools-education-ewaste.html,https://www.ewastekochi.com/industries/schools-education-ewaste.html,gsc-url-protection-map,www.ewastekochi.com,legacy-html,,,0,19,indexed-with-traffic,leave_404,,classification_source=rule
/industries/startups-itad-kochi.html,https://www.ewastekochi.com/industries/startups-itad-kochi.html,gsc-url-protection-map,www.ewastekochi.com,legacy-html,,,0,9,404,leave_404,,classification_source=rule
/itad-faq-kochi/,https://www.ewastekochi.com/itad-faq-kochi/,gsc-url-protection-map,www.ewastekochi.com,other-legacy-service,,itad-faq-kochi,0,0,redirect,leave_404,,classification_source=rule
/itad-kochi.html,https://www.ewastekochi.com/itad-kochi.html,gsc-url-protection-map,www.ewastekochi.com,other-legacy-service,,,0,2,404,leave_404,,classification_source=rule
/itad-kochi/,https://www.ewastekochi.com/itad-kochi/,gsc-url-protection-map,www.ewastekochi.com,other-legacy-service,,itad-kochi,0,1,indexed-with-traffic,leave_404,,classification_source=rule
/itad-services/,https://www.ewastekochi.com/itad-services/,gsc-url-protection-map,www.ewastekochi.com,other-legacy-service,,itad-services,0,1,crawled_not_indexed,leave_404,,classification_source=rule
/itad/,https://www.ewastekochi.com/itad/,gsc-indexed-url-upgrade-map;gsc-url-protection-map,www.ewastekochi.com,other-legacy-service,,itad,2,162,redirect,keep_200,https://www.ewastekochi.com/itad/,classification_source=v2-live;confirmed_indexed_2026-07-10
/itad/data-destruction-infopark.html,https://www.ewastekochi.com/itad/data-destruction-infopark.html,gsc-url-protection-map,www.ewastekochi.com,other-legacy-service,,,0,0,404,leave_404,,classification_source=rule
/itad/it-clearance-smartcity-kochi.html,https://www.ewastekochi.com/itad/it-clearance-smartcity-kochi.html,gsc-url-protection-map,www.ewastekochi.com,other-legacy-service,,,0,0,404,leave_404,,classification_source=rule
/itad/nist-800-88-vs-dod-5220-22m/,https://www.ewastekochi.com/itad/nist-800-88-vs-dod-5220-22m/,gsc-url-protection-map,www.ewastekochi.com,other-legacy-service,,nist-800-88-vs-dod-5220-22m,0,0,404,leave_404,,classification_source=rule
/itad/server-recycling-kochi.html,https://www.ewastekochi.com/itad/server-recycling-kochi.html,gsc-url-protection-map,www.ewastekochi.com,other-legacy-service,,,0,0,404,leave_404,,classification_source=rule
/itad/services/networking-cables-scrap.html,https://www.ewastekochi.com/itad/services/networking-cables-scrap.html,gsc-url-protection-map,www.ewastekochi.com,other-legacy-service,,,0,0,crawled_not_indexed,leave_404,,classification_source=rule
/itad/services/networking-cables-scrap/,https://www.ewastekochi.com/itad/services/networking-cables-scrap/,gsc-url-protection-map,www.ewastekochi.com,other-legacy-service,,networking-cables-scrap,0,0,404,leave_404,,classification_source=rule
/itad/services/sell-ups-batteries-kochi.html,https://www.ewastekochi.com/itad/services/sell-ups-batteries-kochi.html,gsc-url-protection-map,www.ewastekochi.com,other-legacy-service,,,0,0,404,leave_404,,classification_source=rule
/landing/,https://www.ewastekochi.com/landing/,gsc-url-protection-map,www.ewastekochi.com,other-legacy-service,,landing,0,0,404,leave_404,,classification_source=rule
/laptop-recycling-near-me/,https://www.ewastekochi.com/laptop-recycling-near-me/,gsc-url-protection-map,www.ewastekochi.com,other-legacy-service,,laptop-recycling-near-me,2,15,404,manual_review,,classification_source=rule
/lcd-monitor-recycling-kochi.html,https://www.ewastekochi.com/lcd-monitor-recycling-kochi.html,gsc-url-protection-map,www.ewastekochi.com,other-legacy-service,,,0,0,404,leave_404,,classification_source=rule
/locations/,https://www.ewastekochi.com/locations/,gsc-indexed-url-upgrade-map;gsc-url-protection-map,www.ewastekochi.com,other-legacy-service,,locations,2,63,redirect,keep_200,https://www.ewastekochi.com/locations/,classification_source=v2-live;confirmed_indexed_2026-07-10
/locations/aluva/,https://www.ewastekochi.com/locations/aluva/,gsc-indexed-url-upgrade-map;gsc-url-protection-map,www.ewastekochi.com,location-page,aluva,aluva,17,293,redirect,keep_200,https://www.ewastekochi.com/locations/aluva/,classification_source=v2-live;confirmed_indexed_2026-07-10
/locations/aluva/air-conditioner-recycling-kochi/,https://www.ewastekochi.com/locations/aluva/air-conditioner-recycling-kochi/,gsc-url-protection-map,www.ewastekochi.com,location-service-matrix,aluva,air-conditioner-recycling-kochi,0,1,alt_canonical|crawled_not_indexed,leave_404,,classification_source=rule
/locations/aluva/battery-recycling-kochi/,https://www.ewastekochi.com/locations/aluva/battery-recycling-kochi/,gsc-url-protection-map,www.ewastekochi.com,location-service-matrix,aluva,battery-recycling-kochi,0,2,redirect,redirect_301,(see vercel.json),classification_source=v2-redirect
/locations/aluva/certificate-of-destruction-kochi/,https://www.ewastekochi.com/locations/aluva/certificate-of-destruction-kochi/,gsc-indexed-url-upgrade-map;gsc-url-protection-map,www.ewastekochi.com,location-service-matrix,aluva,certificate-of-destruction-kochi,0,0,redirect,leave_404,,classification_source=rule;confirmed_indexed_2026-07-10
/locations/aluva/corporate-ewaste-kochi/,https://www.ewastekochi.com/locations/aluva/corporate-ewaste-kochi/,gsc-url-protection-map,www.ewastekochi.com,location-service-matrix,aluva,corporate-ewaste-kochi,0,0,alt_canonical|crawled_not_indexed,leave_404,,classification_source=rule
/locations/aluva/data-destruction-kochi/,https://www.ewastekochi.com/locations/aluva/data-destruction-kochi/,gsc-url-protection-map,www.ewastekochi.com,location-service-matrix,aluva,data-destruction-kochi,0,3,redirect,redirect_301,(see vercel.json),classification_source=v2-redirect
/locations/aluva/dpdp-act-compliance-kochi/,https://www.ewastekochi.com/locations/aluva/dpdp-act-compliance-kochi/,gsc-indexed-url-upgrade-map;gsc-url-protection-map,www.ewastekochi.com,location-service-matrix,aluva,dpdp-act-compliance-kochi,0,0,indexed,leave_404,,classification_source=indexed-pages-crosscheck-2026-07-10
/locations/aluva/e-waste-recycling-kochi/,https://www.ewastekochi.com/locations/aluva/e-waste-recycling-kochi/,gsc-url-protection-map,www.ewastekochi.com,location-service-matrix,aluva,e-waste-recycling-kochi,0,20,redirect,redirect_301,(see vercel.json),classification_source=v2-redirect
/locations/aluva/free-ewaste-pickup-kochi/,https://www.ewastekochi.com/locations/aluva/free-ewaste-pickup-kochi/,gsc-url-protection-map,www.ewastekochi.com,location-service-matrix,aluva,free-ewaste-pickup-kochi,1,15,redirect,redirect_301,(see vercel.json),classification_source=v2-redirect
/locations/aluva/hard-drive-shredding-kochi/,https://www.ewastekochi.com/locations/aluva/hard-drive-shredding-kochi/,gsc-indexed-url-upgrade-map;gsc-url-protection-map,www.ewastekochi.com,location-service-matrix,aluva,hard-drive-shredding-kochi,0,0,alt_canonical,leave_404,,classification_source=rule;confirmed_indexed_2026-07-10
/locations/aluva/itad-kochi/,https://www.ewastekochi.com/locations/aluva/itad-kochi/,gsc-url-protection-map,www.ewastekochi.com,location-service-matrix,aluva,itad-kochi,0,1,alt_canonical,redirect_301,(see vercel.json),classification_source=v2-redirect
/locations/aluva/laptop-buyback-kochi/,https://www.ewastekochi.com/locations/aluva/laptop-buyback-kochi/,gsc-url-protection-map,www.ewastekochi.com,location-service-matrix,aluva,laptop-buyback-kochi,1,5,redirect,redirect_301,(see vercel.json),classification_source=v2-redirect
/locations/aluva/mobile-recycling-kochi/,https://www.ewastekochi.com/locations/aluva/mobile-recycling-kochi/,gsc-indexed-url-upgrade-map;gsc-url-protection-map,www.ewastekochi.com,location-service-matrix,aluva,mobile-recycling-kochi,0,2,alt_canonical,leave_404,,classification_source=rule;confirmed_indexed_2026-07-10
/locations/aluva/printer-recycling-kochi/,https://www.ewastekochi.com/locations/aluva/printer-recycling-kochi/,gsc-indexed-url-upgrade-map;gsc-url-protection-map,www.ewastekochi.com,location-service-matrix,aluva,printer-recycling-kochi,0,1,alt_canonical,leave_404,,classification_source=rule;confirmed_indexed_2026-07-10
/locations/aluva/sell-electronics-kochi/,https://www.ewastekochi.com/locations/aluva/sell-electronics-kochi/,gsc-url-protection-map,www.ewastekochi.com,location-service-matrix,aluva,sell-electronics-kochi,0,5,crawled_not_indexed,redirect_301,(see vercel.json),classification_source=v2-redirect
/locations/aluva/server-recycling-kochi/,https://www.ewastekochi.com/locations/aluva/server-recycling-kochi/,gsc-url-protection-map,www.ewastekochi.com,location-service-matrix,aluva,server-recycling-kochi,0,1,redirect,redirect_301,(see vercel.json),classification_source=v2-redirect
/locations/aluva/tv-monitor-recycling-kochi/,https://www.ewastekochi.com/locations/aluva/tv-monitor-recycling-kochi/,gsc-url-protection-map,www.ewastekochi.com,location-service-matrix,aluva,tv-monitor-recycling-kochi,0,0,redirect,leave_404,,classification_source=rule
/locations/aluva/ups-inverter-recycling-kochi/,https://www.ewastekochi.com/locations/aluva/ups-inverter-recycling-kochi/,gsc-url-protection-map,www.ewastekochi.com,location-service-matrix,aluva,ups-inverter-recycling-kochi,0,6,redirect,redirect_301,(see vercel.json),classification_source=v2-redirect
/locations/angamaly/,https://www.ewastekochi.com/locations/angamaly/,gsc-indexed-url-upgrade-map;gsc-url-protection-map,www.ewastekochi.com,location-page,angamaly,angamaly,6,134,redirect,manual_review,https://www.ewastekochi.com/locations/angamaly/,classification_source=rule;confirmed_indexed_2026-07-10
/locations/angamaly/air-conditioner-recycling-kochi/,https://www.ewastekochi.com/locations/angamaly/air-conditioner-recycling-kochi/,gsc-url-protection-map,www.ewastekochi.com,location-service-matrix,angamaly,air-conditioner-recycling-kochi,1,1,redirect,redirect_301,/locations/angamaly/,classification_source=rule;implemented_in_vercel.json_2026-07-15
/locations/angamaly/battery-recycling-kochi/,https://www.ewastekochi.com/locations/angamaly/battery-recycling-kochi/,gsc-url-protection-map,www.ewastekochi.com,location-service-matrix,angamaly,battery-recycling-kochi,0,2,redirect,redirect_301,(see vercel.json),classification_source=v2-redirect
/locations/angamaly/certificate-of-destruction-kochi/,https://www.ewastekochi.com/locations/angamaly/certificate-of-destruction-kochi/,gsc-indexed-url-upgrade-map;gsc-url-protection-map,www.ewastekochi.com,location-service-matrix,angamaly,certificate-of-destruction-kochi,0,0,alt_canonical,leave_404,,classification_source=rule;confirmed_indexed_2026-07-10
/locations/angamaly/computer-recycling/,https://www.ewastekochi.com/locations/angamaly/computer-recycling/,gsc-url-protection-map,www.ewastekochi.com,location-service-matrix,angamaly,computer-recycling,0,0,404,leave_404,,classification_source=rule
/locations/angamaly/corporate-ewaste-kochi/,https://www.ewastekochi.com/locations/angamaly/corporate-ewaste-kochi/,gsc-indexed-url-upgrade-map;gsc-url-protection-map,www.ewastekochi.com,location-service-matrix,angamaly,corporate-ewaste-kochi,0,2,alt_canonical,leave_404,,classification_source=rule;confirmed_indexed_2026-07-10
/locations/angamaly/data-destruction-kochi/,https://www.ewastekochi.com/locations/angamaly/data-destruction-kochi/,gsc-indexed-url-upgrade-map;gsc-url-protection-map,www.ewastekochi.com,location-service-matrix,angamaly,data-destruction-kochi,0,0,alt_canonical,leave_404,,classification_source=rule;confirmed_indexed_2026-07-10
/locations/angamaly/dpdp-act-compliance-kochi/,https://www.ewastekochi.com/locations/angamaly/dpdp-act-compliance-kochi/,gsc-url-protection-map,www.ewastekochi.com,location-service-matrix,angamaly,dpdp-act-compliance-kochi,0,0,redirect,leave_404,,classification_source=rule
/locations/angamaly/e-waste-recycling-kochi/,https://www.ewastekochi.com/locations/angamaly/e-waste-recycling-kochi/,gsc-url-protection-map,www.ewastekochi.com,location-service-matrix,angamaly,e-waste-recycling-kochi,0,5,redirect|crawled_not_indexed,redirect_301,(see vercel.json),classification_source=v2-redirect
/locations/angamaly/free-ewaste-pickup-kochi/,https://www.ewastekochi.com/locations/angamaly/free-ewaste-pickup-kochi/,gsc-url-protection-map,www.ewastekochi.com,location-service-matrix,angamaly,free-ewaste-pickup-kochi,1,10,redirect,redirect_301,(see vercel.json),classification_source=v2-redirect
/locations/angamaly/hard-drive-shredding-kochi/,https://www.ewastekochi.com/locations/angamaly/hard-drive-shredding-kochi/,gsc-indexed-url-upgrade-map;gsc-url-protection-map,www.ewastekochi.com,location-service-matrix,angamaly,hard-drive-shredding-kochi,0,0,indexed,leave_404,,classification_source=indexed-pages-crosscheck-2026-07-10
/locations/angamaly/itad-kochi/,https://www.ewastekochi.com/locations/angamaly/itad-kochi/,gsc-url-protection-map,www.ewastekochi.com,location-service-matrix,angamaly,itad-kochi,0,1,redirect,redirect_301,(see vercel.json),classification_source=v2-redirect
/locations/angamaly/laptop-buyback-kochi/,https://www.ewastekochi.com/locations/angamaly/laptop-buyback-kochi/,gsc-indexed-url-upgrade-map;gsc-url-protection-map,www.ewastekochi.com,location-service-matrix,angamaly,laptop-buyback-kochi,0,0,indexed,leave_404,,classification_source=indexed-pages-crosscheck-2026-07-10
/locations/angamaly/mobile-recycling-kochi/,https://www.ewastekochi.com/locations/angamaly/mobile-recycling-kochi/,gsc-indexed-url-upgrade-map;gsc-url-protection-map,www.ewastekochi.com,location-service-matrix,angamaly,mobile-recycling-kochi,0,2,alt_canonical,leave_404,,classification_source=rule;confirmed_indexed_2026-07-10
/locations/angamaly/network-equipment-disposal-kochi/,https://www.ewastekochi.com/locations/angamaly/network-equipment-disposal-kochi/,gsc-url-protection-map,www.ewastekochi.com,location-service-matrix,angamaly,network-equipment-disposal-kochi,0,0,alt_canonical|crawled_not_indexed,leave_404,,classification_source=rule
/locations/angamaly/printer-recycling-kochi/,https://www.ewastekochi.com/locations/angamaly/printer-recycling-kochi/,gsc-url-protection-map,www.ewastekochi.com,location-service-matrix,angamaly,printer-recycling-kochi,0,3,redirect,leave_404,,classification_source=rule
/locations/angamaly/server-recycling-kochi/,https://www.ewastekochi.com/locations/angamaly/server-recycling-kochi/,gsc-url-protection-map,www.ewastekochi.com,location-service-matrix,angamaly,server-recycling-kochi,0,1,redirect,redirect_301,(see vercel.json),classification_source=v2-redirect
/locations/angamaly/tv-monitor-recycling-kochi/,https://www.ewastekochi.com/locations/angamaly/tv-monitor-recycling-kochi/,gsc-indexed-url-upgrade-map;gsc-url-protection-map,www.ewastekochi.com,location-service-matrix,angamaly,tv-monitor-recycling-kochi,0,0,indexed,leave_404,,classification_source=indexed-pages-crosscheck-2026-07-10
/locations/angamaly/ups-inverter-recycling-kochi/,https://www.ewastekochi.com/locations/angamaly/ups-inverter-recycling-kochi/,gsc-url-protection-map,www.ewastekochi.com,location-service-matrix,angamaly,ups-inverter-recycling-kochi,0,5,redirect,redirect_301,(see vercel.json),classification_source=v2-redirect
/locations/edappally/,https://www.ewastekochi.com/locations/edappally/,gsc-indexed-url-upgrade-map;gsc-url-protection-map,www.ewastekochi.com,location-page,edappally,edappally,4,244,redirect,keep_200,https://www.ewastekochi.com/locations/edappally/,classification_source=v2-live;confirmed_indexed_2026-07-10
/locations/edappally/air-conditioner-recycling-kochi/,https://www.ewastekochi.com/locations/edappally/air-conditioner-recycling-kochi/,gsc-indexed-url-upgrade-map;gsc-url-protection-map,www.ewastekochi.com,location-service-matrix,edappally,air-conditioner-recycling-kochi,0,0,indexed,leave_404,,classification_source=indexed-pages-crosscheck-2026-07-10
/locations/edappally/battery-recycling-kochi/,https://www.ewastekochi.com/locations/edappally/battery-recycling-kochi/,gsc-url-protection-map,www.ewastekochi.com,location-service-matrix,edappally,battery-recycling-kochi,0,2,indexed-with-traffic,redirect_301,(see vercel.json),classification_source=v2-redirect
/locations/edappally/certificate-of-destruction-kochi/,https://www.ewastekochi.com/locations/edappally/certificate-of-destruction-kochi/,gsc-indexed-url-upgrade-map;gsc-url-protection-map;gsc-indexed-redirect-map,www.ewastekochi.com,location-service-matrix,edappally,certificate-of-destruction-kochi,0,1,404|alt_canonical,redirect_configured,https://www.ewastekochi.com/data-destruction-certificate-sample/,Indexed legacy URL has a relevant one-hop 301 target in vercel.json; do not rebuild as a thin page.
/locations/edappally/corporate-ewaste-kochi/,https://www.ewastekochi.com/locations/edappally/corporate-ewaste-kochi/,gsc-url-protection-map,www.ewastekochi.com,location-service-matrix,edappally,corporate-ewaste-kochi,0,8,redirect,leave_404,,classification_source=rule
/locations/edappally/data-destruction-kochi/,https://www.ewastekochi.com/locations/edappally/data-destruction-kochi/,gsc-url-protection-map,www.ewastekochi.com,location-service-matrix,edappally,data-destruction-kochi,0,0,redirect,leave_404,,classification_source=rule
/locations/edappally/dpdp-act-compliance-kochi/,https://www.ewastekochi.com/locations/edappally/dpdp-act-compliance-kochi/,gsc-url-protection-map,www.ewastekochi.com,location-service-matrix,edappally,dpdp-act-compliance-kochi,0,1,redirect,leave_404,,classification_source=rule
/locations/edappally/e-waste-recycling-kochi/,https://www.ewastekochi.com/locations/edappally/e-waste-recycling-kochi/,gsc-url-protection-map,www.ewastekochi.com,location-service-matrix,edappally,e-waste-recycling-kochi,1,18,redirect,redirect_301,(see vercel.json),classification_source=v2-redirect
/locations/edappally/free-ewaste-pickup-kochi/,https://www.ewastekochi.com/locations/edappally/free-ewaste-pickup-kochi/,gsc-url-protection-map,www.ewastekochi.com,location-service-matrix,edappally,free-ewaste-pickup-kochi,0,2,redirect,redirect_301,(see vercel.json),classification_source=v2-redirect
/locations/edappally/hard-drive-shredding-kochi/,https://www.ewastekochi.com/locations/edappally/hard-drive-shredding-kochi/,gsc-indexed-url-upgrade-map;gsc-url-protection-map,www.ewastekochi.com,location-service-matrix,edappally,hard-drive-shredding-kochi,0,0,alt_canonical,leave_404,,classification_source=rule;confirmed_indexed_2026-07-10
/locations/edappally/it-asset-inventory-audit/,https://www.ewastekochi.com/locations/edappally/it-asset-inventory-audit/,gsc-url-protection-map,www.ewastekochi.com,location-service-matrix,edappally,it-asset-inventory-audit,0,0,redirect,leave_404,,classification_source=rule
/locations/edappally/itad-kochi/,https://www.ewastekochi.com/locations/edappally/itad-kochi/,gsc-indexed-url-upgrade-map;gsc-url-protection-map;gsc-indexed-redirect-map,www.ewastekochi.com,location-service-matrix,edappally,itad-kochi,0,1,indexed-with-traffic,redirect_configured,https://www.ewastekochi.com/itad/,Indexed legacy URL has a relevant one-hop 301 target in vercel.json; do not rebuild as a thin page.
/locations/edappally/laptop-buyback-kochi/,https://www.ewastekochi.com/locations/edappally/laptop-buyback-kochi/,gsc-indexed-url-upgrade-map;gsc-url-protection-map;gsc-indexed-redirect-map,www.ewastekochi.com,location-service-matrix,edappally,laptop-buyback-kochi,0,3,alt_canonical,redirect_configured,https://www.ewastekochi.com/sell-electronics/,Indexed legacy URL has a relevant one-hop 301 target in vercel.json; do not rebuild as a thin page.
/locations/edappally/mobile-recycling-kochi/,https://www.ewastekochi.com/locations/edappally/mobile-recycling-kochi/,gsc-url-protection-map,www.ewastekochi.com,location-service-matrix,edappally,mobile-recycling-kochi,0,4,redirect|crawled_not_indexed,leave_404,,classification_source=rule
/locations/edappally/network-equipment-disposal-kochi/,https://www.ewastekochi.com/locations/edappally/network-equipment-disposal-kochi/,gsc-indexed-url-upgrade-map;gsc-url-protection-map,www.ewastekochi.com,location-service-matrix,edappally,network-equipment-disposal-kochi,0,2,alt_canonical,leave_404,,classification_source=rule;confirmed_indexed_2026-07-10
/locations/edappally/old-computer-disposal/,https://www.ewastekochi.com/locations/edappally/old-computer-disposal/,gsc-url-protection-map,www.ewastekochi.com,location-service-matrix,edappally,old-computer-disposal,0,4,redirect,leave_404,,classification_source=rule
/locations/edappally/printer-recycling-kochi/,https://www.ewastekochi.com/locations/edappally/printer-recycling-kochi/,gsc-indexed-url-upgrade-map;gsc-url-protection-map,www.ewastekochi.com,location-service-matrix,edappally,printer-recycling-kochi,0,2,indexed-with-traffic,leave_404,,classification_source=rule;confirmed_indexed_2026-07-10
/locations/edappally/server-recycling-kochi/,https://www.ewastekochi.com/locations/edappally/server-recycling-kochi/,gsc-url-protection-map,www.ewastekochi.com,location-service-matrix,edappally,server-recycling-kochi,0,1,redirect,redirect_301,(see vercel.json),classification_source=v2-redirect
/locations/edappally/tv-monitor-recycling-kochi/,https://www.ewastekochi.com/locations/edappally/tv-monitor-recycling-kochi/,gsc-url-protection-map,www.ewastekochi.com,location-service-matrix,edappally,tv-monitor-recycling-kochi,0,1,redirect,redirect_301,(see vercel.json),classification_source=v2-redirect
/locations/edappally/ups-inverter-recycling-kochi/,https://www.ewastekochi.com/locations/edappally/ups-inverter-recycling-kochi/,gsc-url-protection-map,www.ewastekochi.com,location-service-matrix,edappally,ups-inverter-recycling-kochi,0,0,404,leave_404,,classification_source=rule
/locations/ernakulam-south/,https://www.ewastekochi.com/locations/ernakulam-south/,gsc-indexed-url-upgrade-map;gsc-url-protection-map,www.ewastekochi.com,location-page,ernakulam-south,ernakulam-south,7,442,redirect,keep_200,https://www.ewastekochi.com/locations/ernakulam-south/,classification_source=v2-live;confirmed_indexed_2026-07-10
/locations/ernakulam-south/air-conditioner-recycling-kochi/,https://www.ewastekochi.com/locations/ernakulam-south/air-conditioner-recycling-kochi/,gsc-url-protection-map,www.ewastekochi.com,location-service-matrix,ernakulam-south,air-conditioner-recycling-kochi,0,4,redirect,redirect_301,(see vercel.json),classification_source=v2-redirect
/locations/ernakulam-south/battery-recycling-kochi/,https://www.ewastekochi.com/locations/ernakulam-south/battery-recycling-kochi/,gsc-url-protection-map,www.ewastekochi.com,location-service-matrix,ernakulam-south,battery-recycling-kochi,1,11,redirect,redirect_301,(see vercel.json),classification_source=v2-redirect
/locations/ernakulam-south/certificate-of-destruction-kochi/,https://www.ewastekochi.com/locations/ernakulam-south/certificate-of-destruction-kochi/,gsc-url-protection-map,www.ewastekochi.com,location-service-matrix,ernakulam-south,certificate-of-destruction-kochi,0,2,indexed-with-traffic,redirect_301,(see vercel.json),classification_source=v2-redirect
/locations/ernakulam-south/corporate-ewaste-kochi/,https://www.ewastekochi.com/locations/ernakulam-south/corporate-ewaste-kochi/,gsc-url-protection-map,www.ewastekochi.com,location-service-matrix,ernakulam-south,corporate-ewaste-kochi,0,2,alt_canonical|crawled_not_indexed,redirect_301,(see vercel.json),classification_source=v2-redirect
/locations/ernakulam-south/data-destruction-kochi/,https://www.ewastekochi.com/locations/ernakulam-south/data-destruction-kochi/,gsc-url-protection-map,www.ewastekochi.com,location-service-matrix,ernakulam-south,data-destruction-kochi,1,16,redirect,redirect_301,(see vercel.json),classification_source=v2-redirect
/locations/ernakulam-south/dpdp-act-compliance-kochi/,https://www.ewastekochi.com/locations/ernakulam-south/dpdp-act-compliance-kochi/,gsc-url-protection-map,www.ewastekochi.com,location-service-matrix,ernakulam-south,dpdp-act-compliance-kochi,0,2,redirect|alt_canonical,redirect_301,(see vercel.json),classification_source=v2-redirect
/locations/ernakulam-south/e-waste-recycling-kochi/,https://www.ewastekochi.com/locations/ernakulam-south/e-waste-recycling-kochi/,gsc-url-protection-map,www.ewastekochi.com,location-service-matrix,ernakulam-south,e-waste-recycling-kochi,0,11,redirect,redirect_301,(see vercel.json),classification_source=v2-redirect
/locations/ernakulam-south/free-ewaste-pickup-kochi/,https://www.ewastekochi.com/locations/ernakulam-south/free-ewaste-pickup-kochi/,gsc-url-protection-map,www.ewastekochi.com,location-service-matrix,ernakulam-south,free-ewaste-pickup-kochi,0,8,redirect,redirect_301,(see vercel.json),classification_source=v2-redirect
/locations/ernakulam-south/hard-drive-destruction-kochi/,https://www.ewastekochi.com/locations/ernakulam-south/hard-drive-destruction-kochi/,gsc-url-protection-map,www.ewastekochi.com,location-service-matrix,ernakulam-south,hard-drive-destruction-kochi,0,15,redirect|alt_canonical,redirect_301,(see vercel.json),classification_source=v2-redirect
/locations/ernakulam-south/hard-drive-shredding-kochi/,https://www.ewastekochi.com/locations/ernakulam-south/hard-drive-shredding-kochi/,gsc-url-protection-map,www.ewastekochi.com,location-service-matrix,ernakulam-south,hard-drive-shredding-kochi,0,5,redirect,redirect_301,(see vercel.json),classification_source=v2-redirect
/locations/ernakulam-south/itad-kochi/,https://www.ewastekochi.com/locations/ernakulam-south/itad-kochi/,gsc-url-protection-map,www.ewastekochi.com,location-service-matrix,ernakulam-south,itad-kochi,0,18,alt_canonical|crawled_not_indexed,redirect_301,(see vercel.json),classification_source=v2-redirect
/locations/ernakulam-south/laptop-buyback-kochi/,https://www.ewastekochi.com/locations/ernakulam-south/laptop-buyback-kochi/,gsc-url-protection-map,www.ewastekochi.com,location-service-matrix,ernakulam-south,laptop-buyback-kochi,0,7,redirect,redirect_301,(see vercel.json),classification_source=v2-redirect
/locations/ernakulam-south/mobile-recycling-kochi/,https://www.ewastekochi.com/locations/ernakulam-south/mobile-recycling-kochi/,gsc-url-protection-map,www.ewastekochi.com,location-service-matrix,ernakulam-south,mobile-recycling-kochi,0,5,redirect,redirect_301,(see vercel.json),classification_source=v2-redirect
/locations/ernakulam-south/network-equipment-disposal-kochi/,https://www.ewastekochi.com/locations/ernakulam-south/network-equipment-disposal-kochi/,gsc-indexed-url-upgrade-map;gsc-url-protection-map;gsc-indexed-redirect-map,www.ewastekochi.com,location-service-matrix,ernakulam-south,network-equipment-disposal-kochi,0,5,alt_canonical,redirect_configured,https://www.ewastekochi.com/locations/ernakulam-south/,Indexed legacy URL has a relevant one-hop 301 target in vercel.json; do not rebuild as a thin page.
/locations/ernakulam-south/printer-recycling-kochi/,https://www.ewastekochi.com/locations/ernakulam-south/printer-recycling-kochi/,gsc-url-protection-map,www.ewastekochi.com,location-service-matrix,ernakulam-south,printer-recycling-kochi,0,2,alt_canonical|crawled_not_indexed,redirect_301,(see vercel.json),classification_source=v2-redirect
/locations/ernakulam-south/server-recycling-kochi/,https://www.ewastekochi.com/locations/ernakulam-south/server-recycling-kochi/,gsc-indexed-url-upgrade-map;gsc-url-protection-map;gsc-indexed-redirect-map,www.ewastekochi.com,location-service-matrix,ernakulam-south,server-recycling-kochi,0,1,alt_canonical,redirect_configured,https://www.ewastekochi.com/locations/ernakulam-south/,Indexed legacy URL has a relevant one-hop 301 target in vercel.json; do not rebuild as a thin page.
/locations/ernakulam-south/tv-monitor-recycling-kochi/,https://www.ewastekochi.com/locations/ernakulam-south/tv-monitor-recycling-kochi/,gsc-url-protection-map,www.ewastekochi.com,location-service-matrix,ernakulam-south,tv-monitor-recycling-kochi,0,7,redirect,redirect_301,(see vercel.json),classification_source=v2-redirect
/locations/ernakulam-south/ups-inverter-recycling-kochi/,https://www.ewastekochi.com/locations/ernakulam-south/ups-inverter-recycling-kochi/,gsc-url-protection-map,www.ewastekochi.com,location-service-matrix,ernakulam-south,ups-inverter-recycling-kochi,0,4,redirect,redirect_301,(see vercel.json),classification_source=v2-redirect
/locations/ernakulam/,https://www.ewastekochi.com/locations/ernakulam/,gsc-url-protection-map,www.ewastekochi.com,location-page,ernakulam,ernakulam,0,0,discovered_not_indexed,redirect_301,(see vercel.json),classification_source=v2-redirect
/locations/ewaste-682001.html,https://www.ewastekochi.com/locations/ewaste-682001.html,gsc-url-protection-map,www.ewastekochi.com,location-page,ewaste-682001.html,,0,1,crawled_not_indexed,leave_404,,classification_source=rule
/locations/ewaste-682001/,https://www.ewastekochi.com/locations/ewaste-682001/,gsc-url-protection-map,www.ewastekochi.com,location-page,ewaste-682001,ewaste-682001,0,0,404,leave_404,,classification_source=rule
/locations/ewaste-682002.html,https://www.ewastekochi.com/locations/ewaste-682002.html,gsc-url-protection-map,www.ewastekochi.com,location-page,ewaste-682002.html,,0,3,crawled_not_indexed,leave_404,,classification_source=rule
/locations/ewaste-682002/,https://www.ewastekochi.com/locations/ewaste-682002/,gsc-url-protection-map,www.ewastekochi.com,location-page,ewaste-682002,ewaste-682002,0,4,404,leave_404,,classification_source=rule
/locations/ewaste-682003.html,https://www.ewastekochi.com/locations/ewaste-682003.html,gsc-url-protection-map,www.ewastekochi.com,location-page,ewaste-682003.html,,0,0,404,leave_404,,classification_source=rule
/locations/ewaste-682009.html,https://www.ewastekochi.com/locations/ewaste-682009.html,gsc-url-protection-map,www.ewastekochi.com,location-page,ewaste-682009.html,,0,0,404,leave_404,,classification_source=rule
/locations/ewaste-682010.html,https://www.ewastekochi.com/locations/ewaste-682010.html,gsc-url-protection-map,www.ewastekochi.com,location-page,ewaste-682010.html,,0,0,404,leave_404,,classification_source=rule
/locations/ewaste-682012.html,https://www.ewastekochi.com/locations/ewaste-682012.html,gsc-url-protection-map,www.ewastekochi.com,location-page,ewaste-682012.html,,0,0,404,leave_404,,classification_source=rule
/locations/ewaste-682019.html,https://www.ewastekochi.com/locations/ewaste-682019.html,gsc-url-protection-map,www.ewastekochi.com,location-page,ewaste-682019.html,,0,0,crawled_not_indexed,leave_404,,classification_source=rule
/locations/ewaste-682019/,https://www.ewastekochi.com/locations/ewaste-682019/,gsc-url-protection-map,www.ewastekochi.com,location-page,ewaste-682019,ewaste-682019,0,0,404,leave_404,,classification_source=rule
/locations/ewaste-682021.html,https://www.ewastekochi.com/locations/ewaste-682021.html,gsc-url-protection-map,www.ewastekochi.com,location-page,ewaste-682021.html,,0,0,crawled_not_indexed,leave_404,,classification_source=rule
/locations/ewaste-682024.html,https://www.ewastekochi.com/locations/ewaste-682024.html,gsc-url-protection-map,www.ewastekochi.com,location-page,ewaste-682024.html,,0,1,crawled_not_indexed,leave_404,,classification_source=rule
/locations/ewaste-682024/,https://www.ewastekochi.com/locations/ewaste-682024/,gsc-url-protection-map,www.ewastekochi.com,location-page,ewaste-682024,ewaste-682024,0,10,indexed-with-traffic,leave_404,,classification_source=rule
/locations/ewaste-682026.html,https://www.ewastekochi.com/locations/ewaste-682026.html,gsc-url-protection-map,www.ewastekochi.com,location-page,ewaste-682026.html,,0,0,404,leave_404,,classification_source=rule
/locations/ewaste-682027.html,https://www.ewastekochi.com/locations/ewaste-682027.html,gsc-url-protection-map,www.ewastekochi.com,location-page,ewaste-682027.html,,0,0,crawled_not_indexed,leave_404,,classification_source=rule
/locations/ewaste-682028.html,https://www.ewastekochi.com/locations/ewaste-682028.html,gsc-url-protection-map,www.ewastekochi.com,location-page,ewaste-682028.html,,0,0,404,leave_404,,classification_source=rule
/locations/ewaste-682030.html,https://www.ewastekochi.com/locations/ewaste-682030.html,gsc-url-protection-map,www.ewastekochi.com,location-page,ewaste-682030.html,,0,0,404,leave_404,,classification_source=rule
/locations/ewaste-682033.html,https://www.ewastekochi.com/locations/ewaste-682033.html,gsc-url-protection-map,www.ewastekochi.com,location-page,ewaste-682033.html,,0,0,crawled_not_indexed,leave_404,,classification_source=rule
/locations/ewaste-682033/,https://www.ewastekochi.com/locations/ewaste-682033/,gsc-url-protection-map,www.ewastekochi.com,location-page,ewaste-682033,ewaste-682033,0,0,404,leave_404,,classification_source=rule
/locations/ewaste-682035.html,https://www.ewastekochi.com/locations/ewaste-682035.html,gsc-url-protection-map,www.ewastekochi.com,location-page,ewaste-682035.html,,0,0,404,leave_404,,classification_source=rule
/locations/ewaste-682037.html,https://www.ewastekochi.com/locations/ewaste-682037.html,gsc-url-protection-map,www.ewastekochi.com,location-page,ewaste-682037.html,,0,0,404,leave_404,,classification_source=rule
/locations/ewaste-682038.html,https://www.ewastekochi.com/locations/ewaste-682038.html,gsc-url-protection-map,www.ewastekochi.com,location-page,ewaste-682038.html,,0,0,404,leave_404,,classification_source=rule
/locations/ewaste-682044.html,https://www.ewastekochi.com/locations/ewaste-682044.html,gsc-url-protection-map,www.ewastekochi.com,location-page,ewaste-682044.html,,0,0,404,leave_404,,classification_source=rule
/locations/ewaste-682055.html,https://www.ewastekochi.com/locations/ewaste-682055.html,gsc-url-protection-map,www.ewastekochi.com,location-page,ewaste-682055.html,,0,0,404,leave_404,,classification_source=rule
/locations/ewaste-682057.html,https://www.ewastekochi.com/locations/ewaste-682057.html,gsc-url-protection-map,www.ewastekochi.com,location-page,ewaste-682057.html,,0,0,crawled_not_indexed,leave_404,,classification_source=rule
/locations/ewaste-682058.html,https://www.ewastekochi.com/locations/ewaste-682058.html,gsc-url-protection-map,www.ewastekochi.com,location-page,ewaste-682058.html,,0,0,404,leave_404,,classification_source=rule
/locations/ewaste-682069.html,https://www.ewastekochi.com/locations/ewaste-682069.html,gsc-url-protection-map,www.ewastekochi.com,location-page,ewaste-682069.html,,0,0,404,leave_404,,classification_source=rule
/locations/ewaste-682070.html,https://www.ewastekochi.com/locations/ewaste-682070.html,gsc-url-protection-map,www.ewastekochi.com,location-page,ewaste-682070.html,,0,0,404,leave_404,,classification_source=rule
/locations/ewaste-682071.html,https://www.ewastekochi.com/locations/ewaste-682071.html,gsc-url-protection-map,www.ewastekochi.com,location-page,ewaste-682071.html,,0,0,404,leave_404,,classification_source=rule
/locations/ewaste-682075.html,https://www.ewastekochi.com/locations/ewaste-682075.html,gsc-url-protection-map,www.ewastekochi.com,location-page,ewaste-682075.html,,0,1,crawled_not_indexed,leave_404,,classification_source=rule
/locations/ewaste-682075/,https://www.ewastekochi.com/locations/ewaste-682075/,gsc-url-protection-map,www.ewastekochi.com,location-page,ewaste-682075,ewaste-682075,0,9,404,leave_404,,classification_source=rule
/locations/ewaste-682076.html,https://www.ewastekochi.com/locations/ewaste-682076.html,gsc-url-protection-map,www.ewastekochi.com,location-page,ewaste-682076.html,,0,0,404,leave_404,,classification_source=rule
/locations/ewaste-682079.html,https://www.ewastekochi.com/locations/ewaste-682079.html,gsc-url-protection-map,www.ewastekochi.com,location-page,ewaste-682079.html,,0,1,indexed-with-traffic,leave_404,,classification_source=rule
/locations/ewaste-682079/,https://www.ewastekochi.com/locations/ewaste-682079/,gsc-indexed-url-upgrade-map;gsc-url-protection-map,www.ewastekochi.com,location-page,ewaste-682079,ewaste-682079,0,9,indexed-with-traffic,leave_404,,classification_source=rule;confirmed_indexed_2026-07-10
/locations/ewaste-682081.html,https://www.ewastekochi.com/locations/ewaste-682081.html,gsc-url-protection-map,www.ewastekochi.com,location-page,ewaste-682081.html,,0,0,404,leave_404,,classification_source=rule
/locations/ewaste-682082.html,https://www.ewastekochi.com/locations/ewaste-682082.html,gsc-url-protection-map,www.ewastekochi.com,location-page,ewaste-682082.html,,0,0,404,leave_404,,classification_source=rule
/locations/ewaste-682083.html,https://www.ewastekochi.com/locations/ewaste-682083.html,gsc-url-protection-map,www.ewastekochi.com,location-page,ewaste-682083.html,,0,0,404,leave_404,,classification_source=rule
/locations/ewaste-682085/,https://www.ewastekochi.com/locations/ewaste-682085/,gsc-url-protection-map,www.ewastekochi.com,location-page,ewaste-682085,ewaste-682085,0,1,indexed-with-traffic,leave_404,,classification_source=rule
/locations/ewaste-682087.html,https://www.ewastekochi.com/locations/ewaste-682087.html,gsc-url-protection-map,www.ewastekochi.com,location-page,ewaste-682087.html,,0,0,404,leave_404,,classification_source=rule
/locations/ewaste-682088.html,https://www.ewastekochi.com/locations/ewaste-682088.html,gsc-url-protection-map,www.ewastekochi.com,location-page,ewaste-682088.html,,0,0,crawled_not_indexed,leave_404,,classification_source=rule
/locations/ewaste-682089.html,https://www.ewastekochi.com/locations/ewaste-682089.html,gsc-url-protection-map,www.ewastekochi.com,location-page,ewaste-682089.html,,0,0,404,leave_404,,classification_source=rule
/locations/ewaste-682090.html,https://www.ewastekochi.com/locations/ewaste-682090.html,gsc-url-protection-map,www.ewastekochi.com,location-page,ewaste-682090.html,,0,0,404,leave_404,,classification_source=rule
/locations/ewaste-682092.html,https://www.ewastekochi.com/locations/ewaste-682092.html,gsc-url-protection-map,www.ewastekochi.com,location-page,ewaste-682092.html,,0,0,404,leave_404,,classification_source=rule
/locations/ewaste-682095.html,https://www.ewastekochi.com/locations/ewaste-682095.html,gsc-url-protection-map,www.ewastekochi.com,location-page,ewaste-682095.html,,0,0,404,leave_404,,classification_source=rule
/locations/ewaste-682099.html,https://www.ewastekochi.com/locations/ewaste-682099.html,gsc-url-protection-map,www.ewastekochi.com,location-page,ewaste-682099.html,,0,0,404,leave_404,,classification_source=rule
/locations/ewaste-682107.html,https://www.ewastekochi.com/locations/ewaste-682107.html,gsc-url-protection-map,www.ewastekochi.com,location-page,ewaste-682107.html,,0,0,404,leave_404,,classification_source=rule
/locations/ewaste-682114.html,https://www.ewastekochi.com/locations/ewaste-682114.html,gsc-url-protection-map,www.ewastekochi.com,location-page,ewaste-682114.html,,0,0,404,leave_404,,classification_source=rule
/locations/ewaste-682114/,https://www.ewastekochi.com/locations/ewaste-682114/,gsc-url-protection-map,www.ewastekochi.com,location-page,ewaste-682114,ewaste-682114,0,0,404,leave_404,,classification_source=rule
/locations/ewaste-682116.html,https://www.ewastekochi.com/locations/ewaste-682116.html,gsc-url-protection-map,www.ewastekochi.com,location-page,ewaste-682116.html,,0,0,404,leave_404,,classification_source=rule
/locations/ewaste-682124.html,https://www.ewastekochi.com/locations/ewaste-682124.html,gsc-url-protection-map,www.ewastekochi.com,location-page,ewaste-682124.html,,0,0,404,leave_404,,classification_source=rule
/locations/ewaste-682126.html,https://www.ewastekochi.com/locations/ewaste-682126.html,gsc-url-protection-map,www.ewastekochi.com,location-page,ewaste-682126.html,,0,0,404,leave_404,,classification_source=rule
/locations/ewaste-682127/,https://www.ewastekochi.com/locations/ewaste-682127/,gsc-url-protection-map,www.ewastekochi.com,location-page,ewaste-682127,ewaste-682127,0,0,404,leave_404,,classification_source=rule
/locations/ewaste-682135.html,https://www.ewastekochi.com/locations/ewaste-682135.html,gsc-url-protection-map,www.ewastekochi.com,location-page,ewaste-682135.html,,0,0,404,leave_404,,classification_source=rule
/locations/ewaste-682136.html,https://www.ewastekochi.com/locations/ewaste-682136.html,gsc-url-protection-map,www.ewastekochi.com,location-page,ewaste-682136.html,,0,0,404,leave_404,,classification_source=rule
/locations/ewaste-682143.html,https://www.ewastekochi.com/locations/ewaste-682143.html,gsc-url-protection-map,www.ewastekochi.com,location-page,ewaste-682143.html,,0,0,404,leave_404,,classification_source=rule
/locations/ewaste-682146.html,https://www.ewastekochi.com/locations/ewaste-682146.html,gsc-url-protection-map,www.ewastekochi.com,location-page,ewaste-682146.html,,0,1,indexed-with-traffic,leave_404,,classification_source=rule
/locations/ewaste-682147.html,https://www.ewastekochi.com/locations/ewaste-682147.html,gsc-url-protection-map,www.ewastekochi.com,location-page,ewaste-682147.html,,0,0,crawled_not_indexed,leave_404,,classification_source=rule
/locations/ewaste-682150.html,https://www.ewastekochi.com/locations/ewaste-682150.html,gsc-url-protection-map,www.ewastekochi.com,location-page,ewaste-682150.html,,0,0,404,leave_404,,classification_source=rule
/locations/ewaste-682151.html,https://www.ewastekochi.com/locations/ewaste-682151.html,gsc-url-protection-map,www.ewastekochi.com,location-page,ewaste-682151.html,,0,0,404,leave_404,,classification_source=rule
/locations/ewaste-682152.html,https://www.ewastekochi.com/locations/ewaste-682152.html,gsc-url-protection-map,www.ewastekochi.com,location-page,ewaste-682152.html,,0,0,404,leave_404,,classification_source=rule
/locations/ewaste-682154.html,https://www.ewastekochi.com/locations/ewaste-682154.html,gsc-url-protection-map,www.ewastekochi.com,location-page,ewaste-682154.html,,0,0,404,leave_404,,classification_source=rule
/locations/ewaste-682158.html,https://www.ewastekochi.com/locations/ewaste-682158.html,gsc-url-protection-map,www.ewastekochi.com,location-page,ewaste-682158.html,,0,0,404,leave_404,,classification_source=rule
/locations/ewaste-682162.html,https://www.ewastekochi.com/locations/ewaste-682162.html,gsc-url-protection-map,www.ewastekochi.com,location-page,ewaste-682162.html,,0,0,404,leave_404,,classification_source=rule
/locations/ewaste-682165.html,https://www.ewastekochi.com/locations/ewaste-682165.html,gsc-url-protection-map,www.ewastekochi.com,location-page,ewaste-682165.html,,0,0,404,leave_404,,classification_source=rule
/locations/ewaste-682168.html,https://www.ewastekochi.com/locations/ewaste-682168.html,gsc-url-protection-map,www.ewastekochi.com,location-page,ewaste-682168.html,,0,0,404,leave_404,,classification_source=rule
/locations/ewaste-682170.html,https://www.ewastekochi.com/locations/ewaste-682170.html,gsc-url-protection-map,www.ewastekochi.com,location-page,ewaste-682170.html,,0,0,404,leave_404,,classification_source=rule
/locations/ewaste-682172.html,https://www.ewastekochi.com/locations/ewaste-682172.html,gsc-url-protection-map,www.ewastekochi.com,location-page,ewaste-682172.html,,0,0,404,leave_404,,classification_source=rule
/locations/ewaste-682173.html,https://www.ewastekochi.com/locations/ewaste-682173.html,gsc-url-protection-map,www.ewastekochi.com,location-page,ewaste-682173.html,,0,0,404,leave_404,,classification_source=rule
/locations/ewaste-682177.html,https://www.ewastekochi.com/locations/ewaste-682177.html,gsc-url-protection-map,www.ewastekochi.com,location-page,ewaste-682177.html,,0,0,404,leave_404,,classification_source=rule
/locations/ewaste-682179.html,https://www.ewastekochi.com/locations/ewaste-682179.html,gsc-url-protection-map,www.ewastekochi.com,location-page,ewaste-682179.html,,0,0,404,leave_404,,classification_source=rule
/locations/ewaste-682181.html,https://www.ewastekochi.com/locations/ewaste-682181.html,gsc-url-protection-map,www.ewastekochi.com,location-page,ewaste-682181.html,,0,0,404,leave_404,,classification_source=rule
/locations/ewaste-682186.html,https://www.ewastekochi.com/locations/ewaste-682186.html,gsc-url-protection-map,www.ewastekochi.com,location-page,ewaste-682186.html,,0,4,404,leave_404,,classification_source=rule
/locations/ewaste-682186/,https://www.ewastekochi.com/locations/ewaste-682186/,gsc-url-protection-map,www.ewastekochi.com,location-page,ewaste-682186,ewaste-682186,0,0,404,leave_404,,classification_source=rule
/locations/ewaste-682189.html,https://www.ewastekochi.com/locations/ewaste-682189.html,gsc-url-protection-map,www.ewastekochi.com,location-page,ewaste-682189.html,,0,0,404,leave_404,,classification_source=rule
/locations/ewaste-682192.html,https://www.ewastekochi.com/locations/ewaste-682192.html,gsc-url-protection-map,www.ewastekochi.com,location-page,ewaste-682192.html,,0,0,404,leave_404,,classification_source=rule
/locations/ewaste-682196.html,https://www.ewastekochi.com/locations/ewaste-682196.html,gsc-url-protection-map,www.ewastekochi.com,location-page,ewaste-682196.html,,0,0,404,leave_404,,classification_source=rule
/locations/ewaste-682207.html,https://www.ewastekochi.com/locations/ewaste-682207.html,gsc-url-protection-map,www.ewastekochi.com,location-page,ewaste-682207.html,,0,0,404,leave_404,,classification_source=rule
/locations/ewaste-682207/,https://www.ewastekochi.com/locations/ewaste-682207/,gsc-url-protection-map,www.ewastekochi.com,location-page,ewaste-682207,ewaste-682207,0,3,indexed-with-traffic,leave_404,,classification_source=rule
/locations/ewaste-682210.html,https://www.ewastekochi.com/locations/ewaste-682210.html,gsc-url-protection-map,www.ewastekochi.com,location-page,ewaste-682210.html,,0,0,404,leave_404,,classification_source=rule
/locations/ewaste-682221.html,https://www.ewastekochi.com/locations/ewaste-682221.html,gsc-url-protection-map,www.ewastekochi.com,location-page,ewaste-682221.html,,0,0,404,leave_404,,classification_source=rule
/locations/ewaste-682227.html,https://www.ewastekochi.com/locations/ewaste-682227.html,gsc-url-protection-map,www.ewastekochi.com,location-page,ewaste-682227.html,,0,0,404,leave_404,,classification_source=rule
/locations/ewaste-682229.html,https://www.ewastekochi.com/locations/ewaste-682229.html,gsc-url-protection-map,www.ewastekochi.com,location-page,ewaste-682229.html,,0,0,404,leave_404,,classification_source=rule
/locations/ewaste-682231.html,https://www.ewastekochi.com/locations/ewaste-682231.html,gsc-url-protection-map,www.ewastekochi.com,location-page,ewaste-682231.html,,0,0,404,leave_404,,classification_source=rule
/locations/ewaste-682239.html,https://www.ewastekochi.com/locations/ewaste-682239.html,gsc-url-protection-map,www.ewastekochi.com,location-page,ewaste-682239.html,,0,2,404,leave_404,,classification_source=rule
/locations/ewaste-682239/,https://www.ewastekochi.com/locations/ewaste-682239/,gsc-url-protection-map,www.ewastekochi.com,location-page,ewaste-682239,ewaste-682239,0,11,404,leave_404,,classification_source=rule
/locations/ewaste-682241.html,https://www.ewastekochi.com/locations/ewaste-682241.html,gsc-url-protection-map,www.ewastekochi.com,location-page,ewaste-682241.html,,0,0,404,leave_404,,classification_source=rule
/locations/ewaste-682245.html,https://www.ewastekochi.com/locations/ewaste-682245.html,gsc-url-protection-map,www.ewastekochi.com,location-page,ewaste-682245.html,,0,0,404,leave_404,,classification_source=rule
/locations/ewaste-682246.html,https://www.ewastekochi.com/locations/ewaste-682246.html,gsc-url-protection-map,www.ewastekochi.com,location-page,ewaste-682246.html,,0,0,404,leave_404,,classification_source=rule
/locations/ewaste-682247.html,https://www.ewastekochi.com/locations/ewaste-682247.html,gsc-url-protection-map,www.ewastekochi.com,location-page,ewaste-682247.html,,0,0,404,leave_404,,classification_source=rule
/locations/ewaste-angamaly.html,https://www.ewastekochi.com/locations/ewaste-angamaly.html,gsc-url-protection-map,www.ewastekochi.com,location-page,ewaste-angamaly.html,,0,0,404,leave_404,,classification_source=rule
/locations/ewaste-cheranalloor.html,https://www.ewastekochi.com/locations/ewaste-cheranalloor.html,gsc-url-protection-map,www.ewastekochi.com,location-page,ewaste-cheranalloor.html,,0,0,404,leave_404,,classification_source=rule
/locations/ewaste-cheranallur.html,https://www.ewastekochi.com/locations/ewaste-cheranallur.html,gsc-url-protection-map,www.ewastekochi.com,location-page,ewaste-cheranallur.html,,0,0,404,leave_404,,classification_source=rule
/locations/ewaste-chottanikkara.html,https://www.ewastekochi.com/locations/ewaste-chottanikkara.html,gsc-url-protection-map,www.ewastekochi.com,location-page,ewaste-chottanikkara.html,,0,0,404,leave_404,,classification_source=rule
/locations/ewaste-eramalloor.html,https://www.ewastekochi.com/locations/ewaste-eramalloor.html,gsc-url-protection-map,www.ewastekochi.com,location-page,ewaste-eramalloor.html,,0,0,404,leave_404,,classification_source=rule
/locations/ewaste-infopark.html,https://www.ewastekochi.com/locations/ewaste-infopark.html,gsc-url-protection-map,www.ewastekochi.com,location-page,ewaste-infopark.html,,0,0,404,leave_404,,classification_source=rule
/locations/ewaste-kakkanad.html,https://www.ewastekochi.com/locations/ewaste-kakkanad.html,gsc-url-protection-map,www.ewastekochi.com,location-page,ewaste-kakkanad.html,,0,0,404,leave_404,,classification_source=rule
/locations/ewaste-mattancherry/,https://www.ewastekochi.com/locations/ewaste-mattancherry/,gsc-url-protection-map,www.ewastekochi.com,location-page,ewaste-mattancherry,ewaste-mattancherry,0,0,404,leave_404,,classification_source=rule
/locations/ewaste-mulanthuruthy.html,https://www.ewastekochi.com/locations/ewaste-mulanthuruthy.html,gsc-url-protection-map,www.ewastekochi.com,location-page,ewaste-mulanthuruthy.html,,0,0,404,leave_404,,classification_source=rule
/locations/ewaste-muvattupuzha.html,https://www.ewastekochi.com/locations/ewaste-muvattupuzha.html,gsc-url-protection-map,www.ewastekochi.com,location-page,ewaste-muvattupuzha.html,,0,0,404,leave_404,,classification_source=rule
/locations/ewaste-north-paravur.html,https://www.ewastekochi.com/locations/ewaste-north-paravur.html,gsc-url-protection-map,www.ewastekochi.com,location-page,ewaste-north-paravur.html,,0,0,404,leave_404,,classification_source=rule
/locations/ewaste-okkal.html,https://www.ewastekochi.com/locations/ewaste-okkal.html,gsc-url-protection-map,www.ewastekochi.com,location-page,ewaste-okkal.html,,0,0,404,leave_404,,classification_source=rule
/locations/ewaste-ravipuram.html,https://www.ewastekochi.com/locations/ewaste-ravipuram.html,gsc-url-protection-map,www.ewastekochi.com,location-page,ewaste-ravipuram.html,,0,0,404,leave_404,,classification_source=rule
/locations/ewaste-thammanam.html,https://www.ewastekochi.com/locations/ewaste-thammanam.html,gsc-url-protection-map,www.ewastekochi.com,location-page,ewaste-thammanam.html,,0,0,404,leave_404,,classification_source=rule
/locations/ewaste-vadavucode.html,https://www.ewastekochi.com/locations/ewaste-vadavucode.html,gsc-url-protection-map,www.ewastekochi.com,location-page,ewaste-vadavucode.html,,0,0,404,leave_404,,classification_source=rule
/locations/ewaste-willingdon-island.html,https://www.ewastekochi.com/locations/ewaste-willingdon-island.html,gsc-url-protection-map,www.ewastekochi.com,location-page,ewaste-willingdon-island.html,,0,0,crawled_not_indexed,leave_404,,classification_source=rule
/locations/fort-kochi/,https://www.ewastekochi.com/locations/fort-kochi/,gsc-indexed-url-upgrade-map;gsc-url-protection-map,www.ewastekochi.com,location-page,fort-kochi,fort-kochi,3,38,redirect,manual_review,https://www.ewastekochi.com/locations/fort-kochi/,classification_source=rule;confirmed_indexed_2026-07-10
/locations/fort-kochi/air-conditioner-recycling-kochi/,https://www.ewastekochi.com/locations/fort-kochi/air-conditioner-recycling-kochi/,gsc-url-protection-map,www.ewastekochi.com,location-service-matrix,fort-kochi,air-conditioner-recycling-kochi,0,2,alt_canonical|crawled_not_indexed,leave_404,,classification_source=rule
/locations/fort-kochi/battery-recycling-kochi/,https://www.ewastekochi.com/locations/fort-kochi/battery-recycling-kochi/,gsc-url-protection-map,www.ewastekochi.com,location-service-matrix,fort-kochi,battery-recycling-kochi,0,0,redirect,leave_404,,classification_source=rule
/locations/fort-kochi/certificate-of-destruction-kochi/,https://www.ewastekochi.com/locations/fort-kochi/certificate-of-destruction-kochi/,gsc-indexed-url-upgrade-map;gsc-url-protection-map,www.ewastekochi.com,location-service-matrix,fort-kochi,certificate-of-destruction-kochi,0,0,alt_canonical,leave_404,,classification_source=rule;confirmed_indexed_2026-07-10
/locations/fort-kochi/corporate-ewaste-kochi/,https://www.ewastekochi.com/locations/fort-kochi/corporate-ewaste-kochi/,gsc-url-protection-map,www.ewastekochi.com,location-service-matrix,fort-kochi,corporate-ewaste-kochi,0,2,alt_canonical,leave_404,,classification_source=rule
/locations/fort-kochi/data-destruction-kochi/,https://www.ewastekochi.com/locations/fort-kochi/data-destruction-kochi/,gsc-url-protection-map,www.ewastekochi.com,location-service-matrix,fort-kochi,data-destruction-kochi,0,8,redirect,redirect_301,(see vercel.json),classification_source=v2-redirect
/locations/fort-kochi/dpdp-act-compliance-kochi/,https://www.ewastekochi.com/locations/fort-kochi/dpdp-act-compliance-kochi/,gsc-url-protection-map,www.ewastekochi.com,location-service-matrix,fort-kochi,dpdp-act-compliance-kochi,0,1,alt_canonical,leave_404,,classification_source=rule
/locations/fort-kochi/e-waste-recycling-kochi/,https://www.ewastekochi.com/locations/fort-kochi/e-waste-recycling-kochi/,gsc-indexed-url-upgrade-map;gsc-url-protection-map;gsc-indexed-redirect-map,www.ewastekochi.com,location-service-matrix,fort-kochi,e-waste-recycling-kochi,0,6,indexed-with-traffic,redirect_configured,https://www.ewastekochi.com/recycling/,Indexed legacy URL has a relevant one-hop 301 target in vercel.json; do not rebuild as a thin page.
/locations/fort-kochi/free-ewaste-pickup-kochi/,https://www.ewastekochi.com/locations/fort-kochi/free-ewaste-pickup-kochi/,gsc-url-protection-map,www.ewastekochi.com,location-service-matrix,fort-kochi,free-ewaste-pickup-kochi,0,7,redirect,redirect_301,(see vercel.json),classification_source=v2-redirect
/locations/fort-kochi/hard-drive-shredding-kochi/,https://www.ewastekochi.com/locations/fort-kochi/hard-drive-shredding-kochi/,gsc-indexed-url-upgrade-map;gsc-url-protection-map;gsc-indexed-redirect-map,www.ewastekochi.com,location-service-matrix,fort-kochi,hard-drive-shredding-kochi,0,3,alt_canonical,redirect_configured,https://www.ewastekochi.com/hard-drive-shredding/,Indexed legacy URL has a relevant one-hop 301 target in vercel.json; do not rebuild as a thin page.
/locations/fort-kochi/itad-kochi/,https://www.ewastekochi.com/locations/fort-kochi/itad-kochi/,gsc-url-protection-map,www.ewastekochi.com,location-service-matrix,fort-kochi,itad-kochi,0,4,redirect,redirect_301,(see vercel.json),classification_source=v2-redirect
/locations/fort-kochi/laptop-buyback-kochi/,https://www.ewastekochi.com/locations/fort-kochi/laptop-buyback-kochi/,gsc-indexed-url-upgrade-map;gsc-url-protection-map,www.ewastekochi.com,location-service-matrix,fort-kochi,laptop-buyback-kochi,0,0,alt_canonical,leave_404,,classification_source=rule;confirmed_indexed_2026-07-10
/locations/fort-kochi/mobile-recycling-kochi/,https://www.ewastekochi.com/locations/fort-kochi/mobile-recycling-kochi/,gsc-url-protection-map,www.ewastekochi.com,location-service-matrix,fort-kochi,mobile-recycling-kochi,0,2,redirect|alt_canonical,leave_404,,classification_source=rule
/locations/fort-kochi/network-equipment-disposal-kochi/,https://www.ewastekochi.com/locations/fort-kochi/network-equipment-disposal-kochi/,gsc-indexed-url-upgrade-map;gsc-url-protection-map,www.ewastekochi.com,location-service-matrix,fort-kochi,network-equipment-disposal-kochi,0,0,alt_canonical,leave_404,,classification_source=rule;confirmed_indexed_2026-07-10
/locations/fort-kochi/printer-recycling-kochi/,https://www.ewastekochi.com/locations/fort-kochi/printer-recycling-kochi/,gsc-indexed-url-upgrade-map;gsc-url-protection-map,www.ewastekochi.com,location-service-matrix,fort-kochi,printer-recycling-kochi,0,2,alt_canonical,leave_404,,classification_source=rule;confirmed_indexed_2026-07-10
/locations/fort-kochi/server-recycling-kochi/,https://www.ewastekochi.com/locations/fort-kochi/server-recycling-kochi/,gsc-indexed-url-upgrade-map;gsc-url-protection-map,www.ewastekochi.com,location-service-matrix,fort-kochi,server-recycling-kochi,0,0,alt_canonical,leave_404,,classification_source=rule;confirmed_indexed_2026-07-10
/locations/fort-kochi/tv-monitor-recycling-kochi/,https://www.ewastekochi.com/locations/fort-kochi/tv-monitor-recycling-kochi/,gsc-url-protection-map,www.ewastekochi.com,location-service-matrix,fort-kochi,tv-monitor-recycling-kochi,0,3,redirect,redirect_301,(see vercel.json),classification_source=v2-redirect
/locations/fort-kochi/ups-inverter-recycling-kochi/,https://www.ewastekochi.com/locations/fort-kochi/ups-inverter-recycling-kochi/,gsc-url-protection-map,www.ewastekochi.com,location-service-matrix,fort-kochi,ups-inverter-recycling-kochi,0,0,redirect,leave_404,,classification_source=rule
/locations/infopark-kochi/,https://www.ewastekochi.com/locations/infopark-kochi/,gsc-indexed-url-upgrade-map;gsc-url-protection-map,www.ewastekochi.com,location-page,infopark-kochi,infopark-kochi,6,145,redirect,keep_200,https://www.ewastekochi.com/locations/infopark-kochi/,classification_source=v2-live;confirmed_indexed_2026-07-10
/locations/infopark-kochi/air-conditioner-recycling-kochi/,https://www.ewastekochi.com/locations/infopark-kochi/air-conditioner-recycling-kochi/,gsc-url-protection-map,www.ewastekochi.com,location-service-matrix,infopark-kochi,air-conditioner-recycling-kochi,0,0,alt_canonical,leave_404,,classification_source=rule
/locations/infopark-kochi/battery-recycling-kochi/,https://www.ewastekochi.com/locations/infopark-kochi/battery-recycling-kochi/,gsc-indexed-url-upgrade-map;gsc-url-protection-map;gsc-indexed-redirect-map,www.ewastekochi.com,location-service-matrix,infopark-kochi,battery-recycling-kochi,0,1,indexed-with-traffic,redirect_configured,https://www.ewastekochi.com/battery-recycling/,Indexed legacy URL has a relevant one-hop 301 target in vercel.json; do not rebuild as a thin page.
/locations/infopark-kochi/certificate-of-destruction-kochi/,https://www.ewastekochi.com/locations/infopark-kochi/certificate-of-destruction-kochi/,gsc-url-protection-map,www.ewastekochi.com,location-service-matrix,infopark-kochi,certificate-of-destruction-kochi,0,1,redirect,redirect_301,(see vercel.json),classification_source=v2-redirect
/locations/infopark-kochi/corporate-ewaste-kochi/,https://www.ewastekochi.com/locations/infopark-kochi/corporate-ewaste-kochi/,gsc-url-protection-map,www.ewastekochi.com,location-service-matrix,infopark-kochi,corporate-ewaste-kochi,1,4,redirect|alt_canonical,redirect_301,(see vercel.json),classification_source=v2-redirect
/locations/infopark-kochi/data-destruction-kochi/,https://www.ewastekochi.com/locations/infopark-kochi/data-destruction-kochi/,gsc-url-protection-map,www.ewastekochi.com,location-service-matrix,infopark-kochi,data-destruction-kochi,1,6,redirect,redirect_301,(see vercel.json),classification_source=v2-redirect
/locations/infopark-kochi/dpdp-act-compliance-kochi/,https://www.ewastekochi.com/locations/infopark-kochi/dpdp-act-compliance-kochi/,gsc-url-protection-map,www.ewastekochi.com,location-service-matrix,infopark-kochi,dpdp-act-compliance-kochi,0,1,redirect,leave_404,,classification_source=rule
/locations/infopark-kochi/e-waste-recycling-kochi/,https://www.ewastekochi.com/locations/infopark-kochi/e-waste-recycling-kochi/,gsc-indexed-url-upgrade-map;gsc-url-protection-map;gsc-indexed-redirect-map,www.ewastekochi.com,location-service-matrix,infopark-kochi,e-waste-recycling-kochi,0,10,alt_canonical,redirect_configured,https://www.ewastekochi.com/recycling/,Indexed legacy URL has a relevant one-hop 301 target in vercel.json; do not rebuild as a thin page.
/locations/infopark-kochi/electronic-waste-disposal/,https://www.ewastekochi.com/locations/infopark-kochi/electronic-waste-disposal/,gsc-url-protection-map,www.ewastekochi.com,location-service-matrix,infopark-kochi,electronic-waste-disposal,1,43,redirect,redirect_301,(see vercel.json),classification_source=v2-redirect
/locations/infopark-kochi/free-ewaste-pickup-kochi/,https://www.ewastekochi.com/locations/infopark-kochi/free-ewaste-pickup-kochi/,gsc-url-protection-map,www.ewastekochi.com,location-service-matrix,infopark-kochi,free-ewaste-pickup-kochi,0,0,alt_canonical|crawled_not_indexed,leave_404,,classification_source=rule
/locations/infopark-kochi/hard-drive-shredding-kochi/,https://www.ewastekochi.com/locations/infopark-kochi/hard-drive-shredding-kochi/,gsc-url-protection-map,www.ewastekochi.com,location-service-matrix,infopark-kochi,hard-drive-shredding-kochi,1,2,redirect,redirect_301,(see vercel.json),classification_source=v2-redirect
/locations/infopark-kochi/itad-kochi/,https://www.ewastekochi.com/locations/infopark-kochi/itad-kochi/,gsc-indexed-url-upgrade-map;gsc-url-protection-map;gsc-indexed-redirect-map,www.ewastekochi.com,location-service-matrix,infopark-kochi,itad-kochi,0,13,crawled_not_indexed,redirect_configured,https://www.ewastekochi.com/itad/,Indexed legacy URL has a relevant one-hop 301 target in vercel.json; do not rebuild as a thin page.
/locations/infopark-kochi/laptop-buyback-kochi/,https://www.ewastekochi.com/locations/infopark-kochi/laptop-buyback-kochi/,gsc-url-protection-map,www.ewastekochi.com,location-service-matrix,infopark-kochi,laptop-buyback-kochi,0,2,redirect,redirect_301,(see vercel.json),classification_source=v2-redirect
/locations/infopark-kochi/mobile-recycling-kochi/,https://www.ewastekochi.com/locations/infopark-kochi/mobile-recycling-kochi/,gsc-indexed-url-upgrade-map;gsc-url-protection-map,www.ewastekochi.com,location-service-matrix,infopark-kochi,mobile-recycling-kochi,0,1,alt_canonical,leave_404,,classification_source=rule;confirmed_indexed_2026-07-10
/locations/infopark-kochi/network-equipment-disposal-kochi/,https://www.ewastekochi.com/locations/infopark-kochi/network-equipment-disposal-kochi/,gsc-indexed-url-upgrade-map;gsc-url-protection-map,www.ewastekochi.com,location-service-matrix,infopark-kochi,network-equipment-disposal-kochi,0,2,alt_canonical,leave_404,,classification_source=rule;confirmed_indexed_2026-07-10
/locations/infopark-kochi/printer-recycling-kochi/,https://www.ewastekochi.com/locations/infopark-kochi/printer-recycling-kochi/,gsc-url-protection-map,www.ewastekochi.com,location-service-matrix,infopark-kochi,printer-recycling-kochi,0,2,alt_canonical,leave_404,,classification_source=rule
/locations/infopark-kochi/server-recycling-kochi/,https://www.ewastekochi.com/locations/infopark-kochi/server-recycling-kochi/,gsc-url-protection-map,www.ewastekochi.com,location-service-matrix,infopark-kochi,server-recycling-kochi,0,1,redirect,redirect_301,(see vercel.json),classification_source=v2-redirect
/locations/infopark-kochi/tv-monitor-recycling-kochi/,https://www.ewastekochi.com/locations/infopark-kochi/tv-monitor-recycling-kochi/,gsc-indexed-url-upgrade-map;gsc-url-protection-map,www.ewastekochi.com,location-service-matrix,infopark-kochi,tv-monitor-recycling-kochi,0,0,indexed,leave_404,,classification_source=indexed-pages-crosscheck-2026-07-10
/locations/infopark-kochi/ups-inverter-recycling-kochi/,https://www.ewastekochi.com/locations/infopark-kochi/ups-inverter-recycling-kochi/,gsc-url-protection-map,www.ewastekochi.com,location-service-matrix,infopark-kochi,ups-inverter-recycling-kochi,0,1,alt_canonical|crawled_not_indexed,redirect_301,(see vercel.json),classification_source=v2-redirect
/locations/kadavanthra/,https://www.ewastekochi.com/locations/kadavanthra/,gsc-indexed-url-upgrade-map;gsc-url-protection-map,www.ewastekochi.com,location-page,kadavanthra,kadavanthra,10,426,redirect,keep_200,https://www.ewastekochi.com/locations/kadavanthra/,classification_source=v2-live;confirmed_indexed_2026-07-10
/locations/kadavanthra/battery-recycling-kochi/,https://www.ewastekochi.com/locations/kadavanthra/battery-recycling-kochi/,gsc-url-protection-map,www.ewastekochi.com,location-service-matrix,kadavanthra,battery-recycling-kochi,0,1,alt_canonical|crawled_not_indexed,redirect_301,(see vercel.json),classification_source=v2-redirect
/locations/kadavanthra/certificate-of-destruction-kochi/,https://www.ewastekochi.com/locations/kadavanthra/certificate-of-destruction-kochi/,gsc-indexed-url-upgrade-map;gsc-url-protection-map,www.ewastekochi.com,location-service-matrix,kadavanthra,certificate-of-destruction-kochi,0,0,alt_canonical,leave_404,,classification_source=rule;confirmed_indexed_2026-07-10
/locations/kadavanthra/corporate-ewaste-kochi/,https://www.ewastekochi.com/locations/kadavanthra/corporate-ewaste-kochi/,gsc-url-protection-map,www.ewastekochi.com,location-service-matrix,kadavanthra,corporate-ewaste-kochi,1,11,redirect,redirect_301,(see vercel.json),classification_source=v2-redirect
/locations/kadavanthra/data-destruction-kochi/,https://www.ewastekochi.com/locations/kadavanthra/data-destruction-kochi/,gsc-url-protection-map,www.ewastekochi.com,location-service-matrix,kadavanthra,data-destruction-kochi,0,9,redirect,redirect_301,(see vercel.json),classification_source=v2-redirect
/locations/kadavanthra/dpdp-act-compliance-kochi/,https://www.ewastekochi.com/locations/kadavanthra/dpdp-act-compliance-kochi/,gsc-url-protection-map,www.ewastekochi.com,location-service-matrix,kadavanthra,dpdp-act-compliance-kochi,0,0,redirect,leave_404,,classification_source=rule
/locations/kadavanthra/e-waste-recycling-kochi/,https://www.ewastekochi.com/locations/kadavanthra/e-waste-recycling-kochi/,gsc-url-protection-map,www.ewastekochi.com,location-service-matrix,kadavanthra,e-waste-recycling-kochi,0,3,alt_canonical,redirect_301,(see vercel.json),classification_source=v2-redirect
/locations/kadavanthra/electronic-waste-disposal/,https://www.ewastekochi.com/locations/kadavanthra/electronic-waste-disposal/,gsc-url-protection-map,www.ewastekochi.com,location-service-matrix,kadavanthra,electronic-waste-disposal,0,7,alt_canonical|crawled_not_indexed,redirect_301,(see vercel.json),classification_source=v2-redirect
/locations/kadavanthra/free-ewaste-pickup-kochi/,https://www.ewastekochi.com/locations/kadavanthra/free-ewaste-pickup-kochi/,gsc-url-protection-map,www.ewastekochi.com,location-service-matrix,kadavanthra,free-ewaste-pickup-kochi,0,5,alt_canonical,redirect_301,(see vercel.json),classification_source=v2-redirect
/locations/kadavanthra/hard-drive-shredding-kochi/,https://www.ewastekochi.com/locations/kadavanthra/hard-drive-shredding-kochi/,gsc-url-protection-map,www.ewastekochi.com,location-service-matrix,kadavanthra,hard-drive-shredding-kochi,0,0,alt_canonical,leave_404,,classification_source=rule
/locations/kadavanthra/itad-kochi/,https://www.ewastekochi.com/locations/kadavanthra/itad-kochi/,gsc-url-protection-map,www.ewastekochi.com,location-service-matrix,kadavanthra,itad-kochi,0,3,redirect,redirect_301,(see vercel.json),classification_source=v2-redirect
/locations/kadavanthra/laptop-buyback-kochi/,https://www.ewastekochi.com/locations/kadavanthra/laptop-buyback-kochi/,gsc-indexed-url-upgrade-map;gsc-url-protection-map;gsc-indexed-redirect-map,www.ewastekochi.com,location-service-matrix,kadavanthra,laptop-buyback-kochi,0,1,alt_canonical,redirect_configured,https://www.ewastekochi.com/sell-electronics/,Indexed legacy URL has a relevant one-hop 301 target in vercel.json; do not rebuild as a thin page.
/locations/kadavanthra/laptop-recycling-near-me/,https://www.ewastekochi.com/locations/kadavanthra/laptop-recycling-near-me/,gsc-url-protection-map,www.ewastekochi.com,location-service-matrix,kadavanthra,laptop-recycling-near-me,0,0,alt_canonical|crawled_not_indexed,leave_404,,classification_source=rule
/locations/kadavanthra/mobile-recycling-kochi/,https://www.ewastekochi.com/locations/kadavanthra/mobile-recycling-kochi/,gsc-url-protection-map,www.ewastekochi.com,location-service-matrix,kadavanthra,mobile-recycling-kochi,0,2,redirect,leave_404,,classification_source=rule
/locations/kadavanthra/network-equipment-disposal-kochi/,https://www.ewastekochi.com/locations/kadavanthra/network-equipment-disposal-kochi/,gsc-indexed-url-upgrade-map;gsc-url-protection-map,www.ewastekochi.com,location-service-matrix,kadavanthra,network-equipment-disposal-kochi,0,0,alt_canonical,leave_404,,classification_source=rule;confirmed_indexed_2026-07-10
/locations/kadavanthra/sell-electronics-kochi/,https://www.ewastekochi.com/locations/kadavanthra/sell-electronics-kochi/,gsc-url-protection-map,www.ewastekochi.com,location-service-matrix,kadavanthra,sell-electronics-kochi,2,46,redirect,redirect_301,(see vercel.json),classification_source=v2-redirect
/locations/kadavanthra/server-recycling-kochi/,https://www.ewastekochi.com/locations/kadavanthra/server-recycling-kochi/,gsc-url-protection-map,www.ewastekochi.com,location-service-matrix,kadavanthra,server-recycling-kochi,0,0,redirect,leave_404,,classification_source=rule
/locations/kadavanthra/tv-monitor-recycling-kochi/,https://www.ewastekochi.com/locations/kadavanthra/tv-monitor-recycling-kochi/,gsc-url-protection-map,www.ewastekochi.com,location-service-matrix,kadavanthra,tv-monitor-recycling-kochi,0,1,alt_canonical,redirect_301,(see vercel.json),classification_source=v2-redirect
/locations/kadavanthra/ups-inverter-recycling-kochi/,https://www.ewastekochi.com/locations/kadavanthra/ups-inverter-recycling-kochi/,gsc-indexed-url-upgrade-map;gsc-url-protection-map;gsc-indexed-redirect-map,www.ewastekochi.com,location-service-matrix,kadavanthra,ups-inverter-recycling-kochi,0,1,indexed-with-traffic,redirect_configured,https://www.ewastekochi.com/battery-recycling/,Indexed legacy URL has a relevant one-hop 301 target in vercel.json; do not rebuild as a thin page.
/locations/kakkanad/,https://www.ewastekochi.com/locations/kakkanad/,gsc-indexed-url-upgrade-map;gsc-url-protection-map,www.ewastekochi.com,location-page,kakkanad,kakkanad,34,793,redirect,keep_200,https://www.ewastekochi.com/locations/kakkanad/,classification_source=v2-live;confirmed_indexed_2026-07-10
/locations/kakkanad/air-conditioner-recycling-kochi/,https://www.ewastekochi.com/locations/kakkanad/air-conditioner-recycling-kochi/,gsc-url-protection-map,www.ewastekochi.com,location-service-matrix,kakkanad,air-conditioner-recycling-kochi,0,3,redirect,redirect_301,(see vercel.json),classification_source=v2-redirect
/locations/kakkanad/battery-recycling-kochi/,https://www.ewastekochi.com/locations/kakkanad/battery-recycling-kochi/,gsc-indexed-url-upgrade-map;gsc-url-protection-map,www.ewastekochi.com,location-service-matrix,kakkanad,battery-recycling-kochi,0,0,alt_canonical,leave_404,,classification_source=rule;confirmed_indexed_2026-07-10
/locations/kakkanad/certificate-of-destruction-kochi/,https://www.ewastekochi.com/locations/kakkanad/certificate-of-destruction-kochi/,gsc-url-protection-map,www.ewastekochi.com,location-service-matrix,kakkanad,certificate-of-destruction-kochi,0,2,redirect,redirect_301,(see vercel.json),classification_source=v2-redirect
/locations/kakkanad/corporate-ewaste-kochi/,https://www.ewastekochi.com/locations/kakkanad/corporate-ewaste-kochi/,gsc-url-protection-map,www.ewastekochi.com,location-service-matrix,kakkanad,corporate-ewaste-kochi,2,16,redirect,redirect_301,(see vercel.json),classification_source=v2-redirect
/locations/kakkanad/data-destruction-kochi/,https://www.ewastekochi.com/locations/kakkanad/data-destruction-kochi/,gsc-url-protection-map,www.ewastekochi.com,location-service-matrix,kakkanad,data-destruction-kochi,1,5,redirect,redirect_301,(see vercel.json),classification_source=v2-redirect
/locations/kakkanad/dpdp-act-compliance-kochi/,https://www.ewastekochi.com/locations/kakkanad/dpdp-act-compliance-kochi/,gsc-indexed-url-upgrade-map;gsc-url-protection-map;gsc-indexed-redirect-map,www.ewastekochi.com,location-service-matrix,kakkanad,dpdp-act-compliance-kochi,0,1,redirect,redirect_configured,https://www.ewastekochi.com/locations/kakkanad/,Indexed legacy URL has a relevant one-hop 301 target in vercel.json; do not rebuild as a thin page.
/locations/kakkanad/e-waste-recycling-kochi/,https://www.ewastekochi.com/locations/kakkanad/e-waste-recycling-kochi/,gsc-url-protection-map,www.ewastekochi.com,location-service-matrix,kakkanad,e-waste-recycling-kochi,2,13,redirect,redirect_301,(see vercel.json),classification_source=v2-redirect
/locations/kakkanad/electronics-recycling-near-me/,https://www.ewastekochi.com/locations/kakkanad/electronics-recycling-near-me/,gsc-url-protection-map,www.ewastekochi.com,location-service-matrix,kakkanad,electronics-recycling-near-me,0,17,redirect,redirect_301,(see vercel.json),classification_source=v2-redirect
/locations/kakkanad/free-ewaste-pickup-kochi/,https://www.ewastekochi.com/locations/kakkanad/free-ewaste-pickup-kochi/,gsc-url-protection-map,www.ewastekochi.com,location-service-matrix,kakkanad,free-ewaste-pickup-kochi,0,10,redirect,redirect_301,(see vercel.json),classification_source=v2-redirect
/locations/kakkanad/hard-drive-degaussing-kochi/,https://www.ewastekochi.com/locations/kakkanad/hard-drive-degaussing-kochi/,gsc-indexed-url-upgrade-map;gsc-url-protection-map,www.ewastekochi.com,location-service-matrix,kakkanad,hard-drive-degaussing-kochi,0,0,redirect|alt_canonical,leave_404,,classification_source=rule;confirmed_indexed_2026-07-10
/locations/kakkanad/hard-drive-destruction-kochi/,https://www.ewastekochi.com/locations/kakkanad/hard-drive-destruction-kochi/,gsc-url-protection-map,www.ewastekochi.com,location-service-matrix,kakkanad,hard-drive-destruction-kochi,0,10,alt_canonical|crawled_not_indexed,redirect_301,(see vercel.json),classification_source=v2-redirect
/locations/kakkanad/hard-drive-shredding-kochi/,https://www.ewastekochi.com/locations/kakkanad/hard-drive-shredding-kochi/,gsc-indexed-url-upgrade-map;gsc-url-protection-map;gsc-indexed-redirect-map,www.ewastekochi.com,location-service-matrix,kakkanad,hard-drive-shredding-kochi,0,7,alt_canonical,redirect_configured,https://www.ewastekochi.com/locations/kakkanad/,Indexed legacy URL has a relevant one-hop 301 target in vercel.json; do not rebuild as a thin page.
/locations/kakkanad/itad-kochi/,https://www.ewastekochi.com/locations/kakkanad/itad-kochi/,gsc-url-protection-map,www.ewastekochi.com,location-service-matrix,kakkanad,itad-kochi,0,3,alt_canonical,redirect_301,(see vercel.json),classification_source=v2-redirect
/locations/kakkanad/laptop-buyback-kochi/,https://www.ewastekochi.com/locations/kakkanad/laptop-buyback-kochi/,gsc-url-protection-map,www.ewastekochi.com,location-service-matrix,kakkanad,laptop-buyback-kochi,0,0,crawled_not_indexed,leave_404,,classification_source=rule
/locations/kakkanad/laptop-recycling-near-me/,https://www.ewastekochi.com/locations/kakkanad/laptop-recycling-near-me/,gsc-url-protection-map,www.ewastekochi.com,location-service-matrix,kakkanad,laptop-recycling-near-me,0,0,redirect,leave_404,,classification_source=rule
/locations/kakkanad/mobile-recycling-kochi/,https://www.ewastekochi.com/locations/kakkanad/mobile-recycling-kochi/,gsc-url-protection-map,www.ewastekochi.com,location-service-matrix,kakkanad,mobile-recycling-kochi,0,7,redirect,redirect_301,(see vercel.json),classification_source=v2-redirect
/locations/kakkanad/network-equipment-disposal-kochi/,https://www.ewastekochi.com/locations/kakkanad/network-equipment-disposal-kochi/,gsc-indexed-url-upgrade-map;gsc-url-protection-map;gsc-indexed-redirect-map,www.ewastekochi.com,location-service-matrix,kakkanad,network-equipment-disposal-kochi,0,4,alt_canonical,redirect_configured,https://www.ewastekochi.com/locations/kakkanad/,Indexed legacy URL has a relevant one-hop 301 target in vercel.json; do not rebuild as a thin page.
/locations/kakkanad/printer-recycling-kochi/,https://www.ewastekochi.com/locations/kakkanad/printer-recycling-kochi/,gsc-indexed-url-upgrade-map;gsc-url-protection-map;gsc-indexed-redirect-map,www.ewastekochi.com,location-service-matrix,kakkanad,printer-recycling-kochi,0,1,alt_canonical,redirect_configured,https://www.ewastekochi.com/locations/kakkanad/,Indexed legacy URL has a relevant one-hop 301 target in vercel.json; do not rebuild as a thin page.
/locations/kakkanad/server-recycling-kochi/,https://www.ewastekochi.com/locations/kakkanad/server-recycling-kochi/,gsc-url-protection-map,www.ewastekochi.com,location-service-matrix,kakkanad,server-recycling-kochi,0,2,redirect,redirect_301,(see vercel.json),classification_source=v2-redirect
/locations/kakkanad/tv-monitor-recycling-kochi/,https://www.ewastekochi.com/locations/kakkanad/tv-monitor-recycling-kochi/,gsc-url-protection-map,www.ewastekochi.com,location-service-matrix,kakkanad,tv-monitor-recycling-kochi,0,4,redirect,redirect_301,(see vercel.json),classification_source=v2-redirect
/locations/kakkanad/ups-inverter-recycling-kochi/,https://www.ewastekochi.com/locations/kakkanad/ups-inverter-recycling-kochi/,gsc-url-protection-map,www.ewastekochi.com,location-service-matrix,kakkanad,ups-inverter-recycling-kochi,0,4,redirect,redirect_301,(see vercel.json),classification_source=v2-redirect
/locations/kalady/,https://www.ewastekochi.com/locations/kalady/,gsc-indexed-url-upgrade-map;gsc-url-protection-map;manual-high-intent-list,www.ewastekochi.com,location,kalady,kalady,0,32,redirect,manual-high-intent,https://www.ewastekochi.com/locations/kalady/,Expected location hub
/locations/kalady/air-conditioner-recycling-kochi/,https://www.ewastekochi.com/locations/kalady/air-conditioner-recycling-kochi/,gsc-url-protection-map,www.ewastekochi.com,location-service-matrix,kalady,air-conditioner-recycling-kochi,0,0,404,leave_404,,classification_source=rule
/locations/kalady/battery-recycling-kochi/,https://www.ewastekochi.com/locations/kalady/battery-recycling-kochi/,gsc-indexed-url-upgrade-map;gsc-url-protection-map;gsc-indexed-redirect-map,www.ewastekochi.com,location-service-matrix,kalady,battery-recycling-kochi,0,1,indexed-with-traffic,redirect_configured,https://www.ewastekochi.com/battery-recycling/,Indexed legacy URL has a relevant one-hop 301 target in vercel.json; do not rebuild as a thin page.
/locations/kalady/certificate-of-destruction-kochi/,https://www.ewastekochi.com/locations/kalady/certificate-of-destruction-kochi/,gsc-indexed-url-upgrade-map;gsc-url-protection-map,www.ewastekochi.com,location-service-matrix,kalady,certificate-of-destruction-kochi,0,0,alt_canonical,leave_404,,classification_source=rule;confirmed_indexed_2026-07-10
/locations/kalady/corporate-ewaste-kochi/,https://www.ewastekochi.com/locations/kalady/corporate-ewaste-kochi/,gsc-url-protection-map,www.ewastekochi.com,location-service-matrix,kalady,corporate-ewaste-kochi,0,3,redirect,leave_404,,classification_source=rule
/locations/kalady/data-destruction-kochi/,https://www.ewastekochi.com/locations/kalady/data-destruction-kochi/,gsc-url-protection-map,www.ewastekochi.com,location-service-matrix,kalady,data-destruction-kochi,0,1,redirect,redirect_301,(see vercel.json),classification_source=v2-redirect
/locations/kalady/dpdp-act-compliance-kochi/,https://www.ewastekochi.com/locations/kalady/dpdp-act-compliance-kochi/,gsc-indexed-url-upgrade-map;gsc-url-protection-map,www.ewastekochi.com,location-service-matrix,kalady,dpdp-act-compliance-kochi,0,0,alt_canonical,leave_404,,classification_source=rule;confirmed_indexed_2026-07-10
/locations/kalady/e-waste-recycling-kochi/,https://www.ewastekochi.com/locations/kalady/e-waste-recycling-kochi/,gsc-url-protection-map,www.ewastekochi.com,location-service-matrix,kalady,e-waste-recycling-kochi,0,3,redirect,redirect_301,(see vercel.json),classification_source=v2-redirect
/locations/kalady/free-ewaste-pickup-kochi/,https://www.ewastekochi.com/locations/kalady/free-ewaste-pickup-kochi/,gsc-url-protection-map,www.ewastekochi.com,location-service-matrix,kalady,free-ewaste-pickup-kochi,0,4,redirect,redirect_301,(see vercel.json),classification_source=v2-redirect
/locations/kalady/hard-drive-destruction-kochi/,https://www.ewastekochi.com/locations/kalady/hard-drive-destruction-kochi/,gsc-indexed-url-upgrade-map;gsc-url-protection-map,www.ewastekochi.com,location-service-matrix,kalady,hard-drive-destruction-kochi,0,0,alt_canonical,leave_404,,classification_source=rule;confirmed_indexed_2026-07-10
/locations/kalady/hard-drive-shredding-kochi/,https://www.ewastekochi.com/locations/kalady/hard-drive-shredding-kochi/,gsc-url-protection-map,www.ewastekochi.com,location-service-matrix,kalady,hard-drive-shredding-kochi,0,0,redirect,leave_404,,classification_source=rule
/locations/kalady/it-asset-inventory-audit/,https://www.ewastekochi.com/locations/kalady/it-asset-inventory-audit/,gsc-indexed-url-upgrade-map;gsc-url-protection-map,www.ewastekochi.com,location-service-matrix,kalady,it-asset-inventory-audit,0,0,alt_canonical,leave_404,,classification_source=rule;confirmed_indexed_2026-07-10
/locations/kalady/itad-kochi/,https://www.ewastekochi.com/locations/kalady/itad-kochi/,gsc-url-protection-map,www.ewastekochi.com,location-service-matrix,kalady,itad-kochi,0,1,crawled_not_indexed,redirect_301,(see vercel.json),classification_source=v2-redirect
/locations/kalady/laptop-buyback-kochi/,https://www.ewastekochi.com/locations/kalady/laptop-buyback-kochi/,gsc-url-protection-map,www.ewastekochi.com,location-service-matrix,kalady,laptop-buyback-kochi,0,0,redirect,leave_404,,classification_source=rule
/locations/kalady/mobile-recycling-kochi/,https://www.ewastekochi.com/locations/kalady/mobile-recycling-kochi/,gsc-url-protection-map,www.ewastekochi.com,location-service-matrix,kalady,mobile-recycling-kochi,0,3,redirect,leave_404,,classification_source=rule
/locations/kalady/network-equipment-disposal-kochi/,https://www.ewastekochi.com/locations/kalady/network-equipment-disposal-kochi/,gsc-indexed-url-upgrade-map;gsc-url-protection-map,www.ewastekochi.com,location-service-matrix,kalady,network-equipment-disposal-kochi,0,0,alt_canonical,leave_404,,classification_source=rule;confirmed_indexed_2026-07-10
/locations/kalady/old-computer-disposal/,https://www.ewastekochi.com/locations/kalady/old-computer-disposal/,gsc-indexed-url-upgrade-map;gsc-url-protection-map,www.ewastekochi.com,location-service-matrix,kalady,old-computer-disposal,0,1,redirect,leave_404,,classification_source=rule;confirmed_indexed_2026-07-10
/locations/kalady/printer-recycling-kochi/,https://www.ewastekochi.com/locations/kalady/printer-recycling-kochi/,gsc-url-protection-map,www.ewastekochi.com,location-service-matrix,kalady,printer-recycling-kochi,0,0,alt_canonical,leave_404,,classification_source=rule
/locations/kalady/server-recycling-kochi/,https://www.ewastekochi.com/locations/kalady/server-recycling-kochi/,gsc-indexed-url-upgrade-map;gsc-url-protection-map;gsc-indexed-redirect-map,www.ewastekochi.com,location-service-matrix,kalady,server-recycling-kochi,0,2,indexed-with-traffic,redirect_configured,https://www.ewastekochi.com/server-recycling-kochi/,Indexed legacy URL has a relevant one-hop 301 target in vercel.json; do not rebuild as a thin page.
/locations/kalady/tv-monitor-recycling-kochi/,https://www.ewastekochi.com/locations/kalady/tv-monitor-recycling-kochi/,gsc-url-protection-map,www.ewastekochi.com,location-service-matrix,kalady,tv-monitor-recycling-kochi,0,1,redirect,redirect_301,(see vercel.json),classification_source=v2-redirect
/locations/kalady/ups-inverter-recycling-kochi/,https://www.ewastekochi.com/locations/kalady/ups-inverter-recycling-kochi/,gsc-url-protection-map,www.ewastekochi.com,location-service-matrix,kalady,ups-inverter-recycling-kochi,0,5,redirect,redirect_301,(see vercel.json),classification_source=v2-redirect
/locations/kalamassery-hitech-park/,https://www.ewastekochi.com/locations/kalamassery-hitech-park/,gsc-indexed-url-upgrade-map;gsc-url-protection-map;gsc-indexed-redirect-map;manual-high-intent-list,www.ewastekochi.com,legacy-location-alias,kalamassery-hitech-park,kalamassery-hitech-park,0,43,redirect,manual-high-intent,https://www.ewastekochi.com/locations/kalamassery/,Expected high-intent location alias
/locations/kalamassery-hitech-park/air-conditioner-recycling-kochi/,https://www.ewastekochi.com/locations/kalamassery-hitech-park/air-conditioner-recycling-kochi/,gsc-url-protection-map,www.ewastekochi.com,location-service-matrix,kalamassery-hitech-park,air-conditioner-recycling-kochi,0,1,alt_canonical,redirect_301,(see vercel.json),classification_source=v2-redirect
/locations/kalamassery-hitech-park/battery-recycling-kochi/,https://www.ewastekochi.com/locations/kalamassery-hitech-park/battery-recycling-kochi/,gsc-url-protection-map,www.ewastekochi.com,location-service-matrix,kalamassery-hitech-park,battery-recycling-kochi,0,0,redirect,leave_404,,classification_source=rule
/locations/kalamassery-hitech-park/certificate-of-destruction-kochi/,https://www.ewastekochi.com/locations/kalamassery-hitech-park/certificate-of-destruction-kochi/,gsc-url-protection-map,www.ewastekochi.com,location-service-matrix,kalamassery-hitech-park,certificate-of-destruction-kochi,0,0,alt_canonical|crawled_not_indexed,leave_404,,classification_source=rule
/locations/kalamassery-hitech-park/corporate-ewaste-kochi/,https://www.ewastekochi.com/locations/kalamassery-hitech-park/corporate-ewaste-kochi/,gsc-url-protection-map,www.ewastekochi.com,location-service-matrix,kalamassery-hitech-park,corporate-ewaste-kochi,0,2,redirect,redirect_301,(see vercel.json),classification_source=v2-redirect
/locations/kalamassery-hitech-park/data-destruction-kochi/,https://www.ewastekochi.com/locations/kalamassery-hitech-park/data-destruction-kochi/,gsc-url-protection-map,www.ewastekochi.com,location-service-matrix,kalamassery-hitech-park,data-destruction-kochi,0,1,alt_canonical|crawled_not_indexed,redirect_301,(see vercel.json),classification_source=v2-redirect
/locations/kalamassery-hitech-park/dpdp-act-compliance-kochi/,https://www.ewastekochi.com/locations/kalamassery-hitech-park/dpdp-act-compliance-kochi/,gsc-url-protection-map,www.ewastekochi.com,location-service-matrix,kalamassery-hitech-park,dpdp-act-compliance-kochi,0,0,alt_canonical,leave_404,,classification_source=rule
/locations/kalamassery-hitech-park/e-waste-recycling-kochi/,https://www.ewastekochi.com/locations/kalamassery-hitech-park/e-waste-recycling-kochi/,gsc-url-protection-map,www.ewastekochi.com,location-service-matrix,kalamassery-hitech-park,e-waste-recycling-kochi,0,1,redirect,redirect_301,(see vercel.json),classification_source=v2-redirect
/locations/kalamassery-hitech-park/free-ewaste-pickup-kochi/,https://www.ewastekochi.com/locations/kalamassery-hitech-park/free-ewaste-pickup-kochi/,gsc-url-protection-map,www.ewastekochi.com,location-service-matrix,kalamassery-hitech-park,free-ewaste-pickup-kochi,0,0,redirect,leave_404,,classification_source=rule
/locations/kalamassery-hitech-park/hard-drive-shredding-kochi/,https://www.ewastekochi.com/locations/kalamassery-hitech-park/hard-drive-shredding-kochi/,gsc-indexed-url-upgrade-map;gsc-url-protection-map,www.ewastekochi.com,location-service-matrix,kalamassery-hitech-park,hard-drive-shredding-kochi,0,0,indexed,leave_404,,classification_source=indexed-pages-crosscheck-2026-07-10
/locations/kalamassery-hitech-park/itad-kochi/,https://www.ewastekochi.com/locations/kalamassery-hitech-park/itad-kochi/,gsc-url-protection-map,www.ewastekochi.com,location-service-matrix,kalamassery-hitech-park,itad-kochi,0,3,redirect|alt_canonical,redirect_301,(see vercel.json),classification_source=v2-redirect
/locations/kalamassery-hitech-park/laptop-buyback-kochi/,https://www.ewastekochi.com/locations/kalamassery-hitech-park/laptop-buyback-kochi/,gsc-indexed-url-upgrade-map;gsc-url-protection-map,www.ewastekochi.com,location-service-matrix,kalamassery-hitech-park,laptop-buyback-kochi,0,0,alt_canonical,leave_404,,classification_source=rule;confirmed_indexed_2026-07-10
/locations/kalamassery-hitech-park/laptop-recycling-near-me/,https://www.ewastekochi.com/locations/kalamassery-hitech-park/laptop-recycling-near-me/,gsc-url-protection-map,www.ewastekochi.com,location-service-matrix,kalamassery-hitech-park,laptop-recycling-near-me,0,0,redirect,leave_404,,classification_source=rule
/locations/kalamassery-hitech-park/mobile-recycling-kochi/,https://www.ewastekochi.com/locations/kalamassery-hitech-park/mobile-recycling-kochi/,gsc-url-protection-map,www.ewastekochi.com,location-service-matrix,kalamassery-hitech-park,mobile-recycling-kochi,0,0,alt_canonical|crawled_not_indexed,leave_404,,classification_source=rule
/locations/kalamassery-hitech-park/network-equipment-disposal-kochi/,https://www.ewastekochi.com/locations/kalamassery-hitech-park/network-equipment-disposal-kochi/,gsc-indexed-url-upgrade-map;gsc-url-protection-map,www.ewastekochi.com,location-service-matrix,kalamassery-hitech-park,network-equipment-disposal-kochi,0,0,indexed,leave_404,,classification_source=indexed-pages-crosscheck-2026-07-10
/locations/kalamassery-hitech-park/printer-recycling-kochi/,https://www.ewastekochi.com/locations/kalamassery-hitech-park/printer-recycling-kochi/,gsc-url-protection-map,www.ewastekochi.com,location-service-matrix,kalamassery-hitech-park,printer-recycling-kochi,0,1,alt_canonical,redirect_301,(see vercel.json),classification_source=v2-redirect
/locations/kalamassery-hitech-park/server-recycling-kochi/,https://www.ewastekochi.com/locations/kalamassery-hitech-park/server-recycling-kochi/,gsc-url-protection-map,www.ewastekochi.com,location-service-matrix,kalamassery-hitech-park,server-recycling-kochi,0,2,alt_canonical,redirect_301,(see vercel.json),classification_source=v2-redirect
/locations/kalamassery-hitech-park/tv-monitor-recycling-kochi/,https://www.ewastekochi.com/locations/kalamassery-hitech-park/tv-monitor-recycling-kochi/,gsc-url-protection-map,www.ewastekochi.com,location-service-matrix,kalamassery-hitech-park,tv-monitor-recycling-kochi,0,1,redirect,redirect_301,(see vercel.json),classification_source=v2-redirect
/locations/kalamassery-hitech-park/ups-inverter-recycling-kochi/,https://www.ewastekochi.com/locations/kalamassery-hitech-park/ups-inverter-recycling-kochi/,gsc-indexed-url-upgrade-map;gsc-url-protection-map,www.ewastekochi.com,location-service-matrix,kalamassery-hitech-park,ups-inverter-recycling-kochi,0,0,indexed,leave_404,,classification_source=indexed-pages-crosscheck-2026-07-10
/locations/kalamassery/,https://www.ewastekochi.com/locations/kalamassery/,gsc-indexed-url-upgrade-map;gsc-url-protection-map,www.ewastekochi.com,location-page,kalamassery,kalamassery,3,145,redirect,keep_200,https://www.ewastekochi.com/locations/kalamassery/,classification_source=v2-live;confirmed_indexed_2026-07-10
/locations/kalamassery/air-conditioner-recycling-kochi/,https://www.ewastekochi.com/locations/kalamassery/air-conditioner-recycling-kochi/,gsc-indexed-url-upgrade-map;gsc-url-protection-map,www.ewastekochi.com,location-service-matrix,kalamassery,air-conditioner-recycling-kochi,0,0,alt_canonical,leave_404,,classification_source=rule;confirmed_indexed_2026-07-10
/locations/kalamassery/battery-recycling-kochi/,https://www.ewastekochi.com/locations/kalamassery/battery-recycling-kochi/,gsc-url-protection-map,www.ewastekochi.com,location-service-matrix,kalamassery,battery-recycling-kochi,0,1,redirect,redirect_301,(see vercel.json),classification_source=v2-redirect
/locations/kalamassery/certificate-of-destruction-kochi/,https://www.ewastekochi.com/locations/kalamassery/certificate-of-destruction-kochi/,gsc-indexed-url-upgrade-map;gsc-url-protection-map;gsc-indexed-redirect-map,www.ewastekochi.com,location-service-matrix,kalamassery,certificate-of-destruction-kochi,0,1,indexed-with-traffic,redirect_configured,https://www.ewastekochi.com/locations/kalamassery/,Indexed legacy URL has a relevant one-hop 301 target in vercel.json; do not rebuild as a thin page.
/locations/kalamassery/corporate-ewaste-kochi/,https://www.ewastekochi.com/locations/kalamassery/corporate-ewaste-kochi/,gsc-indexed-url-upgrade-map;gsc-url-protection-map;gsc-indexed-redirect-map,www.ewastekochi.com,location-service-matrix,kalamassery,corporate-ewaste-kochi,1,12,alt_canonical,redirect_configured,https://www.ewastekochi.com/locations/kalamassery/,Indexed legacy URL has a relevant one-hop 301 target in vercel.json; do not rebuild as a thin page.
/locations/kalamassery/data-destruction-kochi/,https://www.ewastekochi.com/locations/kalamassery/data-destruction-kochi/,gsc-url-protection-map,www.ewastekochi.com,location-service-matrix,kalamassery,data-destruction-kochi,0,7,redirect,redirect_301,(see vercel.json),classification_source=v2-redirect
/locations/kalamassery/dpdp-act-compliance-kochi/,https://www.ewastekochi.com/locations/kalamassery/dpdp-act-compliance-kochi/,gsc-indexed-url-upgrade-map;gsc-url-protection-map,www.ewastekochi.com,location-service-matrix,kalamassery,dpdp-act-compliance-kochi,0,0,indexed,leave_404,,classification_source=indexed-pages-crosscheck-2026-07-10
/locations/kalamassery/e-waste-recycling-kochi/,https://www.ewastekochi.com/locations/kalamassery/e-waste-recycling-kochi/,gsc-url-protection-map,www.ewastekochi.com,location-service-matrix,kalamassery,e-waste-recycling-kochi,0,5,redirect,redirect_301,(see vercel.json),classification_source=v2-redirect
/locations/kalamassery/electronic-waste-disposal/,https://www.ewastekochi.com/locations/kalamassery/electronic-waste-disposal/,gsc-url-protection-map,www.ewastekochi.com,location-service-matrix,kalamassery,electronic-waste-disposal,3,22,redirect,redirect_301,(see vercel.json),classification_source=v2-redirect
/locations/kalamassery/free-ewaste-pickup-kochi/,https://www.ewastekochi.com/locations/kalamassery/free-ewaste-pickup-kochi/,gsc-url-protection-map,www.ewastekochi.com,location-service-matrix,kalamassery,free-ewaste-pickup-kochi,3,21,redirect,redirect_301,(see vercel.json),classification_source=v2-redirect
/locations/kalamassery/hard-drive-shredding-kochi/,https://www.ewastekochi.com/locations/kalamassery/hard-drive-shredding-kochi/,gsc-url-protection-map,www.ewastekochi.com,location-service-matrix,kalamassery,hard-drive-shredding-kochi,0,6,redirect,redirect_301,(see vercel.json),classification_source=v2-redirect
/locations/kalamassery/it-asset-inventory-audit/,https://www.ewastekochi.com/locations/kalamassery/it-asset-inventory-audit/,gsc-url-protection-map,www.ewastekochi.com,location-service-matrix,kalamassery,it-asset-inventory-audit,0,0,redirect,leave_404,,classification_source=rule
/locations/kalamassery/itad-kochi/,https://www.ewastekochi.com/locations/kalamassery/itad-kochi/,gsc-indexed-url-upgrade-map;gsc-url-protection-map,www.ewastekochi.com,location-service-matrix,kalamassery,itad-kochi,0,0,alt_canonical,leave_404,,classification_source=rule;confirmed_indexed_2026-07-10
/locations/kalamassery/laptop-buyback-kochi/,https://www.ewastekochi.com/locations/kalamassery/laptop-buyback-kochi/,gsc-url-protection-map,www.ewastekochi.com,location-service-matrix,kalamassery,laptop-buyback-kochi,0,1,redirect,redirect_301,(see vercel.json),classification_source=v2-redirect
/locations/kalamassery/mobile-recycling-kochi/,https://www.ewastekochi.com/locations/kalamassery/mobile-recycling-kochi/,gsc-indexed-url-upgrade-map;gsc-url-protection-map;gsc-indexed-redirect-map,www.ewastekochi.com,location-service-matrix,kalamassery,mobile-recycling-kochi,0,1,alt_canonical,redirect_configured,https://www.ewastekochi.com/locations/kalamassery/,Indexed legacy URL has a relevant one-hop 301 target in vercel.json; do not rebuild as a thin page.
/locations/kalamassery/network-equipment-disposal-kochi/,https://www.ewastekochi.com/locations/kalamassery/network-equipment-disposal-kochi/,gsc-indexed-url-upgrade-map;gsc-url-protection-map,www.ewastekochi.com,location-service-matrix,kalamassery,network-equipment-disposal-kochi,0,0,indexed,leave_404,,classification_source=indexed-pages-crosscheck-2026-07-10
/locations/kalamassery/printer-recycling-kochi/,https://www.ewastekochi.com/locations/kalamassery/printer-recycling-kochi/,gsc-indexed-url-upgrade-map;gsc-url-protection-map,www.ewastekochi.com,location-service-matrix,kalamassery,printer-recycling-kochi,0,0,alt_canonical,leave_404,,classification_source=rule;confirmed_indexed_2026-07-10
/locations/kalamassery/server-recycling-kochi/,https://www.ewastekochi.com/locations/kalamassery/server-recycling-kochi/,gsc-url-protection-map,www.ewastekochi.com,location-service-matrix,kalamassery,server-recycling-kochi,0,4,redirect,redirect_301,(see vercel.json),classification_source=v2-redirect
/locations/kalamassery/tv-monitor-recycling-kochi/,https://www.ewastekochi.com/locations/kalamassery/tv-monitor-recycling-kochi/,gsc-url-protection-map,www.ewastekochi.com,location-service-matrix,kalamassery,tv-monitor-recycling-kochi,0,2,redirect,redirect_301,(see vercel.json),classification_source=v2-redirect
/locations/kalamassery/ups-inverter-recycling-kochi/,https://www.ewastekochi.com/locations/kalamassery/ups-inverter-recycling-kochi/,gsc-url-protection-map,www.ewastekochi.com,location-service-matrix,kalamassery,ups-inverter-recycling-kochi,0,1,redirect|crawled_not_indexed,redirect_301,(see vercel.json),classification_source=v2-redirect
/locations/kaloor/,https://www.ewastekochi.com/locations/kaloor/,gsc-indexed-url-upgrade-map;gsc-url-protection-map,www.ewastekochi.com,location-page,kaloor,kaloor,5,55,indexed-with-traffic,manual_review,https://www.ewastekochi.com/locations/kaloor/,classification_source=rule;confirmed_indexed_2026-07-10
/locations/kannur/,https://www.ewastekochi.com/locations/kannur/,gsc-indexed-url-upgrade-map;gsc-url-protection-map,www.ewastekochi.com,location-page,kannur,kannur,14,249,redirect,rebuild_safe_200,https://www.ewastekochi.com/locations/kannur/,classification_source=rule;confirmed_indexed_2026-07-10;built_2026-07-15
/locations/kannur/air-conditioner-recycling-kochi/,https://www.ewastekochi.com/locations/kannur/air-conditioner-recycling-kochi/,gsc-url-protection-map,www.ewastekochi.com,location-service-matrix,kannur,air-conditioner-recycling-kochi,0,0,redirect|crawled_not_indexed,leave_404,,classification_source=rule
/locations/kannur/battery-recycling-kochi/,https://www.ewastekochi.com/locations/kannur/battery-recycling-kochi/,gsc-url-protection-map,www.ewastekochi.com,location-service-matrix,kannur,battery-recycling-kochi,2,27,redirect,redirect_301,(see vercel.json),classification_source=v2-redirect
/locations/kannur/certificate-of-destruction-kochi/,https://www.ewastekochi.com/locations/kannur/certificate-of-destruction-kochi/,gsc-url-protection-map,www.ewastekochi.com,location-service-matrix,kannur,certificate-of-destruction-kochi,0,4,redirect,redirect_301,(see vercel.json),classification_source=v2-redirect
/locations/kannur/corporate-ewaste-kochi/,https://www.ewastekochi.com/locations/kannur/corporate-ewaste-kochi/,gsc-indexed-url-upgrade-map;gsc-url-protection-map,www.ewastekochi.com,location-service-matrix,kannur,corporate-ewaste-kochi,0,1,alt_canonical,leave_404,,classification_source=rule;confirmed_indexed_2026-07-10
/locations/kannur/data-destruction-kochi/,https://www.ewastekochi.com/locations/kannur/data-destruction-kochi/,gsc-url-protection-map,www.ewastekochi.com,location-service-matrix,kannur,data-destruction-kochi,0,1,alt_canonical,redirect_301,(see vercel.json),classification_source=v2-redirect
/locations/kannur/dpdp-act-compliance-kochi/,https://www.ewastekochi.com/locations/kannur/dpdp-act-compliance-kochi/,gsc-indexed-url-upgrade-map;gsc-url-protection-map,www.ewastekochi.com,location-service-matrix,kannur,dpdp-act-compliance-kochi,0,0,alt_canonical,leave_404,,classification_source=rule;confirmed_indexed_2026-07-10
/locations/kannur/e-waste-recycling-kochi/,https://www.ewastekochi.com/locations/kannur/e-waste-recycling-kochi/,gsc-url-protection-map,www.ewastekochi.com,location-service-matrix,kannur,e-waste-recycling-kochi,0,9,alt_canonical,redirect_301,(see vercel.json),classification_source=v2-redirect
/locations/kannur/free-ewaste-pickup-kochi/,https://www.ewastekochi.com/locations/kannur/free-ewaste-pickup-kochi/,gsc-url-protection-map,www.ewastekochi.com,location-service-matrix,kannur,free-ewaste-pickup-kochi,0,7,redirect,redirect_301,(see vercel.json),classification_source=v2-redirect
/locations/kannur/hard-drive-destruction-kochi/,https://www.ewastekochi.com/locations/kannur/hard-drive-destruction-kochi/,gsc-indexed-url-upgrade-map;gsc-url-protection-map;gsc-indexed-redirect-map,www.ewastekochi.com,location-service-matrix,kannur,hard-drive-destruction-kochi,0,7,alt_canonical,redirect_configured,https://www.ewastekochi.com/data-destruction/,Indexed legacy URL has a relevant one-hop 301 target in vercel.json; do not rebuild as a thin page.
/locations/kannur/hard-drive-shredding-kochi/,https://www.ewastekochi.com/locations/kannur/hard-drive-shredding-kochi/,gsc-indexed-url-upgrade-map;gsc-url-protection-map;gsc-indexed-redirect-map,www.ewastekochi.com,location-service-matrix,kannur,hard-drive-shredding-kochi,0,1,alt_canonical,redirect_configured,https://www.ewastekochi.com/hard-drive-shredding/,Indexed legacy URL has a relevant one-hop 301 target in vercel.json; do not rebuild as a thin page.
/locations/kannur/itad-kochi/,https://www.ewastekochi.com/locations/kannur/itad-kochi/,gsc-indexed-url-upgrade-map;gsc-url-protection-map;gsc-indexed-redirect-map,www.ewastekochi.com,location-service-matrix,kannur,itad-kochi,0,5,alt_canonical,redirect_configured,https://www.ewastekochi.com/itad/,Indexed legacy URL has a relevant one-hop 301 target in vercel.json; do not rebuild as a thin page.
/locations/kannur/laptop-buyback-kochi/,https://www.ewastekochi.com/locations/kannur/laptop-buyback-kochi/,gsc-url-protection-map,www.ewastekochi.com,location-service-matrix,kannur,laptop-buyback-kochi,0,1,redirect,redirect_301,(see vercel.json),classification_source=v2-redirect
/locations/kannur/mobile-recycling-kochi/,https://www.ewastekochi.com/locations/kannur/mobile-recycling-kochi/,gsc-url-protection-map,www.ewastekochi.com,location-service-matrix,kannur,mobile-recycling-kochi,0,1,redirect,leave_404,,classification_source=rule
/locations/kannur/network-equipment-disposal-kochi/,https://www.ewastekochi.com/locations/kannur/network-equipment-disposal-kochi/,gsc-url-protection-map,www.ewastekochi.com,location-service-matrix,kannur,network-equipment-disposal-kochi,0,3,redirect,leave_404,,classification_source=rule
/locations/kannur/old-computer-disposal/,https://www.ewastekochi.com/locations/kannur/old-computer-disposal/,gsc-url-protection-map,www.ewastekochi.com,location-service-matrix,kannur,old-computer-disposal,1,8,redirect,redirect_301,/locations/kannur/,classification_source=rule;implemented_in_vercel.json_2026-07-15
/locations/kannur/printer-recycling-kochi/,https://www.ewastekochi.com/locations/kannur/printer-recycling-kochi/,gsc-indexed-url-upgrade-map;gsc-url-protection-map,www.ewastekochi.com,location-service-matrix,kannur,printer-recycling-kochi,0,2,alt_canonical,leave_404,,classification_source=rule;confirmed_indexed_2026-07-10
/locations/kannur/server-recycling-kochi/,https://www.ewastekochi.com/locations/kannur/server-recycling-kochi/,gsc-indexed-url-upgrade-map;gsc-url-protection-map,www.ewastekochi.com,location-service-matrix,kannur,server-recycling-kochi,0,0,alt_canonical,leave_404,,classification_source=rule;confirmed_indexed_2026-07-10
/locations/kannur/tv-monitor-recycling-kochi/,https://www.ewastekochi.com/locations/kannur/tv-monitor-recycling-kochi/,gsc-url-protection-map,www.ewastekochi.com,location-service-matrix,kannur,tv-monitor-recycling-kochi,0,1,redirect,redirect_301,(see vercel.json),classification_source=v2-redirect
/locations/kannur/ups-inverter-recycling-kochi/,https://www.ewastekochi.com/locations/kannur/ups-inverter-recycling-kochi/,gsc-indexed-url-upgrade-map;gsc-url-protection-map,www.ewastekochi.com,location-service-matrix,kannur,ups-inverter-recycling-kochi,0,0,indexed,leave_404,,classification_source=indexed-pages-crosscheck-2026-07-10
/locations/kollam/,https://www.ewastekochi.com/locations/kollam/,gsc-indexed-url-upgrade-map;gsc-url-protection-map,www.ewastekochi.com,location-page,kollam,kollam,19,313,redirect,rebuild_safe_200,https://www.ewastekochi.com/locations/kollam/,classification_source=rule;confirmed_indexed_2026-07-10;built_2026-07-15
/locations/kollam/air-conditioner-recycling-kochi/,https://www.ewastekochi.com/locations/kollam/air-conditioner-recycling-kochi/,gsc-url-protection-map,www.ewastekochi.com,location-service-matrix,kollam,air-conditioner-recycling-kochi,0,0,redirect,leave_404,,classification_source=rule
/locations/kollam/battery-recycling-kochi/,https://www.ewastekochi.com/locations/kollam/battery-recycling-kochi/,gsc-url-protection-map,www.ewastekochi.com,location-service-matrix,kollam,battery-recycling-kochi,1,47,redirect,redirect_301,(see vercel.json),classification_source=v2-redirect
/locations/kollam/certificate-of-destruction-kochi/,https://www.ewastekochi.com/locations/kollam/certificate-of-destruction-kochi/,gsc-indexed-url-upgrade-map;gsc-url-protection-map;gsc-indexed-redirect-map,www.ewastekochi.com,location-service-matrix,kollam,certificate-of-destruction-kochi,0,2,indexed-with-traffic,redirect_configured,https://www.ewastekochi.com/data-destruction-certificate-sample/,Indexed legacy URL has a relevant one-hop 301 target in vercel.json; do not rebuild as a thin page.
/locations/kollam/corporate-ewaste-kochi/,https://www.ewastekochi.com/locations/kollam/corporate-ewaste-kochi/,gsc-url-protection-map,www.ewastekochi.com,location-service-matrix,kollam,corporate-ewaste-kochi,0,0,alt_canonical,leave_404,,classification_source=rule
/locations/kollam/data-destruction-kochi/,https://www.ewastekochi.com/locations/kollam/data-destruction-kochi/,gsc-indexed-url-upgrade-map;gsc-url-protection-map,www.ewastekochi.com,location-service-matrix,kollam,data-destruction-kochi,0,0,alt_canonical,leave_404,,classification_source=rule;confirmed_indexed_2026-07-10
/locations/kollam/dpdp-act-compliance-kochi/,https://www.ewastekochi.com/locations/kollam/dpdp-act-compliance-kochi/,gsc-indexed-url-upgrade-map;gsc-url-protection-map,www.ewastekochi.com,location-service-matrix,kollam,dpdp-act-compliance-kochi,0,0,alt_canonical,leave_404,,classification_source=rule;confirmed_indexed_2026-07-10
/locations/kollam/e-waste-recycling-kochi/,https://www.ewastekochi.com/locations/kollam/e-waste-recycling-kochi/,gsc-url-protection-map,www.ewastekochi.com,location-service-matrix,kollam,e-waste-recycling-kochi,0,14,alt_canonical,redirect_301,(see vercel.json),classification_source=v2-redirect
/locations/kollam/free-ewaste-pickup-kochi/,https://www.ewastekochi.com/locations/kollam/free-ewaste-pickup-kochi/,gsc-url-protection-map,www.ewastekochi.com,location-service-matrix,kollam,free-ewaste-pickup-kochi,0,1,redirect,redirect_301,(see vercel.json),classification_source=v2-redirect
/locations/kollam/hard-drive-degaussing-kochi/,https://www.ewastekochi.com/locations/kollam/hard-drive-degaussing-kochi/,gsc-url-protection-map,www.ewastekochi.com,location-service-matrix,kollam,hard-drive-degaussing-kochi,0,0,redirect,leave_404,,classification_source=rule
/locations/kollam/hard-drive-shredding-kochi/,https://www.ewastekochi.com/locations/kollam/hard-drive-shredding-kochi/,gsc-url-protection-map,www.ewastekochi.com,location-service-matrix,kollam,hard-drive-shredding-kochi,0,2,redirect,redirect_301,(see vercel.json),classification_source=v2-redirect
/locations/kollam/itad-kochi/,https://www.ewastekochi.com/locations/kollam/itad-kochi/,gsc-indexed-url-upgrade-map;gsc-url-protection-map,www.ewastekochi.com,location-service-matrix,kollam,itad-kochi,0,0,alt_canonical,leave_404,,classification_source=rule;confirmed_indexed_2026-07-10
/locations/kollam/laptop-buyback-kochi/,https://www.ewastekochi.com/locations/kollam/laptop-buyback-kochi/,gsc-indexed-url-upgrade-map;gsc-url-protection-map,www.ewastekochi.com,location-service-matrix,kollam,laptop-buyback-kochi,0,0,alt_canonical,leave_404,,classification_source=rule;confirmed_indexed_2026-07-10
/locations/kollam/mobile-recycling-kochi/,https://www.ewastekochi.com/locations/kollam/mobile-recycling-kochi/,gsc-url-protection-map,www.ewastekochi.com,location-service-matrix,kollam,mobile-recycling-kochi,0,3,indexed-with-traffic,leave_404,,classification_source=rule
/locations/kollam/network-equipment-disposal-kochi/,https://www.ewastekochi.com/locations/kollam/network-equipment-disposal-kochi/,gsc-url-protection-map,www.ewastekochi.com,location-service-matrix,kollam,network-equipment-disposal-kochi,0,3,redirect,leave_404,,classification_source=rule
/locations/kollam/printer-recycling-kochi/,https://www.ewastekochi.com/locations/kollam/printer-recycling-kochi/,gsc-url-protection-map,www.ewastekochi.com,location-service-matrix,kollam,printer-recycling-kochi,1,2,redirect,redirect_301,/locations/kollam/,classification_source=rule;implemented_in_vercel.json_2026-07-15
/locations/kollam/secure-laptop-disposal/,https://www.ewastekochi.com/locations/kollam/secure-laptop-disposal/,gsc-url-protection-map,www.ewastekochi.com,location-service-matrix,kollam,secure-laptop-disposal,0,0,redirect,leave_404,,classification_source=rule
/locations/kollam/server-recycling-kochi/,https://www.ewastekochi.com/locations/kollam/server-recycling-kochi/,gsc-indexed-url-upgrade-map;gsc-url-protection-map;gsc-indexed-redirect-map,www.ewastekochi.com,location-service-matrix,kollam,server-recycling-kochi,0,1,indexed-with-traffic,redirect_configured,https://www.ewastekochi.com/server-recycling-kochi/,Indexed legacy URL has a relevant one-hop 301 target in vercel.json; do not rebuild as a thin page.
/locations/kollam/tv-monitor-recycling-kochi/,https://www.ewastekochi.com/locations/kollam/tv-monitor-recycling-kochi/,gsc-indexed-url-upgrade-map;gsc-url-protection-map;gsc-indexed-redirect-map,www.ewastekochi.com,location-service-matrix,kollam,tv-monitor-recycling-kochi,1,2,indexed-with-traffic,redirect_configured,https://www.ewastekochi.com/tv-recycling-kochi/,Indexed legacy URL has a relevant one-hop 301 target in vercel.json; do not rebuild as a thin page.
/locations/kollam/ups-inverter-recycling-kochi/,https://www.ewastekochi.com/locations/kollam/ups-inverter-recycling-kochi/,gsc-indexed-url-upgrade-map;gsc-url-protection-map,www.ewastekochi.com,location-service-matrix,kollam,ups-inverter-recycling-kochi,0,0,alt_canonical,leave_404,,classification_source=rule;confirmed_indexed_2026-07-10
/locations/kothamangalam/,https://www.ewastekochi.com/locations/kothamangalam/,gsc-indexed-url-upgrade-map;gsc-url-protection-map,www.ewastekochi.com,location-page,kothamangalam,kothamangalam,2,47,redirect,manual_review,https://www.ewastekochi.com/locations/kothamangalam/,classification_source=rule;confirmed_indexed_2026-07-10
/locations/kothamangalam/air-conditioner-recycling-kochi/,https://www.ewastekochi.com/locations/kothamangalam/air-conditioner-recycling-kochi/,gsc-url-protection-map,www.ewastekochi.com,location-service-matrix,kothamangalam,air-conditioner-recycling-kochi,0,0,alt_canonical,leave_404,,classification_source=rule
/locations/kothamangalam/battery-recycling-kochi/,https://www.ewastekochi.com/locations/kothamangalam/battery-recycling-kochi/,gsc-url-protection-map,www.ewastekochi.com,location-service-matrix,kothamangalam,battery-recycling-kochi,0,1,redirect,redirect_301,(see vercel.json),classification_source=v2-redirect
/locations/kothamangalam/certificate-of-destruction-kochi/,https://www.ewastekochi.com/locations/kothamangalam/certificate-of-destruction-kochi/,gsc-url-protection-map,www.ewastekochi.com,location-service-matrix,kothamangalam,certificate-of-destruction-kochi,0,2,redirect,redirect_301,(see vercel.json),classification_source=v2-redirect
/locations/kothamangalam/corporate-ewaste-kochi/,https://www.ewastekochi.com/locations/kothamangalam/corporate-ewaste-kochi/,gsc-url-protection-map,www.ewastekochi.com,location-service-matrix,kothamangalam,corporate-ewaste-kochi,0,2,redirect,leave_404,,classification_source=rule
/locations/kothamangalam/dpdp-act-compliance-kochi/,https://www.ewastekochi.com/locations/kothamangalam/dpdp-act-compliance-kochi/,gsc-indexed-url-upgrade-map;gsc-url-protection-map,www.ewastekochi.com,location-service-matrix,kothamangalam,dpdp-act-compliance-kochi,0,0,alt_canonical,leave_404,,classification_source=rule;confirmed_indexed_2026-07-10
/locations/kothamangalam/e-waste-recycling-kochi/,https://www.ewastekochi.com/locations/kothamangalam/e-waste-recycling-kochi/,gsc-url-protection-map,www.ewastekochi.com,location-service-matrix,kothamangalam,e-waste-recycling-kochi,0,10,redirect,redirect_301,(see vercel.json),classification_source=v2-redirect
/locations/kothamangalam/free-ewaste-pickup-kochi/,https://www.ewastekochi.com/locations/kothamangalam/free-ewaste-pickup-kochi/,gsc-url-protection-map,www.ewastekochi.com,location-service-matrix,kothamangalam,free-ewaste-pickup-kochi,0,6,redirect,redirect_301,(see vercel.json),classification_source=v2-redirect
/locations/kothamangalam/hard-drive-degaussing-kochi/,https://www.ewastekochi.com/locations/kothamangalam/hard-drive-degaussing-kochi/,gsc-url-protection-map,www.ewastekochi.com,location-service-matrix,kothamangalam,hard-drive-degaussing-kochi,0,0,redirect,leave_404,,classification_source=rule
/locations/kothamangalam/hard-drive-shredding-kochi/,https://www.ewastekochi.com/locations/kothamangalam/hard-drive-shredding-kochi/,gsc-indexed-url-upgrade-map;gsc-url-protection-map,www.ewastekochi.com,location-service-matrix,kothamangalam,hard-drive-shredding-kochi,0,0,alt_canonical,leave_404,,classification_source=rule;confirmed_indexed_2026-07-10
/locations/kothamangalam/itad-kochi/,https://www.ewastekochi.com/locations/kothamangalam/itad-kochi/,gsc-indexed-url-upgrade-map;gsc-url-protection-map;gsc-indexed-redirect-map,www.ewastekochi.com,location-service-matrix,kothamangalam,itad-kochi,0,3,indexed-with-traffic,redirect_configured,https://www.ewastekochi.com/itad/,Indexed legacy URL has a relevant one-hop 301 target in vercel.json; do not rebuild as a thin page.
/locations/kothamangalam/laptop-buyback-kochi/,https://www.ewastekochi.com/locations/kothamangalam/laptop-buyback-kochi/,gsc-indexed-url-upgrade-map;gsc-url-protection-map,www.ewastekochi.com,location-service-matrix,kothamangalam,laptop-buyback-kochi,0,0,indexed,leave_404,,classification_source=indexed-pages-crosscheck-2026-07-10
/locations/kothamangalam/laptop-recycling-near-me/,https://www.ewastekochi.com/locations/kothamangalam/laptop-recycling-near-me/,gsc-url-protection-map,www.ewastekochi.com,location-service-matrix,kothamangalam,laptop-recycling-near-me,0,4,redirect,redirect_301,(see vercel.json),classification_source=v2-redirect
/locations/kothamangalam/mobile-recycling-kochi/,https://www.ewastekochi.com/locations/kothamangalam/mobile-recycling-kochi/,gsc-url-protection-map,www.ewastekochi.com,location-service-matrix,kothamangalam,mobile-recycling-kochi,0,0,404,leave_404,,classification_source=rule
/locations/kothamangalam/network-equipment-disposal-kochi/,https://www.ewastekochi.com/locations/kothamangalam/network-equipment-disposal-kochi/,gsc-indexed-url-upgrade-map;gsc-url-protection-map,www.ewastekochi.com,location-service-matrix,kothamangalam,network-equipment-disposal-kochi,0,2,indexed-with-traffic,leave_404,,classification_source=rule;confirmed_indexed_2026-07-10
/locations/kothamangalam/printer-recycling-kochi/,https://www.ewastekochi.com/locations/kothamangalam/printer-recycling-kochi/,gsc-indexed-url-upgrade-map;gsc-url-protection-map,www.ewastekochi.com,location-service-matrix,kothamangalam,printer-recycling-kochi,0,0,alt_canonical,leave_404,,classification_source=rule;confirmed_indexed_2026-07-10
/locations/kothamangalam/server-recycling-kochi/,https://www.ewastekochi.com/locations/kothamangalam/server-recycling-kochi/,gsc-indexed-url-upgrade-map;gsc-url-protection-map;gsc-indexed-redirect-map,www.ewastekochi.com,location-service-matrix,kothamangalam,server-recycling-kochi,0,1,alt_canonical,redirect_configured,https://www.ewastekochi.com/server-recycling-kochi/,Indexed legacy URL has a relevant one-hop 301 target in vercel.json; do not rebuild as a thin page.
/locations/kothamangalam/tv-monitor-recycling-kochi/,https://www.ewastekochi.com/locations/kothamangalam/tv-monitor-recycling-kochi/,gsc-url-protection-map,www.ewastekochi.com,location-service-matrix,kothamangalam,tv-monitor-recycling-kochi,0,1,alt_canonical,redirect_301,(see vercel.json),classification_source=v2-redirect
/locations/kothamangalam/ups-inverter-recycling-kochi/,https://www.ewastekochi.com/locations/kothamangalam/ups-inverter-recycling-kochi/,gsc-url-protection-map,www.ewastekochi.com,location-service-matrix,kothamangalam,ups-inverter-recycling-kochi,0,3,redirect,redirect_301,(see vercel.json),classification_source=v2-redirect
/locations/kottayam/,https://www.ewastekochi.com/locations/kottayam/,gsc-indexed-url-upgrade-map;gsc-url-protection-map,www.ewastekochi.com,location-page,kottayam,kottayam,30,394,redirect,rebuild_safe_200,https://www.ewastekochi.com/locations/kottayam/,classification_source=rule;confirmed_indexed_2026-07-10;built_2026-07-15
/locations/kottayam/air-conditioner-recycling-kochi/,https://www.ewastekochi.com/locations/kottayam/air-conditioner-recycling-kochi/,gsc-indexed-url-upgrade-map;gsc-url-protection-map,www.ewastekochi.com,location-service-matrix,kottayam,air-conditioner-recycling-kochi,0,0,alt_canonical,leave_404,,classification_source=rule;confirmed_indexed_2026-07-10
/locations/kottayam/battery-recycling-kochi/,https://www.ewastekochi.com/locations/kottayam/battery-recycling-kochi/,gsc-url-protection-map,www.ewastekochi.com,location-service-matrix,kottayam,battery-recycling-kochi,0,3,indexed-with-traffic,redirect_301,(see vercel.json),classification_source=v2-redirect
/locations/kottayam/certificate-of-destruction-kochi/,https://www.ewastekochi.com/locations/kottayam/certificate-of-destruction-kochi/,gsc-indexed-url-upgrade-map;gsc-url-protection-map,www.ewastekochi.com,location-service-matrix,kottayam,certificate-of-destruction-kochi,0,0,indexed,leave_404,,classification_source=indexed-pages-crosscheck-2026-07-10
/locations/kottayam/corporate-ewaste-kochi/,https://www.ewastekochi.com/locations/kottayam/corporate-ewaste-kochi/,gsc-indexed-url-upgrade-map;gsc-url-protection-map,www.ewastekochi.com,location-service-matrix,kottayam,corporate-ewaste-kochi,0,4,indexed-with-traffic,leave_404,,classification_source=rule;confirmed_indexed_2026-07-10
/locations/kottayam/data-destruction-kochi/,https://www.ewastekochi.com/locations/kottayam/data-destruction-kochi/,gsc-url-protection-map,www.ewastekochi.com,location-service-matrix,kottayam,data-destruction-kochi,0,0,redirect,leave_404,,classification_source=rule
/locations/kottayam/dpdp-act-compliance-kochi/,https://www.ewastekochi.com/locations/kottayam/dpdp-act-compliance-kochi/,gsc-indexed-url-upgrade-map;gsc-url-protection-map,www.ewastekochi.com,location-service-matrix,kottayam,dpdp-act-compliance-kochi,0,3,alt_canonical,leave_404,,classification_source=rule;confirmed_indexed_2026-07-10
/locations/kottayam/e-waste-recycling-kochi/,https://www.ewastekochi.com/locations/kottayam/e-waste-recycling-kochi/,gsc-url-protection-map,www.ewastekochi.com,location-service-matrix,kottayam,e-waste-recycling-kochi,0,15,404|redirect,redirect_301,(see vercel.json),classification_source=v2-redirect
/locations/kottayam/free-ewaste-pickup-kochi/,https://www.ewastekochi.com/locations/kottayam/free-ewaste-pickup-kochi/,gsc-url-protection-map,www.ewastekochi.com,location-service-matrix,kottayam,free-ewaste-pickup-kochi,1,8,redirect,redirect_301,(see vercel.json),classification_source=v2-redirect
/locations/kottayam/hard-drive-shredding-kochi/,https://www.ewastekochi.com/locations/kottayam/hard-drive-shredding-kochi/,gsc-indexed-url-upgrade-map;gsc-url-protection-map;gsc-indexed-redirect-map,www.ewastekochi.com,location-service-matrix,kottayam,hard-drive-shredding-kochi,0,1,alt_canonical,redirect_configured,https://www.ewastekochi.com/hard-drive-shredding/,Indexed legacy URL has a relevant one-hop 301 target in vercel.json; do not rebuild as a thin page.
/locations/kottayam/itad-kochi/,https://www.ewastekochi.com/locations/kottayam/itad-kochi/,gsc-indexed-url-upgrade-map;gsc-url-protection-map;gsc-indexed-redirect-map,www.ewastekochi.com,location-service-matrix,kottayam,itad-kochi,0,1,indexed-with-traffic,redirect_configured,https://www.ewastekochi.com/itad/,Indexed legacy URL has a relevant one-hop 301 target in vercel.json; do not rebuild as a thin page.
/locations/kottayam/laptop-buyback-kochi/,https://www.ewastekochi.com/locations/kottayam/laptop-buyback-kochi/,gsc-indexed-url-upgrade-map;gsc-url-protection-map;gsc-indexed-redirect-map,www.ewastekochi.com,location-service-matrix,kottayam,laptop-buyback-kochi,0,2,alt_canonical,redirect_configured,https://www.ewastekochi.com/sell-electronics/,Indexed legacy URL has a relevant one-hop 301 target in vercel.json; do not rebuild as a thin page.
/locations/kottayam/mobile-recycling-kochi/,https://www.ewastekochi.com/locations/kottayam/mobile-recycling-kochi/,gsc-url-protection-map,www.ewastekochi.com,location-service-matrix,kottayam,mobile-recycling-kochi,0,0,alt_canonical|crawled_not_indexed,leave_404,,classification_source=rule
/locations/kottayam/network-equipment-disposal-kochi/,https://www.ewastekochi.com/locations/kottayam/network-equipment-disposal-kochi/,gsc-indexed-url-upgrade-map;gsc-url-protection-map,www.ewastekochi.com,location-service-matrix,kottayam,network-equipment-disposal-kochi,0,0,indexed,leave_404,,classification_source=indexed-pages-crosscheck-2026-07-10
/locations/kottayam/printer-recycling-kochi/,https://www.ewastekochi.com/locations/kottayam/printer-recycling-kochi/,gsc-indexed-url-upgrade-map;gsc-url-protection-map,www.ewastekochi.com,location-service-matrix,kottayam,printer-recycling-kochi,0,2,indexed-with-traffic,leave_404,,classification_source=rule;confirmed_indexed_2026-07-10
/locations/kottayam/server-recycling-kochi/,https://www.ewastekochi.com/locations/kottayam/server-recycling-kochi/,gsc-indexed-url-upgrade-map;gsc-url-protection-map,www.ewastekochi.com,location-service-matrix,kottayam,server-recycling-kochi,0,0,indexed,leave_404,,classification_source=indexed-pages-crosscheck-2026-07-10
/locations/kottayam/tv-monitor-recycling-kochi/,https://www.ewastekochi.com/locations/kottayam/tv-monitor-recycling-kochi/,gsc-url-protection-map,www.ewastekochi.com,location-service-matrix,kottayam,tv-monitor-recycling-kochi,0,4,redirect,redirect_301,(see vercel.json),classification_source=v2-redirect
/locations/kottayam/ups-inverter-recycling-kochi/,https://www.ewastekochi.com/locations/kottayam/ups-inverter-recycling-kochi/,gsc-indexed-url-upgrade-map;gsc-url-protection-map,www.ewastekochi.com,location-service-matrix,kottayam,ups-inverter-recycling-kochi,0,0,alt_canonical,leave_404,,classification_source=rule;confirmed_indexed_2026-07-10
/locations/kozhikode/,https://www.ewastekochi.com/locations/kozhikode/,gsc-indexed-url-upgrade-map;gsc-url-protection-map,www.ewastekochi.com,location-page,kozhikode,kozhikode,22,1022,redirect,rebuild_safe_200,https://www.ewastekochi.com/locations/kozhikode/,classification_source=rule;confirmed_indexed_2026-07-10;built_2026-07-15
/locations/kozhikode/air-conditioner-recycling-kochi/,https://www.ewastekochi.com/locations/kozhikode/air-conditioner-recycling-kochi/,gsc-indexed-url-upgrade-map;gsc-url-protection-map,www.ewastekochi.com,location-service-matrix,kozhikode,air-conditioner-recycling-kochi,0,0,indexed,leave_404,,classification_source=indexed-pages-crosscheck-2026-07-10
/locations/kozhikode/battery-recycling-kochi/,https://www.ewastekochi.com/locations/kozhikode/battery-recycling-kochi/,gsc-url-protection-map,www.ewastekochi.com,location-service-matrix,kozhikode,battery-recycling-kochi,0,124,redirect,redirect_301,(see vercel.json),classification_source=v2-redirect
/locations/kozhikode/business-it-decommissioning/,https://www.ewastekochi.com/locations/kozhikode/business-it-decommissioning/,gsc-url-protection-map,www.ewastekochi.com,location-service-matrix,kozhikode,business-it-decommissioning,0,2,redirect,redirect_301,(see vercel.json),classification_source=v2-redirect
/locations/kozhikode/certificate-of-destruction-kochi/,https://www.ewastekochi.com/locations/kozhikode/certificate-of-destruction-kochi/,gsc-indexed-url-upgrade-map;gsc-url-protection-map,www.ewastekochi.com,location-service-matrix,kozhikode,certificate-of-destruction-kochi,0,0,indexed,leave_404,,classification_source=indexed-pages-crosscheck-2026-07-10
/locations/kozhikode/corporate-ewaste-kochi/,https://www.ewastekochi.com/locations/kozhikode/corporate-ewaste-kochi/,gsc-url-protection-map,www.ewastekochi.com,location-service-matrix,kozhikode,corporate-ewaste-kochi,0,1,redirect,leave_404,,classification_source=rule
/locations/kozhikode/data-destruction-kochi/,https://www.ewastekochi.com/locations/kozhikode/data-destruction-kochi/,gsc-url-protection-map,www.ewastekochi.com,location-service-matrix,kozhikode,data-destruction-kochi,0,2,crawled_not_indexed,redirect_301,(see vercel.json),classification_source=v2-redirect
/locations/kozhikode/dpdp-act-compliance-kochi/,https://www.ewastekochi.com/locations/kozhikode/dpdp-act-compliance-kochi/,gsc-url-protection-map,www.ewastekochi.com,location-service-matrix,kozhikode,dpdp-act-compliance-kochi,0,0,redirect,leave_404,,classification_source=rule
/locations/kozhikode/e-waste-recycling-kochi/,https://www.ewastekochi.com/locations/kozhikode/e-waste-recycling-kochi/,gsc-indexed-url-upgrade-map;gsc-url-protection-map;gsc-indexed-redirect-map,www.ewastekochi.com,location-service-matrix,kozhikode,e-waste-recycling-kochi,1,26,redirect,redirect_configured,https://www.ewastekochi.com/recycling/,Indexed legacy URL has a relevant one-hop 301 target in vercel.json; do not rebuild as a thin page.
/locations/kozhikode/electronic-waste-disposal/,https://www.ewastekochi.com/locations/kozhikode/electronic-waste-disposal/,gsc-url-protection-map,www.ewastekochi.com,location-service-matrix,kozhikode,electronic-waste-disposal,2,37,redirect,redirect_301,(see vercel.json),classification_source=v2-redirect
/locations/kozhikode/free-ewaste-pickup-kochi/,https://www.ewastekochi.com/locations/kozhikode/free-ewaste-pickup-kochi/,gsc-url-protection-map,www.ewastekochi.com,location-service-matrix,kozhikode,free-ewaste-pickup-kochi,0,7,redirect,redirect_301,(see vercel.json),classification_source=v2-redirect
/locations/kozhikode/hard-drive-degaussing-kochi/,https://www.ewastekochi.com/locations/kozhikode/hard-drive-degaussing-kochi/,gsc-indexed-url-upgrade-map;gsc-url-protection-map;gsc-indexed-redirect-map,www.ewastekochi.com,location-service-matrix,kozhikode,hard-drive-degaussing-kochi,0,1,alt_canonical,redirect_configured,https://www.ewastekochi.com/services/hard-drive-degaussing-kochi/,Indexed legacy URL has a relevant one-hop 301 target in vercel.json; do not rebuild as a thin page.
/locations/kozhikode/hard-drive-shredding-kochi/,https://www.ewastekochi.com/locations/kozhikode/hard-drive-shredding-kochi/,gsc-indexed-url-upgrade-map;gsc-url-protection-map;gsc-indexed-redirect-map,www.ewastekochi.com,location-service-matrix,kozhikode,hard-drive-shredding-kochi,0,2,alt_canonical,redirect_configured,https://www.ewastekochi.com/hard-drive-shredding/,Indexed legacy URL has a relevant one-hop 301 target in vercel.json; do not rebuild as a thin page.
/locations/kozhikode/itad-kochi/,https://www.ewastekochi.com/locations/kozhikode/itad-kochi/,gsc-url-protection-map,www.ewastekochi.com,location-service-matrix,kozhikode,itad-kochi,0,3,redirect,redirect_301,(see vercel.json),classification_source=v2-redirect
/locations/kozhikode/laptop-buyback-kochi/,https://www.ewastekochi.com/locations/kozhikode/laptop-buyback-kochi/,gsc-indexed-url-upgrade-map;gsc-url-protection-map;gsc-indexed-redirect-map,www.ewastekochi.com,location-service-matrix,kozhikode,laptop-buyback-kochi,0,2,alt_canonical,redirect_configured,https://www.ewastekochi.com/sell-electronics/,Indexed legacy URL has a relevant one-hop 301 target in vercel.json; do not rebuild as a thin page.
/locations/kozhikode/laptop-recycling-near-me/,https://www.ewastekochi.com/locations/kozhikode/laptop-recycling-near-me/,gsc-indexed-url-upgrade-map;gsc-url-protection-map;gsc-indexed-redirect-map,www.ewastekochi.com,location-service-matrix,kozhikode,laptop-recycling-near-me,0,3,alt_canonical,redirect_configured,https://www.ewastekochi.com/services/electronics-recycling-near-me/,Indexed legacy URL has a relevant one-hop 301 target in vercel.json; do not rebuild as a thin page.
/locations/kozhikode/mobile-recycling-kochi/,https://www.ewastekochi.com/locations/kozhikode/mobile-recycling-kochi/,gsc-url-protection-map,www.ewastekochi.com,location-service-matrix,kozhikode,mobile-recycling-kochi,0,7,redirect,leave_404,,classification_source=rule
/locations/kozhikode/network-equipment-disposal-kochi/,https://www.ewastekochi.com/locations/kozhikode/network-equipment-disposal-kochi/,gsc-indexed-url-upgrade-map;gsc-url-protection-map,www.ewastekochi.com,location-service-matrix,kozhikode,network-equipment-disposal-kochi,0,0,alt_canonical,leave_404,,classification_source=rule;confirmed_indexed_2026-07-10
/locations/kozhikode/old-computer-disposal/,https://www.ewastekochi.com/locations/kozhikode/old-computer-disposal/,gsc-url-protection-map,www.ewastekochi.com,location-service-matrix,kozhikode,old-computer-disposal,0,10,redirect|alt_canonical,leave_404,,classification_source=rule
/locations/kozhikode/secure-computer-recycling/,https://www.ewastekochi.com/locations/kozhikode/secure-computer-recycling/,gsc-indexed-url-upgrade-map;gsc-url-protection-map,www.ewastekochi.com,location-service-matrix,kozhikode,secure-computer-recycling,0,9,alt_canonical,leave_404,,classification_source=rule;confirmed_indexed_2026-07-10
/locations/kozhikode/secure-laptop-disposal/,https://www.ewastekochi.com/locations/kozhikode/secure-laptop-disposal/,gsc-indexed-url-upgrade-map;gsc-url-protection-map,www.ewastekochi.com,location-service-matrix,kozhikode,secure-laptop-disposal,0,1,alt_canonical,leave_404,,classification_source=rule;confirmed_indexed_2026-07-10
/locations/kozhikode/sell-old-electronics/,https://www.ewastekochi.com/locations/kozhikode/sell-old-electronics/,gsc-url-protection-map,www.ewastekochi.com,location-service-matrix,kozhikode,sell-old-electronics,1,27,redirect,redirect_301,(see vercel.json),classification_source=v2-redirect
/locations/kozhikode/server-recycling-kochi/,https://www.ewastekochi.com/locations/kozhikode/server-recycling-kochi/,gsc-indexed-url-upgrade-map;gsc-url-protection-map;gsc-indexed-redirect-map,www.ewastekochi.com,location-service-matrix,kozhikode,server-recycling-kochi,0,1,redirect|alt_canonical,redirect_configured,https://www.ewastekochi.com/server-recycling-kochi/,Indexed legacy URL has a relevant one-hop 301 target in vercel.json; do not rebuild as a thin page.
/locations/kozhikode/tv-monitor-recycling-kochi/,https://www.ewastekochi.com/locations/kozhikode/tv-monitor-recycling-kochi/,gsc-url-protection-map,www.ewastekochi.com,location-service-matrix,kozhikode,tv-monitor-recycling-kochi,3,5,redirect,redirect_301,(see vercel.json),classification_source=v2-redirect
/locations/kozhikode/ups-inverter-recycling-kochi/,https://www.ewastekochi.com/locations/kozhikode/ups-inverter-recycling-kochi/,gsc-indexed-url-upgrade-map;gsc-url-protection-map,www.ewastekochi.com,location-service-matrix,kozhikode,ups-inverter-recycling-kochi,0,0,indexed,leave_404,,classification_source=indexed-pages-crosscheck-2026-07-10
/locations/malappuram/,https://www.ewastekochi.com/locations/malappuram/,gsc-indexed-url-upgrade-map;gsc-url-protection-map,www.ewastekochi.com,location-page,malappuram,malappuram,7,313,redirect,rebuild_safe_200,https://www.ewastekochi.com/locations/malappuram/,classification_source=rule;confirmed_indexed_2026-07-10;built_2026-07-15
/locations/malappuram/air-conditioner-recycling-kochi/,https://www.ewastekochi.com/locations/malappuram/air-conditioner-recycling-kochi/,gsc-indexed-url-upgrade-map;gsc-url-protection-map,www.ewastekochi.com,location-service-matrix,malappuram,air-conditioner-recycling-kochi,0,1,alt_canonical,leave_404,,classification_source=rule;confirmed_indexed_2026-07-10
/locations/malappuram/battery-recycling-kochi/,https://www.ewastekochi.com/locations/malappuram/battery-recycling-kochi/,gsc-url-protection-map,www.ewastekochi.com,location-service-matrix,malappuram,battery-recycling-kochi,0,25,indexed-with-traffic,redirect_301,(see vercel.json),classification_source=v2-redirect
/locations/malappuram/business-it-decommissioning/,https://www.ewastekochi.com/locations/malappuram/business-it-decommissioning/,gsc-url-protection-map,www.ewastekochi.com,location-service-matrix,malappuram,business-it-decommissioning,0,0,redirect,leave_404,,classification_source=rule
/locations/malappuram/certificate-of-destruction-kochi/,https://www.ewastekochi.com/locations/malappuram/certificate-of-destruction-kochi/,gsc-url-protection-map,www.ewastekochi.com,location-service-matrix,malappuram,certificate-of-destruction-kochi,0,3,redirect,redirect_301,(see vercel.json),classification_source=v2-redirect
/locations/malappuram/corporate-ewaste-kochi/,https://www.ewastekochi.com/locations/malappuram/corporate-ewaste-kochi/,gsc-indexed-url-upgrade-map;gsc-url-protection-map,www.ewastekochi.com,location-service-matrix,malappuram,corporate-ewaste-kochi,0,0,indexed,leave_404,,classification_source=indexed-pages-crosscheck-2026-07-10
/locations/malappuram/data-destruction-kochi/,https://www.ewastekochi.com/locations/malappuram/data-destruction-kochi/,gsc-indexed-url-upgrade-map;gsc-url-protection-map;gsc-indexed-redirect-map,www.ewastekochi.com,location-service-matrix,malappuram,data-destruction-kochi,0,4,alt_canonical,redirect_configured,https://www.ewastekochi.com/data-destruction/,Indexed legacy URL has a relevant one-hop 301 target in vercel.json; do not rebuild as a thin page.
/locations/malappuram/dpdp-act-compliance-kochi/,https://www.ewastekochi.com/locations/malappuram/dpdp-act-compliance-kochi/,gsc-url-protection-map,www.ewastekochi.com,location-service-matrix,malappuram,dpdp-act-compliance-kochi,0,0,alt_canonical,leave_404,,classification_source=rule
/locations/malappuram/e-waste-recycling-kochi/,https://www.ewastekochi.com/locations/malappuram/e-waste-recycling-kochi/,gsc-url-protection-map,www.ewastekochi.com,location-service-matrix,malappuram,e-waste-recycling-kochi,0,4,redirect,redirect_301,(see vercel.json),classification_source=v2-redirect
/locations/malappuram/electronics-recycling-near-me/,https://www.ewastekochi.com/locations/malappuram/electronics-recycling-near-me/,gsc-url-protection-map,www.ewastekochi.com,location-service-matrix,malappuram,electronics-recycling-near-me,0,12,redirect,redirect_301,(see vercel.json),classification_source=v2-redirect
/locations/malappuram/free-ewaste-pickup-kochi/,https://www.ewastekochi.com/locations/malappuram/free-ewaste-pickup-kochi/,gsc-indexed-url-upgrade-map;gsc-url-protection-map,www.ewastekochi.com,location-service-matrix,malappuram,free-ewaste-pickup-kochi,0,0,indexed,leave_404,,classification_source=indexed-pages-crosscheck-2026-07-10
/locations/malappuram/hard-drive-shredding-kochi/,https://www.ewastekochi.com/locations/malappuram/hard-drive-shredding-kochi/,gsc-url-protection-map,www.ewastekochi.com,location-service-matrix,malappuram,hard-drive-shredding-kochi,0,0,redirect,leave_404,,classification_source=rule
/locations/malappuram/itad-kochi/,https://www.ewastekochi.com/locations/malappuram/itad-kochi/,gsc-indexed-url-upgrade-map;gsc-url-protection-map;gsc-indexed-redirect-map,www.ewastekochi.com,location-service-matrix,malappuram,itad-kochi,0,2,alt_canonical,redirect_configured,https://www.ewastekochi.com/itad/,Indexed legacy URL has a relevant one-hop 301 target in vercel.json; do not rebuild as a thin page.
/locations/malappuram/laptop-buyback-kochi/,https://www.ewastekochi.com/locations/malappuram/laptop-buyback-kochi/,gsc-url-protection-map,www.ewastekochi.com,location-service-matrix,malappuram,laptop-buyback-kochi,0,0,crawled_not_indexed,leave_404,,classification_source=rule
/locations/malappuram/mobile-recycling-kochi/,https://www.ewastekochi.com/locations/malappuram/mobile-recycling-kochi/,gsc-url-protection-map,www.ewastekochi.com,location-service-matrix,malappuram,mobile-recycling-kochi,0,3,redirect,leave_404,,classification_source=rule
/locations/malappuram/printer-recycling-kochi/,https://www.ewastekochi.com/locations/malappuram/printer-recycling-kochi/,gsc-indexed-url-upgrade-map;gsc-url-protection-map,www.ewastekochi.com,location-service-matrix,malappuram,printer-recycling-kochi,0,0,alt_canonical,leave_404,,classification_source=rule;confirmed_indexed_2026-07-10
/locations/malappuram/sell-old-electronics/,https://www.ewastekochi.com/locations/malappuram/sell-old-electronics/,gsc-url-protection-map,www.ewastekochi.com,location-service-matrix,malappuram,sell-old-electronics,0,13,alt_canonical|crawled_not_indexed,redirect_301,(see vercel.json),classification_source=v2-redirect
/locations/malappuram/server-recycling-kochi/,https://www.ewastekochi.com/locations/malappuram/server-recycling-kochi/,gsc-indexed-url-upgrade-map;gsc-url-protection-map;gsc-indexed-redirect-map,www.ewastekochi.com,location-service-matrix,malappuram,server-recycling-kochi,0,2,alt_canonical,redirect_configured,https://www.ewastekochi.com/server-recycling-kochi/,Indexed legacy URL has a relevant one-hop 301 target in vercel.json; do not rebuild as a thin page.
/locations/malappuram/tv-monitor-recycling-kochi/,https://www.ewastekochi.com/locations/malappuram/tv-monitor-recycling-kochi/,gsc-url-protection-map,www.ewastekochi.com,location-service-matrix,malappuram,tv-monitor-recycling-kochi,0,0,alt_canonical|crawled_not_indexed,leave_404,,classification_source=rule
/locations/malappuram/ups-inverter-recycling-kochi/,https://www.ewastekochi.com/locations/malappuram/ups-inverter-recycling-kochi/,gsc-indexed-url-upgrade-map;gsc-url-protection-map,www.ewastekochi.com,location-service-matrix,malappuram,ups-inverter-recycling-kochi,0,0,alt_canonical,leave_404,,classification_source=rule;confirmed_indexed_2026-07-10
/locations/maradu/,https://www.ewastekochi.com/locations/maradu/,gsc-indexed-url-upgrade-map;gsc-url-protection-map;manual-high-intent-list,www.ewastekochi.com,location,maradu,maradu,1,23,redirect,manual-high-intent,https://www.ewastekochi.com/locations/maradu/,Expected location hub
/locations/maradu/air-conditioner-recycling-kochi/,https://www.ewastekochi.com/locations/maradu/air-conditioner-recycling-kochi/,gsc-indexed-url-upgrade-map;gsc-url-protection-map,www.ewastekochi.com,location-service-matrix,maradu,air-conditioner-recycling-kochi,0,0,redirect,leave_404,,classification_source=rule;confirmed_indexed_2026-07-10
/locations/maradu/battery-recycling-kochi/,https://www.ewastekochi.com/locations/maradu/battery-recycling-kochi/,gsc-indexed-url-upgrade-map;gsc-url-protection-map,www.ewastekochi.com,location-service-matrix,maradu,battery-recycling-kochi,0,0,alt_canonical,leave_404,,classification_source=rule;confirmed_indexed_2026-07-10
/locations/maradu/business-it-decommissioning/,https://www.ewastekochi.com/locations/maradu/business-it-decommissioning/,gsc-url-protection-map,www.ewastekochi.com,location-service-matrix,maradu,business-it-decommissioning,0,0,redirect,leave_404,,classification_source=rule
/locations/maradu/certificate-of-destruction-kochi/,https://www.ewastekochi.com/locations/maradu/certificate-of-destruction-kochi/,gsc-indexed-url-upgrade-map;gsc-url-protection-map,www.ewastekochi.com,location-service-matrix,maradu,certificate-of-destruction-kochi,0,0,alt_canonical,leave_404,,classification_source=rule;confirmed_indexed_2026-07-10
/locations/maradu/computer-recycling/,https://www.ewastekochi.com/locations/maradu/computer-recycling/,gsc-url-protection-map,www.ewastekochi.com,location-service-matrix,maradu,computer-recycling,0,0,redirect,leave_404,,classification_source=rule
/locations/maradu/corporate-ewaste-kochi/,https://www.ewastekochi.com/locations/maradu/corporate-ewaste-kochi/,gsc-url-protection-map,www.ewastekochi.com,location-service-matrix,maradu,corporate-ewaste-kochi,0,4,redirect,leave_404,,classification_source=rule
/locations/maradu/data-destruction-kochi/,https://www.ewastekochi.com/locations/maradu/data-destruction-kochi/,gsc-indexed-url-upgrade-map;gsc-url-protection-map;gsc-indexed-redirect-map,www.ewastekochi.com,location-service-matrix,maradu,data-destruction-kochi,0,5,alt_canonical,redirect_configured,https://www.ewastekochi.com/data-destruction/,Indexed legacy URL has a relevant one-hop 301 target in vercel.json; do not rebuild as a thin page.
/locations/maradu/dpdp-act-compliance-kochi/,https://www.ewastekochi.com/locations/maradu/dpdp-act-compliance-kochi/,gsc-indexed-url-upgrade-map;gsc-url-protection-map,www.ewastekochi.com,location-service-matrix,maradu,dpdp-act-compliance-kochi,0,0,alt_canonical,leave_404,,classification_source=rule;confirmed_indexed_2026-07-10
/locations/maradu/e-waste-recycling-kochi/,https://www.ewastekochi.com/locations/maradu/e-waste-recycling-kochi/,gsc-url-protection-map,www.ewastekochi.com,location-service-matrix,maradu,e-waste-recycling-kochi,0,8,redirect,redirect_301,(see vercel.json),classification_source=v2-redirect
/locations/maradu/electronic-waste-disposal/,https://www.ewastekochi.com/locations/maradu/electronic-waste-disposal/,gsc-url-protection-map,www.ewastekochi.com,location-service-matrix,maradu,electronic-waste-disposal,2,9,redirect,redirect_301,(see vercel.json),classification_source=v2-redirect
/locations/maradu/free-ewaste-pickup-kochi/,https://www.ewastekochi.com/locations/maradu/free-ewaste-pickup-kochi/,gsc-url-protection-map,www.ewastekochi.com,location-service-matrix,maradu,free-ewaste-pickup-kochi,0,13,redirect,redirect_301,(see vercel.json),classification_source=v2-redirect
/locations/maradu/hard-drive-destruction-kochi/,https://www.ewastekochi.com/locations/maradu/hard-drive-destruction-kochi/,gsc-url-protection-map,www.ewastekochi.com,location-service-matrix,maradu,hard-drive-destruction-kochi,0,0,redirect,leave_404,,classification_source=rule
/locations/maradu/hard-drive-shredding-kochi/,https://www.ewastekochi.com/locations/maradu/hard-drive-shredding-kochi/,gsc-indexed-url-upgrade-map;gsc-url-protection-map;gsc-indexed-redirect-map,www.ewastekochi.com,location-service-matrix,maradu,hard-drive-shredding-kochi,0,4,redirect,redirect_configured,https://www.ewastekochi.com/hard-drive-shredding/,Indexed legacy URL has a relevant one-hop 301 target in vercel.json; do not rebuild as a thin page.
/locations/maradu/it-asset-inventory-audit/,https://www.ewastekochi.com/locations/maradu/it-asset-inventory-audit/,gsc-url-protection-map,www.ewastekochi.com,location-service-matrix,maradu,it-asset-inventory-audit,0,0,404,leave_404,,classification_source=rule
/locations/maradu/itad-kochi/,https://www.ewastekochi.com/locations/maradu/itad-kochi/,gsc-url-protection-map,www.ewastekochi.com,location-service-matrix,maradu,itad-kochi,0,4,redirect,redirect_301,(see vercel.json),classification_source=v2-redirect
/locations/maradu/laptop-buyback-kochi/,https://www.ewastekochi.com/locations/maradu/laptop-buyback-kochi/,gsc-url-protection-map,www.ewastekochi.com,location-service-matrix,maradu,laptop-buyback-kochi,0,0,alt_canonical|crawled_not_indexed,leave_404,,classification_source=rule
/locations/maradu/mobile-recycling-kochi/,https://www.ewastekochi.com/locations/maradu/mobile-recycling-kochi/,gsc-url-protection-map,www.ewastekochi.com,location-service-matrix,maradu,mobile-recycling-kochi,0,1,redirect,leave_404,,classification_source=rule
/locations/maradu/network-equipment-disposal-kochi/,https://www.ewastekochi.com/locations/maradu/network-equipment-disposal-kochi/,gsc-indexed-url-upgrade-map;gsc-url-protection-map,www.ewastekochi.com,location-service-matrix,maradu,network-equipment-disposal-kochi,0,2,alt_canonical,leave_404,,classification_source=rule;confirmed_indexed_2026-07-10
/locations/maradu/printer-recycling-kochi/,https://www.ewastekochi.com/locations/maradu/printer-recycling-kochi/,gsc-url-protection-map,www.ewastekochi.com,location-service-matrix,maradu,printer-recycling-kochi,0,1,redirect,leave_404,,classification_source=rule
/locations/maradu/secure-computer-recycling/,https://www.ewastekochi.com/locations/maradu/secure-computer-recycling/,gsc-url-protection-map,www.ewastekochi.com,location-service-matrix,maradu,secure-computer-recycling,0,0,redirect,leave_404,,classification_source=rule
/locations/maradu/server-recycling-kochi/,https://www.ewastekochi.com/locations/maradu/server-recycling-kochi/,gsc-indexed-url-upgrade-map;gsc-url-protection-map;gsc-indexed-redirect-map,www.ewastekochi.com,location-service-matrix,maradu,server-recycling-kochi,0,3,alt_canonical,redirect_configured,https://www.ewastekochi.com/server-recycling-kochi/,Indexed legacy URL has a relevant one-hop 301 target in vercel.json; do not rebuild as a thin page.
/locations/maradu/tv-monitor-recycling-kochi/,https://www.ewastekochi.com/locations/maradu/tv-monitor-recycling-kochi/,gsc-indexed-url-upgrade-map;gsc-url-protection-map;gsc-indexed-redirect-map,www.ewastekochi.com,location-service-matrix,maradu,tv-monitor-recycling-kochi,0,1,alt_canonical,redirect_configured,https://www.ewastekochi.com/tv-recycling-kochi/,Indexed legacy URL has a relevant one-hop 301 target in vercel.json; do not rebuild as a thin page.
/locations/maradu/ups-inverter-recycling-kochi/,https://www.ewastekochi.com/locations/maradu/ups-inverter-recycling-kochi/,gsc-url-protection-map,www.ewastekochi.com,location-service-matrix,maradu,ups-inverter-recycling-kochi,0,1,redirect,redirect_301,(see vercel.json),classification_source=v2-redirect
/locations/muvattupuzha/,https://www.ewastekochi.com/locations/muvattupuzha/,gsc-indexed-url-upgrade-map;gsc-url-protection-map,www.ewastekochi.com,location-page,muvattupuzha,muvattupuzha,1,60,redirect,manual_review,https://www.ewastekochi.com/locations/muvattupuzha/,classification_source=rule;confirmed_indexed_2026-07-10
/locations/muvattupuzha/air-conditioner-recycling-kochi/,https://www.ewastekochi.com/locations/muvattupuzha/air-conditioner-recycling-kochi/,gsc-indexed-url-upgrade-map;gsc-url-protection-map,www.ewastekochi.com,location-service-matrix,muvattupuzha,air-conditioner-recycling-kochi,0,0,indexed,leave_404,,classification_source=indexed-pages-crosscheck-2026-07-10
/locations/muvattupuzha/battery-recycling-kochi/,https://www.ewastekochi.com/locations/muvattupuzha/battery-recycling-kochi/,gsc-indexed-url-upgrade-map;gsc-url-protection-map;gsc-indexed-redirect-map,www.ewastekochi.com,location-service-matrix,muvattupuzha,battery-recycling-kochi,0,2,alt_canonical,redirect_configured,https://www.ewastekochi.com/battery-recycling/,Indexed legacy URL has a relevant one-hop 301 target in vercel.json; do not rebuild as a thin page.
/locations/muvattupuzha/certificate-of-destruction-kochi/,https://www.ewastekochi.com/locations/muvattupuzha/certificate-of-destruction-kochi/,gsc-url-protection-map,www.ewastekochi.com,location-service-matrix,muvattupuzha,certificate-of-destruction-kochi,0,1,redirect,redirect_301,(see vercel.json),classification_source=v2-redirect
/locations/muvattupuzha/corporate-ewaste-kochi/,https://www.ewastekochi.com/locations/muvattupuzha/corporate-ewaste-kochi/,gsc-url-protection-map,www.ewastekochi.com,location-service-matrix,muvattupuzha,corporate-ewaste-kochi,0,2,redirect,leave_404,,classification_source=rule
/locations/muvattupuzha/data-destruction-kochi/,https://www.ewastekochi.com/locations/muvattupuzha/data-destruction-kochi/,gsc-indexed-url-upgrade-map;gsc-url-protection-map;gsc-indexed-redirect-map,www.ewastekochi.com,location-service-matrix,muvattupuzha,data-destruction-kochi,0,1,alt_canonical,redirect_configured,https://www.ewastekochi.com/data-destruction/,Indexed legacy URL has a relevant one-hop 301 target in vercel.json; do not rebuild as a thin page.
/locations/muvattupuzha/dpdp-act-compliance-kochi/,https://www.ewastekochi.com/locations/muvattupuzha/dpdp-act-compliance-kochi/,gsc-indexed-url-upgrade-map;gsc-url-protection-map,www.ewastekochi.com,location-service-matrix,muvattupuzha,dpdp-act-compliance-kochi,0,2,alt_canonical,leave_404,,classification_source=rule;confirmed_indexed_2026-07-10
/locations/muvattupuzha/e-waste-recycling-kochi/,https://www.ewastekochi.com/locations/muvattupuzha/e-waste-recycling-kochi/,gsc-url-protection-map,www.ewastekochi.com,location-service-matrix,muvattupuzha,e-waste-recycling-kochi,0,5,redirect,redirect_301,(see vercel.json),classification_source=v2-redirect
/locations/muvattupuzha/free-ewaste-pickup-kochi/,https://www.ewastekochi.com/locations/muvattupuzha/free-ewaste-pickup-kochi/,gsc-url-protection-map,www.ewastekochi.com,location-service-matrix,muvattupuzha,free-ewaste-pickup-kochi,0,2,redirect,redirect_301,(see vercel.json),classification_source=v2-redirect
/locations/muvattupuzha/hard-drive-shredding-kochi/,https://www.ewastekochi.com/locations/muvattupuzha/hard-drive-shredding-kochi/,gsc-url-protection-map,www.ewastekochi.com,location-service-matrix,muvattupuzha,hard-drive-shredding-kochi,0,0,alt_canonical,leave_404,,classification_source=rule
/locations/muvattupuzha/itad-kochi/,https://www.ewastekochi.com/locations/muvattupuzha/itad-kochi/,gsc-indexed-url-upgrade-map;gsc-url-protection-map,www.ewastekochi.com,location-service-matrix,muvattupuzha,itad-kochi,0,0,alt_canonical,leave_404,,classification_source=rule;confirmed_indexed_2026-07-10
/locations/muvattupuzha/laptop-buyback-kochi/,https://www.ewastekochi.com/locations/muvattupuzha/laptop-buyback-kochi/,gsc-indexed-url-upgrade-map;gsc-url-protection-map;gsc-indexed-redirect-map,www.ewastekochi.com,location-service-matrix,muvattupuzha,laptop-buyback-kochi,0,2,alt_canonical,redirect_configured,https://www.ewastekochi.com/sell-electronics/,Indexed legacy URL has a relevant one-hop 301 target in vercel.json; do not rebuild as a thin page.
/locations/muvattupuzha/mobile-recycling-kochi/,https://www.ewastekochi.com/locations/muvattupuzha/mobile-recycling-kochi/,gsc-url-protection-map,www.ewastekochi.com,location-service-matrix,muvattupuzha,mobile-recycling-kochi,0,0,redirect,leave_404,,classification_source=rule
/locations/muvattupuzha/network-equipment-disposal-kochi/,https://www.ewastekochi.com/locations/muvattupuzha/network-equipment-disposal-kochi/,gsc-indexed-url-upgrade-map;gsc-url-protection-map,www.ewastekochi.com,location-service-matrix,muvattupuzha,network-equipment-disposal-kochi,0,0,redirect|alt_canonical,leave_404,,classification_source=rule;confirmed_indexed_2026-07-10
/locations/muvattupuzha/printer-recycling-kochi/,https://www.ewastekochi.com/locations/muvattupuzha/printer-recycling-kochi/,gsc-indexed-url-upgrade-map;gsc-url-protection-map,www.ewastekochi.com,location-service-matrix,muvattupuzha,printer-recycling-kochi,0,0,indexed,leave_404,,classification_source=indexed-pages-crosscheck-2026-07-10
/locations/muvattupuzha/secure-laptop-disposal/,https://www.ewastekochi.com/locations/muvattupuzha/secure-laptop-disposal/,gsc-indexed-url-upgrade-map;gsc-url-protection-map,www.ewastekochi.com,location-service-matrix,muvattupuzha,secure-laptop-disposal,0,2,alt_canonical,leave_404,,classification_source=rule;confirmed_indexed_2026-07-10
/locations/muvattupuzha/sell-old-electronics/,https://www.ewastekochi.com/locations/muvattupuzha/sell-old-electronics/,gsc-url-protection-map,www.ewastekochi.com,location-service-matrix,muvattupuzha,sell-old-electronics,0,0,redirect,leave_404,,classification_source=rule
/locations/muvattupuzha/server-recycling-kochi/,https://www.ewastekochi.com/locations/muvattupuzha/server-recycling-kochi/,gsc-indexed-url-upgrade-map;gsc-url-protection-map;gsc-indexed-redirect-map,www.ewastekochi.com,location-service-matrix,muvattupuzha,server-recycling-kochi,0,3,alt_canonical,redirect_configured,https://www.ewastekochi.com/server-recycling-kochi/,Indexed legacy URL has a relevant one-hop 301 target in vercel.json; do not rebuild as a thin page.
/locations/muvattupuzha/tv-monitor-recycling-kochi/,https://www.ewastekochi.com/locations/muvattupuzha/tv-monitor-recycling-kochi/,gsc-indexed-url-upgrade-map;gsc-url-protection-map,www.ewastekochi.com,location-service-matrix,muvattupuzha,tv-monitor-recycling-kochi,0,0,indexed,leave_404,,classification_source=indexed-pages-crosscheck-2026-07-10
/locations/muvattupuzha/ups-inverter-recycling-kochi/,https://www.ewastekochi.com/locations/muvattupuzha/ups-inverter-recycling-kochi/,gsc-url-protection-map,www.ewastekochi.com,location-service-matrix,muvattupuzha,ups-inverter-recycling-kochi,0,2,alt_canonical|crawled_not_indexed,redirect_301,(see vercel.json),classification_source=v2-redirect
/locations/north-paravur/,https://www.ewastekochi.com/locations/north-paravur/,gsc-indexed-url-upgrade-map;gsc-url-protection-map,www.ewastekochi.com,location-page,north-paravur,north-paravur,3,46,redirect,manual_review,https://www.ewastekochi.com/locations/north-paravur/,classification_source=rule;confirmed_indexed_2026-07-10
/locations/north-paravur/air-conditioner-recycling-kochi/,https://www.ewastekochi.com/locations/north-paravur/air-conditioner-recycling-kochi/,gsc-url-protection-map,www.ewastekochi.com,location-service-matrix,north-paravur,air-conditioner-recycling-kochi,0,1,redirect,leave_404,,classification_source=rule
/locations/north-paravur/battery-recycling-kochi/,https://www.ewastekochi.com/locations/north-paravur/battery-recycling-kochi/,gsc-indexed-url-upgrade-map;gsc-url-protection-map;gsc-indexed-redirect-map,www.ewastekochi.com,location-service-matrix,north-paravur,battery-recycling-kochi,0,1,indexed-with-traffic,redirect_configured,https://www.ewastekochi.com/battery-recycling/,Indexed legacy URL has a relevant one-hop 301 target in vercel.json; do not rebuild as a thin page.
/locations/north-paravur/certificate-of-destruction-kochi/,https://www.ewastekochi.com/locations/north-paravur/certificate-of-destruction-kochi/,gsc-indexed-url-upgrade-map;gsc-url-protection-map,www.ewastekochi.com,location-service-matrix,north-paravur,certificate-of-destruction-kochi,0,0,indexed,leave_404,,classification_source=indexed-pages-crosscheck-2026-07-10
/locations/north-paravur/corporate-ewaste-kochi/,https://www.ewastekochi.com/locations/north-paravur/corporate-ewaste-kochi/,gsc-indexed-url-upgrade-map;gsc-url-protection-map,www.ewastekochi.com,location-service-matrix,north-paravur,corporate-ewaste-kochi,0,0,indexed,leave_404,,classification_source=indexed-pages-crosscheck-2026-07-10
/locations/north-paravur/data-destruction-kochi/,https://www.ewastekochi.com/locations/north-paravur/data-destruction-kochi/,gsc-indexed-url-upgrade-map;gsc-url-protection-map,www.ewastekochi.com,location-service-matrix,north-paravur,data-destruction-kochi,0,0,indexed,leave_404,,classification_source=indexed-pages-crosscheck-2026-07-10
/locations/north-paravur/dpdp-act-compliance-kochi/,https://www.ewastekochi.com/locations/north-paravur/dpdp-act-compliance-kochi/,gsc-url-protection-map,www.ewastekochi.com,location-service-matrix,north-paravur,dpdp-act-compliance-kochi,0,0,redirect,leave_404,,classification_source=rule
/locations/north-paravur/e-waste-recycling-kochi/,https://www.ewastekochi.com/locations/north-paravur/e-waste-recycling-kochi/,gsc-url-protection-map,www.ewastekochi.com,location-service-matrix,north-paravur,e-waste-recycling-kochi,0,5,redirect|dup_diff_canonical,redirect_301,(see vercel.json),classification_source=v2-redirect
/locations/north-paravur/free-ewaste-pickup-kochi/,https://www.ewastekochi.com/locations/north-paravur/free-ewaste-pickup-kochi/,gsc-url-protection-map,www.ewastekochi.com,location-service-matrix,north-paravur,free-ewaste-pickup-kochi,0,5,redirect,redirect_301,(see vercel.json),classification_source=v2-redirect
/locations/north-paravur/hard-drive-shredding-kochi/,https://www.ewastekochi.com/locations/north-paravur/hard-drive-shredding-kochi/,gsc-url-protection-map,www.ewastekochi.com,location-service-matrix,north-paravur,hard-drive-shredding-kochi,0,1,alt_canonical,redirect_301,(see vercel.json),classification_source=v2-redirect
/locations/north-paravur/itad-kochi/,https://www.ewastekochi.com/locations/north-paravur/itad-kochi/,gsc-indexed-url-upgrade-map;gsc-url-protection-map,www.ewastekochi.com,location-service-matrix,north-paravur,itad-kochi,0,0,indexed,leave_404,,classification_source=indexed-pages-crosscheck-2026-07-10
/locations/north-paravur/laptop-buyback-kochi/,https://www.ewastekochi.com/locations/north-paravur/laptop-buyback-kochi/,gsc-indexed-url-upgrade-map;gsc-url-protection-map;gsc-indexed-redirect-map,www.ewastekochi.com,location-service-matrix,north-paravur,laptop-buyback-kochi,0,1,alt_canonical,redirect_configured,https://www.ewastekochi.com/sell-electronics/,Indexed legacy URL has a relevant one-hop 301 target in vercel.json; do not rebuild as a thin page.
/locations/north-paravur/mobile-recycling-kochi/,https://www.ewastekochi.com/locations/north-paravur/mobile-recycling-kochi/,gsc-url-protection-map,www.ewastekochi.com,location-service-matrix,north-paravur,mobile-recycling-kochi,0,7,redirect,leave_404,,classification_source=rule
/locations/north-paravur/network-equipment-disposal-kochi/,https://www.ewastekochi.com/locations/north-paravur/network-equipment-disposal-kochi/,gsc-url-protection-map,www.ewastekochi.com,location-service-matrix,north-paravur,network-equipment-disposal-kochi,0,5,redirect,leave_404,,classification_source=rule
/locations/north-paravur/printer-recycling-kochi/,https://www.ewastekochi.com/locations/north-paravur/printer-recycling-kochi/,gsc-indexed-url-upgrade-map;gsc-url-protection-map,www.ewastekochi.com,location-service-matrix,north-paravur,printer-recycling-kochi,0,0,alt_canonical,leave_404,,classification_source=rule;confirmed_indexed_2026-07-10
/locations/north-paravur/sell-electronics-kochi/,https://www.ewastekochi.com/locations/north-paravur/sell-electronics-kochi/,gsc-indexed-url-upgrade-map;gsc-url-protection-map;gsc-indexed-redirect-map,www.ewastekochi.com,location-service-matrix,north-paravur,sell-electronics-kochi,0,4,alt_canonical,redirect_configured,https://www.ewastekochi.com/sell-electronics/,Indexed legacy URL has a relevant one-hop 301 target in vercel.json; do not rebuild as a thin page.
/locations/north-paravur/tv-monitor-recycling-kochi/,https://www.ewastekochi.com/locations/north-paravur/tv-monitor-recycling-kochi/,gsc-url-protection-map,www.ewastekochi.com,location-service-matrix,north-paravur,tv-monitor-recycling-kochi,0,2,redirect,redirect_301,(see vercel.json),classification_source=v2-redirect
/locations/north-paravur/ups-inverter-recycling-kochi/,https://www.ewastekochi.com/locations/north-paravur/ups-inverter-recycling-kochi/,gsc-url-protection-map,www.ewastekochi.com,location-service-matrix,north-paravur,ups-inverter-recycling-kochi,0,5,alt_canonical,redirect_301,(see vercel.json),classification_source=v2-redirect
/locations/palakkad/,https://www.ewastekochi.com/locations/palakkad/,gsc-indexed-url-upgrade-map;gsc-url-protection-map,www.ewastekochi.com,location-page,palakkad,palakkad,19,225,redirect,rebuild_safe_200,https://www.ewastekochi.com/locations/palakkad/,classification_source=rule;confirmed_indexed_2026-07-10;built_2026-07-15
/locations/palakkad/air-conditioner-recycling-kochi/,https://www.ewastekochi.com/locations/palakkad/air-conditioner-recycling-kochi/,gsc-indexed-url-upgrade-map;gsc-url-protection-map,www.ewastekochi.com,location-service-matrix,palakkad,air-conditioner-recycling-kochi,0,1,alt_canonical,leave_404,,classification_source=rule;confirmed_indexed_2026-07-10
/locations/palakkad/battery-recycling-kochi/,https://www.ewastekochi.com/locations/palakkad/battery-recycling-kochi/,gsc-url-protection-map,www.ewastekochi.com,location-service-matrix,palakkad,battery-recycling-kochi,0,1,alt_canonical,redirect_301,(see vercel.json),classification_source=v2-redirect
/locations/palakkad/business-it-decommissioning/,https://www.ewastekochi.com/locations/palakkad/business-it-decommissioning/,gsc-url-protection-map,www.ewastekochi.com,location-service-matrix,palakkad,business-it-decommissioning,0,2,redirect|alt_canonical,redirect_301,(see vercel.json),classification_source=v2-redirect
/locations/palakkad/certificate-of-destruction-kochi/,https://www.ewastekochi.com/locations/palakkad/certificate-of-destruction-kochi/,gsc-indexed-url-upgrade-map;gsc-url-protection-map,www.ewastekochi.com,location-service-matrix,palakkad,certificate-of-destruction-kochi,0,0,alt_canonical,leave_404,,classification_source=rule;confirmed_indexed_2026-07-10
/locations/palakkad/computer-recycling/,https://www.ewastekochi.com/locations/palakkad/computer-recycling/,gsc-url-protection-map,www.ewastekochi.com,location-service-matrix,palakkad,computer-recycling,1,31,redirect,redirect_301,(see vercel.json),classification_source=v2-redirect
/locations/palakkad/corporate-ewaste-kochi/,https://www.ewastekochi.com/locations/palakkad/corporate-ewaste-kochi/,gsc-indexed-url-upgrade-map;gsc-url-protection-map,www.ewastekochi.com,location-service-matrix,palakkad,corporate-ewaste-kochi,0,1,alt_canonical,leave_404,,classification_source=rule;confirmed_indexed_2026-07-10
/locations/palakkad/data-destruction-kochi/,https://www.ewastekochi.com/locations/palakkad/data-destruction-kochi/,gsc-indexed-url-upgrade-map;gsc-url-protection-map,www.ewastekochi.com,location-service-matrix,palakkad,data-destruction-kochi,0,0,indexed,leave_404,,classification_source=indexed-pages-crosscheck-2026-07-10
/locations/palakkad/dpdp-act-compliance-kochi/,https://www.ewastekochi.com/locations/palakkad/dpdp-act-compliance-kochi/,gsc-url-protection-map,www.ewastekochi.com,location-service-matrix,palakkad,dpdp-act-compliance-kochi,0,0,alt_canonical,leave_404,,classification_source=rule
/locations/palakkad/e-waste-recycling-kochi/,https://www.ewastekochi.com/locations/palakkad/e-waste-recycling-kochi/,gsc-url-protection-map,www.ewastekochi.com,location-service-matrix,palakkad,e-waste-recycling-kochi,0,4,redirect,redirect_301,(see vercel.json),classification_source=v2-redirect
/locations/palakkad/electronic-waste-disposal/,https://www.ewastekochi.com/locations/palakkad/electronic-waste-disposal/,gsc-url-protection-map,www.ewastekochi.com,location-service-matrix,palakkad,electronic-waste-disposal,1,32,redirect,redirect_301,(see vercel.json),classification_source=v2-redirect
/locations/palakkad/free-ewaste-pickup-kochi/,https://www.ewastekochi.com/locations/palakkad/free-ewaste-pickup-kochi/,gsc-indexed-url-upgrade-map;gsc-url-protection-map;gsc-indexed-redirect-map,www.ewastekochi.com,location-service-matrix,palakkad,free-ewaste-pickup-kochi,0,3,alt_canonical,redirect_configured,https://www.ewastekochi.com/pickup/,Indexed legacy URL has a relevant one-hop 301 target in vercel.json; do not rebuild as a thin page.
/locations/palakkad/hard-drive-degaussing-kochi/,https://www.ewastekochi.com/locations/palakkad/hard-drive-degaussing-kochi/,gsc-indexed-url-upgrade-map;gsc-url-protection-map;gsc-indexed-redirect-map,www.ewastekochi.com,location-service-matrix,palakkad,hard-drive-degaussing-kochi,0,1,alt_canonical,redirect_configured,https://www.ewastekochi.com/services/hard-drive-degaussing-kochi/,Indexed legacy URL has a relevant one-hop 301 target in vercel.json; do not rebuild as a thin page.
/locations/palakkad/hard-drive-destruction-kochi/,https://www.ewastekochi.com/locations/palakkad/hard-drive-destruction-kochi/,gsc-indexed-url-upgrade-map;gsc-url-protection-map;gsc-indexed-redirect-map,www.ewastekochi.com,location-service-matrix,palakkad,hard-drive-destruction-kochi,0,6,alt_canonical,redirect_configured,https://www.ewastekochi.com/data-destruction/,Indexed legacy URL has a relevant one-hop 301 target in vercel.json; do not rebuild as a thin page.
/locations/palakkad/hard-drive-shredding-kochi/,https://www.ewastekochi.com/locations/palakkad/hard-drive-shredding-kochi/,gsc-indexed-url-upgrade-map;gsc-url-protection-map,www.ewastekochi.com,location-service-matrix,palakkad,hard-drive-shredding-kochi,0,0,indexed,leave_404,,classification_source=indexed-pages-crosscheck-2026-07-10
/locations/palakkad/it-asset-inventory-audit/,https://www.ewastekochi.com/locations/palakkad/it-asset-inventory-audit/,gsc-indexed-url-upgrade-map;gsc-url-protection-map,www.ewastekochi.com,location-service-matrix,palakkad,it-asset-inventory-audit,0,0,alt_canonical,leave_404,,classification_source=rule;confirmed_indexed_2026-07-10
/locations/palakkad/itad-kochi/,https://www.ewastekochi.com/locations/palakkad/itad-kochi/,gsc-indexed-url-upgrade-map;gsc-url-protection-map;gsc-indexed-redirect-map,www.ewastekochi.com,location-service-matrix,palakkad,itad-kochi,1,1,alt_canonical,redirect_configured,https://www.ewastekochi.com/itad/,Indexed legacy URL has a relevant one-hop 301 target in vercel.json; do not rebuild as a thin page.
/locations/palakkad/laptop-buyback-kochi/,https://www.ewastekochi.com/locations/palakkad/laptop-buyback-kochi/,gsc-url-protection-map,www.ewastekochi.com,location-service-matrix,palakkad,laptop-buyback-kochi,0,2,indexed-with-traffic,redirect_301,(see vercel.json),classification_source=v2-redirect
/locations/palakkad/laptop-recycling-near-me/,https://www.ewastekochi.com/locations/palakkad/laptop-recycling-near-me/,gsc-indexed-url-upgrade-map;gsc-url-protection-map;gsc-indexed-redirect-map,www.ewastekochi.com,location-service-matrix,palakkad,laptop-recycling-near-me,0,1,alt_canonical,redirect_configured,https://www.ewastekochi.com/services/electronics-recycling-near-me/,Indexed legacy URL has a relevant one-hop 301 target in vercel.json; do not rebuild as a thin page.
/locations/palakkad/mobile-recycling-kochi/,https://www.ewastekochi.com/locations/palakkad/mobile-recycling-kochi/,gsc-url-protection-map,www.ewastekochi.com,location-service-matrix,palakkad,mobile-recycling-kochi,1,4,redirect,redirect_301,/locations/palakkad/,classification_source=rule;implemented_in_vercel.json_2026-07-15
/locations/palakkad/network-equipment-disposal-kochi/,https://www.ewastekochi.com/locations/palakkad/network-equipment-disposal-kochi/,gsc-url-protection-map,www.ewastekochi.com,location-service-matrix,palakkad,network-equipment-disposal-kochi,0,1,alt_canonical,leave_404,,classification_source=rule
/locations/palakkad/old-computer-disposal/,https://www.ewastekochi.com/locations/palakkad/old-computer-disposal/,gsc-url-protection-map,www.ewastekochi.com,location-service-matrix,palakkad,old-computer-disposal,0,6,redirect|alt_canonical,leave_404,,classification_source=rule
/locations/palakkad/printer-recycling-kochi/,https://www.ewastekochi.com/locations/palakkad/printer-recycling-kochi/,gsc-url-protection-map,www.ewastekochi.com,location-service-matrix,palakkad,printer-recycling-kochi,0,0,alt_canonical|crawled_not_indexed,leave_404,,classification_source=rule
/locations/palakkad/secure-computer-recycling/,https://www.ewastekochi.com/locations/palakkad/secure-computer-recycling/,gsc-indexed-url-upgrade-map;gsc-url-protection-map,www.ewastekochi.com,location-service-matrix,palakkad,secure-computer-recycling,0,8,alt_canonical,leave_404,,classification_source=rule;confirmed_indexed_2026-07-10
/locations/palakkad/secure-laptop-disposal/,https://www.ewastekochi.com/locations/palakkad/secure-laptop-disposal/,gsc-indexed-url-upgrade-map;gsc-url-protection-map,www.ewastekochi.com,location-service-matrix,palakkad,secure-laptop-disposal,0,1,alt_canonical,leave_404,,classification_source=rule;confirmed_indexed_2026-07-10
/locations/palakkad/sell-old-electronics/,https://www.ewastekochi.com/locations/palakkad/sell-old-electronics/,gsc-url-protection-map,www.ewastekochi.com,location-service-matrix,palakkad,sell-old-electronics,3,9,redirect|alt_canonical,redirect_301,(see vercel.json),classification_source=v2-redirect
/locations/palakkad/server-recycling-kochi/,https://www.ewastekochi.com/locations/palakkad/server-recycling-kochi/,gsc-indexed-url-upgrade-map;gsc-url-protection-map,www.ewastekochi.com,location-service-matrix,palakkad,server-recycling-kochi,0,0,alt_canonical,leave_404,,classification_source=rule;confirmed_indexed_2026-07-10
/locations/palakkad/tv-monitor-recycling-kochi/,https://www.ewastekochi.com/locations/palakkad/tv-monitor-recycling-kochi/,gsc-indexed-url-upgrade-map;gsc-url-protection-map;gsc-indexed-redirect-map,www.ewastekochi.com,location-service-matrix,palakkad,tv-monitor-recycling-kochi,0,1,alt_canonical,redirect_configured,https://www.ewastekochi.com/tv-recycling-kochi/,Indexed legacy URL has a relevant one-hop 301 target in vercel.json; do not rebuild as a thin page.
/locations/palakkad/ups-inverter-recycling-kochi/,https://www.ewastekochi.com/locations/palakkad/ups-inverter-recycling-kochi/,gsc-url-protection-map,www.ewastekochi.com,location-service-matrix,palakkad,ups-inverter-recycling-kochi,1,2,redirect,redirect_301,(see vercel.json),classification_source=v2-redirect
/locations/palarivattom/,https://www.ewastekochi.com/locations/palarivattom/,gsc-indexed-url-upgrade-map;gsc-url-protection-map,www.ewastekochi.com,location-page,palarivattom,palarivattom,3,107,redirect,manual_review,https://www.ewastekochi.com/locations/palarivattom/,classification_source=rule;confirmed_indexed_2026-07-10
/locations/palarivattom/air-conditioner-recycling-kochi/,https://www.ewastekochi.com/locations/palarivattom/air-conditioner-recycling-kochi/,gsc-url-protection-map,www.ewastekochi.com,location-service-matrix,palarivattom,air-conditioner-recycling-kochi,0,0,redirect,leave_404,,classification_source=rule
/locations/palarivattom/battery-recycling-kochi/,https://www.ewastekochi.com/locations/palarivattom/battery-recycling-kochi/,gsc-indexed-url-upgrade-map;gsc-url-protection-map;gsc-indexed-redirect-map,www.ewastekochi.com,location-service-matrix,palarivattom,battery-recycling-kochi,0,3,alt_canonical,redirect_configured,https://www.ewastekochi.com/battery-recycling/,Indexed legacy URL has a relevant one-hop 301 target in vercel.json; do not rebuild as a thin page.
/locations/palarivattom/certificate-of-destruction-kochi/,https://www.ewastekochi.com/locations/palarivattom/certificate-of-destruction-kochi/,gsc-indexed-url-upgrade-map;gsc-url-protection-map,www.ewastekochi.com,location-service-matrix,palarivattom,certificate-of-destruction-kochi,0,0,indexed,leave_404,,classification_source=indexed-pages-crosscheck-2026-07-10
/locations/palarivattom/corporate-ewaste-kochi/,https://www.ewastekochi.com/locations/palarivattom/corporate-ewaste-kochi/,gsc-url-protection-map,www.ewastekochi.com,location-service-matrix,palarivattom,corporate-ewaste-kochi,0,6,redirect|alt_canonical,leave_404,,classification_source=rule
/locations/palarivattom/data-destruction-kochi/,https://www.ewastekochi.com/locations/palarivattom/data-destruction-kochi/,gsc-url-protection-map,www.ewastekochi.com,location-service-matrix,palarivattom,data-destruction-kochi,0,1,redirect,redirect_301,(see vercel.json),classification_source=v2-redirect
/locations/palarivattom/dpdp-act-compliance-kochi/,https://www.ewastekochi.com/locations/palarivattom/dpdp-act-compliance-kochi/,gsc-url-protection-map,www.ewastekochi.com,location-service-matrix,palarivattom,dpdp-act-compliance-kochi,0,0,crawled_not_indexed,leave_404,,classification_source=rule
/locations/palarivattom/e-waste-recycling-kochi/,https://www.ewastekochi.com/locations/palarivattom/e-waste-recycling-kochi/,gsc-url-protection-map,www.ewastekochi.com,location-service-matrix,palarivattom,e-waste-recycling-kochi,0,4,redirect,redirect_301,(see vercel.json),classification_source=v2-redirect
/locations/palarivattom/free-ewaste-pickup-kochi/,https://www.ewastekochi.com/locations/palarivattom/free-ewaste-pickup-kochi/,gsc-url-protection-map,www.ewastekochi.com,location-service-matrix,palarivattom,free-ewaste-pickup-kochi,0,14,redirect,redirect_301,(see vercel.json),classification_source=v2-redirect
/locations/palarivattom/hard-drive-degaussing-kochi/,https://www.ewastekochi.com/locations/palarivattom/hard-drive-degaussing-kochi/,gsc-url-protection-map,www.ewastekochi.com,location-service-matrix,palarivattom,hard-drive-degaussing-kochi,0,1,alt_canonical|crawled_not_indexed,redirect_301,(see vercel.json),classification_source=v2-redirect
/locations/palarivattom/hard-drive-shredding-kochi/,https://www.ewastekochi.com/locations/palarivattom/hard-drive-shredding-kochi/,gsc-url-protection-map,www.ewastekochi.com,location-service-matrix,palarivattom,hard-drive-shredding-kochi,0,0,alt_canonical|crawled_not_indexed,leave_404,,classification_source=rule
/locations/palarivattom/itad-kochi/,https://www.ewastekochi.com/locations/palarivattom/itad-kochi/,gsc-indexed-url-upgrade-map;gsc-url-protection-map;gsc-indexed-redirect-map,www.ewastekochi.com,location-service-matrix,palarivattom,itad-kochi,0,1,alt_canonical,redirect_configured,https://www.ewastekochi.com/itad/,Indexed legacy URL has a relevant one-hop 301 target in vercel.json; do not rebuild as a thin page.
/locations/palarivattom/laptop-buyback-kochi/,https://www.ewastekochi.com/locations/palarivattom/laptop-buyback-kochi/,gsc-url-protection-map,www.ewastekochi.com,location-service-matrix,palarivattom,laptop-buyback-kochi,0,0,alt_canonical|crawled_not_indexed,leave_404,,classification_source=rule
/locations/palarivattom/mobile-recycling-kochi/,https://www.ewastekochi.com/locations/palarivattom/mobile-recycling-kochi/,gsc-indexed-url-upgrade-map;gsc-url-protection-map,www.ewastekochi.com,location-service-matrix,palarivattom,mobile-recycling-kochi,0,1,alt_canonical,leave_404,,classification_source=rule;confirmed_indexed_2026-07-10
/locations/palarivattom/network-equipment-disposal-kochi/,https://www.ewastekochi.com/locations/palarivattom/network-equipment-disposal-kochi/,gsc-url-protection-map,www.ewastekochi.com,location-service-matrix,palarivattom,network-equipment-disposal-kochi,0,0,alt_canonical,leave_404,,classification_source=rule
/locations/palarivattom/printer-recycling-kochi/,https://www.ewastekochi.com/locations/palarivattom/printer-recycling-kochi/,gsc-indexed-url-upgrade-map;gsc-url-protection-map,www.ewastekochi.com,location-service-matrix,palarivattom,printer-recycling-kochi,0,0,alt_canonical,leave_404,,classification_source=rule;confirmed_indexed_2026-07-10
/locations/palarivattom/server-recycling-kochi/,https://www.ewastekochi.com/locations/palarivattom/server-recycling-kochi/,gsc-url-protection-map,www.ewastekochi.com,location-service-matrix,palarivattom,server-recycling-kochi,0,1,redirect,redirect_301,(see vercel.json),classification_source=v2-redirect
/locations/palarivattom/tv-monitor-recycling-kochi/,https://www.ewastekochi.com/locations/palarivattom/tv-monitor-recycling-kochi/,gsc-indexed-url-upgrade-map;gsc-url-protection-map,www.ewastekochi.com,location-service-matrix,palarivattom,tv-monitor-recycling-kochi,0,0,alt_canonical,leave_404,,classification_source=rule;confirmed_indexed_2026-07-10
/locations/palarivattom/ups-inverter-recycling-kochi/,https://www.ewastekochi.com/locations/palarivattom/ups-inverter-recycling-kochi/,gsc-url-protection-map,www.ewastekochi.com,location-service-matrix,palarivattom,ups-inverter-recycling-kochi,0,4,redirect,redirect_301,(see vercel.json),classification_source=v2-redirect
/locations/perumbavoor/,https://www.ewastekochi.com/locations/perumbavoor/,gsc-indexed-url-upgrade-map;gsc-url-protection-map;manual-high-intent-list,www.ewastekochi.com,location,perumbavoor,perumbavoor,3,36,redirect,manual-high-intent,https://www.ewastekochi.com/locations/perumbavoor/,Expected location hub
/locations/perumbavoor/air-conditioner-recycling-kochi/,https://www.ewastekochi.com/locations/perumbavoor/air-conditioner-recycling-kochi/,gsc-indexed-url-upgrade-map;gsc-url-protection-map,www.ewastekochi.com,location-service-matrix,perumbavoor,air-conditioner-recycling-kochi,0,0,alt_canonical,leave_404,,classification_source=rule;confirmed_indexed_2026-07-10
/locations/perumbavoor/battery-recycling-kochi/,https://www.ewastekochi.com/locations/perumbavoor/battery-recycling-kochi/,gsc-url-protection-map,www.ewastekochi.com,location-service-matrix,perumbavoor,battery-recycling-kochi,0,1,alt_canonical,redirect_301,(see vercel.json),classification_source=v2-redirect
/locations/perumbavoor/certificate-of-destruction-kochi/,https://www.ewastekochi.com/locations/perumbavoor/certificate-of-destruction-kochi/,gsc-indexed-url-upgrade-map;gsc-url-protection-map,www.ewastekochi.com,location-service-matrix,perumbavoor,certificate-of-destruction-kochi,0,0,alt_canonical,leave_404,,classification_source=rule;confirmed_indexed_2026-07-10
/locations/perumbavoor/corporate-ewaste-kochi/,https://www.ewastekochi.com/locations/perumbavoor/corporate-ewaste-kochi/,gsc-url-protection-map,www.ewastekochi.com,location-service-matrix,perumbavoor,corporate-ewaste-kochi,0,0,alt_canonical|crawled_not_indexed,leave_404,,classification_source=rule
/locations/perumbavoor/data-destruction-kochi/,https://www.ewastekochi.com/locations/perumbavoor/data-destruction-kochi/,gsc-indexed-url-upgrade-map;gsc-url-protection-map,www.ewastekochi.com,location-service-matrix,perumbavoor,data-destruction-kochi,0,0,indexed,leave_404,,classification_source=indexed-pages-crosscheck-2026-07-10
/locations/perumbavoor/dpdp-act-compliance-kochi/,https://www.ewastekochi.com/locations/perumbavoor/dpdp-act-compliance-kochi/,gsc-indexed-url-upgrade-map;gsc-url-protection-map,www.ewastekochi.com,location-service-matrix,perumbavoor,dpdp-act-compliance-kochi,0,0,alt_canonical,leave_404,,classification_source=rule;confirmed_indexed_2026-07-10
/locations/perumbavoor/e-waste-recycling-kochi/,https://www.ewastekochi.com/locations/perumbavoor/e-waste-recycling-kochi/,gsc-url-protection-map,www.ewastekochi.com,location-service-matrix,perumbavoor,e-waste-recycling-kochi,1,10,alt_canonical,redirect_301,(see vercel.json),classification_source=v2-redirect
/locations/perumbavoor/free-ewaste-pickup-kochi/,https://www.ewastekochi.com/locations/perumbavoor/free-ewaste-pickup-kochi/,gsc-url-protection-map,www.ewastekochi.com,location-service-matrix,perumbavoor,free-ewaste-pickup-kochi,0,2,redirect,redirect_301,(see vercel.json),classification_source=v2-redirect
/locations/perumbavoor/hard-drive-shredding-kochi/,https://www.ewastekochi.com/locations/perumbavoor/hard-drive-shredding-kochi/,gsc-indexed-url-upgrade-map;gsc-url-protection-map,www.ewastekochi.com,location-service-matrix,perumbavoor,hard-drive-shredding-kochi,0,0,alt_canonical,leave_404,,classification_source=rule;confirmed_indexed_2026-07-10
/locations/perumbavoor/itad-kochi/,https://www.ewastekochi.com/locations/perumbavoor/itad-kochi/,gsc-indexed-url-upgrade-map;gsc-url-protection-map;gsc-indexed-redirect-map,www.ewastekochi.com,location-service-matrix,perumbavoor,itad-kochi,0,3,indexed-with-traffic,redirect_configured,https://www.ewastekochi.com/itad/,Indexed legacy URL has a relevant one-hop 301 target in vercel.json; do not rebuild as a thin page.
/locations/perumbavoor/laptop-buyback-kochi/,https://www.ewastekochi.com/locations/perumbavoor/laptop-buyback-kochi/,gsc-url-protection-map,www.ewastekochi.com,location-service-matrix,perumbavoor,laptop-buyback-kochi,0,1,redirect,redirect_301,(see vercel.json),classification_source=v2-redirect
/locations/perumbavoor/mobile-recycling-kochi/,https://www.ewastekochi.com/locations/perumbavoor/mobile-recycling-kochi/,gsc-indexed-url-upgrade-map;gsc-url-protection-map,www.ewastekochi.com,location-service-matrix,perumbavoor,mobile-recycling-kochi,0,1,alt_canonical,leave_404,,classification_source=rule;confirmed_indexed_2026-07-10
/locations/perumbavoor/network-equipment-disposal-kochi/,https://www.ewastekochi.com/locations/perumbavoor/network-equipment-disposal-kochi/,gsc-url-protection-map,www.ewastekochi.com,location-service-matrix,perumbavoor,network-equipment-disposal-kochi,0,1,indexed-with-traffic,leave_404,,classification_source=rule
/locations/perumbavoor/old-computer-disposal/,https://www.ewastekochi.com/locations/perumbavoor/old-computer-disposal/,gsc-url-protection-map,www.ewastekochi.com,location-service-matrix,perumbavoor,old-computer-disposal,0,0,redirect,leave_404,,classification_source=rule
/locations/perumbavoor/printer-recycling-kochi/,https://www.ewastekochi.com/locations/perumbavoor/printer-recycling-kochi/,gsc-url-protection-map,www.ewastekochi.com,location-service-matrix,perumbavoor,printer-recycling-kochi,0,0,redirect,leave_404,,classification_source=rule
/locations/perumbavoor/server-recycling-kochi/,https://www.ewastekochi.com/locations/perumbavoor/server-recycling-kochi/,gsc-indexed-url-upgrade-map;gsc-url-protection-map;gsc-indexed-redirect-map,www.ewastekochi.com,location-service-matrix,perumbavoor,server-recycling-kochi,0,1,alt_canonical,redirect_configured,https://www.ewastekochi.com/server-recycling-kochi/,Indexed legacy URL has a relevant one-hop 301 target in vercel.json; do not rebuild as a thin page.
/locations/perumbavoor/tv-monitor-recycling-kochi/,https://www.ewastekochi.com/locations/perumbavoor/tv-monitor-recycling-kochi/,gsc-indexed-url-upgrade-map;gsc-url-protection-map;gsc-indexed-redirect-map,www.ewastekochi.com,location-service-matrix,perumbavoor,tv-monitor-recycling-kochi,0,1,redirect|alt_canonical,redirect_configured,https://www.ewastekochi.com/tv-recycling-kochi/,Indexed legacy URL has a relevant one-hop 301 target in vercel.json; do not rebuild as a thin page.
/locations/perumbavoor/ups-inverter-recycling-kochi/,https://www.ewastekochi.com/locations/perumbavoor/ups-inverter-recycling-kochi/,gsc-indexed-url-upgrade-map;gsc-url-protection-map;gsc-indexed-redirect-map,www.ewastekochi.com,location-service-matrix,perumbavoor,ups-inverter-recycling-kochi,0,2,alt_canonical,redirect_configured,https://www.ewastekochi.com/battery-recycling/,Indexed legacy URL has a relevant one-hop 301 target in vercel.json; do not rebuild as a thin page.
/locations/smart-city-kochi/,https://www.ewastekochi.com/locations/smart-city-kochi/,gsc-indexed-url-upgrade-map;gsc-url-protection-map,www.ewastekochi.com,location-page,smart-city-kochi,smart-city-kochi,2,36,redirect,manual_review,https://www.ewastekochi.com/locations/smart-city-kochi/,classification_source=rule;confirmed_indexed_2026-07-10
/locations/smart-city-kochi/air-conditioner-recycling-kochi/,https://www.ewastekochi.com/locations/smart-city-kochi/air-conditioner-recycling-kochi/,gsc-indexed-url-upgrade-map;gsc-url-protection-map,www.ewastekochi.com,location-service-matrix,smart-city-kochi,air-conditioner-recycling-kochi,0,0,indexed,leave_404,,classification_source=indexed-pages-crosscheck-2026-07-10
/locations/smart-city-kochi/battery-recycling-kochi/,https://www.ewastekochi.com/locations/smart-city-kochi/battery-recycling-kochi/,gsc-url-protection-map,www.ewastekochi.com,location-service-matrix,smart-city-kochi,battery-recycling-kochi,0,0,redirect|crawled_not_indexed,leave_404,,classification_source=rule
/locations/smart-city-kochi/certificate-of-destruction-kochi/,https://www.ewastekochi.com/locations/smart-city-kochi/certificate-of-destruction-kochi/,gsc-url-protection-map,www.ewastekochi.com,location-service-matrix,smart-city-kochi,certificate-of-destruction-kochi,0,3,alt_canonical,redirect_301,(see vercel.json),classification_source=v2-redirect
/locations/smart-city-kochi/corporate-ewaste-kochi/,https://www.ewastekochi.com/locations/smart-city-kochi/corporate-ewaste-kochi/,gsc-indexed-url-upgrade-map;gsc-url-protection-map,www.ewastekochi.com,location-service-matrix,smart-city-kochi,corporate-ewaste-kochi,0,2,alt_canonical,leave_404,,classification_source=rule;confirmed_indexed_2026-07-10
/locations/smart-city-kochi/data-destruction-kochi/,https://www.ewastekochi.com/locations/smart-city-kochi/data-destruction-kochi/,gsc-url-protection-map,www.ewastekochi.com,location-service-matrix,smart-city-kochi,data-destruction-kochi,0,2,redirect,redirect_301,(see vercel.json),classification_source=v2-redirect
/locations/smart-city-kochi/dpdp-act-compliance-kochi/,https://www.ewastekochi.com/locations/smart-city-kochi/dpdp-act-compliance-kochi/,gsc-indexed-url-upgrade-map;gsc-url-protection-map,www.ewastekochi.com,location-service-matrix,smart-city-kochi,dpdp-act-compliance-kochi,0,0,alt_canonical,leave_404,,classification_source=rule;confirmed_indexed_2026-07-10
/locations/smart-city-kochi/e-waste-recycling-kochi/,https://www.ewastekochi.com/locations/smart-city-kochi/e-waste-recycling-kochi/,gsc-url-protection-map,www.ewastekochi.com,location-service-matrix,smart-city-kochi,e-waste-recycling-kochi,0,2,alt_canonical|crawled_not_indexed,redirect_301,(see vercel.json),classification_source=v2-redirect
/locations/smart-city-kochi/free-ewaste-pickup-kochi/,https://www.ewastekochi.com/locations/smart-city-kochi/free-ewaste-pickup-kochi/,gsc-url-protection-map,www.ewastekochi.com,location-service-matrix,smart-city-kochi,free-ewaste-pickup-kochi,0,3,indexed-with-traffic,redirect_301,(see vercel.json),classification_source=v2-redirect
/locations/smart-city-kochi/hard-drive-destruction-kochi/,https://www.ewastekochi.com/locations/smart-city-kochi/hard-drive-destruction-kochi/,gsc-url-protection-map,www.ewastekochi.com,location-service-matrix,smart-city-kochi,hard-drive-destruction-kochi,0,3,alt_canonical|crawled_not_indexed,redirect_301,(see vercel.json),classification_source=v2-redirect
/locations/smart-city-kochi/hard-drive-shredding-kochi/,https://www.ewastekochi.com/locations/smart-city-kochi/hard-drive-shredding-kochi/,gsc-url-protection-map,www.ewastekochi.com,location-service-matrix,smart-city-kochi,hard-drive-shredding-kochi,0,2,redirect,redirect_301,(see vercel.json),classification_source=v2-redirect
/locations/smart-city-kochi/itad-kochi/,https://www.ewastekochi.com/locations/smart-city-kochi/itad-kochi/,gsc-url-protection-map,www.ewastekochi.com,location-service-matrix,smart-city-kochi,itad-kochi,2,7,redirect,redirect_301,(see vercel.json),classification_source=v2-redirect
/locations/smart-city-kochi/laptop-buyback-kochi/,https://www.ewastekochi.com/locations/smart-city-kochi/laptop-buyback-kochi/,gsc-url-protection-map,www.ewastekochi.com,location-service-matrix,smart-city-kochi,laptop-buyback-kochi,0,0,alt_canonical,leave_404,,classification_source=rule
/locations/smart-city-kochi/mobile-recycling-kochi/,https://www.ewastekochi.com/locations/smart-city-kochi/mobile-recycling-kochi/,gsc-url-protection-map,www.ewastekochi.com,location-service-matrix,smart-city-kochi,mobile-recycling-kochi,0,2,alt_canonical|crawled_not_indexed,leave_404,,classification_source=rule
/locations/smart-city-kochi/network-equipment-disposal-kochi/,https://www.ewastekochi.com/locations/smart-city-kochi/network-equipment-disposal-kochi/,gsc-url-protection-map,www.ewastekochi.com,location-service-matrix,smart-city-kochi,network-equipment-disposal-kochi,0,1,redirect,leave_404,,classification_source=rule
/locations/smart-city-kochi/printer-recycling-kochi/,https://www.ewastekochi.com/locations/smart-city-kochi/printer-recycling-kochi/,gsc-indexed-url-upgrade-map;gsc-url-protection-map,www.ewastekochi.com,location-service-matrix,smart-city-kochi,printer-recycling-kochi,0,0,indexed,leave_404,,classification_source=indexed-pages-crosscheck-2026-07-10
/locations/smart-city-kochi/server-recycling-kochi/,https://www.ewastekochi.com/locations/smart-city-kochi/server-recycling-kochi/,gsc-indexed-url-upgrade-map;gsc-url-protection-map,www.ewastekochi.com,location-service-matrix,smart-city-kochi,server-recycling-kochi,0,0,alt_canonical,leave_404,,classification_source=rule;confirmed_indexed_2026-07-10
/locations/smart-city-kochi/tv-monitor-recycling-kochi/,https://www.ewastekochi.com/locations/smart-city-kochi/tv-monitor-recycling-kochi/,gsc-url-protection-map,www.ewastekochi.com,location-service-matrix,smart-city-kochi,tv-monitor-recycling-kochi,0,3,redirect,redirect_301,(see vercel.json),classification_source=v2-redirect
/locations/smart-city-kochi/ups-inverter-recycling-kochi/,https://www.ewastekochi.com/locations/smart-city-kochi/ups-inverter-recycling-kochi/,gsc-indexed-url-upgrade-map;gsc-url-protection-map,www.ewastekochi.com,location-service-matrix,smart-city-kochi,ups-inverter-recycling-kochi,0,0,alt_canonical,leave_404,,classification_source=rule;confirmed_indexed_2026-07-10
/locations/thiruvananthapuram/,https://www.ewastekochi.com/locations/thiruvananthapuram/,gsc-indexed-url-upgrade-map;gsc-url-protection-map,www.ewastekochi.com,location-page,thiruvananthapuram,thiruvananthapuram,15,768,redirect|dup_diff_canonical,rebuild_safe_200,https://www.ewastekochi.com/locations/thiruvananthapuram/,classification_source=rule;confirmed_indexed_2026-07-10;built_2026-07-15
/locations/thiruvananthapuram/air-conditioner-recycling-kochi/,https://www.ewastekochi.com/locations/thiruvananthapuram/air-conditioner-recycling-kochi/,gsc-url-protection-map,www.ewastekochi.com,location-service-matrix,thiruvananthapuram,air-conditioner-recycling-kochi,0,0,redirect,leave_404,,classification_source=rule
/locations/thiruvananthapuram/battery-recycling-kochi/,https://www.ewastekochi.com/locations/thiruvananthapuram/battery-recycling-kochi/,gsc-url-protection-map,www.ewastekochi.com,location-service-matrix,thiruvananthapuram,battery-recycling-kochi,0,97,redirect,redirect_301,(see vercel.json),classification_source=v2-redirect
/locations/thiruvananthapuram/certificate-of-destruction-kochi/,https://www.ewastekochi.com/locations/thiruvananthapuram/certificate-of-destruction-kochi/,gsc-indexed-url-upgrade-map;gsc-url-protection-map;gsc-indexed-redirect-map,www.ewastekochi.com,location-service-matrix,thiruvananthapuram,certificate-of-destruction-kochi,0,3,alt_canonical,redirect_configured,https://www.ewastekochi.com/data-destruction-certificate-sample/,Indexed legacy URL has a relevant one-hop 301 target in vercel.json; do not rebuild as a thin page.
/locations/thiruvananthapuram/corporate-ewaste-kochi/,https://www.ewastekochi.com/locations/thiruvananthapuram/corporate-ewaste-kochi/,gsc-url-protection-map,www.ewastekochi.com,location-service-matrix,thiruvananthapuram,corporate-ewaste-kochi,0,4,redirect,leave_404,,classification_source=rule
/locations/thiruvananthapuram/data-destruction-kochi/,https://www.ewastekochi.com/locations/thiruvananthapuram/data-destruction-kochi/,gsc-url-protection-map,www.ewastekochi.com,location-service-matrix,thiruvananthapuram,data-destruction-kochi,0,4,redirect|alt_canonical,redirect_301,(see vercel.json),classification_source=v2-redirect
/locations/thiruvananthapuram/dpdp-act-compliance-kochi/,https://www.ewastekochi.com/locations/thiruvananthapuram/dpdp-act-compliance-kochi/,gsc-indexed-url-upgrade-map;gsc-url-protection-map,www.ewastekochi.com,location-service-matrix,thiruvananthapuram,dpdp-act-compliance-kochi,0,1,alt_canonical,leave_404,,classification_source=rule;confirmed_indexed_2026-07-10
/locations/thiruvananthapuram/e-waste-recycling-kochi/,https://www.ewastekochi.com/locations/thiruvananthapuram/e-waste-recycling-kochi/,gsc-url-protection-map,www.ewastekochi.com,location-service-matrix,thiruvananthapuram,e-waste-recycling-kochi,0,18,redirect,redirect_301,(see vercel.json),classification_source=v2-redirect
/locations/thiruvananthapuram/free-ewaste-pickup-kochi/,https://www.ewastekochi.com/locations/thiruvananthapuram/free-ewaste-pickup-kochi/,gsc-url-protection-map,www.ewastekochi.com,location-service-matrix,thiruvananthapuram,free-ewaste-pickup-kochi,0,12,redirect,redirect_301,(see vercel.json),classification_source=v2-redirect
/locations/thiruvananthapuram/hard-drive-shredding-kochi/,https://www.ewastekochi.com/locations/thiruvananthapuram/hard-drive-shredding-kochi/,gsc-url-protection-map,www.ewastekochi.com,location-service-matrix,thiruvananthapuram,hard-drive-shredding-kochi,0,4,redirect,redirect_301,(see vercel.json),classification_source=v2-redirect
/locations/thiruvananthapuram/itad-kochi/,https://www.ewastekochi.com/locations/thiruvananthapuram/itad-kochi/,gsc-url-protection-map,www.ewastekochi.com,location-service-matrix,thiruvananthapuram,itad-kochi,0,1,redirect,redirect_301,(see vercel.json),classification_source=v2-redirect
/locations/thiruvananthapuram/laptop-buyback-kochi/,https://www.ewastekochi.com/locations/thiruvananthapuram/laptop-buyback-kochi/,gsc-url-protection-map,www.ewastekochi.com,location-service-matrix,thiruvananthapuram,laptop-buyback-kochi,0,4,redirect,redirect_301,(see vercel.json),classification_source=v2-redirect
/locations/thiruvananthapuram/mobile-recycling-kochi/,https://www.ewastekochi.com/locations/thiruvananthapuram/mobile-recycling-kochi/,gsc-url-protection-map,www.ewastekochi.com,location-service-matrix,thiruvananthapuram,mobile-recycling-kochi,0,2,redirect,leave_404,,classification_source=rule
/locations/thiruvananthapuram/network-equipment-disposal-kochi/,https://www.ewastekochi.com/locations/thiruvananthapuram/network-equipment-disposal-kochi/,gsc-indexed-url-upgrade-map;gsc-url-protection-map,www.ewastekochi.com,location-service-matrix,thiruvananthapuram,network-equipment-disposal-kochi,0,0,indexed,leave_404,,classification_source=indexed-pages-crosscheck-2026-07-10
/locations/thiruvananthapuram/printer-recycling-kochi/,https://www.ewastekochi.com/locations/thiruvananthapuram/printer-recycling-kochi/,gsc-indexed-url-upgrade-map;gsc-url-protection-map,www.ewastekochi.com,location-service-matrix,thiruvananthapuram,printer-recycling-kochi,0,0,alt_canonical,leave_404,,classification_source=rule;confirmed_indexed_2026-07-10
/locations/thiruvananthapuram/server-recycling-kochi/,https://www.ewastekochi.com/locations/thiruvananthapuram/server-recycling-kochi/,gsc-url-protection-map,www.ewastekochi.com,location-service-matrix,thiruvananthapuram,server-recycling-kochi,0,2,redirect,redirect_301,(see vercel.json),classification_source=v2-redirect
/locations/thiruvananthapuram/tv-monitor-recycling-kochi/,https://www.ewastekochi.com/locations/thiruvananthapuram/tv-monitor-recycling-kochi/,gsc-url-protection-map,www.ewastekochi.com,location-service-matrix,thiruvananthapuram,tv-monitor-recycling-kochi,0,2,redirect,redirect_301,(see vercel.json),classification_source=v2-redirect
/locations/thiruvananthapuram/ups-inverter-recycling-kochi/,https://www.ewastekochi.com/locations/thiruvananthapuram/ups-inverter-recycling-kochi/,gsc-url-protection-map,www.ewastekochi.com,location-service-matrix,thiruvananthapuram,ups-inverter-recycling-kochi,0,1,redirect,redirect_301,(see vercel.json),classification_source=v2-redirect
/locations/thrikkakara/,https://www.ewastekochi.com/locations/thrikkakara/,gsc-indexed-url-upgrade-map;gsc-url-protection-map,www.ewastekochi.com,location-page,thrikkakara,thrikkakara,1,54,redirect|alt_canonical,manual_review,https://www.ewastekochi.com/locations/thrikkakara/,classification_source=rule;confirmed_indexed_2026-07-10
/locations/thrikkakara/air-conditioner-recycling-kochi/,https://www.ewastekochi.com/locations/thrikkakara/air-conditioner-recycling-kochi/,gsc-url-protection-map,www.ewastekochi.com,location-service-matrix,thrikkakara,air-conditioner-recycling-kochi,0,2,alt_canonical,leave_404,,classification_source=rule
/locations/thrikkakara/battery-recycling-kochi/,https://www.ewastekochi.com/locations/thrikkakara/battery-recycling-kochi/,gsc-url-protection-map,www.ewastekochi.com,location-service-matrix,thrikkakara,battery-recycling-kochi,0,3,redirect,redirect_301,(see vercel.json),classification_source=v2-redirect
/locations/thrikkakara/certificate-of-destruction-kochi/,https://www.ewastekochi.com/locations/thrikkakara/certificate-of-destruction-kochi/,gsc-url-protection-map,www.ewastekochi.com,location-service-matrix,thrikkakara,certificate-of-destruction-kochi,0,0,redirect,leave_404,,classification_source=rule
/locations/thrikkakara/corporate-ewaste-kochi/,https://www.ewastekochi.com/locations/thrikkakara/corporate-ewaste-kochi/,gsc-url-protection-map,www.ewastekochi.com,location-service-matrix,thrikkakara,corporate-ewaste-kochi,0,0,redirect|crawled_not_indexed,leave_404,,classification_source=rule
/locations/thrikkakara/data-destruction-kochi/,https://www.ewastekochi.com/locations/thrikkakara/data-destruction-kochi/,gsc-indexed-url-upgrade-map;gsc-url-protection-map;gsc-indexed-redirect-map,www.ewastekochi.com,location-service-matrix,thrikkakara,data-destruction-kochi,0,6,404,redirect_configured,https://www.ewastekochi.com/data-destruction/,Indexed legacy URL has a relevant one-hop 301 target in vercel.json; do not rebuild as a thin page.
/locations/thrikkakara/dpdp-act-compliance-kochi/,https://www.ewastekochi.com/locations/thrikkakara/dpdp-act-compliance-kochi/,gsc-indexed-url-upgrade-map;gsc-url-protection-map,www.ewastekochi.com,location-service-matrix,thrikkakara,dpdp-act-compliance-kochi,0,0,alt_canonical,leave_404,,classification_source=rule;confirmed_indexed_2026-07-10
/locations/thrikkakara/e-waste-recycling-kochi/,https://www.ewastekochi.com/locations/thrikkakara/e-waste-recycling-kochi/,gsc-url-protection-map,www.ewastekochi.com,location-service-matrix,thrikkakara,e-waste-recycling-kochi,0,5,alt_canonical,redirect_301,(see vercel.json),classification_source=v2-redirect
/locations/thrikkakara/free-ewaste-pickup-kochi/,https://www.ewastekochi.com/locations/thrikkakara/free-ewaste-pickup-kochi/,gsc-url-protection-map,www.ewastekochi.com,location-service-matrix,thrikkakara,free-ewaste-pickup-kochi,0,31,redirect,redirect_301,(see vercel.json),classification_source=v2-redirect
/locations/thrikkakara/hard-drive-shredding-kochi/,https://www.ewastekochi.com/locations/thrikkakara/hard-drive-shredding-kochi/,gsc-indexed-url-upgrade-map;gsc-url-protection-map;gsc-indexed-redirect-map,www.ewastekochi.com,location-service-matrix,thrikkakara,hard-drive-shredding-kochi,0,1,indexed-with-traffic,redirect_configured,https://www.ewastekochi.com/hard-drive-shredding/,Indexed legacy URL has a relevant one-hop 301 target in vercel.json; do not rebuild as a thin page.
/locations/thrikkakara/itad-kochi/,https://www.ewastekochi.com/locations/thrikkakara/itad-kochi/,gsc-indexed-url-upgrade-map;gsc-url-protection-map,www.ewastekochi.com,location-service-matrix,thrikkakara,itad-kochi,0,0,alt_canonical,leave_404,,classification_source=rule;confirmed_indexed_2026-07-10
/locations/thrikkakara/laptop-buyback-kochi/,https://www.ewastekochi.com/locations/thrikkakara/laptop-buyback-kochi/,gsc-url-protection-map,www.ewastekochi.com,location-service-matrix,thrikkakara,laptop-buyback-kochi,0,0,alt_canonical|crawled_not_indexed,leave_404,,classification_source=rule
/locations/thrikkakara/mobile-recycling-kochi/,https://www.ewastekochi.com/locations/thrikkakara/mobile-recycling-kochi/,gsc-url-protection-map,www.ewastekochi.com,location-service-matrix,thrikkakara,mobile-recycling-kochi,0,1,redirect,leave_404,,classification_source=rule
/locations/thrikkakara/network-equipment-disposal-kochi/,https://www.ewastekochi.com/locations/thrikkakara/network-equipment-disposal-kochi/,gsc-indexed-url-upgrade-map;gsc-url-protection-map,www.ewastekochi.com,location-service-matrix,thrikkakara,network-equipment-disposal-kochi,0,0,alt_canonical,leave_404,,classification_source=rule;confirmed_indexed_2026-07-10
/locations/thrikkakara/printer-recycling-kochi/,https://www.ewastekochi.com/locations/thrikkakara/printer-recycling-kochi/,gsc-indexed-url-upgrade-map;gsc-url-protection-map,www.ewastekochi.com,location-service-matrix,thrikkakara,printer-recycling-kochi,0,0,alt_canonical,leave_404,,classification_source=rule;confirmed_indexed_2026-07-10
/locations/thrikkakara/sell-old-electronics/,https://www.ewastekochi.com/locations/thrikkakara/sell-old-electronics/,gsc-url-protection-map,www.ewastekochi.com,location-service-matrix,thrikkakara,sell-old-electronics,0,0,redirect,leave_404,,classification_source=rule
/locations/thrikkakara/server-recycling-kochi/,https://www.ewastekochi.com/locations/thrikkakara/server-recycling-kochi/,gsc-indexed-url-upgrade-map;gsc-url-protection-map;gsc-indexed-redirect-map,www.ewastekochi.com,location-service-matrix,thrikkakara,server-recycling-kochi,0,1,alt_canonical,redirect_configured,https://www.ewastekochi.com/server-recycling-kochi/,Indexed legacy URL has a relevant one-hop 301 target in vercel.json; do not rebuild as a thin page.
/locations/thrikkakara/tv-monitor-recycling-kochi/,https://www.ewastekochi.com/locations/thrikkakara/tv-monitor-recycling-kochi/,gsc-url-protection-map,www.ewastekochi.com,location-service-matrix,thrikkakara,tv-monitor-recycling-kochi,0,0,redirect,leave_404,,classification_source=rule
/locations/thrikkakara/ups-inverter-recycling-kochi/,https://www.ewastekochi.com/locations/thrikkakara/ups-inverter-recycling-kochi/,gsc-indexed-url-upgrade-map;gsc-url-protection-map,www.ewastekochi.com,location-service-matrix,thrikkakara,ups-inverter-recycling-kochi,0,0,indexed,leave_404,,classification_source=indexed-pages-crosscheck-2026-07-10
/locations/thrippunithura/,https://www.ewastekochi.com/locations/thrippunithura/,gsc-indexed-url-upgrade-map;gsc-url-protection-map,www.ewastekochi.com,location-page,thrippunithura,thrippunithura,4,150,redirect,manual_review,https://www.ewastekochi.com/locations/thrippunithura/,classification_source=rule;confirmed_indexed_2026-07-10
/locations/thrippunithura/air-conditioner-recycling-kochi/,https://www.ewastekochi.com/locations/thrippunithura/air-conditioner-recycling-kochi/,gsc-url-protection-map,www.ewastekochi.com,location-service-matrix,thrippunithura,air-conditioner-recycling-kochi,0,0,redirect,leave_404,,classification_source=rule
/locations/thrippunithura/battery-recycling-kochi/,https://www.ewastekochi.com/locations/thrippunithura/battery-recycling-kochi/,gsc-url-protection-map,www.ewastekochi.com,location-service-matrix,thrippunithura,battery-recycling-kochi,0,2,redirect|crawled_not_indexed,redirect_301,(see vercel.json),classification_source=v2-redirect
/locations/thrippunithura/certificate-of-destruction-kochi/,https://www.ewastekochi.com/locations/thrippunithura/certificate-of-destruction-kochi/,gsc-indexed-url-upgrade-map;gsc-url-protection-map,www.ewastekochi.com,location-service-matrix,thrippunithura,certificate-of-destruction-kochi,0,0,alt_canonical,leave_404,,classification_source=rule;confirmed_indexed_2026-07-10
/locations/thrippunithura/computer-recycling/,https://www.ewastekochi.com/locations/thrippunithura/computer-recycling/,gsc-url-protection-map,www.ewastekochi.com,location-service-matrix,thrippunithura,computer-recycling,0,2,alt_canonical|crawled_not_indexed,redirect_301,(see vercel.json),classification_source=v2-redirect
/locations/thrippunithura/corporate-ewaste-kochi/,https://www.ewastekochi.com/locations/thrippunithura/corporate-ewaste-kochi/,gsc-url-protection-map,www.ewastekochi.com,location-service-matrix,thrippunithura,corporate-ewaste-kochi,1,9,redirect,redirect_301,(see vercel.json),classification_source=v2-redirect
/locations/thrippunithura/data-destruction-kochi/,https://www.ewastekochi.com/locations/thrippunithura/data-destruction-kochi/,gsc-url-protection-map,www.ewastekochi.com,location-service-matrix,thrippunithura,data-destruction-kochi,0,1,alt_canonical|crawled_not_indexed,redirect_301,(see vercel.json),classification_source=v2-redirect
/locations/thrippunithura/dpdp-act-compliance-kochi/,https://www.ewastekochi.com/locations/thrippunithura/dpdp-act-compliance-kochi/,gsc-indexed-url-upgrade-map;gsc-url-protection-map,www.ewastekochi.com,location-service-matrix,thrippunithura,dpdp-act-compliance-kochi,0,0,indexed,leave_404,,classification_source=indexed-pages-crosscheck-2026-07-10
/locations/thrippunithura/e-waste-recycling-kochi/,https://www.ewastekochi.com/locations/thrippunithura/e-waste-recycling-kochi/,gsc-url-protection-map,www.ewastekochi.com,location-service-matrix,thrippunithura,e-waste-recycling-kochi,4,16,redirect,redirect_301,(see vercel.json),classification_source=v2-redirect
/locations/thrippunithura/free-ewaste-pickup-kochi/,https://www.ewastekochi.com/locations/thrippunithura/free-ewaste-pickup-kochi/,gsc-indexed-url-upgrade-map;gsc-url-protection-map;gsc-indexed-redirect-map,www.ewastekochi.com,location-service-matrix,thrippunithura,free-ewaste-pickup-kochi,0,7,indexed-with-traffic,redirect_configured,https://www.ewastekochi.com/pickup/,Indexed legacy URL has a relevant one-hop 301 target in vercel.json; do not rebuild as a thin page.
/locations/thrippunithura/hard-drive-shredding-kochi/,https://www.ewastekochi.com/locations/thrippunithura/hard-drive-shredding-kochi/,gsc-url-protection-map,www.ewastekochi.com,location-service-matrix,thrippunithura,hard-drive-shredding-kochi,0,0,redirect,leave_404,,classification_source=rule
/locations/thrippunithura/itad-kochi/,https://www.ewastekochi.com/locations/thrippunithura/itad-kochi/,gsc-indexed-url-upgrade-map;gsc-url-protection-map;gsc-indexed-redirect-map,www.ewastekochi.com,location-service-matrix,thrippunithura,itad-kochi,0,3,alt_canonical,redirect_configured,https://www.ewastekochi.com/itad/,Indexed legacy URL has a relevant one-hop 301 target in vercel.json; do not rebuild as a thin page.
/locations/thrippunithura/laptop-buyback-kochi/,https://www.ewastekochi.com/locations/thrippunithura/laptop-buyback-kochi/,gsc-indexed-url-upgrade-map;gsc-url-protection-map,www.ewastekochi.com,location-service-matrix,thrippunithura,laptop-buyback-kochi,0,0,redirect,leave_404,,classification_source=rule;confirmed_indexed_2026-07-10
/locations/thrippunithura/mobile-recycling-kochi/,https://www.ewastekochi.com/locations/thrippunithura/mobile-recycling-kochi/,gsc-url-protection-map,www.ewastekochi.com,location-service-matrix,thrippunithura,mobile-recycling-kochi,0,3,redirect,leave_404,,classification_source=rule
/locations/thrippunithura/network-equipment-disposal-kochi/,https://www.ewastekochi.com/locations/thrippunithura/network-equipment-disposal-kochi/,gsc-indexed-url-upgrade-map;gsc-url-protection-map,www.ewastekochi.com,location-service-matrix,thrippunithura,network-equipment-disposal-kochi,0,0,alt_canonical,leave_404,,classification_source=rule;confirmed_indexed_2026-07-10
/locations/thrippunithura/printer-recycling-kochi/,https://www.ewastekochi.com/locations/thrippunithura/printer-recycling-kochi/,gsc-indexed-url-upgrade-map;gsc-url-protection-map,www.ewastekochi.com,location-service-matrix,thrippunithura,printer-recycling-kochi,0,0,indexed,leave_404,,classification_source=indexed-pages-crosscheck-2026-07-10
/locations/thrippunithura/secure-laptop-disposal/,https://www.ewastekochi.com/locations/thrippunithura/secure-laptop-disposal/,gsc-url-protection-map,www.ewastekochi.com,location-service-matrix,thrippunithura,secure-laptop-disposal,0,0,redirect,leave_404,,classification_source=rule
/locations/thrippunithura/sell-electronics-kochi/,https://www.ewastekochi.com/locations/thrippunithura/sell-electronics-kochi/,gsc-url-protection-map,www.ewastekochi.com,location-service-matrix,thrippunithura,sell-electronics-kochi,0,1,redirect|alt_canonical,redirect_301,(see vercel.json),classification_source=v2-redirect
/locations/thrippunithura/server-recycling-kochi/,https://www.ewastekochi.com/locations/thrippunithura/server-recycling-kochi/,gsc-indexed-url-upgrade-map;gsc-url-protection-map;gsc-indexed-redirect-map,www.ewastekochi.com,location-service-matrix,thrippunithura,server-recycling-kochi,0,2,alt_canonical,redirect_configured,https://www.ewastekochi.com/server-recycling-kochi/,Indexed legacy URL has a relevant one-hop 301 target in vercel.json; do not rebuild as a thin page.
/locations/thrippunithura/tv-monitor-recycling-kochi/,https://www.ewastekochi.com/locations/thrippunithura/tv-monitor-recycling-kochi/,gsc-url-protection-map,www.ewastekochi.com,location-service-matrix,thrippunithura,tv-monitor-recycling-kochi,0,2,redirect,redirect_301,(see vercel.json),classification_source=v2-redirect
/locations/thrippunithura/ups-inverter-recycling-kochi/,https://www.ewastekochi.com/locations/thrippunithura/ups-inverter-recycling-kochi/,gsc-indexed-url-upgrade-map;gsc-url-protection-map;gsc-indexed-redirect-map,www.ewastekochi.com,location-service-matrix,thrippunithura,ups-inverter-recycling-kochi,0,1,indexed-with-traffic,redirect_configured,https://www.ewastekochi.com/battery-recycling/,Indexed legacy URL has a relevant one-hop 301 target in vercel.json; do not rebuild as a thin page.
/locations/thrissur/,https://www.ewastekochi.com/locations/thrissur/,gsc-indexed-url-upgrade-map;gsc-url-protection-map,www.ewastekochi.com,location-page,thrissur,thrissur,8,271,redirect,rebuild_safe_200,https://www.ewastekochi.com/locations/thrissur/,classification_source=rule;confirmed_indexed_2026-07-10;built_2026-07-15
/locations/thrissur/air-conditioner-recycling-kochi/,https://www.ewastekochi.com/locations/thrissur/air-conditioner-recycling-kochi/,gsc-url-protection-map,www.ewastekochi.com,location-service-matrix,thrissur,air-conditioner-recycling-kochi,0,1,redirect,leave_404,,classification_source=rule
/locations/thrissur/battery-recycling-kochi/,https://www.ewastekochi.com/locations/thrissur/battery-recycling-kochi/,gsc-indexed-url-upgrade-map;gsc-url-protection-map;gsc-indexed-redirect-map,www.ewastekochi.com,location-service-matrix,thrissur,battery-recycling-kochi,0,65,indexed-with-traffic,redirect_configured,https://www.ewastekochi.com/battery-recycling/,Indexed legacy URL has a relevant one-hop 301 target in vercel.json; do not rebuild as a thin page.
/locations/thrissur/certificate-of-destruction-kochi/,https://www.ewastekochi.com/locations/thrissur/certificate-of-destruction-kochi/,gsc-indexed-url-upgrade-map;gsc-url-protection-map;gsc-indexed-redirect-map,www.ewastekochi.com,location-service-matrix,thrissur,certificate-of-destruction-kochi,0,1,indexed-with-traffic,redirect_configured,https://www.ewastekochi.com/data-destruction-certificate-sample/,Indexed legacy URL has a relevant one-hop 301 target in vercel.json; do not rebuild as a thin page.
/locations/thrissur/corporate-ewaste-kochi/,https://www.ewastekochi.com/locations/thrissur/corporate-ewaste-kochi/,gsc-indexed-url-upgrade-map;gsc-url-protection-map,www.ewastekochi.com,location-service-matrix,thrissur,corporate-ewaste-kochi,0,4,redirect|alt_canonical,leave_404,,classification_source=rule;confirmed_indexed_2026-07-10
/locations/thrissur/data-destruction-kochi/,https://www.ewastekochi.com/locations/thrissur/data-destruction-kochi/,gsc-url-protection-map,www.ewastekochi.com,location-service-matrix,thrissur,data-destruction-kochi,0,1,alt_canonical|crawled_not_indexed,redirect_301,(see vercel.json),classification_source=v2-redirect
/locations/thrissur/dpdp-act-compliance-kochi/,https://www.ewastekochi.com/locations/thrissur/dpdp-act-compliance-kochi/,gsc-indexed-url-upgrade-map;gsc-url-protection-map,www.ewastekochi.com,location-service-matrix,thrissur,dpdp-act-compliance-kochi,0,0,alt_canonical,leave_404,,classification_source=rule;confirmed_indexed_2026-07-10
/locations/thrissur/e-waste-recycling-kochi/,https://www.ewastekochi.com/locations/thrissur/e-waste-recycling-kochi/,gsc-url-protection-map,www.ewastekochi.com,location-service-matrix,thrissur,e-waste-recycling-kochi,0,9,redirect,redirect_301,(see vercel.json),classification_source=v2-redirect
/locations/thrissur/free-ewaste-pickup-kochi/,https://www.ewastekochi.com/locations/thrissur/free-ewaste-pickup-kochi/,gsc-url-protection-map,www.ewastekochi.com,location-service-matrix,thrissur,free-ewaste-pickup-kochi,0,6,redirect,redirect_301,(see vercel.json),classification_source=v2-redirect
/locations/thrissur/hard-drive-shredding-kochi/,https://www.ewastekochi.com/locations/thrissur/hard-drive-shredding-kochi/,gsc-indexed-url-upgrade-map;gsc-url-protection-map;gsc-indexed-redirect-map,www.ewastekochi.com,location-service-matrix,thrissur,hard-drive-shredding-kochi,0,1,alt_canonical,redirect_configured,https://www.ewastekochi.com/hard-drive-shredding/,Indexed legacy URL has a relevant one-hop 301 target in vercel.json; do not rebuild as a thin page.
/locations/thrissur/it-asset-inventory-audit/,https://www.ewastekochi.com/locations/thrissur/it-asset-inventory-audit/,gsc-indexed-url-upgrade-map;gsc-url-protection-map;gsc-indexed-redirect-map,www.ewastekochi.com,location-service-matrix,thrissur,it-asset-inventory-audit,0,1,redirect,redirect_configured,https://www.ewastekochi.com/services/it-asset-inventory-audit/,Indexed legacy URL has a relevant one-hop 301 target in vercel.json; do not rebuild as a thin page.
/locations/thrissur/itad-kochi/,https://www.ewastekochi.com/locations/thrissur/itad-kochi/,gsc-url-protection-map,www.ewastekochi.com,location-service-matrix,thrissur,itad-kochi,0,1,redirect,redirect_301,(see vercel.json),classification_source=v2-redirect
/locations/thrissur/laptop-buyback-kochi/,https://www.ewastekochi.com/locations/thrissur/laptop-buyback-kochi/,gsc-url-protection-map,www.ewastekochi.com,location-service-matrix,thrissur,laptop-buyback-kochi,0,3,redirect,redirect_301,(see vercel.json),classification_source=v2-redirect
/locations/thrissur/mobile-recycling-kochi/,https://www.ewastekochi.com/locations/thrissur/mobile-recycling-kochi/,gsc-url-protection-map,www.ewastekochi.com,location-service-matrix,thrissur,mobile-recycling-kochi,0,1,redirect,leave_404,,classification_source=rule
/locations/thrissur/network-equipment-disposal-kochi/,https://www.ewastekochi.com/locations/thrissur/network-equipment-disposal-kochi/,gsc-indexed-url-upgrade-map;gsc-url-protection-map,www.ewastekochi.com,location-service-matrix,thrissur,network-equipment-disposal-kochi,0,0,indexed,leave_404,,classification_source=indexed-pages-crosscheck-2026-07-10
/locations/thrissur/printer-recycling-kochi/,https://www.ewastekochi.com/locations/thrissur/printer-recycling-kochi/,gsc-url-protection-map,www.ewastekochi.com,location-service-matrix,thrissur,printer-recycling-kochi,0,0,alt_canonical|crawled_not_indexed,leave_404,,classification_source=rule
/locations/thrissur/server-recycling-kochi/,https://www.ewastekochi.com/locations/thrissur/server-recycling-kochi/,gsc-indexed-url-upgrade-map;gsc-url-protection-map;gsc-indexed-redirect-map,www.ewastekochi.com,location-service-matrix,thrissur,server-recycling-kochi,0,1,alt_canonical,redirect_configured,https://www.ewastekochi.com/server-recycling-kochi/,Indexed legacy URL has a relevant one-hop 301 target in vercel.json; do not rebuild as a thin page.
/locations/thrissur/tv-monitor-recycling-kochi/,https://www.ewastekochi.com/locations/thrissur/tv-monitor-recycling-kochi/,gsc-url-protection-map,www.ewastekochi.com,location-service-matrix,thrissur,tv-monitor-recycling-kochi,1,2,redirect,redirect_301,(see vercel.json),classification_source=v2-redirect
/locations/thrissur/ups-inverter-recycling-kochi/,https://www.ewastekochi.com/locations/thrissur/ups-inverter-recycling-kochi/,gsc-url-protection-map,www.ewastekochi.com,location-service-matrix,thrissur,ups-inverter-recycling-kochi,0,0,redirect,leave_404,,classification_source=rule
/locations/tripunithura/,https://www.ewastekochi.com/locations/tripunithura/,gsc-url-protection-map,www.ewastekochi.com,location-page,tripunithura,tripunithura,0,0,404,leave_404,,classification_source=rule
/locations/v2/e-waste-edappally.html,https://www.ewastekochi.com/locations/v2/e-waste-edappally.html,gsc-url-protection-map,www.ewastekochi.com,location-service-matrix,v2,,0,26,indexed-with-traffic,leave_404,,classification_source=rule
/locations/vyttila/,https://www.ewastekochi.com/locations/vyttila/,gsc-indexed-url-upgrade-map;gsc-url-protection-map,www.ewastekochi.com,location-page,vyttila,vyttila,0,77,redirect,manual_review,https://www.ewastekochi.com/locations/vyttila/,classification_source=rule;confirmed_indexed_2026-07-10
/locations/vyttila/air-conditioner-recycling-kochi/,https://www.ewastekochi.com/locations/vyttila/air-conditioner-recycling-kochi/,gsc-url-protection-map,www.ewastekochi.com,location-service-matrix,vyttila,air-conditioner-recycling-kochi,0,1,redirect,leave_404,,classification_source=rule
/locations/vyttila/battery-recycling-kochi/,https://www.ewastekochi.com/locations/vyttila/battery-recycling-kochi/,gsc-indexed-url-upgrade-map;gsc-url-protection-map;gsc-indexed-redirect-map,www.ewastekochi.com,location-service-matrix,vyttila,battery-recycling-kochi,0,1,alt_canonical,redirect_configured,https://www.ewastekochi.com/battery-recycling/,Indexed legacy URL has a relevant one-hop 301 target in vercel.json; do not rebuild as a thin page.
/locations/vyttila/certificate-of-destruction-kochi/,https://www.ewastekochi.com/locations/vyttila/certificate-of-destruction-kochi/,gsc-url-protection-map,www.ewastekochi.com,location-service-matrix,vyttila,certificate-of-destruction-kochi,0,1,redirect|alt_canonical,redirect_301,(see vercel.json),classification_source=v2-redirect
/locations/vyttila/corporate-ewaste-kochi/,https://www.ewastekochi.com/locations/vyttila/corporate-ewaste-kochi/,gsc-url-protection-map,www.ewastekochi.com,location-service-matrix,vyttila,corporate-ewaste-kochi,0,4,redirect,leave_404,,classification_source=rule
/locations/vyttila/data-destruction-kochi/,https://www.ewastekochi.com/locations/vyttila/data-destruction-kochi/,gsc-url-protection-map,www.ewastekochi.com,location-service-matrix,vyttila,data-destruction-kochi,0,2,alt_canonical|crawled_not_indexed,redirect_301,(see vercel.json),classification_source=v2-redirect
/locations/vyttila/dpdp-act-compliance-kochi/,https://www.ewastekochi.com/locations/vyttila/dpdp-act-compliance-kochi/,gsc-indexed-url-upgrade-map;gsc-url-protection-map,www.ewastekochi.com,location-service-matrix,vyttila,dpdp-act-compliance-kochi,0,0,indexed,leave_404,,classification_source=indexed-pages-crosscheck-2026-07-10
/locations/vyttila/e-waste-recycling-kochi/,https://www.ewastekochi.com/locations/vyttila/e-waste-recycling-kochi/,gsc-url-protection-map,www.ewastekochi.com,location-service-matrix,vyttila,e-waste-recycling-kochi,1,13,alt_canonical,redirect_301,(see vercel.json),classification_source=v2-redirect
/locations/vyttila/electronics-recycling-near-me/,https://www.ewastekochi.com/locations/vyttila/electronics-recycling-near-me/,gsc-indexed-url-upgrade-map;gsc-url-protection-map;gsc-indexed-redirect-map,www.ewastekochi.com,location-service-matrix,vyttila,electronics-recycling-near-me,0,1,alt_canonical,redirect_configured,https://www.ewastekochi.com/services/electronics-recycling-near-me/,Indexed legacy URL has a relevant one-hop 301 target in vercel.json; do not rebuild as a thin page.
/locations/vyttila/free-ewaste-pickup-kochi/,https://www.ewastekochi.com/locations/vyttila/free-ewaste-pickup-kochi/,gsc-url-protection-map,www.ewastekochi.com,location-service-matrix,vyttila,free-ewaste-pickup-kochi,0,4,redirect,redirect_301,(see vercel.json),classification_source=v2-redirect
/locations/vyttila/hard-drive-shredding-kochi/,https://www.ewastekochi.com/locations/vyttila/hard-drive-shredding-kochi/,gsc-url-protection-map,www.ewastekochi.com,location-service-matrix,vyttila,hard-drive-shredding-kochi,0,0,alt_canonical|crawled_not_indexed,leave_404,,classification_source=rule
/locations/vyttila/itad-kochi/,https://www.ewastekochi.com/locations/vyttila/itad-kochi/,gsc-indexed-url-upgrade-map;gsc-url-protection-map,www.ewastekochi.com,location-service-matrix,vyttila,itad-kochi,0,0,alt_canonical,leave_404,,classification_source=rule;confirmed_indexed_2026-07-10
/locations/vyttila/laptop-buyback-kochi/,https://www.ewastekochi.com/locations/vyttila/laptop-buyback-kochi/,gsc-indexed-url-upgrade-map;gsc-url-protection-map;gsc-indexed-redirect-map,www.ewastekochi.com,location-service-matrix,vyttila,laptop-buyback-kochi,0,2,alt_canonical,redirect_configured,https://www.ewastekochi.com/sell-electronics/,Indexed legacy URL has a relevant one-hop 301 target in vercel.json; do not rebuild as a thin page.
/locations/vyttila/mobile-recycling-kochi/,https://www.ewastekochi.com/locations/vyttila/mobile-recycling-kochi/,gsc-indexed-url-upgrade-map;gsc-url-protection-map,www.ewastekochi.com,location-service-matrix,vyttila,mobile-recycling-kochi,0,1,indexed-with-traffic,leave_404,,classification_source=rule;confirmed_indexed_2026-07-10
/locations/vyttila/network-equipment-disposal-kochi/,https://www.ewastekochi.com/locations/vyttila/network-equipment-disposal-kochi/,gsc-indexed-url-upgrade-map;gsc-url-protection-map,www.ewastekochi.com,location-service-matrix,vyttila,network-equipment-disposal-kochi,0,0,indexed,leave_404,,classification_source=indexed-pages-crosscheck-2026-07-10
/locations/vyttila/printer-recycling-kochi/,https://www.ewastekochi.com/locations/vyttila/printer-recycling-kochi/,gsc-indexed-url-upgrade-map;gsc-url-protection-map;gsc-indexed-redirect-map,www.ewastekochi.com,location-service-matrix,vyttila,printer-recycling-kochi,1,2,alt_canonical,redirect_configured,https://www.ewastekochi.com/recycling/,Indexed legacy URL has a relevant one-hop 301 target in vercel.json; do not rebuild as a thin page.
/locations/vyttila/server-recycling-kochi/,https://www.ewastekochi.com/locations/vyttila/server-recycling-kochi/,gsc-url-protection-map,www.ewastekochi.com,location-service-matrix,vyttila,server-recycling-kochi,1,9,redirect,redirect_301,(see vercel.json),classification_source=v2-redirect
/locations/vyttila/tv-monitor-recycling-kochi/,https://www.ewastekochi.com/locations/vyttila/tv-monitor-recycling-kochi/,gsc-url-protection-map,www.ewastekochi.com,location-service-matrix,vyttila,tv-monitor-recycling-kochi,0,3,redirect,redirect_301,(see vercel.json),classification_source=v2-redirect
/locations/vyttila/ups-inverter-recycling-kochi/,https://www.ewastekochi.com/locations/vyttila/ups-inverter-recycling-kochi/,gsc-url-protection-map,www.ewastekochi.com,location-service-matrix,vyttila,ups-inverter-recycling-kochi,0,1,alt_canonical,redirect_301,(see vercel.json),classification_source=v2-redirect
/locations/willingdon-island/,https://www.ewastekochi.com/locations/willingdon-island/,gsc-indexed-url-upgrade-map;gsc-url-protection-map;manual-high-intent-list,www.ewastekochi.com,location,willingdon-island,willingdon-island,0,25,redirect,manual-high-intent,https://www.ewastekochi.com/locations/willingdon-island/,Expected location hub
/locations/willingdon-island/air-conditioner-recycling-kochi/,https://www.ewastekochi.com/locations/willingdon-island/air-conditioner-recycling-kochi/,gsc-indexed-url-upgrade-map;gsc-url-protection-map,www.ewastekochi.com,location-service-matrix,willingdon-island,air-conditioner-recycling-kochi,0,0,indexed,leave_404,,classification_source=indexed-pages-crosscheck-2026-07-10
/locations/willingdon-island/battery-recycling-kochi/,https://www.ewastekochi.com/locations/willingdon-island/battery-recycling-kochi/,gsc-indexed-url-upgrade-map;gsc-url-protection-map,www.ewastekochi.com,location-service-matrix,willingdon-island,battery-recycling-kochi,0,0,alt_canonical,leave_404,,classification_source=rule;confirmed_indexed_2026-07-10
/locations/willingdon-island/certificate-of-destruction-kochi/,https://www.ewastekochi.com/locations/willingdon-island/certificate-of-destruction-kochi/,gsc-url-protection-map,www.ewastekochi.com,location-service-matrix,willingdon-island,certificate-of-destruction-kochi,0,0,redirect,leave_404,,classification_source=rule
/locations/willingdon-island/corporate-ewaste-kochi/,https://www.ewastekochi.com/locations/willingdon-island/corporate-ewaste-kochi/,gsc-indexed-url-upgrade-map;gsc-url-protection-map,www.ewastekochi.com,location-service-matrix,willingdon-island,corporate-ewaste-kochi,0,0,alt_canonical,leave_404,,classification_source=rule;confirmed_indexed_2026-07-10
/locations/willingdon-island/data-destruction-kochi/,https://www.ewastekochi.com/locations/willingdon-island/data-destruction-kochi/,gsc-indexed-url-upgrade-map;gsc-url-protection-map,www.ewastekochi.com,location-service-matrix,willingdon-island,data-destruction-kochi,0,0,alt_canonical,leave_404,,classification_source=rule;confirmed_indexed_2026-07-10
/locations/willingdon-island/dpdp-act-compliance-kochi/,https://www.ewastekochi.com/locations/willingdon-island/dpdp-act-compliance-kochi/,gsc-url-protection-map,www.ewastekochi.com,location-service-matrix,willingdon-island,dpdp-act-compliance-kochi,0,0,redirect,leave_404,,classification_source=rule
/locations/willingdon-island/e-waste-recycling-kochi/,https://www.ewastekochi.com/locations/willingdon-island/e-waste-recycling-kochi/,gsc-url-protection-map,www.ewastekochi.com,location-service-matrix,willingdon-island,e-waste-recycling-kochi,0,4,alt_canonical,redirect_301,(see vercel.json),classification_source=v2-redirect
/locations/willingdon-island/free-ewaste-pickup-kochi/,https://www.ewastekochi.com/locations/willingdon-island/free-ewaste-pickup-kochi/,gsc-url-protection-map,www.ewastekochi.com,location-service-matrix,willingdon-island,free-ewaste-pickup-kochi,0,2,redirect,redirect_301,(see vercel.json),classification_source=v2-redirect
/locations/willingdon-island/hard-drive-shredding-kochi/,https://www.ewastekochi.com/locations/willingdon-island/hard-drive-shredding-kochi/,gsc-indexed-url-upgrade-map;gsc-url-protection-map,www.ewastekochi.com,location-service-matrix,willingdon-island,hard-drive-shredding-kochi,0,0,alt_canonical,leave_404,,classification_source=rule;confirmed_indexed_2026-07-10
/locations/willingdon-island/itad-kochi/,https://www.ewastekochi.com/locations/willingdon-island/itad-kochi/,gsc-indexed-url-upgrade-map;gsc-url-protection-map,www.ewastekochi.com,location-service-matrix,willingdon-island,itad-kochi,0,0,alt_canonical,leave_404,,classification_source=rule;confirmed_indexed_2026-07-10
/locations/willingdon-island/laptop-buyback-kochi/,https://www.ewastekochi.com/locations/willingdon-island/laptop-buyback-kochi/,gsc-url-protection-map,www.ewastekochi.com,location-service-matrix,willingdon-island,laptop-buyback-kochi,0,0,redirect,leave_404,,classification_source=rule
/locations/willingdon-island/mobile-recycling-kochi/,https://www.ewastekochi.com/locations/willingdon-island/mobile-recycling-kochi/,gsc-url-protection-map,www.ewastekochi.com,location-service-matrix,willingdon-island,mobile-recycling-kochi,0,0,alt_canonical|crawled_not_indexed,leave_404,,classification_source=rule
/locations/willingdon-island/network-equipment-disposal-kochi/,https://www.ewastekochi.com/locations/willingdon-island/network-equipment-disposal-kochi/,gsc-indexed-url-upgrade-map;gsc-url-protection-map,www.ewastekochi.com,location-service-matrix,willingdon-island,network-equipment-disposal-kochi,0,0,alt_canonical,leave_404,,classification_source=rule;confirmed_indexed_2026-07-10
/locations/willingdon-island/printer-recycling-kochi/,https://www.ewastekochi.com/locations/willingdon-island/printer-recycling-kochi/,gsc-url-protection-map,www.ewastekochi.com,location-service-matrix,willingdon-island,printer-recycling-kochi,0,1,redirect,leave_404,,classification_source=rule
/locations/willingdon-island/server-recycling-kochi/,https://www.ewastekochi.com/locations/willingdon-island/server-recycling-kochi/,gsc-indexed-url-upgrade-map;gsc-url-protection-map;gsc-indexed-redirect-map,www.ewastekochi.com,location-service-matrix,willingdon-island,server-recycling-kochi,0,1,indexed-with-traffic,redirect_configured,https://www.ewastekochi.com/server-recycling-kochi/,Indexed legacy URL has a relevant one-hop 301 target in vercel.json; do not rebuild as a thin page.
/locations/willingdon-island/tv-monitor-recycling-kochi/,https://www.ewastekochi.com/locations/willingdon-island/tv-monitor-recycling-kochi/,gsc-indexed-url-upgrade-map;gsc-url-protection-map;gsc-indexed-redirect-map,www.ewastekochi.com,location-service-matrix,willingdon-island,tv-monitor-recycling-kochi,1,2,alt_canonical,redirect_configured,https://www.ewastekochi.com/tv-recycling-kochi/,Indexed legacy URL has a relevant one-hop 301 target in vercel.json; do not rebuild as a thin page.
/locations/willingdon-island/ups-inverter-recycling-kochi/,https://www.ewastekochi.com/locations/willingdon-island/ups-inverter-recycling-kochi/,gsc-indexed-url-upgrade-map;gsc-url-protection-map;gsc-indexed-redirect-map,www.ewastekochi.com,location-service-matrix,willingdon-island,ups-inverter-recycling-kochi,0,2,alt_canonical,redirect_configured,https://www.ewastekochi.com/battery-recycling/,Indexed legacy URL has a relevant one-hop 301 target in vercel.json; do not rebuild as a thin page.
/marketplace/,https://www.ewastekochi.com/marketplace/,gsc-indexed-url-upgrade-map;gsc-url-protection-map;manual-high-intent-list,www.ewastekochi.com,marketplace,,marketplace,66,2247,redirect,manual-high-intent,https://www.ewastekochi.com/marketplace/,Top GSC commercial page
/media-kit.html,https://www.ewastekochi.com/media-kit.html,gsc-url-protection-map,www.ewastekochi.com,other-legacy-service,,,0,0,404,leave_404,,classification_source=rule
/media-kit/,https://www.ewastekochi.com/media-kit/,gsc-url-protection-map,www.ewastekochi.com,other-legacy-service,,media-kit,0,11,404,leave_404,,classification_source=rule
/ml/buyback/laptops/sell-asus-rog-zephyrus-g110-kochi.html,https://www.ewastekochi.com/ml/buyback/laptops/sell-asus-rog-zephyrus-g110-kochi.html,gsc-indexed-url-upgrade-map;gsc-url-protection-map,www.ewastekochi.com,other-legacy-service,,,0,0,indexed,leave_404,https://www.ewastekochi.com/sell-electronics/,classification_source=indexed-pages-crosscheck-2026-07-10
/ml/buyback/laptops/sell-asus-rog-zephyrus-g110-kochi/,https://www.ewastekochi.com/ml/buyback/laptops/sell-asus-rog-zephyrus-g110-kochi/,gsc-url-protection-map,www.ewastekochi.com,other-legacy-service,,sell-asus-rog-zephyrus-g110-kochi,0,0,alt_canonical,leave_404,,classification_source=rule
/ml/buyback/laptops/sell-asus-rog-zephyrus-g16-kochi.html,https://www.ewastekochi.com/ml/buyback/laptops/sell-asus-rog-zephyrus-g16-kochi.html,gsc-url-protection-map,www.ewastekochi.com,other-legacy-service,,,0,0,404,leave_404,,classification_source=rule
/ml/buyback/laptops/sell-asus-rog-zephyrus-g17-kochi.html,https://www.ewastekochi.com/ml/buyback/laptops/sell-asus-rog-zephyrus-g17-kochi.html,gsc-url-protection-map,www.ewastekochi.com,other-legacy-service,,,0,0,404,leave_404,,classification_source=rule
/ml/buyback/laptops/sell-dell-latitude-5403-kochi.html,https://www.ewastekochi.com/ml/buyback/laptops/sell-dell-latitude-5403-kochi.html,gsc-url-protection-map,www.ewastekochi.com,other-legacy-service,,,0,0,404,leave_404,,classification_source=rule
/ml/buyback/laptops/sell-dell-latitude-5404-kochi.html,https://www.ewastekochi.com/ml/buyback/laptops/sell-dell-latitude-5404-kochi.html,gsc-url-protection-map,www.ewastekochi.com,other-legacy-service,,,0,0,404,leave_404,,classification_source=rule
/ml/buyback/laptops/sell-dell-latitude-5406-kochi.html,https://www.ewastekochi.com/ml/buyback/laptops/sell-dell-latitude-5406-kochi.html,gsc-url-protection-map,www.ewastekochi.com,other-legacy-service,,,0,0,404,leave_404,,classification_source=rule
/ml/buyback/laptops/sell-dell-latitude-5410-kochi.html,https://www.ewastekochi.com/ml/buyback/laptops/sell-dell-latitude-5410-kochi.html,gsc-url-protection-map,www.ewastekochi.com,other-legacy-service,,,0,0,404,leave_404,,classification_source=rule
/ml/buyback/laptops/sell-dell-latitude-5413-kochi.html,https://www.ewastekochi.com/ml/buyback/laptops/sell-dell-latitude-5413-kochi.html,gsc-url-protection-map,www.ewastekochi.com,other-legacy-service,,,0,0,404,leave_404,,classification_source=rule
/ml/buyback/laptops/sell-dell-latitude-5415-kochi.html,https://www.ewastekochi.com/ml/buyback/laptops/sell-dell-latitude-5415-kochi.html,gsc-url-protection-map,www.ewastekochi.com,other-legacy-service,,,0,0,404,leave_404,,classification_source=rule
/ml/buyback/laptops/sell-dell-latitude-5416-kochi.html,https://www.ewastekochi.com/ml/buyback/laptops/sell-dell-latitude-5416-kochi.html,gsc-url-protection-map,www.ewastekochi.com,other-legacy-service,,,0,0,404,leave_404,,classification_source=rule
/ml/buyback/laptops/sell-dell-latitude-5419-kochi.html,https://www.ewastekochi.com/ml/buyback/laptops/sell-dell-latitude-5419-kochi.html,gsc-url-protection-map,www.ewastekochi.com,other-legacy-service,,,0,0,404,leave_404,,classification_source=rule
/ml/buyback/laptops/sell-dell-latitude-5424-kochi.html,https://www.ewastekochi.com/ml/buyback/laptops/sell-dell-latitude-5424-kochi.html,gsc-url-protection-map,www.ewastekochi.com,other-legacy-service,,,0,0,404,leave_404,,classification_source=rule
/ml/buyback/laptops/sell-dell-latitude-5425-kochi.html,https://www.ewastekochi.com/ml/buyback/laptops/sell-dell-latitude-5425-kochi.html,gsc-url-protection-map,www.ewastekochi.com,other-legacy-service,,,0,0,404,leave_404,,classification_source=rule
/ml/buyback/laptops/sell-dell-latitude-5426-kochi.html,https://www.ewastekochi.com/ml/buyback/laptops/sell-dell-latitude-5426-kochi.html,gsc-url-protection-map,www.ewastekochi.com,other-legacy-service,,,0,0,404,leave_404,,classification_source=rule
/ml/buyback/laptops/sell-dell-latitude-5427-kochi.html,https://www.ewastekochi.com/ml/buyback/laptops/sell-dell-latitude-5427-kochi.html,gsc-url-protection-map,www.ewastekochi.com,other-legacy-service,,,0,0,404,leave_404,,classification_source=rule
/ml/buyback/laptops/sell-dell-latitude-5429-kochi.html,https://www.ewastekochi.com/ml/buyback/laptops/sell-dell-latitude-5429-kochi.html,gsc-url-protection-map,www.ewastekochi.com,other-legacy-service,,,0,0,404,leave_404,,classification_source=rule
/ml/buyback/laptops/sell-dell-latitude-5430-kochi.html,https://www.ewastekochi.com/ml/buyback/laptops/sell-dell-latitude-5430-kochi.html,gsc-url-protection-map,www.ewastekochi.com,other-legacy-service,,,0,0,404,leave_404,,classification_source=rule
/ml/buyback/laptops/sell-dell-latitude-5431-kochi.html,https://www.ewastekochi.com/ml/buyback/laptops/sell-dell-latitude-5431-kochi.html,gsc-url-protection-map,www.ewastekochi.com,other-legacy-service,,,0,0,404,leave_404,,classification_source=rule
/ml/buyback/laptops/sell-dell-latitude-5432-kochi.html,https://www.ewastekochi.com/ml/buyback/laptops/sell-dell-latitude-5432-kochi.html,gsc-url-protection-map,www.ewastekochi.com,other-legacy-service,,,0,0,404,leave_404,,classification_source=rule
/ml/buyback/laptops/sell-dell-latitude-5433-kochi.html,https://www.ewastekochi.com/ml/buyback/laptops/sell-dell-latitude-5433-kochi.html,gsc-url-protection-map,www.ewastekochi.com,other-legacy-service,,,0,0,404,leave_404,,classification_source=rule
/ml/buyback/laptops/sell-dell-latitude-5437-kochi.html,https://www.ewastekochi.com/ml/buyback/laptops/sell-dell-latitude-5437-kochi.html,gsc-url-protection-map,www.ewastekochi.com,other-legacy-service,,,0,0,404,leave_404,,classification_source=rule
/ml/buyback/laptops/sell-dell-latitude-5438-kochi.html,https://www.ewastekochi.com/ml/buyback/laptops/sell-dell-latitude-5438-kochi.html,gsc-url-protection-map,www.ewastekochi.com,other-legacy-service,,,0,0,404,leave_404,,classification_source=rule
/ml/buyback/laptops/sell-dell-latitude-5444-kochi.html,https://www.ewastekochi.com/ml/buyback/laptops/sell-dell-latitude-5444-kochi.html,gsc-url-protection-map,www.ewastekochi.com,other-legacy-service,,,0,0,404,leave_404,,classification_source=rule
/ml/buyback/laptops/sell-dell-latitude-5445-kochi.html,https://www.ewastekochi.com/ml/buyback/laptops/sell-dell-latitude-5445-kochi.html,gsc-url-protection-map,www.ewastekochi.com,other-legacy-service,,,0,0,404,leave_404,,classification_source=rule
/ml/buyback/laptops/sell-dell-latitude-5450-kochi.html,https://www.ewastekochi.com/ml/buyback/laptops/sell-dell-latitude-5450-kochi.html,gsc-url-protection-map,www.ewastekochi.com,other-legacy-service,,,0,0,404,leave_404,,classification_source=rule
/ml/buyback/laptops/sell-dell-latitude-5451-kochi.html,https://www.ewastekochi.com/ml/buyback/laptops/sell-dell-latitude-5451-kochi.html,gsc-url-protection-map,www.ewastekochi.com,other-legacy-service,,,0,0,404,leave_404,,classification_source=rule
/ml/buyback/laptops/sell-dell-latitude-5454-kochi.html,https://www.ewastekochi.com/ml/buyback/laptops/sell-dell-latitude-5454-kochi.html,gsc-url-protection-map,www.ewastekochi.com,other-legacy-service,,,0,0,crawled_not_indexed,leave_404,,classification_source=rule
/ml/buyback/laptops/sell-dell-latitude-5456-kochi.html,https://www.ewastekochi.com/ml/buyback/laptops/sell-dell-latitude-5456-kochi.html,gsc-url-protection-map,www.ewastekochi.com,other-legacy-service,,,0,0,404,leave_404,,classification_source=rule
/ml/buyback/laptops/sell-dell-latitude-5457-kochi.html,https://www.ewastekochi.com/ml/buyback/laptops/sell-dell-latitude-5457-kochi.html,gsc-url-protection-map,www.ewastekochi.com,other-legacy-service,,,0,0,404,leave_404,,classification_source=rule
/ml/buyback/laptops/sell-dell-latitude-5461-kochi.html,https://www.ewastekochi.com/ml/buyback/laptops/sell-dell-latitude-5461-kochi.html,gsc-url-protection-map,www.ewastekochi.com,other-legacy-service,,,0,0,404,leave_404,,classification_source=rule
/ml/buyback/laptops/sell-dell-latitude-5462-kochi.html,https://www.ewastekochi.com/ml/buyback/laptops/sell-dell-latitude-5462-kochi.html,gsc-url-protection-map,www.ewastekochi.com,other-legacy-service,,,0,0,404,leave_404,,classification_source=rule
/ml/buyback/laptops/sell-dell-latitude-5464-kochi.html,https://www.ewastekochi.com/ml/buyback/laptops/sell-dell-latitude-5464-kochi.html,gsc-url-protection-map,www.ewastekochi.com,other-legacy-service,,,0,0,404,leave_404,,classification_source=rule
/ml/buyback/laptops/sell-dell-latitude-5466-kochi.html,https://www.ewastekochi.com/ml/buyback/laptops/sell-dell-latitude-5466-kochi.html,gsc-url-protection-map,www.ewastekochi.com,other-legacy-service,,,0,0,404,leave_404,,classification_source=rule
/ml/buyback/laptops/sell-dell-latitude-5471-kochi.html,https://www.ewastekochi.com/ml/buyback/laptops/sell-dell-latitude-5471-kochi.html,gsc-url-protection-map,www.ewastekochi.com,other-legacy-service,,,0,0,404,leave_404,,classification_source=rule
/ml/buyback/laptops/sell-dell-latitude-5472-kochi.html,https://www.ewastekochi.com/ml/buyback/laptops/sell-dell-latitude-5472-kochi.html,gsc-url-protection-map,www.ewastekochi.com,other-legacy-service,,,0,0,404,leave_404,,classification_source=rule
/ml/buyback/laptops/sell-dell-latitude-5473-kochi.html,https://www.ewastekochi.com/ml/buyback/laptops/sell-dell-latitude-5473-kochi.html,gsc-url-protection-map,www.ewastekochi.com,other-legacy-service,,,0,0,404,leave_404,,classification_source=rule
/ml/buyback/laptops/sell-dell-latitude-5475-kochi.html,https://www.ewastekochi.com/ml/buyback/laptops/sell-dell-latitude-5475-kochi.html,gsc-url-protection-map,www.ewastekochi.com,other-legacy-service,,,0,0,404,leave_404,,classification_source=rule
/ml/buyback/laptops/sell-dell-latitude-5477-kochi.html,https://www.ewastekochi.com/ml/buyback/laptops/sell-dell-latitude-5477-kochi.html,gsc-url-protection-map,www.ewastekochi.com,other-legacy-service,,,0,0,404,leave_404,,classification_source=rule
/ml/buyback/laptops/sell-dell-latitude-5482-kochi.html,https://www.ewastekochi.com/ml/buyback/laptops/sell-dell-latitude-5482-kochi.html,gsc-url-protection-map,www.ewastekochi.com,other-legacy-service,,,0,0,404,leave_404,,classification_source=rule
/ml/buyback/laptops/sell-dell-latitude-5483-kochi.html,https://www.ewastekochi.com/ml/buyback/laptops/sell-dell-latitude-5483-kochi.html,gsc-url-protection-map,www.ewastekochi.com,other-legacy-service,,,0,0,404,leave_404,,classification_source=rule
/ml/buyback/laptops/sell-dell-latitude-5486-kochi.html,https://www.ewastekochi.com/ml/buyback/laptops/sell-dell-latitude-5486-kochi.html,gsc-url-protection-map,www.ewastekochi.com,other-legacy-service,,,0,0,404,leave_404,,classification_source=rule
/ml/buyback/laptops/sell-dell-latitude-5487-kochi.html,https://www.ewastekochi.com/ml/buyback/laptops/sell-dell-latitude-5487-kochi.html,gsc-url-protection-map,www.ewastekochi.com,other-legacy-service,,,0,0,404,leave_404,,classification_source=rule
/ml/buyback/laptops/sell-dell-latitude-5488-kochi.html,https://www.ewastekochi.com/ml/buyback/laptops/sell-dell-latitude-5488-kochi.html,gsc-url-protection-map,www.ewastekochi.com,other-legacy-service,,,0,0,404,leave_404,,classification_source=rule
/ml/buyback/laptops/sell-dell-latitude-5493-kochi.html,https://www.ewastekochi.com/ml/buyback/laptops/sell-dell-latitude-5493-kochi.html,gsc-url-protection-map,www.ewastekochi.com,other-legacy-service,,,0,0,404,leave_404,,classification_source=rule
/ml/buyback/laptops/sell-dell-latitude-5497-kochi.html,https://www.ewastekochi.com/ml/buyback/laptops/sell-dell-latitude-5497-kochi.html,gsc-url-protection-map,www.ewastekochi.com,other-legacy-service,,,0,0,404,leave_404,,classification_source=rule
/ml/buyback/laptops/sell-dell-latitude-5498-kochi.html,https://www.ewastekochi.com/ml/buyback/laptops/sell-dell-latitude-5498-kochi.html,gsc-url-protection-map,www.ewastekochi.com,other-legacy-service,,,0,0,404,leave_404,,classification_source=rule
/ml/buyback/laptops/sell-dell-latitude-5499-kochi.html,https://www.ewastekochi.com/ml/buyback/laptops/sell-dell-latitude-5499-kochi.html,gsc-url-protection-map,www.ewastekochi.com,other-legacy-service,,,0,0,404,leave_404,,classification_source=rule
/ml/buyback/laptops/sell-hp-elitebook-842-kochi.html,https://www.ewastekochi.com/ml/buyback/laptops/sell-hp-elitebook-842-kochi.html,gsc-url-protection-map,www.ewastekochi.com,other-legacy-service,,,0,0,404,leave_404,,classification_source=rule
/ml/buyback/laptops/sell-hp-elitebook-850-kochi.html,https://www.ewastekochi.com/ml/buyback/laptops/sell-hp-elitebook-850-kochi.html,gsc-url-protection-map,www.ewastekochi.com,other-legacy-service,,,0,0,404,leave_404,,classification_source=rule
/ml/buyback/laptops/sell-hp-elitebook-852-kochi.html,https://www.ewastekochi.com/ml/buyback/laptops/sell-hp-elitebook-852-kochi.html,gsc-url-protection-map,www.ewastekochi.com,other-legacy-service,,,0,0,404,leave_404,,classification_source=rule
/ml/buyback/laptops/sell-hp-elitebook-853-kochi.html,https://www.ewastekochi.com/ml/buyback/laptops/sell-hp-elitebook-853-kochi.html,gsc-url-protection-map,www.ewastekochi.com,other-legacy-service,,,0,0,404,leave_404,,classification_source=rule
/ml/buyback/laptops/sell-hp-elitebook-854-kochi.html,https://www.ewastekochi.com/ml/buyback/laptops/sell-hp-elitebook-854-kochi.html,gsc-url-protection-map,www.ewastekochi.com,other-legacy-service,,,0,0,404,leave_404,,classification_source=rule
/ml/buyback/laptops/sell-hp-elitebook-856-kochi.html,https://www.ewastekochi.com/ml/buyback/laptops/sell-hp-elitebook-856-kochi.html,gsc-url-protection-map,www.ewastekochi.com,other-legacy-service,,,0,0,404,leave_404,,classification_source=rule
/ml/buyback/laptops/sell-hp-elitebook-859-kochi.html,https://www.ewastekochi.com/ml/buyback/laptops/sell-hp-elitebook-859-kochi.html,gsc-url-protection-map,www.ewastekochi.com,other-legacy-service,,,0,0,404,leave_404,,classification_source=rule
/ml/buyback/laptops/sell-hp-elitebook-860-kochi.html,https://www.ewastekochi.com/ml/buyback/laptops/sell-hp-elitebook-860-kochi.html,gsc-url-protection-map,www.ewastekochi.com,other-legacy-service,,,0,0,404,leave_404,,classification_source=rule
/ml/buyback/laptops/sell-hp-elitebook-862-kochi.html,https://www.ewastekochi.com/ml/buyback/laptops/sell-hp-elitebook-862-kochi.html,gsc-url-protection-map,www.ewastekochi.com,other-legacy-service,,,0,0,404,leave_404,,classification_source=rule
/ml/buyback/laptops/sell-hp-elitebook-864-kochi.html,https://www.ewastekochi.com/ml/buyback/laptops/sell-hp-elitebook-864-kochi.html,gsc-url-protection-map,www.ewastekochi.com,other-legacy-service,,,0,0,404,leave_404,,classification_source=rule
/ml/buyback/laptops/sell-hp-elitebook-866-kochi.html,https://www.ewastekochi.com/ml/buyback/laptops/sell-hp-elitebook-866-kochi.html,gsc-url-protection-map,www.ewastekochi.com,other-legacy-service,,,0,0,404,leave_404,,classification_source=rule
/ml/buyback/laptops/sell-hp-elitebook-868-kochi.html,https://www.ewastekochi.com/ml/buyback/laptops/sell-hp-elitebook-868-kochi.html,gsc-url-protection-map,www.ewastekochi.com,other-legacy-service,,,0,0,404,leave_404,,classification_source=rule
/ml/buyback/laptops/sell-hp-elitebook-870-kochi.html,https://www.ewastekochi.com/ml/buyback/laptops/sell-hp-elitebook-870-kochi.html,gsc-url-protection-map,www.ewastekochi.com,other-legacy-service,,,0,0,404,leave_404,,classification_source=rule
/ml/buyback/laptops/sell-hp-elitebook-872-kochi.html,https://www.ewastekochi.com/ml/buyback/laptops/sell-hp-elitebook-872-kochi.html,gsc-url-protection-map,www.ewastekochi.com,other-legacy-service,,,0,0,404,leave_404,,classification_source=rule
/ml/buyback/laptops/sell-hp-elitebook-873-kochi.html,https://www.ewastekochi.com/ml/buyback/laptops/sell-hp-elitebook-873-kochi.html,gsc-url-protection-map,www.ewastekochi.com,other-legacy-service,,,0,0,404,leave_404,,classification_source=rule
/ml/buyback/laptops/sell-hp-elitebook-874-kochi.html,https://www.ewastekochi.com/ml/buyback/laptops/sell-hp-elitebook-874-kochi.html,gsc-url-protection-map,www.ewastekochi.com,other-legacy-service,,,0,0,404,leave_404,,classification_source=rule
/ml/buyback/laptops/sell-hp-elitebook-877-kochi.html,https://www.ewastekochi.com/ml/buyback/laptops/sell-hp-elitebook-877-kochi.html,gsc-url-protection-map,www.ewastekochi.com,other-legacy-service,,,0,0,404,leave_404,,classification_source=rule
/ml/buyback/laptops/sell-hp-elitebook-879-kochi.html,https://www.ewastekochi.com/ml/buyback/laptops/sell-hp-elitebook-879-kochi.html,gsc-indexed-url-upgrade-map;gsc-url-protection-map,www.ewastekochi.com,other-legacy-service,,,0,0,indexed,leave_404,https://www.ewastekochi.com/sell-electronics/,classification_source=indexed-pages-crosscheck-2026-07-10
/ml/buyback/laptops/sell-hp-elitebook-881-kochi.html,https://www.ewastekochi.com/ml/buyback/laptops/sell-hp-elitebook-881-kochi.html,gsc-url-protection-map,www.ewastekochi.com,other-legacy-service,,,0,0,404,leave_404,,classification_source=rule
/ml/buyback/laptops/sell-hp-elitebook-882-kochi.html,https://www.ewastekochi.com/ml/buyback/laptops/sell-hp-elitebook-882-kochi.html,gsc-indexed-url-upgrade-map;gsc-url-protection-map,www.ewastekochi.com,other-legacy-service,,,0,0,indexed,leave_404,https://www.ewastekochi.com/sell-electronics/,classification_source=indexed-pages-crosscheck-2026-07-10
/ml/buyback/laptops/sell-hp-elitebook-882-kochi/,https://www.ewastekochi.com/ml/buyback/laptops/sell-hp-elitebook-882-kochi/,gsc-url-protection-map,www.ewastekochi.com,other-legacy-service,,sell-hp-elitebook-882-kochi,0,0,alt_canonical,leave_404,,classification_source=rule
/ml/buyback/laptops/sell-hp-elitebook-883-kochi.html,https://www.ewastekochi.com/ml/buyback/laptops/sell-hp-elitebook-883-kochi.html,gsc-url-protection-map,www.ewastekochi.com,other-legacy-service,,,0,0,crawled_not_indexed,leave_404,,classification_source=rule
/ml/buyback/laptops/sell-hp-elitebook-885-kochi.html,https://www.ewastekochi.com/ml/buyback/laptops/sell-hp-elitebook-885-kochi.html,gsc-url-protection-map,www.ewastekochi.com,other-legacy-service,,,0,0,404,leave_404,,classification_source=rule
/ml/buyback/laptops/sell-hp-elitebook-888-kochi.html,https://www.ewastekochi.com/ml/buyback/laptops/sell-hp-elitebook-888-kochi.html,gsc-url-protection-map,www.ewastekochi.com,other-legacy-service,,,0,0,404,leave_404,,classification_source=rule
/ml/buyback/laptops/sell-hp-elitebook-892-kochi.html,https://www.ewastekochi.com/ml/buyback/laptops/sell-hp-elitebook-892-kochi.html,gsc-url-protection-map,www.ewastekochi.com,other-legacy-service,,,0,0,404,leave_404,,classification_source=rule
/ml/buyback/laptops/sell-hp-elitebook-899-kochi.html,https://www.ewastekochi.com/ml/buyback/laptops/sell-hp-elitebook-899-kochi.html,gsc-url-protection-map,www.ewastekochi.com,other-legacy-service,,,0,0,404,leave_404,,classification_source=rule
/ml/buyback/laptops/sell-hp-elitebook-906-kochi.html,https://www.ewastekochi.com/ml/buyback/laptops/sell-hp-elitebook-906-kochi.html,gsc-url-protection-map,www.ewastekochi.com,other-legacy-service,,,0,0,404,leave_404,,classification_source=rule
/ml/buyback/laptops/sell-hp-elitebook-908-kochi.html,https://www.ewastekochi.com/ml/buyback/laptops/sell-hp-elitebook-908-kochi.html,gsc-url-protection-map,www.ewastekochi.com,other-legacy-service,,,0,0,404,leave_404,,classification_source=rule
/ml/buyback/laptops/sell-hp-elitebook-909-kochi.html,https://www.ewastekochi.com/ml/buyback/laptops/sell-hp-elitebook-909-kochi.html,gsc-url-protection-map,www.ewastekochi.com,other-legacy-service,,,0,0,404,leave_404,,classification_source=rule
/ml/buyback/laptops/sell-hp-elitebook-911-kochi.html,https://www.ewastekochi.com/ml/buyback/laptops/sell-hp-elitebook-911-kochi.html,gsc-url-protection-map,www.ewastekochi.com,other-legacy-service,,,0,0,404,leave_404,,classification_source=rule
/ml/buyback/laptops/sell-hp-elitebook-912-kochi.html,https://www.ewastekochi.com/ml/buyback/laptops/sell-hp-elitebook-912-kochi.html,gsc-url-protection-map,www.ewastekochi.com,other-legacy-service,,,0,0,404,leave_404,,classification_source=rule
/ml/buyback/laptops/sell-hp-elitebook-916-kochi.html,https://www.ewastekochi.com/ml/buyback/laptops/sell-hp-elitebook-916-kochi.html,gsc-url-protection-map,www.ewastekochi.com,other-legacy-service,,,0,0,404,leave_404,,classification_source=rule
/ml/buyback/laptops/sell-hp-elitebook-917-kochi.html,https://www.ewastekochi.com/ml/buyback/laptops/sell-hp-elitebook-917-kochi.html,gsc-url-protection-map,www.ewastekochi.com,other-legacy-service,,,0,0,404,leave_404,,classification_source=rule
/ml/buyback/laptops/sell-hp-elitebook-918-kochi.html,https://www.ewastekochi.com/ml/buyback/laptops/sell-hp-elitebook-918-kochi.html,gsc-url-protection-map,www.ewastekochi.com,other-legacy-service,,,0,0,404,leave_404,,classification_source=rule
/ml/buyback/laptops/sell-hp-elitebook-919-kochi.html,https://www.ewastekochi.com/ml/buyback/laptops/sell-hp-elitebook-919-kochi.html,gsc-url-protection-map,www.ewastekochi.com,other-legacy-service,,,0,0,404,leave_404,,classification_source=rule
/ml/buyback/laptops/sell-hp-elitebook-927-kochi.html,https://www.ewastekochi.com/ml/buyback/laptops/sell-hp-elitebook-927-kochi.html,gsc-url-protection-map,www.ewastekochi.com,other-legacy-service,,,0,0,404,leave_404,,classification_source=rule
/ml/buyback/laptops/sell-hp-elitebook-932-kochi.html,https://www.ewastekochi.com/ml/buyback/laptops/sell-hp-elitebook-932-kochi.html,gsc-url-protection-map,www.ewastekochi.com,other-legacy-service,,,0,0,404,leave_404,,classification_source=rule
/ml/buyback/laptops/sell-hp-elitebook-934-kochi.html,https://www.ewastekochi.com/ml/buyback/laptops/sell-hp-elitebook-934-kochi.html,gsc-url-protection-map,www.ewastekochi.com,other-legacy-service,,,0,0,404,leave_404,,classification_source=rule
/ml/buyback/laptops/sell-hp-elitebook-936-kochi.html,https://www.ewastekochi.com/ml/buyback/laptops/sell-hp-elitebook-936-kochi.html,gsc-url-protection-map,www.ewastekochi.com,other-legacy-service,,,0,0,404,leave_404,,classification_source=rule
/ml/buyback/laptops/sell-hp-elitebook-937-kochi.html,https://www.ewastekochi.com/ml/buyback/laptops/sell-hp-elitebook-937-kochi.html,gsc-url-protection-map,www.ewastekochi.com,other-legacy-service,,,0,0,404,leave_404,,classification_source=rule
/ml/buyback/laptops/sell-macbook-air-m2-kochi.html,https://www.ewastekochi.com/ml/buyback/laptops/sell-macbook-air-m2-kochi.html,gsc-url-protection-map,www.ewastekochi.com,other-legacy-service,,,0,0,404,leave_404,,classification_source=rule
/ml/buyback/laptops/sell-macbook-pro-m3-kochi.html,https://www.ewastekochi.com/ml/buyback/laptops/sell-macbook-pro-m3-kochi.html,gsc-url-protection-map,www.ewastekochi.com,other-legacy-service,,,0,0,404,leave_404,,classification_source=rule
/ml/buyback/laptops/sell-thinkpad-t410s-kochi.html,https://www.ewastekochi.com/ml/buyback/laptops/sell-thinkpad-t410s-kochi.html,gsc-url-protection-map,www.ewastekochi.com,other-legacy-service,,,0,0,404,leave_404,,classification_source=rule
/ml/buyback/laptops/sell-thinkpad-t411s-kochi.html,https://www.ewastekochi.com/ml/buyback/laptops/sell-thinkpad-t411s-kochi.html,gsc-url-protection-map,www.ewastekochi.com,other-legacy-service,,,0,0,404,leave_404,,classification_source=rule
/ml/buyback/laptops/sell-thinkpad-t413s-kochi.html,https://www.ewastekochi.com/ml/buyback/laptops/sell-thinkpad-t413s-kochi.html,gsc-url-protection-map,www.ewastekochi.com,other-legacy-service,,,0,0,404,leave_404,,classification_source=rule
/ml/buyback/laptops/sell-thinkpad-t414s-kochi.html,https://www.ewastekochi.com/ml/buyback/laptops/sell-thinkpad-t414s-kochi.html,gsc-url-protection-map,www.ewastekochi.com,other-legacy-service,,,0,0,404,leave_404,,classification_source=rule
/ml/buyback/laptops/sell-thinkpad-t418s-kochi.html,https://www.ewastekochi.com/ml/buyback/laptops/sell-thinkpad-t418s-kochi.html,gsc-url-protection-map,www.ewastekochi.com,other-legacy-service,,,0,0,404,leave_404,,classification_source=rule
/ml/buyback/laptops/sell-thinkpad-t419s-kochi.html,https://www.ewastekochi.com/ml/buyback/laptops/sell-thinkpad-t419s-kochi.html,gsc-url-protection-map,www.ewastekochi.com,other-legacy-service,,,0,0,404,leave_404,,classification_source=rule
/ml/buyback/laptops/sell-thinkpad-t421s-kochi.html,https://www.ewastekochi.com/ml/buyback/laptops/sell-thinkpad-t421s-kochi.html,gsc-url-protection-map,www.ewastekochi.com,other-legacy-service,,,0,0,404,leave_404,,classification_source=rule
/ml/buyback/laptops/sell-thinkpad-t422s-kochi.html,https://www.ewastekochi.com/ml/buyback/laptops/sell-thinkpad-t422s-kochi.html,gsc-url-protection-map,www.ewastekochi.com,other-legacy-service,,,0,0,404,leave_404,,classification_source=rule
/ml/buyback/laptops/sell-thinkpad-t423s-kochi.html,https://www.ewastekochi.com/ml/buyback/laptops/sell-thinkpad-t423s-kochi.html,gsc-url-protection-map,www.ewastekochi.com,other-legacy-service,,,0,0,404,leave_404,,classification_source=rule
/ml/buyback/laptops/sell-thinkpad-t425s-kochi.html,https://www.ewastekochi.com/ml/buyback/laptops/sell-thinkpad-t425s-kochi.html,gsc-url-protection-map,www.ewastekochi.com,other-legacy-service,,,0,0,404,leave_404,,classification_source=rule
/ml/buyback/laptops/sell-thinkpad-t431s-kochi.html,https://www.ewastekochi.com/ml/buyback/laptops/sell-thinkpad-t431s-kochi.html,gsc-url-protection-map,www.ewastekochi.com,other-legacy-service,,,0,0,404,leave_404,,classification_source=rule
/ml/buyback/laptops/sell-thinkpad-t437s-kochi.html,https://www.ewastekochi.com/ml/buyback/laptops/sell-thinkpad-t437s-kochi.html,gsc-url-protection-map,www.ewastekochi.com,other-legacy-service,,,0,0,404,leave_404,,classification_source=rule
/ml/buyback/laptops/sell-thinkpad-t438s-kochi.html,https://www.ewastekochi.com/ml/buyback/laptops/sell-thinkpad-t438s-kochi.html,gsc-indexed-url-upgrade-map;gsc-url-protection-map,www.ewastekochi.com,other-legacy-service,,,0,0,indexed,leave_404,https://www.ewastekochi.com/sell-electronics/,classification_source=indexed-pages-crosscheck-2026-07-10
/ml/buyback/laptops/sell-thinkpad-t438s-kochi/,https://www.ewastekochi.com/ml/buyback/laptops/sell-thinkpad-t438s-kochi/,gsc-url-protection-map,www.ewastekochi.com,other-legacy-service,,sell-thinkpad-t438s-kochi,0,0,alt_canonical,leave_404,,classification_source=rule
/ml/buyback/laptops/sell-thinkpad-t439s-kochi.html,https://www.ewastekochi.com/ml/buyback/laptops/sell-thinkpad-t439s-kochi.html,gsc-url-protection-map,www.ewastekochi.com,other-legacy-service,,,0,0,404,leave_404,,classification_source=rule
/ml/buyback/laptops/sell-thinkpad-t440s-kochi.html,https://www.ewastekochi.com/ml/buyback/laptops/sell-thinkpad-t440s-kochi.html,gsc-url-protection-map,www.ewastekochi.com,other-legacy-service,,,0,0,404,leave_404,,classification_source=rule
/ml/buyback/laptops/sell-thinkpad-t441s-kochi.html,https://www.ewastekochi.com/ml/buyback/laptops/sell-thinkpad-t441s-kochi.html,gsc-url-protection-map,www.ewastekochi.com,other-legacy-service,,,0,0,404,leave_404,,classification_source=rule
/ml/buyback/laptops/sell-thinkpad-t442s-kochi.html,https://www.ewastekochi.com/ml/buyback/laptops/sell-thinkpad-t442s-kochi.html,gsc-url-protection-map,www.ewastekochi.com,other-legacy-service,,,0,0,404,leave_404,,classification_source=rule
/ml/buyback/laptops/sell-thinkpad-t443s-kochi.html,https://www.ewastekochi.com/ml/buyback/laptops/sell-thinkpad-t443s-kochi.html,gsc-url-protection-map,www.ewastekochi.com,other-legacy-service,,,0,0,404,leave_404,,classification_source=rule
/ml/buyback/laptops/sell-thinkpad-t446s-kochi.html,https://www.ewastekochi.com/ml/buyback/laptops/sell-thinkpad-t446s-kochi.html,gsc-url-protection-map,www.ewastekochi.com,other-legacy-service,,,0,0,404,leave_404,,classification_source=rule
/ml/buyback/laptops/sell-thinkpad-t449s-kochi.html,https://www.ewastekochi.com/ml/buyback/laptops/sell-thinkpad-t449s-kochi.html,gsc-url-protection-map,www.ewastekochi.com,other-legacy-service,,,0,0,404,leave_404,,classification_source=rule
/ml/buyback/laptops/sell-thinkpad-t450s-kochi.html,https://www.ewastekochi.com/ml/buyback/laptops/sell-thinkpad-t450s-kochi.html,gsc-url-protection-map,www.ewastekochi.com,other-legacy-service,,,0,0,404,leave_404,,classification_source=rule
/ml/buyback/laptops/sell-thinkpad-t452s-kochi.html,https://www.ewastekochi.com/ml/buyback/laptops/sell-thinkpad-t452s-kochi.html,gsc-url-protection-map,www.ewastekochi.com,other-legacy-service,,,0,0,404,leave_404,,classification_source=rule
/ml/buyback/laptops/sell-thinkpad-t453s-kochi.html,https://www.ewastekochi.com/ml/buyback/laptops/sell-thinkpad-t453s-kochi.html,gsc-url-protection-map,www.ewastekochi.com,other-legacy-service,,,0,0,404,leave_404,,classification_source=rule
/ml/buyback/laptops/sell-thinkpad-t457s-kochi.html,https://www.ewastekochi.com/ml/buyback/laptops/sell-thinkpad-t457s-kochi.html,gsc-url-protection-map,www.ewastekochi.com,other-legacy-service,,,0,0,404,leave_404,,classification_source=rule
/ml/buyback/laptops/sell-thinkpad-t463s-kochi.html,https://www.ewastekochi.com/ml/buyback/laptops/sell-thinkpad-t463s-kochi.html,gsc-url-protection-map,www.ewastekochi.com,other-legacy-service,,,0,0,404,leave_404,,classification_source=rule
/ml/buyback/laptops/sell-thinkpad-t464s-kochi.html,https://www.ewastekochi.com/ml/buyback/laptops/sell-thinkpad-t464s-kochi.html,gsc-url-protection-map,www.ewastekochi.com,other-legacy-service,,,0,0,404,leave_404,,classification_source=rule
/ml/buyback/laptops/sell-thinkpad-t466s-kochi.html,https://www.ewastekochi.com/ml/buyback/laptops/sell-thinkpad-t466s-kochi.html,gsc-url-protection-map,www.ewastekochi.com,other-legacy-service,,,0,0,404,leave_404,,classification_source=rule
/ml/buyback/laptops/sell-thinkpad-t468s-kochi.html,https://www.ewastekochi.com/ml/buyback/laptops/sell-thinkpad-t468s-kochi.html,gsc-url-protection-map,www.ewastekochi.com,other-legacy-service,,,0,0,404,leave_404,,classification_source=rule
/ml/buyback/laptops/sell-thinkpad-t472s-kochi.html,https://www.ewastekochi.com/ml/buyback/laptops/sell-thinkpad-t472s-kochi.html,gsc-url-protection-map,www.ewastekochi.com,other-legacy-service,,,0,0,404,leave_404,,classification_source=rule
/ml/buyback/laptops/sell-thinkpad-t475s-kochi.html,https://www.ewastekochi.com/ml/buyback/laptops/sell-thinkpad-t475s-kochi.html,gsc-url-protection-map,www.ewastekochi.com,other-legacy-service,,,0,0,404,leave_404,,classification_source=rule
/ml/buyback/laptops/sell-thinkpad-t476s-kochi.html,https://www.ewastekochi.com/ml/buyback/laptops/sell-thinkpad-t476s-kochi.html,gsc-url-protection-map,www.ewastekochi.com,other-legacy-service,,,0,0,404,leave_404,,classification_source=rule
/ml/buyback/laptops/sell-thinkpad-t478s-kochi.html,https://www.ewastekochi.com/ml/buyback/laptops/sell-thinkpad-t478s-kochi.html,gsc-url-protection-map,www.ewastekochi.com,other-legacy-service,,,0,0,404,leave_404,,classification_source=rule
/ml/buyback/laptops/sell-thinkpad-t482s-kochi.html,https://www.ewastekochi.com/ml/buyback/laptops/sell-thinkpad-t482s-kochi.html,gsc-url-protection-map,www.ewastekochi.com,other-legacy-service,,,0,0,404,leave_404,,classification_source=rule
/ml/buyback/laptops/sell-thinkpad-t483s-kochi.html,https://www.ewastekochi.com/ml/buyback/laptops/sell-thinkpad-t483s-kochi.html,gsc-url-protection-map,www.ewastekochi.com,other-legacy-service,,,0,0,404,leave_404,,classification_source=rule
/ml/buyback/laptops/sell-thinkpad-t491s-kochi.html,https://www.ewastekochi.com/ml/buyback/laptops/sell-thinkpad-t491s-kochi.html,gsc-url-protection-map,www.ewastekochi.com,other-legacy-service,,,0,0,404,leave_404,,classification_source=rule
/ml/buyback/laptops/sell-thinkpad-t493s-kochi.html,https://www.ewastekochi.com/ml/buyback/laptops/sell-thinkpad-t493s-kochi.html,gsc-url-protection-map,www.ewastekochi.com,other-legacy-service,,,0,0,404,leave_404,,classification_source=rule
/ml/buyback/laptops/sell-thinkpad-t495s-kochi.html,https://www.ewastekochi.com/ml/buyback/laptops/sell-thinkpad-t495s-kochi.html,gsc-url-protection-map,www.ewastekochi.com,other-legacy-service,,,0,0,404,leave_404,,classification_source=rule
/ml/buyback/laptops/sell-thinkpad-t496s-kochi.html,https://www.ewastekochi.com/ml/buyback/laptops/sell-thinkpad-t496s-kochi.html,gsc-url-protection-map,www.ewastekochi.com,other-legacy-service,,,0,0,404,leave_404,,classification_source=rule
/ml/buyback/laptops/sell-thinkpad-t499s-kochi.html,https://www.ewastekochi.com/ml/buyback/laptops/sell-thinkpad-t499s-kochi.html,gsc-url-protection-map,www.ewastekochi.com,other-legacy-service,,,0,0,404,leave_404,,classification_source=rule
/ml/buyback/laptops/sell-thinkpad-t500s-kochi.html,https://www.ewastekochi.com/ml/buyback/laptops/sell-thinkpad-t500s-kochi.html,gsc-url-protection-map,www.ewastekochi.com,other-legacy-service,,,0,0,404,leave_404,,classification_source=rule
/ml/buyback/phones/sell-google-pixel-11-pro-kochi.html,https://www.ewastekochi.com/ml/buyback/phones/sell-google-pixel-11-pro-kochi.html,gsc-url-protection-map,www.ewastekochi.com,other-legacy-service,,,0,0,404,leave_404,,classification_source=rule
/ml/buyback/phones/sell-google-pixel-13-pro-kochi.html,https://www.ewastekochi.com/ml/buyback/phones/sell-google-pixel-13-pro-kochi.html,gsc-url-protection-map,www.ewastekochi.com,other-legacy-service,,,0,0,404,leave_404,,classification_source=rule
/ml/buyback/phones/sell-google-pixel-15-pro-kochi.html,https://www.ewastekochi.com/ml/buyback/phones/sell-google-pixel-15-pro-kochi.html,gsc-url-protection-map,www.ewastekochi.com,other-legacy-service,,,0,0,404,leave_404,,classification_source=rule
/ml/buyback/phones/sell-google-pixel-9-pro-kochi.html,https://www.ewastekochi.com/ml/buyback/phones/sell-google-pixel-9-pro-kochi.html,gsc-url-protection-map,www.ewastekochi.com,other-legacy-service,,,0,0,404,leave_404,,classification_source=rule
/ml/buyback/phones/sell-iphone-10-kochi.html,https://www.ewastekochi.com/ml/buyback/phones/sell-iphone-10-kochi.html,gsc-url-protection-map,www.ewastekochi.com,other-legacy-service,,,0,0,404,leave_404,,classification_source=rule
/ml/buyback/phones/sell-iphone-11-pro-max-kochi.html,https://www.ewastekochi.com/ml/buyback/phones/sell-iphone-11-pro-max-kochi.html,gsc-url-protection-map,www.ewastekochi.com,other-legacy-service,,,0,0,404,leave_404,,classification_source=rule
/ml/buyback/phones/sell-iphone-12-kochi.html,https://www.ewastekochi.com/ml/buyback/phones/sell-iphone-12-kochi.html,gsc-url-protection-map,www.ewastekochi.com,other-legacy-service,,,0,0,404,leave_404,,classification_source=rule
/ml/buyback/phones/sell-iphone-12-pro-max-kochi.html,https://www.ewastekochi.com/ml/buyback/phones/sell-iphone-12-pro-max-kochi.html,gsc-url-protection-map,www.ewastekochi.com,other-legacy-service,,,0,0,404,leave_404,,classification_source=rule
/ml/buyback/phones/sell-iphone-13-kochi.html,https://www.ewastekochi.com/ml/buyback/phones/sell-iphone-13-kochi.html,gsc-url-protection-map,www.ewastekochi.com,other-legacy-service,,,0,0,404,leave_404,,classification_source=rule
/ml/buyback/phones/sell-iphone-14-kochi.html,https://www.ewastekochi.com/ml/buyback/phones/sell-iphone-14-kochi.html,gsc-url-protection-map,www.ewastekochi.com,other-legacy-service,,,0,0,404,leave_404,,classification_source=rule
/ml/buyback/phones/sell-iphone-15-kochi.html,https://www.ewastekochi.com/ml/buyback/phones/sell-iphone-15-kochi.html,gsc-url-protection-map,www.ewastekochi.com,other-legacy-service,,,0,0,404,leave_404,,classification_source=rule
/ml/buyback/phones/sell-iphone-15-pro-kochi.html,https://www.ewastekochi.com/ml/buyback/phones/sell-iphone-15-pro-kochi.html,gsc-url-protection-map,www.ewastekochi.com,other-legacy-service,,,0,0,404,leave_404,,classification_source=rule
/ml/buyback/phones/sell-iphone-7-kochi.html,https://www.ewastekochi.com/ml/buyback/phones/sell-iphone-7-kochi.html,gsc-url-protection-map,www.ewastekochi.com,other-legacy-service,,,0,0,404,leave_404,,classification_source=rule
/ml/buyback/phones/sell-iphone-7-kochi/,https://www.ewastekochi.com/ml/buyback/phones/sell-iphone-7-kochi/,gsc-url-protection-map,www.ewastekochi.com,other-legacy-service,,sell-iphone-7-kochi,0,0,alt_canonical,leave_404,,classification_source=rule
/ml/buyback/phones/sell-iphone-9-kochi.html,https://www.ewastekochi.com/ml/buyback/phones/sell-iphone-9-kochi.html,gsc-url-protection-map,www.ewastekochi.com,other-legacy-service,,,0,0,404,leave_404,,classification_source=rule
/ml/buyback/phones/sell-nothing-phone-1-kochi.html,https://www.ewastekochi.com/ml/buyback/phones/sell-nothing-phone-1-kochi.html,gsc-url-protection-map,www.ewastekochi.com,other-legacy-service,,,0,0,404,leave_404,,classification_source=rule
/ml/buyback/phones/sell-nothing-phone-4-kochi.html,https://www.ewastekochi.com/ml/buyback/phones/sell-nothing-phone-4-kochi.html,gsc-url-protection-map,www.ewastekochi.com,other-legacy-service,,,0,0,404,leave_404,,classification_source=rule
/ml/buyback/phones/sell-oneplus-10-pro-kochi.html,https://www.ewastekochi.com/ml/buyback/phones/sell-oneplus-10-pro-kochi.html,gsc-url-protection-map,www.ewastekochi.com,other-legacy-service,,,0,0,404,leave_404,,classification_source=rule
/ml/buyback/phones/sell-oneplus-12-pro-kochi.html,https://www.ewastekochi.com/ml/buyback/phones/sell-oneplus-12-pro-kochi.html,gsc-url-protection-map,www.ewastekochi.com,other-legacy-service,,,0,0,404,leave_404,,classification_source=rule
/ml/buyback/phones/sell-oneplus-15-pro-kochi.html,https://www.ewastekochi.com/ml/buyback/phones/sell-oneplus-15-pro-kochi.html,gsc-url-protection-map,www.ewastekochi.com,other-legacy-service,,,0,0,404,leave_404,,classification_source=rule
/ml/buyback/phones/sell-samsung-galaxy-a18-kochi.html,https://www.ewastekochi.com/ml/buyback/phones/sell-samsung-galaxy-a18-kochi.html,gsc-url-protection-map,www.ewastekochi.com,other-legacy-service,,,0,0,404,leave_404,,classification_source=rule
/ml/buyback/phones/sell-samsung-galaxy-a19-kochi.html,https://www.ewastekochi.com/ml/buyback/phones/sell-samsung-galaxy-a19-kochi.html,gsc-url-protection-map,www.ewastekochi.com,other-legacy-service,,,0,0,404,leave_404,,classification_source=rule
/ml/buyback/phones/sell-samsung-galaxy-a22-kochi.html,https://www.ewastekochi.com/ml/buyback/phones/sell-samsung-galaxy-a22-kochi.html,gsc-url-protection-map,www.ewastekochi.com,other-legacy-service,,,0,0,404,leave_404,,classification_source=rule
/ml/buyback/phones/sell-samsung-galaxy-a23-kochi.html,https://www.ewastekochi.com/ml/buyback/phones/sell-samsung-galaxy-a23-kochi.html,gsc-url-protection-map,www.ewastekochi.com,other-legacy-service,,,0,0,404,leave_404,,classification_source=rule
/ml/buyback/phones/sell-samsung-galaxy-a24-kochi.html,https://www.ewastekochi.com/ml/buyback/phones/sell-samsung-galaxy-a24-kochi.html,gsc-url-protection-map,www.ewastekochi.com,other-legacy-service,,,0,0,404,leave_404,,classification_source=rule
/ml/buyback/phones/sell-samsung-galaxy-s10-ultra-kochi.html,https://www.ewastekochi.com/ml/buyback/phones/sell-samsung-galaxy-s10-ultra-kochi.html,gsc-url-protection-map,www.ewastekochi.com,other-legacy-service,,,0,0,404,leave_404,,classification_source=rule
/ml/buyback/phones/sell-samsung-galaxy-s7-ultra-kochi.html,https://www.ewastekochi.com/ml/buyback/phones/sell-samsung-galaxy-s7-ultra-kochi.html,gsc-url-protection-map,www.ewastekochi.com,other-legacy-service,,,0,0,404,leave_404,,classification_source=rule
/ml/buyback/phones/sell-xiaomi-redmi-note-17-kochi.html,https://www.ewastekochi.com/ml/buyback/phones/sell-xiaomi-redmi-note-17-kochi.html,gsc-url-protection-map,www.ewastekochi.com,other-legacy-service,,,0,0,404,leave_404,,classification_source=rule
/ml/buyback/phones/sell-xiaomi-redmi-note-19-kochi.html,https://www.ewastekochi.com/ml/buyback/phones/sell-xiaomi-redmi-note-19-kochi.html,gsc-url-protection-map,www.ewastekochi.com,other-legacy-service,,,0,0,404,leave_404,,classification_source=rule
/ml/buyback/phones/sell-xiaomi-redmi-note-20-kochi.html,https://www.ewastekochi.com/ml/buyback/phones/sell-xiaomi-redmi-note-20-kochi.html,gsc-url-protection-map,www.ewastekochi.com,other-legacy-service,,,0,0,404,leave_404,,classification_source=rule
/ml/contact/,https://www.ewastekochi.com/ml/contact/,gsc-url-protection-map,www.ewastekochi.com,other-legacy-service,,contact,0,0,404,keep_200,,classification_source=v2-live
/ml/locations/ewaste-682002.html,https://www.ewastekochi.com/ml/locations/ewaste-682002.html,gsc-url-protection-map,www.ewastekochi.com,other-legacy-service,,,0,0,404,leave_404,,classification_source=rule
/ml/locations/ewaste-682004.html,https://www.ewastekochi.com/ml/locations/ewaste-682004.html,gsc-url-protection-map,www.ewastekochi.com,other-legacy-service,,,0,0,404,leave_404,,classification_source=rule
/ml/locations/ewaste-682010.html,https://www.ewastekochi.com/ml/locations/ewaste-682010.html,gsc-url-protection-map,www.ewastekochi.com,other-legacy-service,,,0,0,404,leave_404,,classification_source=rule
/ml/locations/ewaste-682013.html,https://www.ewastekochi.com/ml/locations/ewaste-682013.html,gsc-url-protection-map,www.ewastekochi.com,other-legacy-service,,,0,0,404,leave_404,,classification_source=rule
/ml/locations/ewaste-682014.html,https://www.ewastekochi.com/ml/locations/ewaste-682014.html,gsc-url-protection-map,www.ewastekochi.com,other-legacy-service,,,0,0,404,leave_404,,classification_source=rule
/ml/locations/ewaste-682016.html,https://www.ewastekochi.com/ml/locations/ewaste-682016.html,gsc-url-protection-map,www.ewastekochi.com,other-legacy-service,,,0,0,404,leave_404,,classification_source=rule
/ml/locations/ewaste-682018.html,https://www.ewastekochi.com/ml/locations/ewaste-682018.html,gsc-url-protection-map,www.ewastekochi.com,other-legacy-service,,,0,0,404,leave_404,,classification_source=rule
/ml/locations/ewaste-682022.html,https://www.ewastekochi.com/ml/locations/ewaste-682022.html,gsc-url-protection-map,www.ewastekochi.com,other-legacy-service,,,0,0,404,leave_404,,classification_source=rule
/ml/locations/ewaste-682024.html,https://www.ewastekochi.com/ml/locations/ewaste-682024.html,gsc-url-protection-map,www.ewastekochi.com,other-legacy-service,,,0,0,404,leave_404,,classification_source=rule
/ml/locations/ewaste-682025.html,https://www.ewastekochi.com/ml/locations/ewaste-682025.html,gsc-url-protection-map,www.ewastekochi.com,other-legacy-service,,,0,0,404,leave_404,,classification_source=rule
/ml/locations/ewaste-682032.html,https://www.ewastekochi.com/ml/locations/ewaste-682032.html,gsc-url-protection-map,www.ewastekochi.com,other-legacy-service,,,0,0,404,leave_404,,classification_source=rule
/ml/locations/ewaste-682033.html,https://www.ewastekochi.com/ml/locations/ewaste-682033.html,gsc-url-protection-map,www.ewastekochi.com,other-legacy-service,,,0,0,404,leave_404,,classification_source=rule
/ml/locations/ewaste-682034.html,https://www.ewastekochi.com/ml/locations/ewaste-682034.html,gsc-url-protection-map,www.ewastekochi.com,other-legacy-service,,,0,0,404,leave_404,,classification_source=rule
/ml/locations/ewaste-682035.html,https://www.ewastekochi.com/ml/locations/ewaste-682035.html,gsc-url-protection-map,www.ewastekochi.com,other-legacy-service,,,0,0,404,leave_404,,classification_source=rule
/ml/locations/ewaste-682039.html,https://www.ewastekochi.com/ml/locations/ewaste-682039.html,gsc-url-protection-map,www.ewastekochi.com,other-legacy-service,,,0,0,404,leave_404,,classification_source=rule
/ml/locations/ewaste-682041.html,https://www.ewastekochi.com/ml/locations/ewaste-682041.html,gsc-url-protection-map,www.ewastekochi.com,other-legacy-service,,,0,0,404,leave_404,,classification_source=rule
/ml/locations/ewaste-682042.html,https://www.ewastekochi.com/ml/locations/ewaste-682042.html,gsc-url-protection-map,www.ewastekochi.com,other-legacy-service,,,0,0,404,leave_404,,classification_source=rule
/ml/locations/ewaste-682044.html,https://www.ewastekochi.com/ml/locations/ewaste-682044.html,gsc-url-protection-map,www.ewastekochi.com,other-legacy-service,,,0,0,404,leave_404,,classification_source=rule
/ml/locations/ewaste-682047.html,https://www.ewastekochi.com/ml/locations/ewaste-682047.html,gsc-url-protection-map,www.ewastekochi.com,other-legacy-service,,,0,0,404,leave_404,,classification_source=rule
/ml/locations/ewaste-682049.html,https://www.ewastekochi.com/ml/locations/ewaste-682049.html,gsc-url-protection-map,www.ewastekochi.com,other-legacy-service,,,0,0,404,leave_404,,classification_source=rule
/ml/locations/ewaste-682054.html,https://www.ewastekochi.com/ml/locations/ewaste-682054.html,gsc-url-protection-map,www.ewastekochi.com,other-legacy-service,,,0,0,404,leave_404,,classification_source=rule
/ml/locations/ewaste-682058.html,https://www.ewastekochi.com/ml/locations/ewaste-682058.html,gsc-url-protection-map,www.ewastekochi.com,other-legacy-service,,,0,0,404,leave_404,,classification_source=rule
/ml/locations/ewaste-682059.html,https://www.ewastekochi.com/ml/locations/ewaste-682059.html,gsc-url-protection-map,www.ewastekochi.com,other-legacy-service,,,0,0,404,leave_404,,classification_source=rule
/ml/locations/ewaste-682060.html,https://www.ewastekochi.com/ml/locations/ewaste-682060.html,gsc-url-protection-map,www.ewastekochi.com,other-legacy-service,,,0,0,404,leave_404,,classification_source=rule
/ml/locations/ewaste-682063.html,https://www.ewastekochi.com/ml/locations/ewaste-682063.html,gsc-url-protection-map,www.ewastekochi.com,other-legacy-service,,,0,0,404,leave_404,,classification_source=rule
/ml/locations/ewaste-682065.html,https://www.ewastekochi.com/ml/locations/ewaste-682065.html,gsc-url-protection-map,www.ewastekochi.com,other-legacy-service,,,0,0,404,leave_404,,classification_source=rule
/ml/locations/ewaste-682073.html,https://www.ewastekochi.com/ml/locations/ewaste-682073.html,gsc-url-protection-map,www.ewastekochi.com,other-legacy-service,,,0,0,404,leave_404,,classification_source=rule
/ml/locations/ewaste-682074.html,https://www.ewastekochi.com/ml/locations/ewaste-682074.html,gsc-url-protection-map,www.ewastekochi.com,other-legacy-service,,,0,0,404,leave_404,,classification_source=rule
/ml/locations/ewaste-682078.html,https://www.ewastekochi.com/ml/locations/ewaste-682078.html,gsc-url-protection-map,www.ewastekochi.com,other-legacy-service,,,0,0,404,leave_404,,classification_source=rule
/ml/locations/ewaste-682084.html,https://www.ewastekochi.com/ml/locations/ewaste-682084.html,gsc-url-protection-map,www.ewastekochi.com,other-legacy-service,,,0,0,404,leave_404,,classification_source=rule
/ml/locations/ewaste-682085.html,https://www.ewastekochi.com/ml/locations/ewaste-682085.html,gsc-url-protection-map,www.ewastekochi.com,other-legacy-service,,,0,0,404,leave_404,,classification_source=rule
/ml/locations/ewaste-682086.html,https://www.ewastekochi.com/ml/locations/ewaste-682086.html,gsc-url-protection-map,www.ewastekochi.com,other-legacy-service,,,0,0,404,leave_404,,classification_source=rule
/ml/locations/ewaste-682090.html,https://www.ewastekochi.com/ml/locations/ewaste-682090.html,gsc-url-protection-map,www.ewastekochi.com,other-legacy-service,,,0,0,404,leave_404,,classification_source=rule
/ml/locations/ewaste-682098.html,https://www.ewastekochi.com/ml/locations/ewaste-682098.html,gsc-url-protection-map,www.ewastekochi.com,other-legacy-service,,,0,0,404,leave_404,,classification_source=rule
/ml/locations/ewaste-682100.html,https://www.ewastekochi.com/ml/locations/ewaste-682100.html,gsc-url-protection-map,www.ewastekochi.com,other-legacy-service,,,0,0,404,leave_404,,classification_source=rule
/ml/locations/ewaste-682101.html,https://www.ewastekochi.com/ml/locations/ewaste-682101.html,gsc-url-protection-map,www.ewastekochi.com,other-legacy-service,,,0,0,404,leave_404,,classification_source=rule
/ml/locations/ewaste-682102.html,https://www.ewastekochi.com/ml/locations/ewaste-682102.html,gsc-url-protection-map,www.ewastekochi.com,other-legacy-service,,,0,0,404,leave_404,,classification_source=rule
/ml/locations/ewaste-682108.html,https://www.ewastekochi.com/ml/locations/ewaste-682108.html,gsc-url-protection-map,www.ewastekochi.com,other-legacy-service,,,0,0,404,leave_404,,classification_source=rule
/ml/locations/ewaste-682111.html,https://www.ewastekochi.com/ml/locations/ewaste-682111.html,gsc-url-protection-map,www.ewastekochi.com,other-legacy-service,,,0,0,404,leave_404,,classification_source=rule
/ml/locations/ewaste-682114.html,https://www.ewastekochi.com/ml/locations/ewaste-682114.html,gsc-url-protection-map,www.ewastekochi.com,other-legacy-service,,,0,0,404,leave_404,,classification_source=rule
/ml/locations/ewaste-682116.html,https://www.ewastekochi.com/ml/locations/ewaste-682116.html,gsc-url-protection-map,www.ewastekochi.com,other-legacy-service,,,0,0,404,leave_404,,classification_source=rule
/ml/locations/ewaste-682121.html,https://www.ewastekochi.com/ml/locations/ewaste-682121.html,gsc-url-protection-map,www.ewastekochi.com,other-legacy-service,,,0,1,404,leave_404,,classification_source=rule
/ml/locations/ewaste-682125.html,https://www.ewastekochi.com/ml/locations/ewaste-682125.html,gsc-url-protection-map,www.ewastekochi.com,other-legacy-service,,,0,0,404,leave_404,,classification_source=rule
/ml/locations/ewaste-682126.html,https://www.ewastekochi.com/ml/locations/ewaste-682126.html,gsc-url-protection-map,www.ewastekochi.com,other-legacy-service,,,0,0,404,leave_404,,classification_source=rule
/ml/locations/ewaste-682127.html,https://www.ewastekochi.com/ml/locations/ewaste-682127.html,gsc-url-protection-map,www.ewastekochi.com,other-legacy-service,,,0,0,404,leave_404,,classification_source=rule
/ml/locations/ewaste-682131.html,https://www.ewastekochi.com/ml/locations/ewaste-682131.html,gsc-url-protection-map,www.ewastekochi.com,other-legacy-service,,,0,0,404,leave_404,,classification_source=rule
/ml/locations/ewaste-682135.html,https://www.ewastekochi.com/ml/locations/ewaste-682135.html,gsc-url-protection-map,www.ewastekochi.com,other-legacy-service,,,0,0,404,leave_404,,classification_source=rule
/ml/locations/ewaste-682138.html,https://www.ewastekochi.com/ml/locations/ewaste-682138.html,gsc-url-protection-map,www.ewastekochi.com,other-legacy-service,,,0,0,404,leave_404,,classification_source=rule
/ml/locations/ewaste-682144.html,https://www.ewastekochi.com/ml/locations/ewaste-682144.html,gsc-url-protection-map,www.ewastekochi.com,other-legacy-service,,,0,0,404,leave_404,,classification_source=rule
/ml/locations/ewaste-682145.html,https://www.ewastekochi.com/ml/locations/ewaste-682145.html,gsc-url-protection-map,www.ewastekochi.com,other-legacy-service,,,0,0,404,leave_404,,classification_source=rule
/ml/locations/ewaste-682146.html,https://www.ewastekochi.com/ml/locations/ewaste-682146.html,gsc-url-protection-map,www.ewastekochi.com,other-legacy-service,,,0,0,404,leave_404,,classification_source=rule
/ml/locations/ewaste-682151.html,https://www.ewastekochi.com/ml/locations/ewaste-682151.html,gsc-url-protection-map,www.ewastekochi.com,other-legacy-service,,,0,0,404,leave_404,,classification_source=rule
/ml/locations/ewaste-682153.html,https://www.ewastekochi.com/ml/locations/ewaste-682153.html,gsc-url-protection-map,www.ewastekochi.com,other-legacy-service,,,0,0,404,leave_404,,classification_source=rule
/ml/locations/ewaste-682155.html,https://www.ewastekochi.com/ml/locations/ewaste-682155.html,gsc-url-protection-map,www.ewastekochi.com,other-legacy-service,,,0,0,404,leave_404,,classification_source=rule
/ml/locations/ewaste-682160.html,https://www.ewastekochi.com/ml/locations/ewaste-682160.html,gsc-url-protection-map,www.ewastekochi.com,other-legacy-service,,,0,0,404,leave_404,,classification_source=rule
/ml/locations/ewaste-682161.html,https://www.ewastekochi.com/ml/locations/ewaste-682161.html,gsc-url-protection-map,www.ewastekochi.com,other-legacy-service,,,0,0,404,leave_404,,classification_source=rule
/ml/locations/ewaste-682163.html,https://www.ewastekochi.com/ml/locations/ewaste-682163.html,gsc-url-protection-map,www.ewastekochi.com,other-legacy-service,,,0,0,404,leave_404,,classification_source=rule
/ml/locations/ewaste-682165.html,https://www.ewastekochi.com/ml/locations/ewaste-682165.html,gsc-url-protection-map,www.ewastekochi.com,other-legacy-service,,,0,0,404,leave_404,,classification_source=rule
/ml/locations/ewaste-682167.html,https://www.ewastekochi.com/ml/locations/ewaste-682167.html,gsc-url-protection-map,www.ewastekochi.com,other-legacy-service,,,0,0,404,leave_404,,classification_source=rule
/ml/locations/ewaste-682170.html,https://www.ewastekochi.com/ml/locations/ewaste-682170.html,gsc-url-protection-map,www.ewastekochi.com,other-legacy-service,,,0,0,404,leave_404,,classification_source=rule
/ml/locations/ewaste-682176.html,https://www.ewastekochi.com/ml/locations/ewaste-682176.html,gsc-url-protection-map,www.ewastekochi.com,other-legacy-service,,,0,0,404,leave_404,,classification_source=rule
/ml/locations/ewaste-682185.html,https://www.ewastekochi.com/ml/locations/ewaste-682185.html,gsc-url-protection-map,www.ewastekochi.com,other-legacy-service,,,0,0,404,leave_404,,classification_source=rule
/ml/locations/ewaste-682186.html,https://www.ewastekochi.com/ml/locations/ewaste-682186.html,gsc-url-protection-map,www.ewastekochi.com,other-legacy-service,,,0,0,404,leave_404,,classification_source=rule
/ml/locations/ewaste-682187.html,https://www.ewastekochi.com/ml/locations/ewaste-682187.html,gsc-url-protection-map,www.ewastekochi.com,other-legacy-service,,,0,0,404,leave_404,,classification_source=rule
/ml/locations/ewaste-682188.html,https://www.ewastekochi.com/ml/locations/ewaste-682188.html,gsc-url-protection-map,www.ewastekochi.com,other-legacy-service,,,0,0,404,leave_404,,classification_source=rule
/ml/locations/ewaste-682191.html,https://www.ewastekochi.com/ml/locations/ewaste-682191.html,gsc-url-protection-map,www.ewastekochi.com,other-legacy-service,,,0,0,404,leave_404,,classification_source=rule
/ml/locations/ewaste-682192.html,https://www.ewastekochi.com/ml/locations/ewaste-682192.html,gsc-url-protection-map,www.ewastekochi.com,other-legacy-service,,,0,0,404,leave_404,,classification_source=rule
/ml/locations/ewaste-682193.html,https://www.ewastekochi.com/ml/locations/ewaste-682193.html,gsc-url-protection-map,www.ewastekochi.com,other-legacy-service,,,0,0,404,leave_404,,classification_source=rule
/ml/locations/ewaste-682194.html,https://www.ewastekochi.com/ml/locations/ewaste-682194.html,gsc-url-protection-map,www.ewastekochi.com,other-legacy-service,,,0,0,404,leave_404,,classification_source=rule
/ml/locations/ewaste-682197.html,https://www.ewastekochi.com/ml/locations/ewaste-682197.html,gsc-url-protection-map,www.ewastekochi.com,other-legacy-service,,,0,0,404,leave_404,,classification_source=rule
/ml/locations/ewaste-682208.html,https://www.ewastekochi.com/ml/locations/ewaste-682208.html,gsc-url-protection-map,www.ewastekochi.com,other-legacy-service,,,0,0,404,leave_404,,classification_source=rule
/ml/locations/ewaste-682210.html,https://www.ewastekochi.com/ml/locations/ewaste-682210.html,gsc-url-protection-map,www.ewastekochi.com,other-legacy-service,,,0,0,404,leave_404,,classification_source=rule
/ml/locations/ewaste-682212.html,https://www.ewastekochi.com/ml/locations/ewaste-682212.html,gsc-url-protection-map,www.ewastekochi.com,other-legacy-service,,,0,0,404,leave_404,,classification_source=rule
/ml/locations/ewaste-682215.html,https://www.ewastekochi.com/ml/locations/ewaste-682215.html,gsc-url-protection-map,www.ewastekochi.com,other-legacy-service,,,0,0,404,leave_404,,classification_source=rule
/ml/locations/ewaste-682219.html,https://www.ewastekochi.com/ml/locations/ewaste-682219.html,gsc-url-protection-map,www.ewastekochi.com,other-legacy-service,,,0,0,404,leave_404,,classification_source=rule
/ml/locations/ewaste-682221.html,https://www.ewastekochi.com/ml/locations/ewaste-682221.html,gsc-url-protection-map,www.ewastekochi.com,other-legacy-service,,,0,0,404,leave_404,,classification_source=rule
/ml/locations/ewaste-682223.html,https://www.ewastekochi.com/ml/locations/ewaste-682223.html,gsc-url-protection-map,www.ewastekochi.com,other-legacy-service,,,0,0,404,leave_404,,classification_source=rule
/ml/locations/ewaste-682224.html,https://www.ewastekochi.com/ml/locations/ewaste-682224.html,gsc-url-protection-map,www.ewastekochi.com,other-legacy-service,,,0,0,404,leave_404,,classification_source=rule
/ml/locations/ewaste-682226.html,https://www.ewastekochi.com/ml/locations/ewaste-682226.html,gsc-url-protection-map,www.ewastekochi.com,other-legacy-service,,,0,0,404,leave_404,,classification_source=rule
/ml/locations/ewaste-682229.html,https://www.ewastekochi.com/ml/locations/ewaste-682229.html,gsc-url-protection-map,www.ewastekochi.com,other-legacy-service,,,0,0,404,leave_404,,classification_source=rule
/ml/locations/ewaste-682231.html,https://www.ewastekochi.com/ml/locations/ewaste-682231.html,gsc-url-protection-map,www.ewastekochi.com,other-legacy-service,,,0,0,404,leave_404,,classification_source=rule
/ml/locations/ewaste-682232.html,https://www.ewastekochi.com/ml/locations/ewaste-682232.html,gsc-url-protection-map,www.ewastekochi.com,other-legacy-service,,,0,0,404,leave_404,,classification_source=rule
/ml/locations/ewaste-682237.html,https://www.ewastekochi.com/ml/locations/ewaste-682237.html,gsc-url-protection-map,www.ewastekochi.com,other-legacy-service,,,0,0,404,leave_404,,classification_source=rule
/ml/locations/ewaste-682238.html,https://www.ewastekochi.com/ml/locations/ewaste-682238.html,gsc-url-protection-map,www.ewastekochi.com,other-legacy-service,,,0,0,404,leave_404,,classification_source=rule
/ml/locations/ewaste-682242.html,https://www.ewastekochi.com/ml/locations/ewaste-682242.html,gsc-url-protection-map,www.ewastekochi.com,other-legacy-service,,,0,0,404,leave_404,,classification_source=rule
/ml/locations/ewaste-682244.html,https://www.ewastekochi.com/ml/locations/ewaste-682244.html,gsc-url-protection-map,www.ewastekochi.com,other-legacy-service,,,0,0,404,leave_404,,classification_source=rule
/ml/locations/ewaste-682246.html,https://www.ewastekochi.com/ml/locations/ewaste-682246.html,gsc-url-protection-map,www.ewastekochi.com,other-legacy-service,,,0,0,404,leave_404,,classification_source=rule
/ml/locations/ewaste-682248.html,https://www.ewastekochi.com/ml/locations/ewaste-682248.html,gsc-url-protection-map,www.ewastekochi.com,other-legacy-service,,,0,0,404,leave_404,,classification_source=rule
/ml/locations/ewaste-682249.html,https://www.ewastekochi.com/ml/locations/ewaste-682249.html,gsc-url-protection-map,www.ewastekochi.com,other-legacy-service,,,0,0,404,leave_404,,classification_source=rule
/ml/locations/ewaste-angamaly.html,https://www.ewastekochi.com/ml/locations/ewaste-angamaly.html,gsc-url-protection-map,www.ewastekochi.com,other-legacy-service,,,0,0,404,leave_404,,classification_source=rule
/ml/locations/ewaste-cheranallur.html,https://www.ewastekochi.com/ml/locations/ewaste-cheranallur.html,gsc-url-protection-map,www.ewastekochi.com,other-legacy-service,,,0,0,404,leave_404,,classification_source=rule
/ml/locations/ewaste-eramalloor.html,https://www.ewastekochi.com/ml/locations/ewaste-eramalloor.html,gsc-url-protection-map,www.ewastekochi.com,other-legacy-service,,,0,0,404,leave_404,,classification_source=rule
/ml/locations/ewaste-ernakulam.html,https://www.ewastekochi.com/ml/locations/ewaste-ernakulam.html,gsc-url-protection-map,www.ewastekochi.com,other-legacy-service,,,0,0,404,leave_404,,classification_source=rule
/ml/locations/ewaste-infopark.html,https://www.ewastekochi.com/ml/locations/ewaste-infopark.html,gsc-url-protection-map,www.ewastekochi.com,other-legacy-service,,,0,0,404,leave_404,,classification_source=rule
/ml/locations/ewaste-kalamassery.html,https://www.ewastekochi.com/ml/locations/ewaste-kalamassery.html,gsc-url-protection-map,www.ewastekochi.com,other-legacy-service,,,0,0,404,leave_404,,classification_source=rule
/ml/locations/ewaste-kaloor.html,https://www.ewastekochi.com/ml/locations/ewaste-kaloor.html,gsc-url-protection-map,www.ewastekochi.com,other-legacy-service,,,0,0,404,leave_404,,classification_source=rule
/ml/locations/ewaste-kochi.html,https://www.ewastekochi.com/ml/locations/ewaste-kochi.html,gsc-url-protection-map,www.ewastekochi.com,other-legacy-service,,,0,0,404,leave_404,,classification_source=rule
/ml/locations/ewaste-muvattupuzha.html,https://www.ewastekochi.com/ml/locations/ewaste-muvattupuzha.html,gsc-url-protection-map,www.ewastekochi.com,other-legacy-service,,,0,0,404,leave_404,,classification_source=rule
/ml/locations/ewaste-north-paravur.html,https://www.ewastekochi.com/ml/locations/ewaste-north-paravur.html,gsc-url-protection-map,www.ewastekochi.com,other-legacy-service,,,0,0,404,leave_404,,classification_source=rule
/ml/locations/ewaste-palarivattom.html,https://www.ewastekochi.com/ml/locations/ewaste-palarivattom.html,gsc-url-protection-map,www.ewastekochi.com,other-legacy-service,,,0,0,404,leave_404,,classification_source=rule
/ml/locations/ewaste-poochakhal.html,https://www.ewastekochi.com/ml/locations/ewaste-poochakhal.html,gsc-url-protection-map,www.ewastekochi.com,other-legacy-service,,,0,0,404,leave_404,,classification_source=rule
/ml/locations/ewaste-smart-city.html,https://www.ewastekochi.com/ml/locations/ewaste-smart-city.html,gsc-url-protection-map,www.ewastekochi.com,other-legacy-service,,,0,0,404,leave_404,,classification_source=rule
/ml/locations/ewaste-thammanam.html,https://www.ewastekochi.com/ml/locations/ewaste-thammanam.html,gsc-url-protection-map,www.ewastekochi.com,other-legacy-service,,,0,0,404,leave_404,,classification_source=rule
/ml/locations/ewaste-thrippunithura.html,https://www.ewastekochi.com/ml/locations/ewaste-thrippunithura.html,gsc-url-protection-map,www.ewastekochi.com,other-legacy-service,,,0,0,404,leave_404,,classification_source=rule
/ml/locations/ewaste-tripunithura.html,https://www.ewastekochi.com/ml/locations/ewaste-tripunithura.html,gsc-url-protection-map,www.ewastekochi.com,other-legacy-service,,,0,0,404,leave_404,,classification_source=rule
/ml/locations/v2/e-waste-edappally.html,https://www.ewastekochi.com/ml/locations/v2/e-waste-edappally.html,gsc-url-protection-map,www.ewastekochi.com,other-legacy-service,,,0,0,404,leave_404,,classification_source=rule
/ml/services/,https://www.ewastekochi.com/ml/services/,gsc-indexed-url-upgrade-map;gsc-url-protection-map,www.ewastekochi.com,other-legacy-service,,services,0,9,indexed-with-traffic,leave_404,,classification_source=rule;confirmed_indexed_2026-07-10
/ml/services/certificate-of-destruction-kochi/,https://www.ewastekochi.com/ml/services/certificate-of-destruction-kochi/,gsc-url-protection-map,www.ewastekochi.com,other-legacy-service,,certificate-of-destruction-kochi,0,2,alt_canonical|crawled_not_indexed,leave_404,,classification_source=rule
/ml/services/computer-recycling-near-me/,https://www.ewastekochi.com/ml/services/computer-recycling-near-me/,gsc-url-protection-map,www.ewastekochi.com,other-legacy-service,,computer-recycling-near-me,0,19,alt_canonical,leave_404,,classification_source=rule
/ml/services/computer-recycling/,https://www.ewastekochi.com/ml/services/computer-recycling/,gsc-url-protection-map,www.ewastekochi.com,other-legacy-service,,computer-recycling,0,0,404,leave_404,,classification_source=rule
/ml/services/corporate-ewaste-kochi/,https://www.ewastekochi.com/ml/services/corporate-ewaste-kochi/,gsc-url-protection-map,www.ewastekochi.com,other-legacy-service,,corporate-ewaste-kochi,0,14,alt_canonical,leave_404,,classification_source=rule
/ml/services/server-recycling-kochi/,https://www.ewastekochi.com/ml/services/server-recycling-kochi/,gsc-url-protection-map,www.ewastekochi.com,other-legacy-service,,server-recycling-kochi,0,24,alt_canonical,redirect_301,/server-recycling-kochi/,classification_source=rule;implemented_in_vercel.json_2026-07-15
/ml/services/tv-monitor-recycling-kochi/,https://www.ewastekochi.com/ml/services/tv-monitor-recycling-kochi/,gsc-indexed-url-upgrade-map;gsc-url-protection-map;gsc-indexed-redirect-map,www.ewastekochi.com,other-legacy-service,,tv-monitor-recycling-kochi,9,137,redirect,redirect_configured,https://www.ewastekochi.com/tv-recycling-kochi/,Indexed legacy URL has a relevant one-hop 301 target in vercel.json; do not rebuild as a thin page.
/nist-data-destruction-kerala/,https://www.ewastekochi.com/nist-data-destruction-kerala/,gsc-indexed-url-upgrade-map;gsc-url-protection-map;gsc-indexed-redirect-map,www.ewastekochi.com,other-legacy-service,,nist-data-destruction-kerala,0,20,indexed-with-traffic,redirect_configured,https://www.ewastekochi.com/data-destruction/,Indexed legacy URL has a relevant one-hop 301 target in vercel.json; do not rebuild as a thin page.
/pickup/,https://www.ewastekochi.com/pickup/,gsc-indexed-url-upgrade-map;gsc-url-protection-map;manual-high-intent-list,www.ewastekochi.com,service,,pickup,14,183,indexed-with-traffic,manual-high-intent,https://www.ewastekochi.com/pickup/,Top GSC pickup page
/pricing/,https://www.ewastekochi.com/pricing/,gsc-url-protection-map,www.ewastekochi.com,other-legacy-service,,pricing,0,0,discovered_not_indexed,leave_404,,classification_source=rule
/privacy-policy.html,https://www.ewastekochi.com/privacy-policy.html,gsc-url-protection-map,www.ewastekochi.com,other-legacy-service,,,0,7,crawled_not_indexed,leave_404,,classification_source=rule
/privacy-policy/,https://www.ewastekochi.com/privacy-policy/,gsc-indexed-url-upgrade-map;gsc-url-protection-map,www.ewastekochi.com,other-legacy-service,,privacy-policy,0,21,crawled_not_indexed,leave_404,,classification_source=rule;confirmed_indexed_2026-07-10
/privacy/,https://www.ewastekochi.com/privacy/,gsc-indexed-url-upgrade-map;gsc-url-protection-map,www.ewastekochi.com,other-legacy-service,,privacy,0,2,indexed-with-traffic,keep_200,https://www.ewastekochi.com/privacy/,classification_source=v2-live;confirmed_indexed_2026-07-10
/recycling/,https://www.ewastekochi.com/recycling/,gsc-indexed-url-upgrade-map;gsc-url-protection-map;manual-high-intent-list,www.ewastekochi.com,service,,recycling,72,3571,redirect,manual-high-intent,https://www.ewastekochi.com/recycling/,Top GSC service page
/scrap-price/,https://www.ewastekochi.com/scrap-price/,gsc-url-protection-map,www.ewastekochi.com,other-legacy-service,,scrap-price,0,27,crawled_not_indexed,redirect_301,(see vercel.json),classification_source=v2-redirect
/security/hard-drive-shredding-kochi.html,https://www.ewastekochi.com/security/hard-drive-shredding-kochi.html,gsc-url-protection-map,www.ewastekochi.com,other-legacy-service,,,0,0,404,leave_404,,classification_source=rule
/sell-electronics-kochi/,https://www.ewastekochi.com/sell-electronics-kochi/,gsc-url-protection-map,www.ewastekochi.com,other-legacy-service,,sell-electronics-kochi,6,116,404,redirect_301,/sell-electronics/,classification_source=rule;implemented_in_vercel.json_2026-07-15
/sell-electronics/,https://www.ewastekochi.com/sell-electronics/,gsc-indexed-url-upgrade-map;gsc-url-protection-map;manual-high-intent-list,www.ewastekochi.com,marketplace,,sell-electronics,17,792,indexed-with-traffic,manual-high-intent,https://www.ewastekochi.com/sell-electronics/,Top GSC buy/sell page
/sell-old-electronics/,https://www.ewastekochi.com/sell-old-electronics/,gsc-url-protection-map,www.ewastekochi.com,other-legacy-service,,sell-old-electronics,0,0,404,leave_404,,classification_source=rule
/sell-old-phone-kochi.html,https://www.ewastekochi.com/sell-old-phone-kochi.html,gsc-url-protection-map,www.ewastekochi.com,other-legacy-service,,,1,31,redirect,manual_review,,classification_source=rule
/sell-old-phone-kochi/,https://www.ewastekochi.com/sell-old-phone-kochi/,gsc-url-protection-map,www.ewastekochi.com,other-legacy-service,,sell-old-phone-kochi,0,0,redirect,leave_404,,classification_source=rule
/server-recycling-kochi/,https://www.ewastekochi.com/server-recycling-kochi/,gsc-indexed-url-upgrade-map;gsc-url-protection-map,www.ewastekochi.com,other-legacy-service,,server-recycling-kochi,0,20,indexed-with-traffic,keep_200,https://www.ewastekochi.com/server-recycling-kochi/,classification_source=v2-live;confirmed_indexed_2026-07-10
/services/,https://www.ewastekochi.com/services/,gsc-indexed-url-upgrade-map;gsc-url-protection-map,www.ewastekochi.com,other-legacy-service,,services,0,29,redirect,keep_200,https://www.ewastekochi.com/services/,classification_source=v2-live;confirmed_indexed_2026-07-10
/services/air-conditioner-recycling-kochi/,https://www.ewastekochi.com/services/air-conditioner-recycling-kochi/,gsc-url-protection-map;manual-high-intent-list,www.ewastekochi.com,service,,air-conditioner-recycling-kochi,1,18,alt_canonical|crawled_not_indexed,manual-high-intent,,New high-intent air conditioner recycling service alias
/services/air-conditioner-recycling/,https://www.ewastekochi.com/services/air-conditioner-recycling/,gsc-url-protection-map,www.ewastekochi.com,service-page,,air-conditioner-recycling,0,0,404,leave_404,,classification_source=rule
/services/battery-recycling-kochi/,https://www.ewastekochi.com/services/battery-recycling-kochi/,gsc-url-protection-map,www.ewastekochi.com,service-page,,battery-recycling-kochi,5,400,redirect,redirect_301,(see vercel.json),classification_source=v2-redirect
/services/battery-recycling/,https://www.ewastekochi.com/services/battery-recycling/,gsc-url-protection-map,www.ewastekochi.com,service-page,,battery-recycling,0,0,404,leave_404,,classification_source=rule
/services/cable-recycling/,https://www.ewastekochi.com/services/cable-recycling/,gsc-url-protection-map,www.ewastekochi.com,service-page,,cable-recycling,0,0,404,leave_404,,classification_source=rule
/services/certificate-of-destruction-kochi/,https://www.ewastekochi.com/services/certificate-of-destruction-kochi/,gsc-url-protection-map,www.ewastekochi.com,service-page,,certificate-of-destruction-kochi,0,8,redirect,leave_404,,classification_source=rule
/services/certificate-of-destruction/,https://www.ewastekochi.com/services/certificate-of-destruction/,gsc-url-protection-map,www.ewastekochi.com,service-page,,certificate-of-destruction,0,0,404,leave_404,,classification_source=rule
/services/computer-recycling-near-me/,https://www.ewastekochi.com/services/computer-recycling-near-me/,gsc-url-protection-map;manual-high-intent-list,www.ewastekochi.com,service,,computer-recycling-near-me,0,24,redirect,manual-high-intent,,New high-intent computer recycling service alias
/services/corporate-ewaste-kochi/,https://www.ewastekochi.com/services/corporate-ewaste-kochi/,gsc-url-protection-map,www.ewastekochi.com,service-page,,corporate-ewaste-kochi,1,11,alt_canonical|crawled_not_indexed,redirect_301,/itad/,classification_source=rule;implemented_in_vercel.json_2026-07-15
/services/corporate-ewaste/,https://www.ewastekochi.com/services/corporate-ewaste/,gsc-url-protection-map,www.ewastekochi.com,service-page,,corporate-ewaste,0,0,404,leave_404,,classification_source=rule
/services/data-destruction-kochi/,https://www.ewastekochi.com/services/data-destruction-kochi/,gsc-url-protection-map,www.ewastekochi.com,service-page,,data-destruction-kochi,0,14,alt_canonical|crawled_not_indexed,redirect_301,(see vercel.json),classification_source=v2-redirect
/services/data-destruction/,https://www.ewastekochi.com/services/data-destruction/,gsc-url-protection-map,www.ewastekochi.com,service-page,,data-destruction,0,0,404,leave_404,,classification_source=rule
/services/dpdp-act-compliance-kochi/,https://www.ewastekochi.com/services/dpdp-act-compliance-kochi/,gsc-url-protection-map,www.ewastekochi.com,service-page,,dpdp-act-compliance-kochi,0,3,redirect,leave_404,,classification_source=rule
/services/dpdp-act-compliance/,https://www.ewastekochi.com/services/dpdp-act-compliance/,gsc-url-protection-map,www.ewastekochi.com,service-page,,dpdp-act-compliance,0,0,404,leave_404,,classification_source=rule
/services/e-waste-collection/,https://www.ewastekochi.com/services/e-waste-collection/,gsc-url-protection-map,www.ewastekochi.com,service-page,,e-waste-collection,0,0,404,leave_404,,classification_source=rule
/services/e-waste-recycling-kochi/,https://www.ewastekochi.com/services/e-waste-recycling-kochi/,gsc-url-protection-map;manual-high-intent-list,www.ewastekochi.com,legacy-alias,,e-waste-recycling-kochi,2,193,redirect,manual-high-intent,(see vercel.json),Expected high-intent e-waste service alias
/services/electronics-recycling-near-me/,https://www.ewastekochi.com/services/electronics-recycling-near-me/,gsc-indexed-url-upgrade-map;gsc-url-protection-map;manual-high-intent-list,www.ewastekochi.com,service,,electronics-recycling-near-me,42,3258,redirect,manual-high-intent,https://www.ewastekochi.com/services/electronics-recycling-near-me/,Existing high-value service URL
/services/free-ewaste-pickup-kochi/,https://www.ewastekochi.com/services/free-ewaste-pickup-kochi/,gsc-url-protection-map,www.ewastekochi.com,service-page,,free-ewaste-pickup-kochi,1,20,redirect,redirect_301,/pickup/,classification_source=rule;implemented_in_vercel.json_2026-07-15
/services/free-ewaste-pickup/,https://www.ewastekochi.com/services/free-ewaste-pickup/,gsc-url-protection-map,www.ewastekochi.com,service-page,,free-ewaste-pickup,0,0,404,leave_404,,classification_source=rule
/services/hard-drive-degaussing-kochi.html,https://www.ewastekochi.com/services/hard-drive-degaussing-kochi.html,gsc-url-protection-map,www.ewastekochi.com,service-page,,,0,6,redirect,leave_404,,classification_source=rule
/services/hard-drive-degaussing-kochi/,https://www.ewastekochi.com/services/hard-drive-degaussing-kochi/,gsc-url-protection-map,www.ewastekochi.com,service-page,,hard-drive-degaussing-kochi,1,77,redirect,keep_200,,classification_source=v2-live
/services/hard-drive-degaussing/,https://www.ewastekochi.com/services/hard-drive-degaussing/,gsc-url-protection-map,www.ewastekochi.com,service-page,,hard-drive-degaussing,0,0,404,leave_404,,classification_source=rule
/services/hard-drive-shredding-kochi/,https://www.ewastekochi.com/services/hard-drive-shredding-kochi/,gsc-url-protection-map,www.ewastekochi.com,service-page,,hard-drive-shredding-kochi,0,47,alt_canonical|crawled_not_indexed,redirect_301,/data-destruction/,classification_source=rule;implemented_in_vercel.json_2026-07-15
/services/hard-drive-shredding/,https://www.ewastekochi.com/services/hard-drive-shredding/,gsc-url-protection-map,www.ewastekochi.com,service-page,,hard-drive-shredding,0,0,404,leave_404,,classification_source=rule
/services/it-asset-disposition/,https://www.ewastekochi.com/services/it-asset-disposition/,gsc-url-protection-map,www.ewastekochi.com,service-page,,it-asset-disposition,0,0,404,leave_404,,classification_source=rule
/services/it-asset-inventory-audit.html,https://www.ewastekochi.com/services/it-asset-inventory-audit.html,gsc-url-protection-map,www.ewastekochi.com,service-page,,,0,18,404,leave_404,,classification_source=rule
/services/it-asset-inventory-audit/,https://www.ewastekochi.com/services/it-asset-inventory-audit/,gsc-url-protection-map,www.ewastekochi.com,service-page,,it-asset-inventory-audit,0,41,discovered_not_indexed,keep_200,,classification_source=v2-live
/services/itad-kochi/,https://www.ewastekochi.com/services/itad-kochi/,gsc-url-protection-map,www.ewastekochi.com,service-page,,itad-kochi,0,44,redirect|crawled_not_indexed,redirect_301,(see vercel.json),classification_source=v2-redirect
/services/laptop-buyback-kochi/,https://www.ewastekochi.com/services/laptop-buyback-kochi/,gsc-url-protection-map,www.ewastekochi.com,service-page,,laptop-buyback-kochi,0,11,redirect|crawled_not_indexed,leave_404,,classification_source=rule
/services/laptop-buyback/,https://www.ewastekochi.com/services/laptop-buyback/,gsc-url-protection-map,www.ewastekochi.com,service-page,,laptop-buyback,0,0,404,leave_404,,classification_source=rule
/services/mobile-recycling-kochi/,https://www.ewastekochi.com/services/mobile-recycling-kochi/,gsc-url-protection-map,www.ewastekochi.com,service-page,,mobile-recycling-kochi,1,35,redirect,manual_review,,classification_source=rule
/services/mobile-recycling/,https://www.ewastekochi.com/services/mobile-recycling/,gsc-url-protection-map,www.ewastekochi.com,service-page,,mobile-recycling,0,0,404,leave_404,,classification_source=rule
/services/monitor-recycling/,https://www.ewastekochi.com/services/monitor-recycling/,gsc-url-protection-map,www.ewastekochi.com,service-page,,monitor-recycling,0,0,404,leave_404,,classification_source=rule
/services/network-equipment-disposal-kochi/,https://www.ewastekochi.com/services/network-equipment-disposal-kochi/,gsc-url-protection-map,www.ewastekochi.com,service-page,,network-equipment-disposal-kochi,0,6,redirect,leave_404,,classification_source=rule
/services/network-equipment-disposal/,https://www.ewastekochi.com/services/network-equipment-disposal/,gsc-url-protection-map,www.ewastekochi.com,service-page,,network-equipment-disposal,0,0,404,leave_404,,classification_source=rule
/services/phone-buyback-north-paravur/,https://www.ewastekochi.com/services/phone-buyback-north-paravur/,gsc-url-protection-map,www.ewastekochi.com,service-page,,phone-buyback-north-paravur,0,0,redirect,leave_404,,classification_source=rule
/services/phone-buyback/,https://www.ewastekochi.com/services/phone-buyback/,gsc-url-protection-map,www.ewastekochi.com,service-page,,phone-buyback,0,0,404,leave_404,,classification_source=rule
/services/printer-recycling-kochi/,https://www.ewastekochi.com/services/printer-recycling-kochi/,gsc-url-protection-map,www.ewastekochi.com,service-page,,printer-recycling-kochi,0,3,redirect|crawled_not_indexed,leave_404,,classification_source=rule
/services/printer-recycling/,https://www.ewastekochi.com/services/printer-recycling/,gsc-url-protection-map,www.ewastekochi.com,service-page,,printer-recycling,0,0,404,leave_404,,classification_source=rule
/services/sell-electronics/,https://www.ewastekochi.com/services/sell-electronics/,gsc-url-protection-map,www.ewastekochi.com,service-page,,sell-electronics,0,0,404,leave_404,,classification_source=rule
/services/server-recycling-kochi.html,https://www.ewastekochi.com/services/server-recycling-kochi.html,gsc-url-protection-map,www.ewastekochi.com,service-page,,,0,0,crawled_not_indexed,leave_404,,classification_source=rule
/services/server-recycling-kochi/,https://www.ewastekochi.com/services/server-recycling-kochi/,gsc-url-protection-map,www.ewastekochi.com,service-page,,server-recycling-kochi,0,35,redirect|crawled_not_indexed|dup_diff_canonical,redirect_301,/server-recycling-kochi/,classification_source=rule;implemented_in_vercel.json_2026-07-15
/services/server-recycling/,https://www.ewastekochi.com/services/server-recycling/,gsc-url-protection-map,www.ewastekochi.com,service-page,,server-recycling,0,0,404,leave_404,,classification_source=rule
/services/tv-monitor-recycling-kochi/,https://www.ewastekochi.com/services/tv-monitor-recycling-kochi/,gsc-url-protection-map,www.ewastekochi.com,service-page,,tv-monitor-recycling-kochi,1,22,redirect,redirect_301,/tv-recycling-kochi/,classification_source=rule;implemented_in_vercel.json_2026-07-15
/services/tv-monitor-recycling/,https://www.ewastekochi.com/services/tv-monitor-recycling/,gsc-url-protection-map,www.ewastekochi.com,service-page,,tv-monitor-recycling,0,0,404,leave_404,,classification_source=rule
/services/ups-inverter-recycling-kochi/,https://www.ewastekochi.com/services/ups-inverter-recycling-kochi/,gsc-indexed-url-upgrade-map;gsc-url-protection-map;manual-high-intent-list,www.ewastekochi.com,service,,ups-inverter-recycling-kochi,0,2,indexed-with-traffic,manual-high-intent,,Existing high-intent UPS/inverter service alias
/services/ups-inverter-recycling/,https://www.ewastekochi.com/services/ups-inverter-recycling/,gsc-url-protection-map,www.ewastekochi.com,service-page,,ups-inverter-recycling,0,0,404,leave_404,,classification_source=rule
/set/,https://www.ewastekochi.com/set/,gsc-url-protection-map,www.ewastekochi.com,other-legacy-service,,set,0,0,404,leave_404,,classification_source=rule
/sitemap-index.xml,https://www.ewastekochi.com/sitemap-index.xml,gsc-url-protection-map,www.ewastekochi.com,other-legacy-service,,,0,4,crawled_not_indexed,leave_404,,classification_source=rule
/terms-of-service.html,https://www.ewastekochi.com/terms-of-service.html,gsc-url-protection-map,www.ewastekochi.com,other-legacy-service,,,0,0,404,leave_404,,classification_source=rule
/terms/,https://www.ewastekochi.com/terms/,gsc-indexed-url-upgrade-map;gsc-url-protection-map,www.ewastekochi.com,other-legacy-service,,terms,0,3,redirect,keep_200,https://www.ewastekochi.com/terms/,classification_source=v2-live;confirmed_indexed_2026-07-10
/tv-recycling-kochi/,https://www.ewastekochi.com/tv-recycling-kochi/,gsc-indexed-url-upgrade-map;gsc-url-protection-map,www.ewastekochi.com,other-legacy-service,,tv-recycling-kochi,10,134,indexed-with-traffic,keep_200,https://www.ewastekochi.com/tv-recycling-kochi/,classification_source=v2-live;confirmed_indexed_2026-07-10
/why-choose-us/,https://www.ewastekochi.com/why-choose-us/,gsc-url-protection-map,www.ewastekochi.com,other-legacy-service,,why-choose-us,0,0,discovered_not_indexed,leave_404,,classification_source=rule
/why-not-to-sell-laptop-on-olx/,https://www.ewastekochi.com/why-not-to-sell-laptop-on-olx/,gsc-url-protection-map,www.ewastekochi.com,other-legacy-service,,why-not-to-sell-laptop-on-olx,0,0,404,leave_404,,classification_source=rule
